experiment,dataset,method,seed,layer,condition,signal,probe_split,N,T,D,coordinate_space,raw_capture_shape_last_batch,normalization,checkpoint_rule,checkpoint,checkpoint_sha256,frozen_parity_source,probe_file,identity_relative_frobenius,component,scatter_trace,trace_fraction_of_total,numerically_zero_component,observations,r50,r80,r90,r95,r99,stable_rank,entropy_effective_rank,participation_ratio,r95_over_D,spectrum_file,expected_frozen_r95,replay_total_r95,frozen_r95_parity_passed,q_exact_zero_fraction,q_near_zero_fraction_1e-6,q_active_coordinate_fraction,q_rms,feedback_rows,feedback_columns,feedback_matrix_rank,feedback_active_row_fraction,homogenization_scale,gate_frobenius_norm_relative_error,alpha1_reference_r95,alpha1_r95_parity_passed,effective_carrier_scale_in_projected_delta
nmnist,N-MNIST,SNN-DFA,20260830,H1,actual,delta,basis_eval,512,30,800,neuron,"[30, 128, 800]",centered scatter; population covariance = scatter/(N*T),completed_epoch_100; stored checkpoint epoch=99,results/experiment03_soft_spectral/experiment03_20260831_server/checkpoints/full_dense/seed_20260830/epoch_100.pt,b8f2c8c95c5944358405d35f2d38dcb293461fa1e8641e9e6cb29ab98e39a534,results/paper_v9_signal_processing/01_spectral_metrics/dfa_trained_20260830.csv,results/paper1_experiment03_20260901_server/diagnostic_probe.csv,1.24962551353278e-06,total,42.389743520097596,1.0,False,15360,124,321,448,546,680,43.271599085746814,456.8861368711281,282.8370212010071,0.6825,results/paper_v9_signal_processing/08_covariance_decomposition/spectra/nmnist_seed_20260830_H1_actual_delta_total.npy,546,546,True,,,,,,,,,,,,,
nmnist,N-MNIST,SNN-DFA,20260830,H1,actual,delta,basis_eval,512,30,800,neuron,"[30, 128, 800]",centered scatter; population covariance = scatter/(N*T),completed_epoch_100; stored checkpoint epoch=99,results/experiment03_soft_spectral/experiment03_20260831_server/checkpoints/full_dense/seed_20260830/epoch_100.pt,b8f2c8c95c5944358405d35f2d38dcb293461fa1e8641e9e6cb29ab98e39a534,results/paper_v9_signal_processing/01_spectral_metrics/dfa_trained_20260830.csv,results/paper1_experiment03_20260901_server/diagnostic_probe.csv,1.24962551353278e-06,within_time,37.84942409595334,0.8928910852694444,False,15360,136,332,456,552,682,107.48120838757772,497.16214074050146,371.72735091413193,0.69,results/paper_v9_signal_processing/08_covariance_decomposition/spectra/nmnist_seed_20260830_H1_actual_delta_within_time.npy,546,546,True,,,,,,,,,,,,,
nmnist,N-MNIST,SNN-DFA,20260830,H1,actual,delta,basis_eval,512,30,800,neuron,"[30, 128, 800]",centered scatter; population covariance = scatter/(N*T),completed_epoch_100; stored checkpoint epoch=99,results/experiment03_soft_spectral/experiment03_20260831_server/checkpoints/full_dense/seed_20260830/epoch_100.pt,b8f2c8c95c5944358405d35f2d38dcb293461fa1e8641e9e6cb29ab98e39a534,results/paper_v9_signal_processing/01_spectral_metrics/dfa_trained_20260830.csv,results/paper1_experiment03_20260901_server/diagnostic_probe.csv,1.24962551353278e-06,between_sample,4.54032137976654,0.10710896086488249,False,15360,5,21,45,73,148,5.611279724076159,30.412366617137437,13.469092163364326,0.09125,results/paper_v9_signal_processing/08_covariance_decomposition/spectra/nmnist_seed_20260830_H1_actual_delta_between_sample.npy,546,546,True,,,,,,,,,,,,,
nmnist,N-MNIST,SNN-DFA,20260830,H1,actual,gate,basis_eval,512,30,800,neuron,"[30, 128, 800]",centered scatter; population covariance = scatter/(N*T),completed_epoch_100; stored checkpoint epoch=99,results/experiment03_soft_spectral/experiment03_20260831_server/checkpoints/full_dense/seed_20260830/epoch_100.pt,b8f2c8c95c5944358405d35f2d38dcb293461fa1e8641e9e6cb29ab98e39a534,results/paper_v9_signal_processing/01_spectral_metrics/dfa_trained_20260830.csv,results/paper1_experiment03_20260901_server/diagnostic_probe.csv,1.4277519352932157e-07,total,49966.21946926645,1.0,False,15360,252,481,584,651,724,107.97369688767982,678.2295534104996,610.1113737037097,0.81375,results/paper_v9_signal_processing/08_covariance_decomposition/spectra/nmnist_seed_20260830_H1_actual_gate_total.npy,,,,,,,,,,,,,,,,
nmnist,N-MNIST,SNN-DFA,20260830,H1,actual,gate,basis_eval,512,30,800,neuron,"[30, 128, 800]",centered scatter; population covariance = scatter/(N*T),completed_epoch_100; stored checkpoint epoch=99,results/experiment03_soft_spectral/experiment03_20260831_server/checkpoints/full_dense/seed_20260830/epoch_100.pt,b8f2c8c95c5944358405d35f2d38dcb293461fa1e8641e9e6cb29ab98e39a534,results/paper_v9_signal_processing/01_spectral_metrics/dfa_trained_20260830.csv,results/paper1_experiment03_20260901_server/diagnostic_probe.csv,1.4277519352932157e-07,within_time,47452.74878862629,0.9496966008767952,False,15360,254,482,585,651,724,241.75934870028024,685.3820316873283,635.303661747344,0.81375,results/paper_v9_signal_processing/08_covariance_decomposition/spectra/nmnist_seed_20260830_H1_actual_gate_within_time.npy,,,,,,,,,,,,,,,,
nmnist,N-MNIST,SNN-DFA,20260830,H1,actual,gate,basis_eval,512,30,800,neuron,"[30, 128, 800]",centered scatter; population covariance = scatter/(N*T),completed_epoch_100; stored checkpoint epoch=99,results/experiment03_soft_spectral/experiment03_20260831_server/checkpoints/full_dense/seed_20260830/epoch_100.pt,b8f2c8c95c5944358405d35f2d38dcb293461fa1e8641e9e6cb29ab98e39a534,results/paper_v9_signal_processing/01_spectral_metrics/dfa_trained_20260830.csv,results/paper1_experiment03_20260901_server/diagnostic_probe.csv,1.4277519352932157e-07,between_sample,2513.4676511969374,0.050303338493378265,False,15360,58,181,261,327,429,8.340246882977718,198.5914527291923,50.373540915211436,0.40875,results/paper_v9_signal_processing/08_covariance_decomposition/spectra/nmnist_seed_20260830_H1_actual_gate_between_sample.npy,,,,,,,,,,,,,,,,
nmnist,N-MNIST,SNN-DFA,20260830,H1,actual,q_carrier,basis_eval,512,30,800,neuron,"[30, 128, 800]",centered scatter; population covariance = scatter/(N*T),completed_epoch_100; stored checkpoint epoch=99,results/experiment03_soft_spectral/experiment03_20260831_server/checkpoints/full_dense/seed_20260830/epoch_100.pt,b8f2c8c95c5944358405d35f2d38dcb293461fa1e8641e9e6cb29ab98e39a534,results/paper_v9_signal_processing/01_spectral_metrics/dfa_trained_20260830.csv,results/paper1_experiment03_20260901_server/diagnostic_probe.csv,,carrier_total,333.64947541742123,1.0,,512,3,6,7,8,10,4.40565268996673,7.640843646393153,6.621894843195003,0.01,results/paper_v9_signal_processing/08_covariance_decomposition/spectra/nmnist_seed_20260830_H1_actual_q_carrier_carrier_total.npy,,,,0.5078125,0.507822265625,1.0,0.02860072628804515,800,10,10,1.0,,,,,
nmnist,N-MNIST,SNN-DFA,20260830,H1,alpha_1_homogenized_frobenius_matched,delta,basis_eval,512,30,800,neuron,"[30, 128, 800]",centered scatter; population covariance = scatter/(N*T),completed_epoch_100; stored checkpoint epoch=99,results/experiment03_soft_spectral/experiment03_20260831_server/checkpoints/full_dense/seed_20260830/epoch_100.pt,b8f2c8c95c5944358405d35f2d38dcb293461fa1e8641e9e6cb29ab98e39a534,results/paper_v9_signal_processing/01_spectral_metrics/dfa_trained_20260830.csv,results/paper1_experiment03_20260901_server/diagnostic_probe.csv,9.944130807403417e-07,total,49.202154313491604,1.0,False,15360,5,21,45,73,148,5.611282363718488,30.412581624363316,13.469103005482149,0.09125,results/paper_v9_signal_processing/08_covariance_decomposition/spectra/nmnist_seed_20260830_H1_alpha_1_homogenized_frobenius_matched_delta_total.npy,,,,,,,,,,,,3.2919163703918457,0.0010931246215477586,73,True,
nmnist,N-MNIST,SNN-DFA,20260830,H1,alpha_1_homogenized_frobenius_matched,delta,basis_eval,512,30,800,neuron,"[30, 128, 800]",centered scatter; population covariance = scatter/(N*T),completed_epoch_100; stored checkpoint epoch=99,results/experiment03_soft_spectral/experiment03_20260831_server/checkpoints/full_dense/seed_20260830/epoch_100.pt,b8f2c8c95c5944358405d35f2d38dcb293461fa1e8641e9e6cb29ab98e39a534,results/paper_v9_signal_processing/01_spectral_metrics/dfa_trained_20260830.csv,results/paper1_experiment03_20260901_server/diagnostic_probe.csv,9.944130807403417e-07,within_time,3.551740916714814e-13,7.218669520210215e-15,True,15360,0,0,0,0,0,0.0,0.0,0.0,0.0,results/paper_v9_signal_processing/08_covariance_decomposition/spectra/nmnist_seed_20260830_H1_alpha_1_homogenized_frobenius_matched_delta_within_time.npy,,,,,,,,,,,,3.2919163703918457,0.0010931246215477586,73,True,
nmnist,N-MNIST,SNN-DFA,20260830,H1,alpha_1_homogenized_frobenius_matched,delta,basis_eval,512,30,800,neuron,"[30, 128, 800]",centered scatter; population covariance = scatter/(N*T),completed_epoch_100; stored checkpoint epoch=99,results/experiment03_soft_spectral/experiment03_20260831_server/checkpoints/full_dense/seed_20260830/epoch_100.pt,b8f2c8c95c5944358405d35f2d38dcb293461fa1e8641e9e6cb29ab98e39a534,results/paper_v9_signal_processing/01_spectral_metrics/dfa_trained_20260830.csv,results/paper1_experiment03_20260901_server/diagnostic_probe.csv,9.944130807403417e-07,between_sample,49.2021602103449,1.0000001198494939,False,15360,5,21,45,73,148,5.611280046819413,30.412366791068433,13.469092141562372,0.09125,results/paper_v9_signal_processing/08_covariance_decomposition/spectra/nmnist_seed_20260830_H1_alpha_1_homogenized_frobenius_matched_delta_between_sample.npy,,,,,,,,,,,,3.2919163703918457,0.0010931246215477586,73,True,
nmnist,N-MNIST,SNN-DFA,20260830,H1,alpha_1_homogenized_frobenius_matched,gate,basis_eval,512,30,800,neuron,"[30, 128, 800]",centered scatter; population covariance = scatter/(N*T),completed_epoch_100; stored checkpoint epoch=99,results/experiment03_soft_spectral/experiment03_20260831_server/checkpoints/full_dense/seed_20260830/epoch_100.pt,b8f2c8c95c5944358405d35f2d38dcb293461fa1e8641e9e6cb29ab98e39a534,results/paper_v9_signal_processing/01_spectral_metrics/dfa_trained_20260830.csv,results/paper1_experiment03_20260901_server/diagnostic_probe.csv,2.1046541882706492e-07,total,27237.725801017143,1.0,False,15360,58,181,261,327,429,8.340246580727765,198.5914872550491,50.373540002193636,0.40875,results/paper_v9_signal_processing/08_covariance_decomposition/spectra/nmnist_seed_20260830_H1_alpha_1_homogenized_frobenius_matched_gate_total.npy,,,,,,,,,,,,3.2919163703918457,0.0010931246215477586,,,
nmnist,N-MNIST,SNN-DFA,20260830,H1,alpha_1_homogenized_frobenius_matched,gate,basis_eval,512,30,800,neuron,"[30, 128, 800]",centered scatter; population covariance = scatter/(N*T),completed_epoch_100; stored checkpoint epoch=99,results/experiment03_soft_spectral/experiment03_20260831_server/checkpoints/full_dense/seed_20260830/epoch_100.pt,b8f2c8c95c5944358405d35f2d38dcb293461fa1e8641e9e6cb29ab98e39a534,results/paper_v9_signal_processing/01_spectral_metrics/dfa_trained_20260830.csv,results/paper1_experiment03_20260901_server/diagnostic_probe.csv,2.1046541882706492e-07,within_time,3.062720733701258e-10,1.1244406952605737e-14,True,15360,0,0,0,0,0,0.0,0.0,0.0,0.0,results/paper_v9_signal_processing/08_covariance_decomposition/spectra/nmnist_seed_20260830_H1_alpha_1_homogenized_frobenius_matched_gate_within_time.npy,,,,,,,,,,,,3.2919163703918457,0.0010931246215477586,,,
nmnist,N-MNIST,SNN-DFA,20260830,H1,alpha_1_homogenized_frobenius_matched,gate,basis_eval,512,30,800,neuron,"[30, 128, 800]",centered scatter; population covariance = scatter/(N*T),completed_epoch_100; stored checkpoint epoch=99,results/experiment03_soft_spectral/experiment03_20260831_server/checkpoints/full_dense/seed_20260830/epoch_100.pt,b8f2c8c95c5944358405d35f2d38dcb293461fa1e8641e9e6cb29ab98e39a534,results/paper_v9_signal_processing/01_spectral_metrics/dfa_trained_20260830.csv,results/paper1_experiment03_20260901_server/diagnostic_probe.csv,2.1046541882706492e-07,between_sample,27237.72856084359,1.000000101323674,False,15360,58,181,261,327,429,8.340248570825922,198.59151708574515,50.37355782055416,0.40875,results/paper_v9_signal_processing/08_covariance_decomposition/spectra/nmnist_seed_20260830_H1_alpha_1_homogenized_frobenius_matched_gate_between_sample.npy,,,,,,,,,,,,3.2919163703918457,0.0010931246215477586,,,
nmnist,N-MNIST,SNN-DFA,20260830,H2,actual,delta,basis_eval,512,30,800,neuron,"[30, 128, 800]",centered scatter; population covariance = scatter/(N*T),completed_epoch_100; stored checkpoint epoch=99,results/experiment03_soft_spectral/experiment03_20260831_server/checkpoints/full_dense/seed_20260830/epoch_100.pt,b8f2c8c95c5944358405d35f2d38dcb293461fa1e8641e9e6cb29ab98e39a534,results/paper_v9_signal_processing/01_spectral_metrics/dfa_trained_20260830.csv,results/paper1_experiment03_20260901_server/diagnostic_probe.csv,1.3988989938646598e-06,total,82.69411826458412,1.0,False,15360,105,299,427,528,664,34.24198966823596,399.38323938594846,202.0191153910508,0.66,results/paper_v9_signal_processing/08_covariance_decomposition/spectra/nmnist_seed_20260830_H2_actual_delta_total.npy,528,528,True,,,,,,,,,,,,,
nmnist,N-MNIST,SNN-DFA,20260830,H2,actual,delta,basis_eval,512,30,800,neuron,"[30, 128, 800]",centered scatter; population covariance = scatter/(N*T),completed_epoch_100; stored checkpoint epoch=99,results/experiment03_soft_spectral/experiment03_20260831_server/checkpoints/full_dense/seed_20260830/epoch_100.pt,b8f2c8c95c5944358405d35f2d38dcb293461fa1e8641e9e6cb29ab98e39a534,results/paper_v9_signal_processing/01_spectral_metrics/dfa_trained_20260830.csv,results/paper1_experiment03_20260901_server/diagnostic_probe.csv,1.3988989938646598e-06,within_time,72.98638403953316,0.8826067146155359,False,15360,122,313,438,537,667,74.5255798319151,458.94032207749194,317.2782348965975,0.67125,results/paper_v9_signal_processing/08_covariance_decomposition/spectra/nmnist_seed_20260830_H2_actual_delta_within_time.npy,528,528,True,,,,,,,,,,,,,
nmnist,N-MNIST,SNN-DFA,20260830,H2,actual,delta,basis_eval,512,30,800,neuron,"[30, 128, 800]",centered scatter; population covariance = scatter/(N*T),completed_epoch_100; stored checkpoint epoch=99,results/experiment03_soft_spectral/experiment03_20260831_server/checkpoints/full_dense/seed_20260830/epoch_100.pt,b8f2c8c95c5944358405d35f2d38dcb293461fa1e8641e9e6cb29ab98e39a534,results/paper_v9_signal_processing/01_spectral_metrics/dfa_trained_20260830.csv,results/paper1_experiment03_20260901_server/diagnostic_probe.csv,1.3988989938646598e-06,between_sample,9.707739483038212,0.11739334896803418,False,15360,4,12,30,53,125,5.643124601342017,22.217806751141467,11.003019709761269,0.06625,results/paper_v9_signal_processing/08_covariance_decomposition/spectra/nmnist_seed_20260830_H2_actual_delta_between_sample.npy,528,528,True,,,,,,,,,,,,,
nmnist,N-MNIST,SNN-DFA,20260830,H2,actual,gate,basis_eval,512,30,800,neuron,"[30, 128, 800]",centered scatter; population covariance = scatter/(N*T),completed_epoch_100; stored checkpoint epoch=99,results/experiment03_soft_spectral/experiment03_20260831_server/checkpoints/full_dense/seed_20260830/epoch_100.pt,b8f2c8c95c5944358405d35f2d38dcb293461fa1e8641e9e6cb29ab98e39a534,results/paper_v9_signal_processing/01_spectral_metrics/dfa_trained_20260830.csv,results/paper1_experiment03_20260901_server/diagnostic_probe.csv,1.2767349889064698e-07,total,69742.7379520141,1.0,False,15360,247,492,597,657,712,47.72585910027509,647.5911693248206,497.84786542479884,0.82125,results/paper_v9_signal_processing/08_covariance_decomposition/spectra/nmnist_seed_20260830_H2_actual_gate_total.npy,,,,,,,,,,,,,,,,
nmnist,N-MNIST,SNN-DFA,20260830,H2,actual,gate,basis_eval,512,30,800,neuron,"[30, 128, 800]",centered scatter; population covariance = scatter/(N*T),completed_epoch_100; stored checkpoint epoch=99,results/experiment03_soft_spectral/experiment03_20260831_server/checkpoints/full_dense/seed_20260830/epoch_100.pt,b8f2c8c95c5944358405d35f2d38dcb293461fa1e8641e9e6cb29ab98e39a534,results/paper_v9_signal_processing/01_spectral_metrics/dfa_trained_20260830.csv,results/paper1_experiment03_20260901_server/diagnostic_probe.csv,1.2767349889064698e-07,within_time,65878.87138528429,0.9445982953897177,False,15360,253,495,598,658,712,59.08625926895353,660.3454146707841,546.436747861207,0.8225,results/paper_v9_signal_processing/08_covariance_decomposition/spectra/nmnist_seed_20260830_H2_actual_gate_within_time.npy,,,,,,,,,,,,,,,,
nmnist,N-MNIST,SNN-DFA,20260830,H2,actual,gate,basis_eval,512,30,800,neuron,"[30, 128, 800]",centered scatter; population covariance = scatter/(N*T),completed_epoch_100; stored checkpoint epoch=99,results/experiment03_soft_spectral/experiment03_20260831_server/checkpoints/full_dense/seed_20260830/epoch_100.pt,b8f2c8c95c5944358405d35f2d38dcb293461fa1e8641e9e6cb29ab98e39a534,results/paper_v9_signal_processing/01_spectral_metrics/dfa_trained_20260830.csv,results/paper1_experiment03_20260901_server/diagnostic_probe.csv,1.2767349889064698e-07,between_sample,3863.8643850834796,0.055401673328941844,False,15360,40,164,246,313,421,10.57030489335696,176.15950770437877,56.82006230431936,0.39125,results/paper_v9_signal_processing/08_covariance_decomposition/spectra/nmnist_seed_20260830_H2_actual_gate_between_sample.npy,,,,,,,,,,,,,,,,
nmnist,N-MNIST,SNN-DFA,20260830,H2,actual,q_carrier,basis_eval,512,30,800,neuron,"[30, 128, 800]",centered scatter; population covariance = scatter/(N*T),completed_epoch_100; stored checkpoint epoch=99,results/experiment03_soft_spectral/experiment03_20260831_server/checkpoints/full_dense/seed_20260830/epoch_100.pt,b8f2c8c95c5944358405d35f2d38dcb293461fa1e8641e9e6cb29ab98e39a534,results/paper_v9_signal_processing/01_spectral_metrics/dfa_trained_20260830.csv,results/paper1_experiment03_20260901_server/diagnostic_probe.csv,,carrier_total,325.9294525549992,1.0,,512,3,5,7,8,9,4.09435119097498,7.568448498851652,6.511225698090795,0.01,results/paper_v9_signal_processing/08_covariance_decomposition/spectra/nmnist_seed_20260830_H2_actual_q_carrier_carrier_total.npy,,,,0.5078125,0.5078173828125,1.0,0.02826981304212408,800,10,10,1.0,,,,,
nmnist,N-MNIST,SNN-DFA,20260830,H2,alpha_1_homogenized_frobenius_matched,delta,basis_eval,512,30,800,neuron,"[30, 128, 800]",centered scatter; population covariance = scatter/(N*T),completed_epoch_100; stored checkpoint epoch=99,results/experiment03_soft_spectral/experiment03_20260831_server/checkpoints/full_dense/seed_20260830/epoch_100.pt,b8f2c8c95c5944358405d35f2d38dcb293461fa1e8641e9e6cb29ab98e39a534,results/paper_v9_signal_processing/01_spectral_metrics/dfa_trained_20260830.csv,results/paper1_experiment03_20260901_server/diagnostic_probe.csv,9.848233992114513e-07,total,87.81129442858331,1.0,False,15360,4,12,30,53,125,5.64312704845931,22.21799177451269,11.003030644242584,0.06625,results/paper_v9_signal_processing/08_covariance_decomposition/spectra/nmnist_seed_20260830_H2_alpha_1_homogenized_frobenius_matched_delta_total.npy,,,,,,,,,,,,3.007572889328003,0.0007808556547388434,53,True,
nmnist,N-MNIST,SNN-DFA,20260830,H2,alpha_1_homogenized_frobenius_matched,delta,basis_eval,512,30,800,neuron,"[30, 128, 800]",centered scatter; population covariance = scatter/(N*T),completed_epoch_100; stored checkpoint epoch=99,results/experiment03_soft_spectral/experiment03_20260831_server/checkpoints/full_dense/seed_20260830/epoch_100.pt,b8f2c8c95c5944358405d35f2d38dcb293461fa1e8641e9e6cb29ab98e39a534,results/paper_v9_signal_processing/01_spectral_metrics/dfa_trained_20260830.csv,results/paper1_experiment03_20260901_server/diagnostic_probe.csv,9.848233992114513e-07,within_time,6.554095508066758e-13,7.463841127404386e-15,True,15360,0,0,0,0,0,0.0,0.0,0.0,0.0,results/paper_v9_signal_processing/08_covariance_decomposition/spectra/nmnist_seed_20260830_H2_alpha_1_homogenized_frobenius_matched_delta_within_time.npy,,,,,,,,,,,,3.007572889328003,0.0007808556547388434,53,True,
nmnist,N-MNIST,SNN-DFA,20260830,H2,alpha_1_homogenized_frobenius_matched,delta,basis_eval,512,30,800,neuron,"[30, 128, 800]",centered scatter; population covariance = scatter/(N*T),completed_epoch_100; stored checkpoint epoch=99,results/experiment03_soft_spectral/experiment03_20260831_server/checkpoints/full_dense/seed_20260830/epoch_100.pt,b8f2c8c95c5944358405d35f2d38dcb293461fa1e8641e9e6cb29ab98e39a534,results/paper_v9_signal_processing/01_spectral_metrics/dfa_trained_20260830.csv,results/paper1_experiment03_20260901_server/diagnostic_probe.csv,9.848233992114513e-07,between_sample,87.81130932909565,1.0000001696878795,False,15360,4,12,30,53,125,5.6431239899652725,22.21780934227604,11.003020090663906,0.06625,results/paper_v9_signal_processing/08_covariance_decomposition/spectra/nmnist_seed_20260830_H2_alpha_1_homogenized_frobenius_matched_delta_between_sample.npy,,,,,,,,,,,,3.007572889328003,0.0007808556547388434,53,True,
nmnist,N-MNIST,SNN-DFA,20260830,H2,alpha_1_homogenized_frobenius_matched,gate,basis_eval,512,30,800,neuron,"[30, 128, 800]",centered scatter; population covariance = scatter/(N*T),completed_epoch_100; stored checkpoint epoch=99,results/experiment03_soft_spectral/experiment03_20260831_server/checkpoints/full_dense/seed_20260830/epoch_100.pt,b8f2c8c95c5944358405d35f2d38dcb293461fa1e8641e9e6cb29ab98e39a534,results/paper_v9_signal_processing/01_spectral_metrics/dfa_trained_20260830.csv,results/paper1_experiment03_20260901_server/diagnostic_probe.csv,2.136454116117973e-07,total,34950.560792190634,1.0,False,15360,40,164,246,313,421,10.570301786161837,176.15949078556093,56.82004303258863,0.39125,results/paper_v9_signal_processing/08_covariance_decomposition/spectra/nmnist_seed_20260830_H2_alpha_1_homogenized_frobenius_matched_gate_total.npy,,,,,,,,,,,,3.007572889328003,0.0007808556547388434,,,
nmnist,N-MNIST,SNN-DFA,20260830,H2,alpha_1_homogenized_frobenius_matched,gate,basis_eval,512,30,800,neuron,"[30, 128, 800]",centered scatter; population covariance = scatter/(N*T),completed_epoch_100; stored checkpoint epoch=99,results/experiment03_soft_spectral/experiment03_20260831_server/checkpoints/full_dense/seed_20260830/epoch_100.pt,b8f2c8c95c5944358405d35f2d38dcb293461fa1e8641e9e6cb29ab98e39a534,results/paper_v9_signal_processing/01_spectral_metrics/dfa_trained_20260830.csv,results/paper1_experiment03_20260901_server/diagnostic_probe.csv,2.136454116117973e-07,within_time,4.2536662935192863e-10,1.2170523725815945e-14,True,15360,0,0,0,0,0,0.0,0.0,0.0,0.0,results/paper_v9_signal_processing/08_covariance_decomposition/spectra/nmnist_seed_20260830_H2_alpha_1_homogenized_frobenius_matched_gate_within_time.npy,,,,,,,,,,,,3.007572889328003,0.0007808556547388434,,,
nmnist,N-MNIST,SNN-DFA,20260830,H2,alpha_1_homogenized_frobenius_matched,gate,basis_eval,512,30,800,neuron,"[30, 128, 800]",centered scatter; population covariance = scatter/(N*T),completed_epoch_100; stored checkpoint epoch=99,results/experiment03_soft_spectral/experiment03_20260831_server/checkpoints/full_dense/seed_20260830/epoch_100.pt,b8f2c8c95c5944358405d35f2d38dcb293461fa1e8641e9e6cb29ab98e39a534,results/paper_v9_signal_processing/01_spectral_metrics/dfa_trained_20260830.csv,results/paper1_experiment03_20260901_server/diagnostic_probe.csv,2.136454116117973e-07,between_sample,34950.56484560848,1.0000001159757599,False,15360,40,164,246,313,421,10.570303331223569,176.15950830756404,56.820057620765866,0.39125,results/paper_v9_signal_processing/08_covariance_decomposition/spectra/nmnist_seed_20260830_H2_alpha_1_homogenized_frobenius_matched_gate_between_sample.npy,,,,,,,,,,,,3.007572889328003,0.0007808556547388434,,,
nmnist,N-MNIST,SNN-DFA,20260830,H3,actual,delta,basis_eval,512,30,800,neuron,"[30, 128, 800]",centered scatter; population covariance = scatter/(N*T),completed_epoch_100; stored checkpoint epoch=99,results/experiment03_soft_spectral/experiment03_20260831_server/checkpoints/full_dense/seed_20260830/epoch_100.pt,b8f2c8c95c5944358405d35f2d38dcb293461fa1e8641e9e6cb29ab98e39a534,results/paper_v9_signal_processing/01_spectral_metrics/dfa_trained_20260830.csv,results/paper1_experiment03_20260901_server/diagnostic_probe.csv,1.6959250167921431e-06,total,41.17387534715708,1.0,False,15360,101,281,411,523,688,46.65953694403787,408.72470205447235,241.7422689005759,0.65375,results/paper_v9_signal_processing/08_covariance_decomposition/spectra/nmnist_seed_20260830_H3_actual_delta_total.npy,523,523,True,,,,,,,,,,,,,
nmnist,N-MNIST,SNN-DFA,20260830,H3,actual,delta,basis_eval,512,30,800,neuron,"[30, 128, 800]",centered scatter; population covariance = scatter/(N*T),completed_epoch_100; stored checkpoint epoch=99,results/experiment03_soft_spectral/experiment03_20260831_server/checkpoints/full_dense/seed_20260830/epoch_100.pt,b8f2c8c95c5944358405d35f2d38dcb293461fa1e8641e9e6cb29ab98e39a534,results/paper_v9_signal_processing/01_spectral_metrics/dfa_trained_20260830.csv,results/paper1_experiment03_20260901_server/diagnostic_probe.csv,1.6959250167921431e-06,within_time,37.94573463978629,0.9215973556010272,False,15360,108,287,416,526,689,75.67147130247663,434.5485685466253,293.42687689677297,0.6575,results/paper_v9_signal_processing/08_covariance_decomposition/spectra/nmnist_seed_20260830_H3_actual_delta_within_time.npy,523,523,True,,,,,,,,,,,,,
nmnist,N-MNIST,SNN-DFA,20260830,H3,actual,delta,basis_eval,512,30,800,neuron,"[30, 128, 800]",centered scatter; population covariance = scatter/(N*T),completed_epoch_100; stored checkpoint epoch=99,results/experiment03_soft_spectral/experiment03_20260831_server/checkpoints/full_dense/seed_20260830/epoch_100.pt,b8f2c8c95c5944358405d35f2d38dcb293461fa1e8641e9e6cb29ab98e39a534,results/paper_v9_signal_processing/01_spectral_metrics/dfa_trained_20260830.csv,results/paper1_experiment03_20260901_server/diagnostic_probe.csv,1.6959250167921431e-06,between_sample,3.228145439139863,0.07840275932060779,False,15360,5,20,39,64,135,6.508379078306808,30.225013456048888,14.486192001523483,0.08,results/paper_v9_signal_processing/08_covariance_decomposition/spectra/nmnist_seed_20260830_H3_actual_delta_between_sample.npy,523,523,True,,,,,,,,,,,,,
nmnist,N-MNIST,SNN-DFA,20260830,H3,actual,gate,basis_eval,512,30,800,neuron,"[30, 128, 800]",centered scatter; population covariance = scatter/(N*T),completed_epoch_100; stored checkpoint epoch=99,results/experiment03_soft_spectral/experiment03_20260831_server/checkpoints/full_dense/seed_20260830/epoch_100.pt,b8f2c8c95c5944358405d35f2d38dcb293461fa1e8641e9e6cb29ab98e39a534,results/paper_v9_signal_processing/01_spectral_metrics/dfa_trained_20260830.csv,results/paper1_experiment03_20260901_server/diagnostic_probe.csv,1.9940266217817462e-07,total,30394.94420752633,1.0,False,15360,234,487,608,682,756,49.45250957927078,662.7553470459012,497.66668715101656,0.8525,results/paper_v9_signal_processing/08_covariance_decomposition/spectra/nmnist_seed_20260830_H3_actual_gate_total.npy,,,,,,,,,,,,,,,,
nmnist,N-MNIST,SNN-DFA,20260830,H3,actual,gate,basis_eval,512,30,800,neuron,"[30, 128, 800]",centered scatter; population covariance = scatter/(N*T),completed_epoch_100; stored checkpoint epoch=99,results/experiment03_soft_spectral/experiment03_20260831_server/checkpoints/full_dense/seed_20260830/epoch_100.pt,b8f2c8c95c5944358405d35f2d38dcb293461fa1e8641e9e6cb29ab98e39a534,results/paper_v9_signal_processing/01_spectral_metrics/dfa_trained_20260830.csv,results/paper1_experiment03_20260901_server/diagnostic_probe.csv,1.9940266217817462e-07,within_time,28548.37555385878,0.9392475063925169,False,15360,241,492,610,684,756,59.949988109196134,679.7096690529208,550.5929399430495,0.855,results/paper_v9_signal_processing/08_covariance_decomposition/spectra/nmnist_seed_20260830_H3_actual_gate_within_time.npy,,,,,,,,,,,,,,,,
nmnist,N-MNIST,SNN-DFA,20260830,H3,actual,gate,basis_eval,512,30,800,neuron,"[30, 128, 800]",centered scatter; population covariance = scatter/(N*T),completed_epoch_100; stored checkpoint epoch=99,results/experiment03_soft_spectral/experiment03_20260831_server/checkpoints/full_dense/seed_20260830/epoch_100.pt,b8f2c8c95c5944358405d35f2d38dcb293461fa1e8641e9e6cb29ab98e39a534,results/paper_v9_signal_processing/01_spectral_metrics/dfa_trained_20260830.csv,results/paper1_experiment03_20260901_server/diagnostic_probe.csv,1.9940266217817462e-07,between_sample,1846.563659123314,0.060752329285936706,False,15360,26,144,226,296,410,12.233255354048861,139.713589059353,45.10557357538714,0.37,results/paper_v9_signal_processing/08_covariance_decomposition/spectra/nmnist_seed_20260830_H3_actual_gate_between_sample.npy,,,,,,,,,,,,,,,,
nmnist,N-MNIST,SNN-DFA,20260830,H3,actual,q_carrier,basis_eval,512,30,800,neuron,"[30, 128, 800]",centered scatter; population covariance = scatter/(N*T),completed_epoch_100; stored checkpoint epoch=99,results/experiment03_soft_spectral/experiment03_20260831_server/checkpoints/full_dense/seed_20260830/epoch_100.pt,b8f2c8c95c5944358405d35f2d38dcb293461fa1e8641e9e6cb29ab98e39a534,results/paper_v9_signal_processing/01_spectral_metrics/dfa_trained_20260830.csv,results/paper1_experiment03_20260901_server/diagnostic_probe.csv,,carrier_total,318.68958301296027,1.0,,512,3,6,7,8,10,4.7124569476745,7.801225812987391,6.873673082335648,0.01,results/paper_v9_signal_processing/08_covariance_decomposition/spectra/nmnist_seed_20260830_H3_actual_q_carrier_carrier_total.npy,,,,0.5078125,0.507822265625,1.0,0.027956383057520455,800,10,10,1.0,,,,,
nmnist,N-MNIST,SNN-DFA,20260830,H3,alpha_1_homogenized_frobenius_matched,delta,basis_eval,512,30,800,neuron,"[30, 128, 800]",centered scatter; population covariance = scatter/(N*T),completed_epoch_100; stored checkpoint epoch=99,results/experiment03_soft_spectral/experiment03_20260831_server/checkpoints/full_dense/seed_20260830/epoch_100.pt,b8f2c8c95c5944358405d35f2d38dcb293461fa1e8641e9e6cb29ab98e39a534,results/paper_v9_signal_processing/01_spectral_metrics/dfa_trained_20260830.csv,results/paper1_experiment03_20260901_server/diagnostic_probe.csv,1.0726499618940017e-06,total,37.5849148973816,1.0,False,15360,5,20,39,64,135,6.508381326126542,30.22526197479411,14.486203228748847,0.08,results/paper_v9_signal_processing/08_covariance_decomposition/spectra/nmnist_seed_20260830_H3_alpha_1_homogenized_frobenius_matched_delta_total.npy,,,,,,,,,,,,3.4121668338775635,0.001222469611093402,64,True,
nmnist,N-MNIST,SNN-DFA,20260830,H3,alpha_1_homogenized_frobenius_matched,delta,basis_eval,512,30,800,neuron,"[30, 128, 800]",centered scatter; population covariance = scatter/(N*T),completed_epoch_100; stored checkpoint epoch=99,results/experiment03_soft_spectral/experiment03_20260831_server/checkpoints/full_dense/seed_20260830/epoch_100.pt,b8f2c8c95c5944358405d35f2d38dcb293461fa1e8641e9e6cb29ab98e39a534,results/paper_v9_signal_processing/01_spectral_metrics/dfa_trained_20260830.csv,results/paper1_experiment03_20260901_server/diagnostic_probe.csv,1.0726499618940017e-06,within_time,2.723310950688168e-13,7.245755266770315e-15,True,15360,0,0,0,0,0,0.0,0.0,0.0,0.0,results/paper_v9_signal_processing/08_covariance_decomposition/spectra/nmnist_seed_20260830_H3_alpha_1_homogenized_frobenius_matched_delta_within_time.npy,,,,,,,,,,,,3.4121668338775635,0.001222469611093402,64,True,
nmnist,N-MNIST,SNN-DFA,20260830,H3,alpha_1_homogenized_frobenius_matched,delta,basis_eval,512,30,800,neuron,"[30, 128, 800]",centered scatter; population covariance = scatter/(N*T),completed_epoch_100; stored checkpoint epoch=99,results/experiment03_soft_spectral/experiment03_20260831_server/checkpoints/full_dense/seed_20260830/epoch_100.pt,b8f2c8c95c5944358405d35f2d38dcb293461fa1e8641e9e6cb29ab98e39a534,results/paper_v9_signal_processing/01_spectral_metrics/dfa_trained_20260830.csv,results/paper1_experiment03_20260901_server/diagnostic_probe.csv,1.0726499618940017e-06,between_sample,37.584918210444705,1.0000000881487456,False,15360,5,20,39,64,135,6.508377741243564,30.225013754689133,14.486188667637267,0.08,results/paper_v9_signal_processing/08_covariance_decomposition/spectra/nmnist_seed_20260830_H3_alpha_1_homogenized_frobenius_matched_delta_between_sample.npy,,,,,,,,,,,,3.4121668338775635,0.001222469611093402,64,True,
nmnist,N-MNIST,SNN-DFA,20260830,H3,alpha_1_homogenized_frobenius_matched,gate,basis_eval,512,30,800,neuron,"[30, 128, 800]",centered scatter; population covariance = scatter/(N*T),completed_epoch_100; stored checkpoint epoch=99,results/experiment03_soft_spectral/experiment03_20260831_server/checkpoints/full_dense/seed_20260830/epoch_100.pt,b8f2c8c95c5944358405d35f2d38dcb293461fa1e8641e9e6cb29ab98e39a534,results/paper_v9_signal_processing/01_spectral_metrics/dfa_trained_20260830.csv,results/paper1_experiment03_20260901_server/diagnostic_probe.csv,2.0601242181795872e-07,total,21499.321412256028,1.0,False,15360,26,144,226,296,410,12.233256561875452,139.71360282446636,45.10557782217318,0.37,results/paper_v9_signal_processing/08_covariance_decomposition/spectra/nmnist_seed_20260830_H3_alpha_1_homogenized_frobenius_matched_gate_total.npy,,,,,,,,,,,,3.4121668338775635,0.001222469611093402,,,
nmnist,N-MNIST,SNN-DFA,20260830,H3,alpha_1_homogenized_frobenius_matched,gate,basis_eval,512,30,800,neuron,"[30, 128, 800]",centered scatter; population covariance = scatter/(N*T),completed_epoch_100; stored checkpoint epoch=99,results/experiment03_soft_spectral/experiment03_20260831_server/checkpoints/full_dense/seed_20260830/epoch_100.pt,b8f2c8c95c5944358405d35f2d38dcb293461fa1e8641e9e6cb29ab98e39a534,results/paper_v9_signal_processing/01_spectral_metrics/dfa_trained_20260830.csv,results/paper1_experiment03_20260901_server/diagnostic_probe.csv,2.0601242181795872e-07,within_time,2.0121380260198706e-10,9.359076909621992e-15,True,15360,0,0,0,0,0,0.0,0.0,0.0,0.0,results/paper_v9_signal_processing/08_covariance_decomposition/spectra/nmnist_seed_20260830_H3_alpha_1_homogenized_frobenius_matched_gate_within_time.npy,,,,,,,,,,,,3.4121668338775635,0.001222469611093402,,,
nmnist,N-MNIST,SNN-DFA,20260830,H3,alpha_1_homogenized_frobenius_matched,gate,basis_eval,512,30,800,neuron,"[30, 128, 800]",centered scatter; population covariance = scatter/(N*T),completed_epoch_100; stored checkpoint epoch=99,results/experiment03_soft_spectral/experiment03_20260831_server/checkpoints/full_dense/seed_20260830/epoch_100.pt,b8f2c8c95c5944358405d35f2d38dcb293461fa1e8641e9e6cb29ab98e39a534,results/paper_v9_signal_processing/01_spectral_metrics/dfa_trained_20260830.csv,results/paper1_experiment03_20260901_server/diagnostic_probe.csv,2.0601242181795872e-07,between_sample,21499.323882012875,1.0000001148760373,False,15360,26,144,226,296,410,12.23325583662198,139.71358852712746,45.10557440704506,0.37,results/paper_v9_signal_processing/08_covariance_decomposition/spectra/nmnist_seed_20260830_H3_alpha_1_homogenized_frobenius_matched_gate_between_sample.npy,,,,,,,,,,,,3.4121668338775635,0.001222469611093402,,,
nmnist,N-MNIST,SNN-DFA,20260831,H1,actual,delta,basis_eval,512,30,800,neuron,"[30, 128, 800]",centered scatter; population covariance = scatter/(N*T),completed_epoch_100; stored checkpoint epoch=99,results/experiment03_soft_spectral/experiment03_20260831_server/checkpoints/full_dense/seed_20260831/epoch_100.pt,b486ef7efe077a5e11dbfa4148cfa5a8ec90514c3508227a9bf491bde631d58a,results/paper_v9_signal_processing/01_spectral_metrics/dfa_trained_20260831.csv,results/paper1_experiment03_20260901_server/diagnostic_probe.csv,1.271879229671611e-06,total,38.79218024039636,1.0,False,15360,130,331,457,554,682,49.9820209564572,472.99257413409083,305.10271867749697,0.6925,results/paper_v9_signal_processing/08_covariance_decomposition/spectra/nmnist_seed_20260831_H1_actual_delta_total.npy,554,554,True,,,,,,,,,,,,,
nmnist,N-MNIST,SNN-DFA,20260831,H1,actual,delta,basis_eval,512,30,800,neuron,"[30, 128, 800]",centered scatter; population covariance = scatter/(N*T),completed_epoch_100; stored checkpoint epoch=99,results/experiment03_soft_spectral/experiment03_20260831_server/checkpoints/full_dense/seed_20260831/epoch_100.pt,b486ef7efe077a5e11dbfa4148cfa5a8ec90514c3508227a9bf491bde631d58a,results/paper_v9_signal_processing/01_spectral_metrics/dfa_trained_20260831.csv,results/paper1_experiment03_20260901_server/diagnostic_probe.csv,1.271879229671611e-06,within_time,34.63486057007828,0.8928309869526528,False,15360,143,342,465,560,684,135.87728033943654,512.1178652400009,391.8556599119125,0.7,results/paper_v9_signal_processing/08_covariance_decomposition/spectra/nmnist_seed_20260831_H1_actual_delta_within_time.npy,554,554,True,,,,,,,,,,,,,
nmnist,N-MNIST,SNN-DFA,20260831,H1,actual,delta,basis_eval,512,30,800,neuron,"[30, 128, 800]",centered scatter; population covariance = scatter/(N*T),completed_epoch_100; stored checkpoint epoch=99,results/experiment03_soft_spectral/experiment03_20260831_server/checkpoints/full_dense/seed_20260831/epoch_100.pt,b486ef7efe077a5e11dbfa4148cfa5a8ec90514c3508227a9bf491bde631d58a,results/paper_v9_signal_processing/01_spectral_metrics/dfa_trained_20260831.csv,results/paper1_experiment03_20260901_server/diagnostic_probe.csv,1.271879229671611e-06,between_sample,4.157322863400354,0.10716909535987132,False,15360,5,22,46,74,147,6.238044278820432,32.410141733495266,14.90699370931961,0.0925,results/paper_v9_signal_processing/08_covariance_decomposition/spectra/nmnist_seed_20260831_H1_actual_delta_between_sample.npy,554,554,True,,,,,,,,,,,,,
nmnist,N-MNIST,SNN-DFA,20260831,H1,actual,gate,basis_eval,512,30,800,neuron,"[30, 128, 800]",centered scatter; population covariance = scatter/(N*T),completed_epoch_100; stored checkpoint epoch=99,results/experiment03_soft_spectral/experiment03_20260831_server/checkpoints/full_dense/seed_20260831/epoch_100.pt,b486ef7efe077a5e11dbfa4148cfa5a8ec90514c3508227a9bf491bde631d58a,results/paper_v9_signal_processing/01_spectral_metrics/dfa_trained_20260831.csv,results/paper1_experiment03_20260901_server/diagnostic_probe.csv,1.435472232228994e-07,total,48888.7127269385,1.0,False,15360,248,478,583,650,724,109.74960293767438,674.2387025963353,605.4520808776696,0.8125,results/paper_v9_signal_processing/08_covariance_decomposition/spectra/nmnist_seed_20260831_H1_actual_gate_total.npy,,,,,,,,,,,,,,,,
nmnist,N-MNIST,SNN-DFA,20260831,H1,actual,gate,basis_eval,512,30,800,neuron,"[30, 128, 800]",centered scatter; population covariance = scatter/(N*T),completed_epoch_100; stored checkpoint epoch=99,results/experiment03_soft_spectral/experiment03_20260831_server/checkpoints/full_dense/seed_20260831/epoch_100.pt,b486ef7efe077a5e11dbfa4148cfa5a8ec90514c3508227a9bf491bde631d58a,results/paper_v9_signal_processing/01_spectral_metrics/dfa_trained_20260831.csv,results/paper1_experiment03_20260901_server/diagnostic_probe.csv,1.435472232228994e-07,within_time,46435.69565006835,0.9498244699022624,False,15360,250,479,584,651,724,249.06656092513845,681.0994522065762,629.114754548921,0.81375,results/paper_v9_signal_processing/08_covariance_decomposition/spectra/nmnist_seed_20260831_H1_actual_gate_within_time.npy,,,,,,,,,,,,,,,,
nmnist,N-MNIST,SNN-DFA,20260831,H1,actual,gate,basis_eval,512,30,800,neuron,"[30, 128, 800]",centered scatter; population covariance = scatter/(N*T),completed_epoch_100; stored checkpoint epoch=99,results/experiment03_soft_spectral/experiment03_20260831_server/checkpoints/full_dense/seed_20260831/epoch_100.pt,b486ef7efe077a5e11dbfa4148cfa5a8ec90514c3508227a9bf491bde631d58a,results/paper_v9_signal_processing/01_spectral_metrics/dfa_trained_20260831.csv,results/paper1_experiment03_20260901_server/diagnostic_probe.csv,1.435472232228994e-07,between_sample,2453.0140294736266,0.050175467764402286,False,15360,58,181,260,325,428,8.432640227016025,199.13344045733007,51.111964966818924,0.40625,results/paper_v9_signal_processing/08_covariance_decomposition/spectra/nmnist_seed_20260831_H1_actual_gate_between_sample.npy,,,,,,,,,,,,,,,,
nmnist,N-MNIST,SNN-DFA,20260831,H1,actual,q_carrier,basis_eval,512,30,800,neuron,"[30, 128, 800]",centered scatter; population covariance = scatter/(N*T),completed_epoch_100; stored checkpoint epoch=99,results/experiment03_soft_spectral/experiment03_20260831_server/checkpoints/full_dense/seed_20260831/epoch_100.pt,b486ef7efe077a5e11dbfa4148cfa5a8ec90514c3508227a9bf491bde631d58a,results/paper_v9_signal_processing/01_spectral_metrics/dfa_trained_20260831.csv,results/paper1_experiment03_20260901_server/diagnostic_probe.csv,,carrier_total,323.6797831992779,1.0,,512,3,6,7,8,10,4.1090011351617575,7.617351594532782,6.489404406456567,0.01,results/paper_v9_signal_processing/08_covariance_decomposition/spectra/nmnist_seed_20260831_H1_actual_q_carrier_carrier_total.npy,,,,0.51953125,0.5195361328125,1.0,0.028180434789450235,800,10,10,1.0,,,,,
nmnist,N-MNIST,SNN-DFA,20260831,H1,alpha_1_homogenized_frobenius_matched,delta,basis_eval,512,30,800,neuron,"[30, 128, 800]",centered scatter; population covariance = scatter/(N*T),completed_epoch_100; stored checkpoint epoch=99,results/experiment03_soft_spectral/experiment03_20260831_server/checkpoints/full_dense/seed_20260831/epoch_100.pt,b486ef7efe077a5e11dbfa4148cfa5a8ec90514c3508227a9bf491bde631d58a,results/paper_v9_signal_processing/01_spectral_metrics/dfa_trained_20260831.csv,results/paper1_experiment03_20260901_server/diagnostic_probe.csv,1.1039753895088952e-06,total,45.30711463475448,1.0,False,15360,5,22,46,74,147,6.238046577036125,32.41030140130144,14.907002641891603,0.0925,results/paper_v9_signal_processing/08_covariance_decomposition/spectra/nmnist_seed_20260831_H1_alpha_1_homogenized_frobenius_matched_delta_total.npy,,,,,,,,,,,,3.301234245300293,0.001053632004186511,74,True,
nmnist,N-MNIST,SNN-DFA,20260831,H1,alpha_1_homogenized_frobenius_matched,delta,basis_eval,512,30,800,neuron,"[30, 128, 800]",centered scatter; population covariance = scatter/(N*T),completed_epoch_100; stored checkpoint epoch=99,results/experiment03_soft_spectral/experiment03_20260831_server/checkpoints/full_dense/seed_20260831/epoch_100.pt,b486ef7efe077a5e11dbfa4148cfa5a8ec90514c3508227a9bf491bde631d58a,results/paper_v9_signal_processing/01_spectral_metrics/dfa_trained_20260831.csv,results/paper1_experiment03_20260901_server/diagnostic_probe.csv,1.1039753895088952e-06,within_time,3.198823532351012e-13,7.06031173721497e-15,True,15360,0,0,0,0,0,0.0,0.0,0.0,0.0,results/paper_v9_signal_processing/08_covariance_decomposition/spectra/nmnist_seed_20260831_H1_alpha_1_homogenized_frobenius_matched_delta_within_time.npy,,,,,,,,,,,,3.301234245300293,0.001053632004186511,74,True,
nmnist,N-MNIST,SNN-DFA,20260831,H1,alpha_1_homogenized_frobenius_matched,delta,basis_eval,512,30,800,neuron,"[30, 128, 800]",centered scatter; population covariance = scatter/(N*T),completed_epoch_100; stored checkpoint epoch=99,results/experiment03_soft_spectral/experiment03_20260831_server/checkpoints/full_dense/seed_20260831/epoch_100.pt,b486ef7efe077a5e11dbfa4148cfa5a8ec90514c3508227a9bf491bde631d58a,results/paper_v9_signal_processing/01_spectral_metrics/dfa_trained_20260831.csv,results/paper1_experiment03_20260901_server/diagnostic_probe.csv,1.1039753895088952e-06,between_sample,45.30711770028313,1.0000000676610876,False,15360,5,22,46,74,147,6.238043830548896,32.41013996437951,14.906992468868454,0.0925,results/paper_v9_signal_processing/08_covariance_decomposition/spectra/nmnist_seed_20260831_H1_alpha_1_homogenized_frobenius_matched_delta_between_sample.npy,,,,,,,,,,,,3.301234245300293,0.001053632004186511,74,True,
nmnist,N-MNIST,SNN-DFA,20260831,H1,alpha_1_homogenized_frobenius_matched,gate,basis_eval,512,30,800,neuron,"[30, 128, 800]",centered scatter; population covariance = scatter/(N*T),completed_epoch_100; stored checkpoint epoch=99,results/experiment03_soft_spectral/experiment03_20260831_server/checkpoints/full_dense/seed_20260831/epoch_100.pt,b486ef7efe077a5e11dbfa4148cfa5a8ec90514c3508227a9bf491bde631d58a,results/paper_v9_signal_processing/01_spectral_metrics/dfa_trained_20260831.csv,results/paper1_experiment03_20260901_server/diagnostic_probe.csv,2.1100818465988863e-07,total,26733.30597620061,1.0,False,15360,58,181,260,325,428,8.432640075534385,199.13346224631567,51.11196497793214,0.40625,results/paper_v9_signal_processing/08_covariance_decomposition/spectra/nmnist_seed_20260831_H1_alpha_1_homogenized_frobenius_matched_gate_total.npy,,,,,,,,,,,,3.301234245300293,0.001053632004186511,,,
nmnist,N-MNIST,SNN-DFA,20260831,H1,alpha_1_homogenized_frobenius_matched,gate,basis_eval,512,30,800,neuron,"[30, 128, 800]",centered scatter; population covariance = scatter/(N*T),completed_epoch_100; stored checkpoint epoch=99,results/experiment03_soft_spectral/experiment03_20260831_server/checkpoints/full_dense/seed_20260831/epoch_100.pt,b486ef7efe077a5e11dbfa4148cfa5a8ec90514c3508227a9bf491bde631d58a,results/paper_v9_signal_processing/01_spectral_metrics/dfa_trained_20260831.csv,results/paper1_experiment03_20260901_server/diagnostic_probe.csv,2.1100818465988863e-07,within_time,2.9878073937620864e-10,1.1176348321535651e-14,True,15360,0,0,0,0,0,0.0,0.0,0.0,0.0,results/paper_v9_signal_processing/08_covariance_decomposition/spectra/nmnist_seed_20260831_H1_alpha_1_homogenized_frobenius_matched_gate_within_time.npy,,,,,,,,,,,,3.301234245300293,0.001053632004186511,,,
nmnist,N-MNIST,SNN-DFA,20260831,H1,alpha_1_homogenized_frobenius_matched,gate,basis_eval,512,30,800,neuron,"[30, 128, 800]",centered scatter; population covariance = scatter/(N*T),completed_epoch_100; stored checkpoint epoch=99,results/experiment03_soft_spectral/experiment03_20260831_server/checkpoints/full_dense/seed_20260831/epoch_100.pt,b486ef7efe077a5e11dbfa4148cfa5a8ec90514c3508227a9bf491bde631d58a,results/paper_v9_signal_processing/01_spectral_metrics/dfa_trained_20260831.csv,results/paper1_experiment03_20260901_server/diagnostic_probe.csv,2.1100818465988863e-07,between_sample,26733.309067752987,1.0000001156442222,False,15360,58,181,260,325,428,8.4326365165504,199.13340844633248,51.11193487241884,0.40625,results/paper_v9_signal_processing/08_covariance_decomposition/spectra/nmnist_seed_20260831_H1_alpha_1_homogenized_frobenius_matched_gate_between_sample.npy,,,,,,,,,,,,3.301234245300293,0.001053632004186511,,,
nmnist,N-MNIST,SNN-DFA,20260831,H2,actual,delta,basis_eval,512,30,800,neuron,"[30, 128, 800]",centered scatter; population covariance = scatter/(N*T),completed_epoch_100; stored checkpoint epoch=99,results/experiment03_soft_spectral/experiment03_20260831_server/checkpoints/full_dense/seed_20260831/epoch_100.pt,b486ef7efe077a5e11dbfa4148cfa5a8ec90514c3508227a9bf491bde631d58a,results/paper_v9_signal_processing/01_spectral_metrics/dfa_trained_20260831.csv,results/paper1_experiment03_20260901_server/diagnostic_probe.csv,1.3752478007615145e-06,total,80.24651948418747,1.0,False,15360,107,296,424,526,660,35.1249940063122,403.3860136465792,211.65840300745285,0.6575,results/paper_v9_signal_processing/08_covariance_decomposition/spectra/nmnist_seed_20260831_H2_actual_delta_total.npy,526,526,True,,,,,,,,,,,,,
nmnist,N-MNIST,SNN-DFA,20260831,H2,actual,delta,basis_eval,512,30,800,neuron,"[30, 128, 800]",centered scatter; population covariance = scatter/(N*T),completed_epoch_100; stored checkpoint epoch=99,results/experiment03_soft_spectral/experiment03_20260831_server/checkpoints/full_dense/seed_20260831/epoch_100.pt,b486ef7efe077a5e11dbfa4148cfa5a8ec90514c3508227a9bf491bde631d58a,results/paper_v9_signal_processing/01_spectral_metrics/dfa_trained_20260831.csv,results/paper1_experiment03_20260901_server/diagnostic_probe.csv,1.3752478007615145e-06,within_time,70.8293583296976,0.8826471077496947,False,15360,122,311,436,534,663,86.30635140042389,462.10507868174545,331.25662185322574,0.6675,results/paper_v9_signal_processing/08_covariance_decomposition/spectra/nmnist_seed_20260831_H2_actual_delta_within_time.npy,526,526,True,,,,,,,,,,,,,
nmnist,N-MNIST,SNN-DFA,20260831,H2,actual,delta,basis_eval,512,30,800,neuron,"[30, 128, 800]",centered scatter; population covariance = scatter/(N*T),completed_epoch_100; stored checkpoint epoch=99,results/experiment03_soft_spectral/experiment03_20260831_server/checkpoints/full_dense/seed_20260831/epoch_100.pt,b486ef7efe077a5e11dbfa4148cfa5a8ec90514c3508227a9bf491bde631d58a,results/paper_v9_signal_processing/01_spectral_metrics/dfa_trained_20260831.csv,results/paper1_experiment03_20260901_server/diagnostic_probe.csv,1.3752478007615145e-06,between_sample,9.417166879706567,0.11735296359566366,False,15360,4,13,31,54,125,5.841303610310977,23.126024925418925,11.387707542764097,0.0675,results/paper_v9_signal_processing/08_covariance_decomposition/spectra/nmnist_seed_20260831_H2_actual_delta_between_sample.npy,526,526,True,,,,,,,,,,,,,
nmnist,N-MNIST,SNN-DFA,20260831,H2,actual,gate,basis_eval,512,30,800,neuron,"[30, 128, 800]",centered scatter; population covariance = scatter/(N*T),completed_epoch_100; stored checkpoint epoch=99,results/experiment03_soft_spectral/experiment03_20260831_server/checkpoints/full_dense/seed_20260831/epoch_100.pt,b486ef7efe077a5e11dbfa4148cfa5a8ec90514c3508227a9bf491bde631d58a,results/paper_v9_signal_processing/01_spectral_metrics/dfa_trained_20260831.csv,results/paper1_experiment03_20260901_server/diagnostic_probe.csv,1.2671383188443925e-07,total,70823.66934720798,1.0,False,15360,245,486,589,648,703,47.10222502785212,639.2139534220817,490.12734054734057,0.81,results/paper_v9_signal_processing/08_covariance_decomposition/spectra/nmnist_seed_20260831_H2_actual_gate_total.npy,,,,,,,,,,,,,,,,
nmnist,N-MNIST,SNN-DFA,20260831,H2,actual,gate,basis_eval,512,30,800,neuron,"[30, 128, 800]",centered scatter; population covariance = scatter/(N*T),completed_epoch_100; stored checkpoint epoch=99,results/experiment03_soft_spectral/experiment03_20260831_server/checkpoints/full_dense/seed_20260831/epoch_100.pt,b486ef7efe077a5e11dbfa4148cfa5a8ec90514c3508227a9bf491bde631d58a,results/paper_v9_signal_processing/01_spectral_metrics/dfa_trained_20260831.csv,results/paper1_experiment03_20260901_server/diagnostic_probe.csv,1.2671383188443925e-07,within_time,66872.44819600463,0.9442104428135066,False,15360,250,489,591,649,703,58.06494826522633,651.7369458027464,537.5773612724485,0.81125,results/paper_v9_signal_processing/08_covariance_decomposition/spectra/nmnist_seed_20260831_H2_actual_gate_within_time.npy,,,,,,,,,,,,,,,,
nmnist,N-MNIST,SNN-DFA,20260831,H2,actual,gate,basis_eval,512,30,800,neuron,"[30, 128, 800]",centered scatter; population covariance = scatter/(N*T),completed_epoch_100; stored checkpoint epoch=99,results/experiment03_soft_spectral/experiment03_20260831_server/checkpoints/full_dense/seed_20260831/epoch_100.pt,b486ef7efe077a5e11dbfa4148cfa5a8ec90514c3508227a9bf491bde631d58a,results/paper_v9_signal_processing/01_spectral_metrics/dfa_trained_20260831.csv,results/paper1_experiment03_20260901_server/diagnostic_probe.csv,1.2671383188443925e-07,between_sample,3951.2187756162243,0.05578952364421641,False,15360,40,163,245,312,420,10.64064192460592,177.4454651143991,57.9242999903696,0.39,results/paper_v9_signal_processing/08_covariance_decomposition/spectra/nmnist_seed_20260831_H2_actual_gate_between_sample.npy,,,,,,,,,,,,,,,,
nmnist,N-MNIST,SNN-DFA,20260831,H2,actual,q_carrier,basis_eval,512,30,800,neuron,"[30, 128, 800]",centered scatter; population covariance = scatter/(N*T),completed_epoch_100; stored checkpoint epoch=99,results/experiment03_soft_spectral/experiment03_20260831_server/checkpoints/full_dense/seed_20260831/epoch_100.pt,b486ef7efe077a5e11dbfa4148cfa5a8ec90514c3508227a9bf491bde631d58a,results/paper_v9_signal_processing/01_spectral_metrics/dfa_trained_20260831.csv,results/paper1_experiment03_20260901_server/diagnostic_probe.csv,,carrier_total,320.9319647225196,1.0,,512,3,6,7,8,10,4.06664634159061,7.527336999401594,6.346142082443602,0.01,results/paper_v9_signal_processing/08_covariance_decomposition/spectra/nmnist_seed_20260831_H2_actual_q_carrier_carrier_total.npy,,,,0.51953125,0.519560546875,1.0,0.028059409527914074,800,10,10,1.0,,,,,
nmnist,N-MNIST,SNN-DFA,20260831,H2,alpha_1_homogenized_frobenius_matched,delta,basis_eval,512,30,800,neuron,"[30, 128, 800]",centered scatter; population covariance = scatter/(N*T),completed_epoch_100; stored checkpoint epoch=99,results/experiment03_soft_spectral/experiment03_20260831_server/checkpoints/full_dense/seed_20260831/epoch_100.pt,b486ef7efe077a5e11dbfa4148cfa5a8ec90514c3508227a9bf491bde631d58a,results/paper_v9_signal_processing/01_spectral_metrics/dfa_trained_20260831.csv,results/paper1_experiment03_20260901_server/diagnostic_probe.csv,1.0370914925212758e-06,total,83.76631388952023,1.0,False,15360,4,13,31,54,125,5.841305180482272,23.126166365486792,11.387714983429314,0.0675,results/paper_v9_signal_processing/08_covariance_decomposition/spectra/nmnist_seed_20260831_H2_alpha_1_homogenized_frobenius_matched_delta_total.npy,,,,,,,,,,,,2.982459783554077,0.0008161613368429244,54,True,
nmnist,N-MNIST,SNN-DFA,20260831,H2,alpha_1_homogenized_frobenius_matched,delta,basis_eval,512,30,800,neuron,"[30, 128, 800]",centered scatter; population covariance = scatter/(N*T),completed_epoch_100; stored checkpoint epoch=99,results/experiment03_soft_spectral/experiment03_20260831_server/checkpoints/full_dense/seed_20260831/epoch_100.pt,b486ef7efe077a5e11dbfa4148cfa5a8ec90514c3508227a9bf491bde631d58a,results/paper_v9_signal_processing/01_spectral_metrics/dfa_trained_20260831.csv,results/paper1_experiment03_20260901_server/diagnostic_probe.csv,1.0370914925212758e-06,within_time,6.108844017205828e-13,7.292721541099217e-15,True,15360,0,0,0,0,0,0.0,0.0,0.0,0.0,results/paper_v9_signal_processing/08_covariance_decomposition/spectra/nmnist_seed_20260831_H2_alpha_1_homogenized_frobenius_matched_delta_within_time.npy,,,,,,,,,,,,2.982459783554077,0.0008161613368429244,54,True,
nmnist,N-MNIST,SNN-DFA,20260831,H2,alpha_1_homogenized_frobenius_matched,delta,basis_eval,512,30,800,neuron,"[30, 128, 800]",centered scatter; population covariance = scatter/(N*T),completed_epoch_100; stored checkpoint epoch=99,results/experiment03_soft_spectral/experiment03_20260831_server/checkpoints/full_dense/seed_20260831/epoch_100.pt,b486ef7efe077a5e11dbfa4148cfa5a8ec90514c3508227a9bf491bde631d58a,results/paper_v9_signal_processing/01_spectral_metrics/dfa_trained_20260831.csv,results/paper1_experiment03_20260901_server/diagnostic_probe.csv,1.0370914925212758e-06,between_sample,83.76632575870838,1.0000001416940485,False,15360,4,13,31,54,125,5.841304072496199,23.12603000400848,11.387709501460021,0.0675,results/paper_v9_signal_processing/08_covariance_decomposition/spectra/nmnist_seed_20260831_H2_alpha_1_homogenized_frobenius_matched_delta_between_sample.npy,,,,,,,,,,,,2.982459783554077,0.0008161613368429244,54,True,
nmnist,N-MNIST,SNN-DFA,20260831,H2,alpha_1_homogenized_frobenius_matched,gate,basis_eval,512,30,800,neuron,"[30, 128, 800]",centered scatter; population covariance = scatter/(N*T),completed_epoch_100; stored checkpoint epoch=99,results/experiment03_soft_spectral/experiment03_20260831_server/checkpoints/full_dense/seed_20260831/epoch_100.pt,b486ef7efe077a5e11dbfa4148cfa5a8ec90514c3508227a9bf491bde631d58a,results/paper_v9_signal_processing/01_spectral_metrics/dfa_trained_20260831.csv,results/paper1_experiment03_20260901_server/diagnostic_probe.csv,2.149437923468351e-07,total,35146.34961537117,1.0,False,15360,40,163,245,312,420,10.640639331852958,177.4454574979422,57.92428845943566,0.39,results/paper_v9_signal_processing/08_covariance_decomposition/spectra/nmnist_seed_20260831_H2_alpha_1_homogenized_frobenius_matched_gate_total.npy,,,,,,,,,,,,2.982459783554077,0.0008161613368429244,,,
nmnist,N-MNIST,SNN-DFA,20260831,H2,alpha_1_homogenized_frobenius_matched,gate,basis_eval,512,30,800,neuron,"[30, 128, 800]",centered scatter; population covariance = scatter/(N*T),completed_epoch_100; stored checkpoint epoch=99,results/experiment03_soft_spectral/experiment03_20260831_server/checkpoints/full_dense/seed_20260831/epoch_100.pt,b486ef7efe077a5e11dbfa4148cfa5a8ec90514c3508227a9bf491bde631d58a,results/paper_v9_signal_processing/01_spectral_metrics/dfa_trained_20260831.csv,results/paper1_experiment03_20260901_server/diagnostic_probe.csv,2.149437923468351e-07,within_time,4.353540292717552e-10,1.2386891783531176e-14,True,15360,0,0,0,0,0,0.0,0.0,0.0,0.0,results/paper_v9_signal_processing/08_covariance_decomposition/spectra/nmnist_seed_20260831_H2_alpha_1_homogenized_frobenius_matched_gate_within_time.npy,,,,,,,,,,,,2.982459783554077,0.0008161613368429244,,,
nmnist,N-MNIST,SNN-DFA,20260831,H2,alpha_1_homogenized_frobenius_matched,gate,basis_eval,512,30,800,neuron,"[30, 128, 800]",centered scatter; population covariance = scatter/(N*T),completed_epoch_100; stored checkpoint epoch=99,results/experiment03_soft_spectral/experiment03_20260831_server/checkpoints/full_dense/seed_20260831/epoch_100.pt,b486ef7efe077a5e11dbfa4148cfa5a8ec90514c3508227a9bf491bde631d58a,results/paper_v9_signal_processing/01_spectral_metrics/dfa_trained_20260831.csv,results/paper1_experiment03_20260901_server/diagnostic_probe.csv,2.149437923468351e-07,between_sample,35146.35351588427,1.0000001109791812,False,15360,40,163,245,312,420,10.64064225281537,177.44546731192133,57.924300755134546,0.39,results/paper_v9_signal_processing/08_covariance_decomposition/spectra/nmnist_seed_20260831_H2_alpha_1_homogenized_frobenius_matched_gate_between_sample.npy,,,,,,,,,,,,2.982459783554077,0.0008161613368429244,,,
nmnist,N-MNIST,SNN-DFA,20260831,H3,actual,delta,basis_eval,512,30,800,neuron,"[30, 128, 800]",centered scatter; population covariance = scatter/(N*T),completed_epoch_100; stored checkpoint epoch=99,results/experiment03_soft_spectral/experiment03_20260831_server/checkpoints/full_dense/seed_20260831/epoch_100.pt,b486ef7efe077a5e11dbfa4148cfa5a8ec90514c3508227a9bf491bde631d58a,results/paper_v9_signal_processing/01_spectral_metrics/dfa_trained_20260831.csv,results/paper1_experiment03_20260901_server/diagnostic_probe.csv,1.8767147887308863e-06,total,42.999937509279505,1.0,False,15360,92,271,402,516,686,33.2442588043034,383.15027332623026,207.80276829385818,0.645,results/paper_v9_signal_processing/08_covariance_decomposition/spectra/nmnist_seed_20260831_H3_actual_delta_total.npy,516,516,True,,,,,,,,,,,,,
nmnist,N-MNIST,SNN-DFA,20260831,H3,actual,delta,basis_eval,512,30,800,neuron,"[30, 128, 800]",centered scatter; population covariance = scatter/(N*T),completed_epoch_100; stored checkpoint epoch=99,results/experiment03_soft_spectral/experiment03_20260831_server/checkpoints/full_dense/seed_20260831/epoch_100.pt,b486ef7efe077a5e11dbfa4148cfa5a8ec90514c3508227a9bf491bde631d58a,results/paper_v9_signal_processing/01_spectral_metrics/dfa_trained_20260831.csv,results/paper1_experiment03_20260901_server/diagnostic_probe.csv,1.8767147887308863e-06,within_time,39.64861597924802,0.9220621767343671,False,15360,99,277,407,519,687,56.01763123711801,408.3183098423901,255.02067930249748,0.64875,results/paper_v9_signal_processing/08_covariance_decomposition/spectra/nmnist_seed_20260831_H3_actual_delta_within_time.npy,516,516,True,,,,,,,,,,,,,
nmnist,N-MNIST,SNN-DFA,20260831,H3,actual,delta,basis_eval,512,30,800,neuron,"[30, 128, 800]",centered scatter; population covariance = scatter/(N*T),completed_epoch_100; stored checkpoint epoch=99,results/experiment03_soft_spectral/experiment03_20260831_server/checkpoints/full_dense/seed_20260831/epoch_100.pt,b486ef7efe077a5e11dbfa4148cfa5a8ec90514c3508227a9bf491bde631d58a,results/paper_v9_signal_processing/01_spectral_metrics/dfa_trained_20260831.csv,results/paper1_experiment03_20260901_server/diagnostic_probe.csv,1.8767147887308863e-06,between_sample,3.351321157948987,0.07793781461253899,False,15360,5,19,38,62,132,4.802951268493935,28.025028587398722,12.237538888554068,0.0775,results/paper_v9_signal_processing/08_covariance_decomposition/spectra/nmnist_seed_20260831_H3_actual_delta_between_sample.npy,516,516,True,,,,,,,,,,,,,
nmnist,N-MNIST,SNN-DFA,20260831,H3,actual,gate,basis_eval,512,30,800,neuron,"[30, 128, 800]",centered scatter; population covariance = scatter/(N*T),completed_epoch_100; stored checkpoint epoch=99,results/experiment03_soft_spectral/experiment03_20260831_server/checkpoints/full_dense/seed_20260831/epoch_100.pt,b486ef7efe077a5e11dbfa4148cfa5a8ec90514c3508227a9bf491bde631d58a,results/paper_v9_signal_processing/01_spectral_metrics/dfa_trained_20260831.csv,results/paper1_experiment03_20260901_server/diagnostic_probe.csv,1.93895420914762e-07,total,30183.279076631537,1.0,False,15360,231,484,605,681,757,46.11962629438032,658.3371452041464,481.9446929957429,0.85125,results/paper_v9_signal_processing/08_covariance_decomposition/spectra/nmnist_seed_20260831_H3_actual_gate_total.npy,,,,,,,,,,,,,,,,
nmnist,N-MNIST,SNN-DFA,20260831,H3,actual,gate,basis_eval,512,30,800,neuron,"[30, 128, 800]",centered scatter; population covariance = scatter/(N*T),completed_epoch_100; stored checkpoint epoch=99,results/experiment03_soft_spectral/experiment03_20260831_server/checkpoints/full_dense/seed_20260831/epoch_100.pt,b486ef7efe077a5e11dbfa4148cfa5a8ec90514c3508227a9bf491bde631d58a,results/paper_v9_signal_processing/01_spectral_metrics/dfa_trained_20260831.csv,results/paper1_experiment03_20260901_server/diagnostic_probe.csv,1.93895420914762e-07,within_time,28343.18890736884,0.9390361078863917,False,15360,238,489,608,683,757,55.08471135734756,675.6355248849873,535.138924157686,0.85375,results/paper_v9_signal_processing/08_covariance_decomposition/spectra/nmnist_seed_20260831_H3_actual_gate_within_time.npy,,,,,,,,,,,,,,,,
nmnist,N-MNIST,SNN-DFA,20260831,H3,actual,gate,basis_eval,512,30,800,neuron,"[30, 128, 800]",centered scatter; population covariance = scatter/(N*T),completed_epoch_100; stored checkpoint epoch=99,results/experiment03_soft_spectral/experiment03_20260831_server/checkpoints/full_dense/seed_20260831/epoch_100.pt,b486ef7efe077a5e11dbfa4148cfa5a8ec90514c3508227a9bf491bde631d58a,results/paper_v9_signal_processing/01_spectral_metrics/dfa_trained_20260831.csv,results/paper1_experiment03_20260901_server/diagnostic_probe.csv,1.93895420914762e-07,between_sample,1840.085465590034,0.060963736276575156,False,15360,26,142,224,294,410,12.407084295321766,137.99674115891077,43.93930616891545,0.3675,results/paper_v9_signal_processing/08_covariance_decomposition/spectra/nmnist_seed_20260831_H3_actual_gate_between_sample.npy,,,,,,,,,,,,,,,,
nmnist,N-MNIST,SNN-DFA,20260831,H3,actual,q_carrier,basis_eval,512,30,800,neuron,"[30, 128, 800]",centered scatter; population covariance = scatter/(N*T),completed_epoch_100; stored checkpoint epoch=99,results/experiment03_soft_spectral/experiment03_20260831_server/checkpoints/full_dense/seed_20260831/epoch_100.pt,b486ef7efe077a5e11dbfa4148cfa5a8ec90514c3508227a9bf491bde631d58a,results/paper_v9_signal_processing/01_spectral_metrics/dfa_trained_20260831.csv,results/paper1_experiment03_20260901_server/diagnostic_probe.csv,,carrier_total,323.30803746325967,1.0,,512,3,5,7,8,9,3.7621237292742227,7.375325086349924,6.1475051525626645,0.01,results/paper_v9_signal_processing/08_covariance_decomposition/spectra/nmnist_seed_20260831_H3_actual_q_carrier_carrier_total.npy,,,,0.51953125,0.51954833984375,1.0,0.028161595736297514,800,10,10,1.0,,,,,
nmnist,N-MNIST,SNN-DFA,20260831,H3,alpha_1_homogenized_frobenius_matched,delta,basis_eval,512,30,800,neuron,"[30, 128, 800]",centered scatter; population covariance = scatter/(N*T),completed_epoch_100; stored checkpoint epoch=99,results/experiment03_soft_spectral/experiment03_20260831_server/checkpoints/full_dense/seed_20260831/epoch_100.pt,b486ef7efe077a5e11dbfa4148cfa5a8ec90514c3508227a9bf491bde631d58a,results/paper_v9_signal_processing/01_spectral_metrics/dfa_trained_20260831.csv,results/paper1_experiment03_20260901_server/diagnostic_probe.csv,1.3302926519835021e-06,total,39.006294351202314,1.0,False,15360,5,19,38,62,132,4.802953566414516,28.025192294168384,12.237550243754734,0.0775,results/paper_v9_signal_processing/08_covariance_decomposition/spectra/nmnist_seed_20260831_H3_alpha_1_homogenized_frobenius_matched_delta_total.npy,,,,,,,,,,,,3.411609649658203,0.001246108440682292,62,True,
nmnist,N-MNIST,SNN-DFA,20260831,H3,alpha_1_homogenized_frobenius_matched,delta,basis_eval,512,30,800,neuron,"[30, 128, 800]",centered scatter; population covariance = scatter/(N*T),completed_epoch_100; stored checkpoint epoch=99,results/experiment03_soft_spectral/experiment03_20260831_server/checkpoints/full_dense/seed_20260831/epoch_100.pt,b486ef7efe077a5e11dbfa4148cfa5a8ec90514c3508227a9bf491bde631d58a,results/paper_v9_signal_processing/01_spectral_metrics/dfa_trained_20260831.csv,results/paper1_experiment03_20260901_server/diagnostic_probe.csv,1.3302926519835021e-06,within_time,2.85677686016903e-13,7.323886843613931e-15,True,15360,0,0,0,0,0,0.0,0.0,0.0,0.0,results/paper_v9_signal_processing/08_covariance_decomposition/spectra/nmnist_seed_20260831_H3_alpha_1_homogenized_frobenius_matched_delta_within_time.npy,,,,,,,,,,,,3.411609649658203,0.001246108440682292,62,True,
nmnist,N-MNIST,SNN-DFA,20260831,H3,alpha_1_homogenized_frobenius_matched,delta,basis_eval,512,30,800,neuron,"[30, 128, 800]",centered scatter; population covariance = scatter/(N*T),completed_epoch_100; stored checkpoint epoch=99,results/experiment03_soft_spectral/experiment03_20260831_server/checkpoints/full_dense/seed_20260831/epoch_100.pt,b486ef7efe077a5e11dbfa4148cfa5a8ec90514c3508227a9bf491bde631d58a,results/paper_v9_signal_processing/01_spectral_metrics/dfa_trained_20260831.csv,results/paper1_experiment03_20260901_server/diagnostic_probe.csv,1.3302926519835021e-06,between_sample,39.00629651988528,1.0000000555982824,False,15360,5,19,38,62,132,4.80295057024667,28.025036256585896,12.237538080414767,0.0775,results/paper_v9_signal_processing/08_covariance_decomposition/spectra/nmnist_seed_20260831_H3_alpha_1_homogenized_frobenius_matched_delta_between_sample.npy,,,,,,,,,,,,3.411609649658203,0.001246108440682292,62,True,
nmnist,N-MNIST,SNN-DFA,20260831,H3,alpha_1_homogenized_frobenius_matched,gate,basis_eval,512,30,800,neuron,"[30, 128, 800]",centered scatter; population covariance = scatter/(N*T),completed_epoch_100; stored checkpoint epoch=99,results/experiment03_soft_spectral/experiment03_20260831_server/checkpoints/full_dense/seed_20260831/epoch_100.pt,b486ef7efe077a5e11dbfa4148cfa5a8ec90514c3508227a9bf491bde631d58a,results/paper_v9_signal_processing/01_spectral_metrics/dfa_trained_20260831.csv,results/paper1_experiment03_20260901_server/diagnostic_probe.csv,2.0579987326098365e-07,total,21416.9004236126,1.0,False,15360,26,142,224,294,410,12.407085245580097,137.9967837554642,43.939315375811276,0.3675,results/paper_v9_signal_processing/08_covariance_decomposition/spectra/nmnist_seed_20260831_H3_alpha_1_homogenized_frobenius_matched_gate_total.npy,,,,,,,,,,,,3.411609649658203,0.001246108440682292,,,
nmnist,N-MNIST,SNN-DFA,20260831,H3,alpha_1_homogenized_frobenius_matched,gate,basis_eval,512,30,800,neuron,"[30, 128, 800]",centered scatter; population covariance = scatter/(N*T),completed_epoch_100; stored checkpoint epoch=99,results/experiment03_soft_spectral/experiment03_20260831_server/checkpoints/full_dense/seed_20260831/epoch_100.pt,b486ef7efe077a5e11dbfa4148cfa5a8ec90514c3508227a9bf491bde631d58a,results/paper_v9_signal_processing/01_spectral_metrics/dfa_trained_20260831.csv,results/paper1_experiment03_20260901_server/diagnostic_probe.csv,2.0579987326098365e-07,within_time,1.9784696867783476e-10,9.237889926392157e-15,True,15360,0,0,0,0,0,0.0,0.0,0.0,0.0,results/paper_v9_signal_processing/08_covariance_decomposition/spectra/nmnist_seed_20260831_H3_alpha_1_homogenized_frobenius_matched_gate_within_time.npy,,,,,,,,,,,,3.411609649658203,0.001246108440682292,,,
nmnist,N-MNIST,SNN-DFA,20260831,H3,alpha_1_homogenized_frobenius_matched,gate,basis_eval,512,30,800,neuron,"[30, 128, 800]",centered scatter; population covariance = scatter/(N*T),completed_epoch_100; stored checkpoint epoch=99,results/experiment03_soft_spectral/experiment03_20260831_server/checkpoints/full_dense/seed_20260831/epoch_100.pt,b486ef7efe077a5e11dbfa4148cfa5a8ec90514c3508227a9bf491bde631d58a,results/paper_v9_signal_processing/01_spectral_metrics/dfa_trained_20260831.csv,results/paper1_experiment03_20260901_server/diagnostic_probe.csv,2.0579987326098365e-07,between_sample,21416.902713749743,1.0000001069313065,False,15360,26,142,224,294,410,12.407084478430235,137.99676472904994,43.939312766354604,0.3675,results/paper_v9_signal_processing/08_covariance_decomposition/spectra/nmnist_seed_20260831_H3_alpha_1_homogenized_frobenius_matched_gate_between_sample.npy,,,,,,,,,,,,3.411609649658203,0.001246108440682292,,,
nmnist,N-MNIST,SNN-DFA,20260901,H1,actual,delta,basis_eval,512,30,800,neuron,"[30, 128, 800]",centered scatter; population covariance = scatter/(N*T),completed_epoch_100; stored checkpoint epoch=99,results/experiment03_soft_spectral/experiment03_20260831_server/checkpoints/full_dense/seed_20260901/epoch_100.pt,554990a77b2d2e8f6498d66d6182e5b9f7b8a61fd2c63c09d3ded066f44b5563,results/paper_v9_signal_processing/01_spectral_metrics/dfa_trained_20260901.csv,results/paper1_experiment03_20260901_server/diagnostic_probe.csv,1.3216260958833553e-06,total,38.56637099185826,1.0,False,15360,128,333,463,562,692,49.592072208246904,471.6832418205877,295.385951228948,0.7025,results/paper_v9_signal_processing/08_covariance_decomposition/spectra/nmnist_seed_20260901_H1_actual_delta_total.npy,562,562,True,,,,,,,,,,,,,
nmnist,N-MNIST,SNN-DFA,20260901,H1,actual,delta,basis_eval,512,30,800,neuron,"[30, 128, 800]",centered scatter; population covariance = scatter/(N*T),completed_epoch_100; stored checkpoint epoch=99,results/experiment03_soft_spectral/experiment03_20260831_server/checkpoints/full_dense/seed_20260901/epoch_100.pt,554990a77b2d2e8f6498d66d6182e5b9f7b8a61fd2c63c09d3ded066f44b5563,results/paper_v9_signal_processing/01_spectral_metrics/dfa_trained_20260901.csv,results/paper1_experiment03_20260901_server/diagnostic_probe.csv,1.3216260958833553e-06,within_time,34.3823618491378,0.8915114636115558,False,15360,142,344,471,568,695,94.20872806528479,512.6278557216871,383.89654704032995,0.71,results/paper_v9_signal_processing/08_covariance_decomposition/spectra/nmnist_seed_20260901_H1_actual_delta_within_time.npy,562,562,True,,,,,,,,,,,,,
nmnist,N-MNIST,SNN-DFA,20260901,H1,actual,delta,basis_eval,512,30,800,neuron,"[30, 128, 800]",centered scatter; population covariance = scatter/(N*T),completed_epoch_100; stored checkpoint epoch=99,results/experiment03_soft_spectral/experiment03_20260831_server/checkpoints/full_dense/seed_20260901/epoch_100.pt,554990a77b2d2e8f6498d66d6182e5b9f7b8a61fd2c63c09d3ded066f44b5563,results/paper_v9_signal_processing/01_spectral_metrics/dfa_trained_20260901.csv,results/paper1_experiment03_20260901_server/diagnostic_probe.csv,1.3216260958833553e-06,between_sample,4.184013378219866,0.10848864621208858,False,15360,5,22,46,75,155,6.30128136785787,31.70571265457907,14.276400256683333,0.09375,results/paper_v9_signal_processing/08_covariance_decomposition/spectra/nmnist_seed_20260901_H1_actual_delta_between_sample.npy,562,562,True,,,,,,,,,,,,,
nmnist,N-MNIST,SNN-DFA,20260901,H1,actual,gate,basis_eval,512,30,800,neuron,"[30, 128, 800]",centered scatter; population covariance = scatter/(N*T),completed_epoch_100; stored checkpoint epoch=99,results/experiment03_soft_spectral/experiment03_20260831_server/checkpoints/full_dense/seed_20260901/epoch_100.pt,554990a77b2d2e8f6498d66d6182e5b9f7b8a61fd2c63c09d3ded066f44b5563,results/paper_v9_signal_processing/01_spectral_metrics/dfa_trained_20260901.csv,results/paper1_experiment03_20260901_server/diagnostic_probe.csv,1.4388350444641913e-07,total,51104.1475487625,1.0,False,15360,255,488,593,659,733,113.21395941094937,687.1830985115754,620.3353928945398,0.82375,results/paper_v9_signal_processing/08_covariance_decomposition/spectra/nmnist_seed_20260901_H1_actual_gate_total.npy,,,,,,,,,,,,,,,,
nmnist,N-MNIST,SNN-DFA,20260901,H1,actual,gate,basis_eval,512,30,800,neuron,"[30, 128, 800]",centered scatter; population covariance = scatter/(N*T),completed_epoch_100; stored checkpoint epoch=99,results/experiment03_soft_spectral/experiment03_20260831_server/checkpoints/full_dense/seed_20260901/epoch_100.pt,554990a77b2d2e8f6498d66d6182e5b9f7b8a61fd2c63c09d3ded066f44b5563,results/paper_v9_signal_processing/01_spectral_metrics/dfa_trained_20260901.csv,results/paper1_experiment03_20260901_server/diagnostic_probe.csv,1.4388350444641913e-07,within_time,48553.97141147763,0.9500984507206279,False,15360,258,490,594,660,733,255.09474771051347,693.9676807222824,643.8144010271958,0.825,results/paper_v9_signal_processing/08_covariance_decomposition/spectra/nmnist_seed_20260901_H1_actual_gate_within_time.npy,,,,,,,,,,,,,,,,
nmnist,N-MNIST,SNN-DFA,20260901,H1,actual,gate,basis_eval,512,30,800,neuron,"[30, 128, 800]",centered scatter; population covariance = scatter/(N*T),completed_epoch_100; stored checkpoint epoch=99,results/experiment03_soft_spectral/experiment03_20260831_server/checkpoints/full_dense/seed_20260901/epoch_100.pt,554990a77b2d2e8f6498d66d6182e5b9f7b8a61fd2c63c09d3ded066f44b5563,results/paper_v9_signal_processing/01_spectral_metrics/dfa_trained_20260901.csv,results/paper1_experiment03_20260901_server/diagnostic_probe.csv,1.4388350444641913e-07,between_sample,2550.173115561679,0.04990149015064497,False,15360,60,184,263,328,431,8.718708808717976,203.6091948598352,53.47660475099102,0.41,results/paper_v9_signal_processing/08_covariance_decomposition/spectra/nmnist_seed_20260901_H1_actual_gate_between_sample.npy,,,,,,,,,,,,,,,,
nmnist,N-MNIST,SNN-DFA,20260901,H1,actual,q_carrier,basis_eval,512,30,800,neuron,"[30, 128, 800]",centered scatter; population covariance = scatter/(N*T),completed_epoch_100; stored checkpoint epoch=99,results/experiment03_soft_spectral/experiment03_20260831_server/checkpoints/full_dense/seed_20260901/epoch_100.pt,554990a77b2d2e8f6498d66d6182e5b9f7b8a61fd2c63c09d3ded066f44b5563,results/paper_v9_signal_processing/01_spectral_metrics/dfa_trained_20260901.csv,results/paper1_experiment03_20260901_server/diagnostic_probe.csv,,carrier_total,304.19232310833036,1.0,,512,3,6,7,8,10,4.54974749823268,7.714556083521815,6.6948532703284505,0.01,results/paper_v9_signal_processing/08_covariance_decomposition/spectra/nmnist_seed_20260901_H1_actual_q_carrier_carrier_total.npy,,,,0.50390625,0.50393310546875,1.0,0.027311981657899324,800,10,10,1.0,,,,,
nmnist,N-MNIST,SNN-DFA,20260901,H1,alpha_1_homogenized_frobenius_matched,delta,basis_eval,512,30,800,neuron,"[30, 128, 800]",centered scatter; population covariance = scatter/(N*T),completed_epoch_100; stored checkpoint epoch=99,results/experiment03_soft_spectral/experiment03_20260831_server/checkpoints/full_dense/seed_20260901/epoch_100.pt,554990a77b2d2e8f6498d66d6182e5b9f7b8a61fd2c63c09d3ded066f44b5563,results/paper_v9_signal_processing/01_spectral_metrics/dfa_trained_20260901.csv,results/paper1_experiment03_20260901_server/diagnostic_probe.csv,1.0230566945810958e-06,total,45.36824119908318,1.0,False,15360,5,22,46,75,155,6.301283702889396,31.705908187445697,14.2764108863613,0.09375,results/paper_v9_signal_processing/08_covariance_decomposition/spectra/nmnist_seed_20260901_H1_alpha_1_homogenized_frobenius_matched_delta_total.npy,,,,,,,,,,,,3.2929069995880127,0.001132963807322085,75,True,
nmnist,N-MNIST,SNN-DFA,20260901,H1,alpha_1_homogenized_frobenius_matched,delta,basis_eval,512,30,800,neuron,"[30, 128, 800]",centered scatter; population covariance = scatter/(N*T),completed_epoch_100; stored checkpoint epoch=99,results/experiment03_soft_spectral/experiment03_20260831_server/checkpoints/full_dense/seed_20260901/epoch_100.pt,554990a77b2d2e8f6498d66d6182e5b9f7b8a61fd2c63c09d3ded066f44b5563,results/paper_v9_signal_processing/01_spectral_metrics/dfa_trained_20260901.csv,results/paper1_experiment03_20260901_server/diagnostic_probe.csv,1.0230566945810958e-06,within_time,3.2276237597014547e-13,7.114280109599399e-15,True,15360,0,0,0,0,0,0.0,0.0,0.0,0.0,results/paper_v9_signal_processing/08_covariance_decomposition/spectra/nmnist_seed_20260901_H1_alpha_1_homogenized_frobenius_matched_delta_within_time.npy,,,,,,,,,,,,3.2929069995880127,0.001132963807322085,75,True,
nmnist,N-MNIST,SNN-DFA,20260901,H1,alpha_1_homogenized_frobenius_matched,delta,basis_eval,512,30,800,neuron,"[30, 128, 800]",centered scatter; population covariance = scatter/(N*T),completed_epoch_100; stored checkpoint epoch=99,results/experiment03_soft_spectral/experiment03_20260831_server/checkpoints/full_dense/seed_20260901/epoch_100.pt,554990a77b2d2e8f6498d66d6182e5b9f7b8a61fd2c63c09d3ded066f44b5563,results/paper_v9_signal_processing/01_spectral_metrics/dfa_trained_20260901.csv,results/paper1_experiment03_20260901_server/diagnostic_probe.csv,1.0230566945810958e-06,between_sample,45.36824470154217,1.000000077200678,False,15360,5,22,46,75,155,6.301281463973256,31.70570787049907,14.276399371549147,0.09375,results/paper_v9_signal_processing/08_covariance_decomposition/spectra/nmnist_seed_20260901_H1_alpha_1_homogenized_frobenius_matched_delta_between_sample.npy,,,,,,,,,,,,3.2929069995880127,0.001132963807322085,75,True,
nmnist,N-MNIST,SNN-DFA,20260901,H1,alpha_1_homogenized_frobenius_matched,gate,basis_eval,512,30,800,neuron,"[30, 128, 800]",centered scatter; population covariance = scatter/(N*T),completed_epoch_100; stored checkpoint epoch=99,results/experiment03_soft_spectral/experiment03_20260831_server/checkpoints/full_dense/seed_20260901/epoch_100.pt,554990a77b2d2e8f6498d66d6182e5b9f7b8a61fd2c63c09d3ded066f44b5563,results/paper_v9_signal_processing/01_spectral_metrics/dfa_trained_20260901.csv,results/paper1_experiment03_20260901_server/diagnostic_probe.csv,2.1468603593566022e-07,total,27652.1273733716,1.0,False,15360,60,184,263,328,431,8.718709924185365,203.6092172616265,53.47660814086777,0.41,results/paper_v9_signal_processing/08_covariance_decomposition/spectra/nmnist_seed_20260901_H1_alpha_1_homogenized_frobenius_matched_gate_total.npy,,,,,,,,,,,,3.2929069995880127,0.001132963807322085,,,
nmnist,N-MNIST,SNN-DFA,20260901,H1,alpha_1_homogenized_frobenius_matched,gate,basis_eval,512,30,800,neuron,"[30, 128, 800]",centered scatter; population covariance = scatter/(N*T),completed_epoch_100; stored checkpoint epoch=99,results/experiment03_soft_spectral/experiment03_20260831_server/checkpoints/full_dense/seed_20260901/epoch_100.pt,554990a77b2d2e8f6498d66d6182e5b9f7b8a61fd2c63c09d3ded066f44b5563,results/paper_v9_signal_processing/01_spectral_metrics/dfa_trained_20260901.csv,results/paper1_experiment03_20260901_server/diagnostic_probe.csv,2.1468603593566022e-07,within_time,3.161249660984167e-10,1.1432211411077116e-14,True,15360,0,0,0,0,0,0.0,0.0,0.0,0.0,results/paper_v9_signal_processing/08_covariance_decomposition/spectra/nmnist_seed_20260901_H1_alpha_1_homogenized_frobenius_matched_gate_within_time.npy,,,,,,,,,,,,3.2929069995880127,0.001132963807322085,,,
nmnist,N-MNIST,SNN-DFA,20260901,H1,alpha_1_homogenized_frobenius_matched,gate,basis_eval,512,30,800,neuron,"[30, 128, 800]",centered scatter; population covariance = scatter/(N*T),completed_epoch_100; stored checkpoint epoch=99,results/experiment03_soft_spectral/experiment03_20260831_server/checkpoints/full_dense/seed_20260901/epoch_100.pt,554990a77b2d2e8f6498d66d6182e5b9f7b8a61fd2c63c09d3ded066f44b5563,results/paper_v9_signal_processing/01_spectral_metrics/dfa_trained_20260901.csv,results/paper1_experiment03_20260901_server/diagnostic_probe.csv,2.1468603593566022e-07,between_sample,27652.13055428177,1.0000001150331086,False,15360,60,184,263,328,431,8.718708144226479,203.60917275492974,53.476594029285394,0.41,results/paper_v9_signal_processing/08_covariance_decomposition/spectra/nmnist_seed_20260901_H1_alpha_1_homogenized_frobenius_matched_gate_between_sample.npy,,,,,,,,,,,,3.2929069995880127,0.001132963807322085,,,
nmnist,N-MNIST,SNN-DFA,20260901,H2,actual,delta,basis_eval,512,30,800,neuron,"[30, 128, 800]",centered scatter; population covariance = scatter/(N*T),completed_epoch_100; stored checkpoint epoch=99,results/experiment03_soft_spectral/experiment03_20260831_server/checkpoints/full_dense/seed_20260901/epoch_100.pt,554990a77b2d2e8f6498d66d6182e5b9f7b8a61fd2c63c09d3ded066f44b5563,results/paper_v9_signal_processing/01_spectral_metrics/dfa_trained_20260901.csv,results/paper1_experiment03_20260901_server/diagnostic_probe.csv,1.291310558474307e-06,total,78.98084188454351,1.0,False,15360,106,300,431,537,678,34.045276655207715,404.1045413448045,203.9763384315008,0.67125,results/paper_v9_signal_processing/08_covariance_decomposition/spectra/nmnist_seed_20260901_H2_actual_delta_total.npy,537,537,True,,,,,,,,,,,,,
nmnist,N-MNIST,SNN-DFA,20260901,H2,actual,delta,basis_eval,512,30,800,neuron,"[30, 128, 800]",centered scatter; population covariance = scatter/(N*T),completed_epoch_100; stored checkpoint epoch=99,results/experiment03_soft_spectral/experiment03_20260831_server/checkpoints/full_dense/seed_20260901/epoch_100.pt,554990a77b2d2e8f6498d66d6182e5b9f7b8a61fd2c63c09d3ded066f44b5563,results/paper_v9_signal_processing/01_spectral_metrics/dfa_trained_20260901.csv,results/paper1_experiment03_20260901_server/diagnostic_probe.csv,1.291310558474307e-06,within_time,69.83071531400233,0.8841475179016565,False,15360,121,314,443,546,681,78.86247421681449,464.10200697769403,323.13869748792797,0.6825,results/paper_v9_signal_processing/08_covariance_decomposition/spectra/nmnist_seed_20260901_H2_actual_delta_within_time.npy,537,537,True,,,,,,,,,,,,,
nmnist,N-MNIST,SNN-DFA,20260901,H2,actual,delta,basis_eval,512,30,800,neuron,"[30, 128, 800]",centered scatter; population covariance = scatter/(N*T),completed_epoch_100; stored checkpoint epoch=99,results/experiment03_soft_spectral/experiment03_20260831_server/checkpoints/full_dense/seed_20260901/epoch_100.pt,554990a77b2d2e8f6498d66d6182e5b9f7b8a61fd2c63c09d3ded066f44b5563,results/paper_v9_signal_processing/01_spectral_metrics/dfa_trained_20260901.csv,results/paper1_experiment03_20260901_server/diagnostic_probe.csv,1.291310558474307e-06,between_sample,9.150131001752408,0.1158525382032308,False,15360,4,13,31,56,133,5.607787524682872,22.616872803373646,10.930313560101398,0.07,results/paper_v9_signal_processing/08_covariance_decomposition/spectra/nmnist_seed_20260901_H2_actual_delta_between_sample.npy,537,537,True,,,,,,,,,,,,,
nmnist,N-MNIST,SNN-DFA,20260901,H2,actual,gate,basis_eval,512,30,800,neuron,"[30, 128, 800]",centered scatter; population covariance = scatter/(N*T),completed_epoch_100; stored checkpoint epoch=99,results/experiment03_soft_spectral/experiment03_20260831_server/checkpoints/full_dense/seed_20260901/epoch_100.pt,554990a77b2d2e8f6498d66d6182e5b9f7b8a61fd2c63c09d3ded066f44b5563,results/paper_v9_signal_processing/01_spectral_metrics/dfa_trained_20260901.csv,results/paper1_experiment03_20260901_server/diagnostic_probe.csv,1.2861608126768448e-07,total,73350.8063938551,1.0,False,15360,256,505,611,672,727,52.018123888884745,666.0471395014705,524.8374608238274,0.84,results/paper_v9_signal_processing/08_covariance_decomposition/spectra/nmnist_seed_20260901_H2_actual_gate_total.npy,,,,,,,,,,,,,,,,
nmnist,N-MNIST,SNN-DFA,20260901,H2,actual,gate,basis_eval,512,30,800,neuron,"[30, 128, 800]",centered scatter; population covariance = scatter/(N*T),completed_epoch_100; stored checkpoint epoch=99,results/experiment03_soft_spectral/experiment03_20260831_server/checkpoints/full_dense/seed_20260901/epoch_100.pt,554990a77b2d2e8f6498d66d6182e5b9f7b8a61fd2c63c09d3ded066f44b5563,results/paper_v9_signal_processing/01_spectral_metrics/dfa_trained_20260901.csv,results/paper1_experiment03_20260901_server/diagnostic_probe.csv,1.2861608126768448e-07,within_time,69347.75351028764,0.9454259185362847,False,15360,261,508,613,673,727,64.43957797957162,678.2599030702472,571.1540042191936,0.84125,results/paper_v9_signal_processing/08_covariance_decomposition/spectra/nmnist_seed_20260901_H2_actual_gate_within_time.npy,,,,,,,,,,,,,,,,
nmnist,N-MNIST,SNN-DFA,20260901,H2,actual,gate,basis_eval,512,30,800,neuron,"[30, 128, 800]",centered scatter; population covariance = scatter/(N*T),completed_epoch_100; stored checkpoint epoch=99,results/experiment03_soft_spectral/experiment03_20260831_server/checkpoints/full_dense/seed_20260901/epoch_100.pt,554990a77b2d2e8f6498d66d6182e5b9f7b8a61fd2c63c09d3ded066f44b5563,results/paper_v9_signal_processing/01_spectral_metrics/dfa_trained_20260901.csv,results/paper1_experiment03_20260901_server/diagnostic_probe.csv,1.2861608126768448e-07,between_sample,4003.0503893213904,0.05457404745937111,False,15360,42,169,251,318,425,11.252777304839027,183.95684500929508,61.21108950443368,0.3975,results/paper_v9_signal_processing/08_covariance_decomposition/spectra/nmnist_seed_20260901_H2_actual_gate_between_sample.npy,,,,,,,,,,,,,,,,
nmnist,N-MNIST,SNN-DFA,20260901,H2,actual,q_carrier,basis_eval,512,30,800,neuron,"[30, 128, 800]",centered scatter; population covariance = scatter/(N*T),completed_epoch_100; stored checkpoint epoch=99,results/experiment03_soft_spectral/experiment03_20260831_server/checkpoints/full_dense/seed_20260901/epoch_100.pt,554990a77b2d2e8f6498d66d6182e5b9f7b8a61fd2c63c09d3ded066f44b5563,results/paper_v9_signal_processing/01_spectral_metrics/dfa_trained_20260901.csv,results/paper1_experiment03_20260901_server/diagnostic_probe.csv,,carrier_total,306.5306270193919,1.0,,512,3,5,7,8,10,4.449532349031258,7.629464846640015,6.549176765577519,0.01,results/paper_v9_signal_processing/08_covariance_decomposition/spectra/nmnist_seed_20260901_H2_actual_q_carrier_carrier_total.npy,,,,0.50390625,0.50390869140625,1.0,0.027419774068727296,800,10,10,1.0,,,,,
nmnist,N-MNIST,SNN-DFA,20260901,H2,alpha_1_homogenized_frobenius_matched,delta,basis_eval,512,30,800,neuron,"[30, 128, 800]",centered scatter; population covariance = scatter/(N*T),completed_epoch_100; stored checkpoint epoch=99,results/experiment03_soft_spectral/experiment03_20260831_server/checkpoints/full_dense/seed_20260901/epoch_100.pt,554990a77b2d2e8f6498d66d6182e5b9f7b8a61fd2c63c09d3ded066f44b5563,results/paper_v9_signal_processing/01_spectral_metrics/dfa_trained_20260901.csv,results/paper1_experiment03_20260901_server/diagnostic_probe.csv,1.0080507090078858e-06,total,82.4813276411413,1.0,False,15360,4,13,31,56,133,5.607790354064769,22.617031722469257,10.93032592980382,0.07,results/paper_v9_signal_processing/08_covariance_decomposition/spectra/nmnist_seed_20260901_H2_alpha_1_homogenized_frobenius_matched_delta_total.npy,,,,,,,,,,,,3.0023698806762695,0.0008641331223770976,56,True,
nmnist,N-MNIST,SNN-DFA,20260901,H2,alpha_1_homogenized_frobenius_matched,delta,basis_eval,512,30,800,neuron,"[30, 128, 800]",centered scatter; population covariance = scatter/(N*T),completed_epoch_100; stored checkpoint epoch=99,results/experiment03_soft_spectral/experiment03_20260831_server/checkpoints/full_dense/seed_20260901/epoch_100.pt,554990a77b2d2e8f6498d66d6182e5b9f7b8a61fd2c63c09d3ded066f44b5563,results/paper_v9_signal_processing/01_spectral_metrics/dfa_trained_20260901.csv,results/paper1_experiment03_20260901_server/diagnostic_probe.csv,1.0080507090078858e-06,within_time,5.823983795904997e-13,7.060972419410985e-15,True,15360,0,0,0,0,0,0.0,0.0,0.0,0.0,results/paper_v9_signal_processing/08_covariance_decomposition/spectra/nmnist_seed_20260901_H2_alpha_1_homogenized_frobenius_matched_delta_within_time.npy,,,,,,,,,,,,3.0023698806762695,0.0008641331223770976,56,True,
nmnist,N-MNIST,SNN-DFA,20260901,H2,alpha_1_homogenized_frobenius_matched,delta,basis_eval,512,30,800,neuron,"[30, 128, 800]",centered scatter; population covariance = scatter/(N*T),completed_epoch_100; stored checkpoint epoch=99,results/experiment03_soft_spectral/experiment03_20260831_server/checkpoints/full_dense/seed_20260901/epoch_100.pt,554990a77b2d2e8f6498d66d6182e5b9f7b8a61fd2c63c09d3ded066f44b5563,results/paper_v9_signal_processing/01_spectral_metrics/dfa_trained_20260901.csv,results/paper1_experiment03_20260901_server/diagnostic_probe.csv,1.0080507090078858e-06,between_sample,82.48133859955199,1.0000001328592907,False,15360,4,13,31,56,133,5.60778704065968,22.6168706385375,10.930315400524224,0.07,results/paper_v9_signal_processing/08_covariance_decomposition/spectra/nmnist_seed_20260901_H2_alpha_1_homogenized_frobenius_matched_delta_between_sample.npy,,,,,,,,,,,,3.0023698806762695,0.0008641331223770976,56,True,
nmnist,N-MNIST,SNN-DFA,20260901,H2,alpha_1_homogenized_frobenius_matched,gate,basis_eval,512,30,800,neuron,"[30, 128, 800]",centered scatter; population covariance = scatter/(N*T),completed_epoch_100; stored checkpoint epoch=99,results/experiment03_soft_spectral/experiment03_20260831_server/checkpoints/full_dense/seed_20260901/epoch_100.pt,554990a77b2d2e8f6498d66d6182e5b9f7b8a61fd2c63c09d3ded066f44b5563,results/paper_v9_signal_processing/01_spectral_metrics/dfa_trained_20260901.csv,results/paper1_experiment03_20260901_server/diagnostic_probe.csv,2.1604257066161172e-07,total,36084.39279230431,1.0,False,15360,42,169,251,318,425,11.252783254272968,183.95690747297107,61.21112560747737,0.3975,results/paper_v9_signal_processing/08_covariance_decomposition/spectra/nmnist_seed_20260901_H2_alpha_1_homogenized_frobenius_matched_gate_total.npy,,,,,,,,,,,,3.0023698806762695,0.0008641331223770976,,,
nmnist,N-MNIST,SNN-DFA,20260901,H2,alpha_1_homogenized_frobenius_matched,gate,basis_eval,512,30,800,neuron,"[30, 128, 800]",centered scatter; population covariance = scatter/(N*T),completed_epoch_100; stored checkpoint epoch=99,results/experiment03_soft_spectral/experiment03_20260831_server/checkpoints/full_dense/seed_20260901/epoch_100.pt,554990a77b2d2e8f6498d66d6182e5b9f7b8a61fd2c63c09d3ded066f44b5563,results/paper_v9_signal_processing/01_spectral_metrics/dfa_trained_20260901.csv,results/paper1_experiment03_20260901_server/diagnostic_probe.csv,2.1604257066161172e-07,within_time,4.4750130017143686e-10,1.2401519480934015e-14,True,15360,0,0,0,0,0,0.0,0.0,0.0,0.0,results/paper_v9_signal_processing/08_covariance_decomposition/spectra/nmnist_seed_20260901_H2_alpha_1_homogenized_frobenius_matched_gate_within_time.npy,,,,,,,,,,,,3.0023698806762695,0.0008641331223770976,,,
nmnist,N-MNIST,SNN-DFA,20260901,H2,alpha_1_homogenized_frobenius_matched,gate,basis_eval,512,30,800,neuron,"[30, 128, 800]",centered scatter; population covariance = scatter/(N*T),completed_epoch_100; stored checkpoint epoch=99,results/experiment03_soft_spectral/experiment03_20260831_server/checkpoints/full_dense/seed_20260901/epoch_100.pt,554990a77b2d2e8f6498d66d6182e5b9f7b8a61fd2c63c09d3ded066f44b5563,results/paper_v9_signal_processing/01_spectral_metrics/dfa_trained_20260901.csv,results/paper1_experiment03_20260901_server/diagnostic_probe.csv,2.1604257066161172e-07,between_sample,36084.396465925034,1.0000001018063611,False,15360,42,169,251,318,425,11.25278168843106,183.95685227658427,61.211109576209026,0.3975,results/paper_v9_signal_processing/08_covariance_decomposition/spectra/nmnist_seed_20260901_H2_alpha_1_homogenized_frobenius_matched_gate_between_sample.npy,,,,,,,,,,,,3.0023698806762695,0.0008641331223770976,,,
nmnist,N-MNIST,SNN-DFA,20260901,H3,actual,delta,basis_eval,512,30,800,neuron,"[30, 128, 800]",centered scatter; population covariance = scatter/(N*T),completed_epoch_100; stored checkpoint epoch=99,results/experiment03_soft_spectral/experiment03_20260831_server/checkpoints/full_dense/seed_20260901/epoch_100.pt,554990a77b2d2e8f6498d66d6182e5b9f7b8a61fd2c63c09d3ded066f44b5563,results/paper_v9_signal_processing/01_spectral_metrics/dfa_trained_20260901.csv,results/paper1_experiment03_20260901_server/diagnostic_probe.csv,1.5041577846111545e-06,total,41.21444304084936,1.0,False,15360,95,273,404,516,685,41.68307580580713,391.1876493187913,221.8767316881206,0.645,results/paper_v9_signal_processing/08_covariance_decomposition/spectra/nmnist_seed_20260901_H3_actual_delta_total.npy,516,516,True,,,,,,,,,,,,,
nmnist,N-MNIST,SNN-DFA,20260901,H3,actual,delta,basis_eval,512,30,800,neuron,"[30, 128, 800]",centered scatter; population covariance = scatter/(N*T),completed_epoch_100; stored checkpoint epoch=99,results/experiment03_soft_spectral/experiment03_20260831_server/checkpoints/full_dense/seed_20260901/epoch_100.pt,554990a77b2d2e8f6498d66d6182e5b9f7b8a61fd2c63c09d3ded066f44b5563,results/paper_v9_signal_processing/01_spectral_metrics/dfa_trained_20260901.csv,results/paper1_experiment03_20260901_server/diagnostic_probe.csv,1.5041577846111545e-06,within_time,37.94360316301911,0.9206385034831508,False,15360,102,279,409,520,687,69.20643754997033,417.4757471079375,271.2986422709806,0.65,results/paper_v9_signal_processing/08_covariance_decomposition/spectra/nmnist_seed_20260901_H3_actual_delta_within_time.npy,516,516,True,,,,,,,,,,,,,
nmnist,N-MNIST,SNN-DFA,20260901,H3,actual,delta,basis_eval,512,30,800,neuron,"[30, 128, 800]",centered scatter; population covariance = scatter/(N*T),completed_epoch_100; stored checkpoint epoch=99,results/experiment03_soft_spectral/experiment03_20260831_server/checkpoints/full_dense/seed_20260901/epoch_100.pt,554990a77b2d2e8f6498d66d6182e5b9f7b8a61fd2c63c09d3ded066f44b5563,results/paper_v9_signal_processing/01_spectral_metrics/dfa_trained_20260901.csv,results/paper1_experiment03_20260901_server/diagnostic_probe.csv,1.5041577846111545e-06,between_sample,3.2708427287254236,0.07936156568908512,False,15360,5,19,39,64,140,5.676791629842893,29.12644060783994,13.422303965989531,0.08,results/paper_v9_signal_processing/08_covariance_decomposition/spectra/nmnist_seed_20260901_H3_actual_delta_between_sample.npy,516,516,True,,,,,,,,,,,,,
nmnist,N-MNIST,SNN-DFA,20260901,H3,actual,gate,basis_eval,512,30,800,neuron,"[30, 128, 800]",centered scatter; population covariance = scatter/(N*T),completed_epoch_100; stored checkpoint epoch=99,results/experiment03_soft_spectral/experiment03_20260831_server/checkpoints/full_dense/seed_20260901/epoch_100.pt,554990a77b2d2e8f6498d66d6182e5b9f7b8a61fd2c63c09d3ded066f44b5563,results/paper_v9_signal_processing/01_spectral_metrics/dfa_trained_20260901.csv,results/paper1_experiment03_20260901_server/diagnostic_probe.csv,1.890876572777313e-07,total,30714.06212788454,1.0,False,15360,235,489,609,683,755,49.58180098331076,663.0719424031682,498.4092184761857,0.85375,results/paper_v9_signal_processing/08_covariance_decomposition/spectra/nmnist_seed_20260901_H3_actual_gate_total.npy,,,,,,,,,,,,,,,,
nmnist,N-MNIST,SNN-DFA,20260901,H3,actual,gate,basis_eval,512,30,800,neuron,"[30, 128, 800]",centered scatter; population covariance = scatter/(N*T),completed_epoch_100; stored checkpoint epoch=99,results/experiment03_soft_spectral/experiment03_20260831_server/checkpoints/full_dense/seed_20260901/epoch_100.pt,554990a77b2d2e8f6498d66d6182e5b9f7b8a61fd2c63c09d3ded066f44b5563,results/paper_v9_signal_processing/01_spectral_metrics/dfa_trained_20260901.csv,results/paper1_experiment03_20260901_server/diagnostic_probe.csv,1.890876572777313e-07,within_time,28870.809918275954,0.9399867004913316,False,15360,242,494,612,685,756,60.511596108978246,680.010426992663,552.5468010993942,0.85625,results/paper_v9_signal_processing/08_covariance_decomposition/spectra/nmnist_seed_20260901_H3_actual_gate_within_time.npy,,,,,,,,,,,,,,,,
nmnist,N-MNIST,SNN-DFA,20260901,H3,actual,gate,basis_eval,512,30,800,neuron,"[30, 128, 800]",centered scatter; population covariance = scatter/(N*T),completed_epoch_100; stored checkpoint epoch=99,results/experiment03_soft_spectral/experiment03_20260831_server/checkpoints/full_dense/seed_20260901/epoch_100.pt,554990a77b2d2e8f6498d66d6182e5b9f7b8a61fd2c63c09d3ded066f44b5563,results/paper_v9_signal_processing/01_spectral_metrics/dfa_trained_20260901.csv,results/paper1_experiment03_20260901_server/diagnostic_probe.csv,1.890876572777313e-07,between_sample,1843.247599451159,0.06001314940942702,False,15360,27,145,227,297,411,12.214709698457733,141.33449961652602,44.91140924988378,0.37125,results/paper_v9_signal_processing/08_covariance_decomposition/spectra/nmnist_seed_20260901_H3_actual_gate_between_sample.npy,,,,,,,,,,,,,,,,
nmnist,N-MNIST,SNN-DFA,20260901,H3,actual,q_carrier,basis_eval,512,30,800,neuron,"[30, 128, 800]",centered scatter; population covariance = scatter/(N*T),completed_epoch_100; stored checkpoint epoch=99,results/experiment03_soft_spectral/experiment03_20260831_server/checkpoints/full_dense/seed_20260901/epoch_100.pt,554990a77b2d2e8f6498d66d6182e5b9f7b8a61fd2c63c09d3ded066f44b5563,results/paper_v9_signal_processing/01_spectral_metrics/dfa_trained_20260901.csv,results/paper1_experiment03_20260901_server/diagnostic_probe.csv,,carrier_total,305.68664673826066,1.0,,512,3,6,7,8,10,4.668167938981916,7.81883488169368,6.853220631209488,0.01,results/paper_v9_signal_processing/08_covariance_decomposition/spectra/nmnist_seed_20260901_H3_actual_q_carrier_carrier_total.npy,,,,0.50390625,0.50391357421875,1.0,0.027383974509489383,800,10,10,1.0,,,,,
nmnist,N-MNIST,SNN-DFA,20260901,H3,alpha_1_homogenized_frobenius_matched,delta,basis_eval,512,30,800,neuron,"[30, 128, 800]",centered scatter; population covariance = scatter/(N*T),completed_epoch_100; stored checkpoint epoch=99,results/experiment03_soft_spectral/experiment03_20260831_server/checkpoints/full_dense/seed_20260901/epoch_100.pt,554990a77b2d2e8f6498d66d6182e5b9f7b8a61fd2c63c09d3ded066f44b5563,results/paper_v9_signal_processing/01_spectral_metrics/dfa_trained_20260901.csv,results/paper1_experiment03_20260901_server/diagnostic_probe.csv,1.1592627804558417e-06,total,38.28599905616795,1.0,False,15360,5,19,39,64,140,5.676792255283304,29.126604504071988,13.422311723583165,0.08,results/paper_v9_signal_processing/08_covariance_decomposition/spectra/nmnist_seed_20260901_H3_alpha_1_homogenized_frobenius_matched_delta_total.npy,,,,,,,,,,,,3.421292304992676,0.00122829619795084,64,True,
nmnist,N-MNIST,SNN-DFA,20260901,H3,alpha_1_homogenized_frobenius_matched,delta,basis_eval,512,30,800,neuron,"[30, 128, 800]",centered scatter; population covariance = scatter/(N*T),completed_epoch_100; stored checkpoint epoch=99,results/experiment03_soft_spectral/experiment03_20260831_server/checkpoints/full_dense/seed_20260901/epoch_100.pt,554990a77b2d2e8f6498d66d6182e5b9f7b8a61fd2c63c09d3ded066f44b5563,results/paper_v9_signal_processing/01_spectral_metrics/dfa_trained_20260901.csv,results/paper1_experiment03_20260901_server/diagnostic_probe.csv,1.1592627804558417e-06,within_time,2.8751063698504707e-13,7.509550333615455e-15,True,15360,0,0,0,0,0,0.0,0.0,0.0,0.0,results/paper_v9_signal_processing/08_covariance_decomposition/spectra/nmnist_seed_20260901_H3_alpha_1_homogenized_frobenius_matched_delta_within_time.npy,,,,,,,,,,,,3.421292304992676,0.00122829619795084,64,True,
nmnist,N-MNIST,SNN-DFA,20260901,H3,alpha_1_homogenized_frobenius_matched,delta,basis_eval,512,30,800,neuron,"[30, 128, 800]",centered scatter; population covariance = scatter/(N*T),completed_epoch_100; stored checkpoint epoch=99,results/experiment03_soft_spectral/experiment03_20260831_server/checkpoints/full_dense/seed_20260901/epoch_100.pt,554990a77b2d2e8f6498d66d6182e5b9f7b8a61fd2c63c09d3ded066f44b5563,results/paper_v9_signal_processing/01_spectral_metrics/dfa_trained_20260901.csv,results/paper1_experiment03_20260901_server/diagnostic_probe.csv,1.1592627804558417e-06,between_sample,38.286005418097865,1.0000001661685751,False,15360,5,19,39,64,140,5.676792355546317,29.126445897292264,13.422304166248804,0.08,results/paper_v9_signal_processing/08_covariance_decomposition/spectra/nmnist_seed_20260901_H3_alpha_1_homogenized_frobenius_matched_delta_between_sample.npy,,,,,,,,,,,,3.421292304992676,0.00122829619795084,64,True,
nmnist,N-MNIST,SNN-DFA,20260901,H3,alpha_1_homogenized_frobenius_matched,gate,basis_eval,512,30,800,neuron,"[30, 128, 800]",centered scatter; population covariance = scatter/(N*T),completed_epoch_100; stored checkpoint epoch=99,results/experiment03_soft_spectral/experiment03_20260831_server/checkpoints/full_dense/seed_20260901/epoch_100.pt,554990a77b2d2e8f6498d66d6182e5b9f7b8a61fd2c63c09d3ded066f44b5563,results/paper_v9_signal_processing/01_spectral_metrics/dfa_trained_20260901.csv,results/paper1_experiment03_20260901_server/diagnostic_probe.csv,2.0555395375317064e-07,total,21575.654974034493,1.0,False,15360,27,145,227,297,411,12.214709899175535,141.33451131340092,44.91141148846497,0.37125,results/paper_v9_signal_processing/08_covariance_decomposition/spectra/nmnist_seed_20260901_H3_alpha_1_homogenized_frobenius_matched_gate_total.npy,,,,,,,,,,,,3.421292304992676,0.00122829619795084,,,
nmnist,N-MNIST,SNN-DFA,20260901,H3,alpha_1_homogenized_frobenius_matched,gate,basis_eval,512,30,800,neuron,"[30, 128, 800]",centered scatter; population covariance = scatter/(N*T),completed_epoch_100; stored checkpoint epoch=99,results/experiment03_soft_spectral/experiment03_20260831_server/checkpoints/full_dense/seed_20260901/epoch_100.pt,554990a77b2d2e8f6498d66d6182e5b9f7b8a61fd2c63c09d3ded066f44b5563,results/paper_v9_signal_processing/01_spectral_metrics/dfa_trained_20260901.csv,results/paper1_experiment03_20260901_server/diagnostic_probe.csv,2.0555395375317064e-07,within_time,2.0147870459280487e-10,9.338242794264048e-15,True,15360,0,0,0,0,0,0.0,0.0,0.0,0.0,results/paper_v9_signal_processing/08_covariance_decomposition/spectra/nmnist_seed_20260901_H3_alpha_1_homogenized_frobenius_matched_gate_within_time.npy,,,,,,,,,,,,3.421292304992676,0.00122829619795084,,,
nmnist,N-MNIST,SNN-DFA,20260901,H3,alpha_1_homogenized_frobenius_matched,gate,basis_eval,512,30,800,neuron,"[30, 128, 800]",centered scatter; population covariance = scatter/(N*T),completed_epoch_100; stored checkpoint epoch=99,results/experiment03_soft_spectral/experiment03_20260831_server/checkpoints/full_dense/seed_20260901/epoch_100.pt,554990a77b2d2e8f6498d66d6182e5b9f7b8a61fd2c63c09d3ded066f44b5563,results/paper_v9_signal_processing/01_spectral_metrics/dfa_trained_20260901.csv,results/paper1_experiment03_20260901_server/diagnostic_probe.csv,2.0555395375317064e-07,between_sample,21575.657384234102,1.000000111709221,False,15360,27,145,227,297,411,12.214713326996161,141.33451183777873,44.911412532468965,0.37125,results/paper_v9_signal_processing/08_covariance_decomposition/spectra/nmnist_seed_20260901_H3_alpha_1_homogenized_frobenius_matched_gate_between_sample.npy,,,,,,,,,,,,3.421292304992676,0.00122829619795084,,,
nmnist,N-MNIST,SNN-DFA,20260908,H1,actual,delta,basis_eval,512,30,800,neuron,"[30, 128, 800]",centered scatter; population covariance = scatter/(N*T),completed_epoch_100; stored checkpoint epoch=99,results/paper_v9_signal_processing/03_five_seed/checkpoints/dfa_trained/seed_20260908/epoch_100.pt,9aad88592135096912c2e9971ced9f74b63d546bdd69208e989abf481efd833e,results/paper_v9_signal_processing/01_spectral_metrics/dfa_trained_20260908.csv,results/paper1_experiment03_20260901_server/diagnostic_probe.csv,1.2740897315683438e-06,total,35.7049711549436,1.0,False,15360,128,331,459,557,683,54.376903728769086,468.62198112400233,297.11024004175357,0.69625,results/paper_v9_signal_processing/08_covariance_decomposition/spectra/nmnist_seed_20260908_H1_actual_delta_total.npy,557,557,True,,,,,,,,,,,,,
nmnist,N-MNIST,SNN-DFA,20260908,H1,actual,delta,basis_eval,512,30,800,neuron,"[30, 128, 800]",centered scatter; population covariance = scatter/(N*T),completed_epoch_100; stored checkpoint epoch=99,results/paper_v9_signal_processing/03_five_seed/checkpoints/dfa_trained/seed_20260908/epoch_100.pt,9aad88592135096912c2e9971ced9f74b63d546bdd69208e989abf481efd833e,results/paper_v9_signal_processing/01_spectral_metrics/dfa_trained_20260908.csv,results/paper1_experiment03_20260901_server/diagnostic_probe.csv,1.2740897315683438e-06,within_time,31.834617261664192,0.8916018199123085,False,15360,141,342,467,563,685,116.43423703020268,509.6497676081633,385.06386833403764,0.70375,results/paper_v9_signal_processing/08_covariance_decomposition/spectra/nmnist_seed_20260908_H1_actual_delta_within_time.npy,557,557,True,,,,,,,,,,,,,
nmnist,N-MNIST,SNN-DFA,20260908,H1,actual,delta,basis_eval,512,30,800,neuron,"[30, 128, 800]",centered scatter; population covariance = scatter/(N*T),completed_epoch_100; stored checkpoint epoch=99,results/paper_v9_signal_processing/03_five_seed/checkpoints/dfa_trained/seed_20260908/epoch_100.pt,9aad88592135096912c2e9971ced9f74b63d546bdd69208e989abf481efd833e,results/paper_v9_signal_processing/01_spectral_metrics/dfa_trained_20260908.csv,results/paper1_experiment03_20260901_server/diagnostic_probe.csv,1.2740897315683438e-06,between_sample,3.8703590582406338,0.10839832474433342,False,15360,5,22,46,75,146,7.143520647221462,31.4471854976549,14.529311481489499,0.09375,results/paper_v9_signal_processing/08_covariance_decomposition/spectra/nmnist_seed_20260908_H1_actual_delta_between_sample.npy,557,557,True,,,,,,,,,,,,,
nmnist,N-MNIST,SNN-DFA,20260908,H1,actual,gate,basis_eval,512,30,800,neuron,"[30, 128, 800]",centered scatter; population covariance = scatter/(N*T),completed_epoch_100; stored checkpoint epoch=99,results/paper_v9_signal_processing/03_five_seed/checkpoints/dfa_trained/seed_20260908/epoch_100.pt,9aad88592135096912c2e9971ced9f74b63d546bdd69208e989abf481efd833e,results/paper_v9_signal_processing/01_spectral_metrics/dfa_trained_20260908.csv,results/paper1_experiment03_20260901_server/diagnostic_probe.csv,1.4793501541461978e-07,total,50257.78358407807,1.0,False,15360,252,485,590,655,726,110.46951693566612,680.5745485655984,613.27535032574,0.81875,results/paper_v9_signal_processing/08_covariance_decomposition/spectra/nmnist_seed_20260908_H1_actual_gate_total.npy,,,,,,,,,,,,,,,,
nmnist,N-MNIST,SNN-DFA,20260908,H1,actual,gate,basis_eval,512,30,800,neuron,"[30, 128, 800]",centered scatter; population covariance = scatter/(N*T),completed_epoch_100; stored checkpoint epoch=99,results/paper_v9_signal_processing/03_five_seed/checkpoints/dfa_trained/seed_20260908/epoch_100.pt,9aad88592135096912c2e9971ced9f74b63d546bdd69208e989abf481efd833e,results/paper_v9_signal_processing/01_spectral_metrics/dfa_trained_20260908.csv,results/paper1_experiment03_20260901_server/diagnostic_probe.csv,1.4793501541461978e-07,within_time,47726.86616880455,0.9496412846969374,False,15360,255,487,591,656,726,261.1590428523757,687.8101208406463,638.2210637101736,0.82,results/paper_v9_signal_processing/08_covariance_decomposition/spectra/nmnist_seed_20260908_H1_actual_gate_within_time.npy,,,,,,,,,,,,,,,,
nmnist,N-MNIST,SNN-DFA,20260908,H1,actual,gate,basis_eval,512,30,800,neuron,"[30, 128, 800]",centered scatter; population covariance = scatter/(N*T),completed_epoch_100; stored checkpoint epoch=99,results/paper_v9_signal_processing/03_five_seed/checkpoints/dfa_trained/seed_20260908/epoch_100.pt,9aad88592135096912c2e9971ced9f74b63d546bdd69208e989abf481efd833e,results/paper_v9_signal_processing/01_spectral_metrics/dfa_trained_20260908.csv,results/paper1_experiment03_20260901_server/diagnostic_probe.csv,1.4793501541461978e-07,between_sample,2530.914012203065,0.05035864759075591,False,15360,58,181,261,326,429,8.52469672415824,199.4068972795528,51.611524887420074,0.4075,results/paper_v9_signal_processing/08_covariance_decomposition/spectra/nmnist_seed_20260908_H1_actual_gate_between_sample.npy,,,,,,,,,,,,,,,,
nmnist,N-MNIST,SNN-DFA,20260908,H1,actual,q_carrier,basis_eval,512,30,800,neuron,"[30, 128, 800]",centered scatter; population covariance = scatter/(N*T),completed_epoch_100; stored checkpoint epoch=99,results/paper_v9_signal_processing/03_five_seed/checkpoints/dfa_trained/seed_20260908/epoch_100.pt,9aad88592135096912c2e9971ced9f74b63d546bdd69208e989abf481efd833e,results/paper_v9_signal_processing/01_spectral_metrics/dfa_trained_20260908.csv,results/paper1_experiment03_20260901_server/diagnostic_probe.csv,,carrier_total,292.90901289159046,1.0,,512,3,6,7,8,9,4.407183254720403,7.759329674296072,6.844070858569597,0.01,results/paper_v9_signal_processing/08_covariance_decomposition/spectra/nmnist_seed_20260908_H1_actual_q_carrier_carrier_total.npy,,,,0.537109375,0.53712158203125,1.0,0.026785841965560733,800,10,10,1.0,,,,,
nmnist,N-MNIST,SNN-DFA,20260908,H1,alpha_1_homogenized_frobenius_matched,delta,basis_eval,512,30,800,neuron,"[30, 128, 800]",centered scatter; population covariance = scatter/(N*T),completed_epoch_100; stored checkpoint epoch=99,results/paper_v9_signal_processing/03_five_seed/checkpoints/dfa_trained/seed_20260908/epoch_100.pt,9aad88592135096912c2e9971ced9f74b63d546bdd69208e989abf481efd833e,results/paper_v9_signal_processing/01_spectral_metrics/dfa_trained_20260908.csv,results/paper1_experiment03_20260901_server/diagnostic_probe.csv,1.043510368630755e-06,total,41.98731631931803,1.0,False,15360,5,22,46,75,146,7.143522417491562,31.44739125134294,14.529322730476808,0.09375,results/paper_v9_signal_processing/08_covariance_decomposition/spectra/nmnist_seed_20260908_H1_alpha_1_homogenized_frobenius_matched_delta_total.npy,,,,,,,,,,,,3.2936956882476807,0.0010637427913025022,75,True,
nmnist,N-MNIST,SNN-DFA,20260908,H1,alpha_1_homogenized_frobenius_matched,delta,basis_eval,512,30,800,neuron,"[30, 128, 800]",centered scatter; population covariance = scatter/(N*T),completed_epoch_100; stored checkpoint epoch=99,results/paper_v9_signal_processing/03_five_seed/checkpoints/dfa_trained/seed_20260908/epoch_100.pt,9aad88592135096912c2e9971ced9f74b63d546bdd69208e989abf481efd833e,results/paper_v9_signal_processing/01_spectral_metrics/dfa_trained_20260908.csv,results/paper1_experiment03_20260901_server/diagnostic_probe.csv,1.043510368630755e-06,within_time,2.9918477443854356e-13,7.12559888713085e-15,True,15360,0,0,0,0,0,0.0,0.0,0.0,0.0,results/paper_v9_signal_processing/08_covariance_decomposition/spectra/nmnist_seed_20260908_H1_alpha_1_homogenized_frobenius_matched_delta_within_time.npy,,,,,,,,,,,,3.2936956882476807,0.0010637427913025022,75,True,
nmnist,N-MNIST,SNN-DFA,20260908,H1,alpha_1_homogenized_frobenius_matched,delta,basis_eval,512,30,800,neuron,"[30, 128, 800]",centered scatter; population covariance = scatter/(N*T),completed_epoch_100; stored checkpoint epoch=99,results/paper_v9_signal_processing/03_five_seed/checkpoints/dfa_trained/seed_20260908/epoch_100.pt,9aad88592135096912c2e9971ced9f74b63d546bdd69208e989abf481efd833e,results/paper_v9_signal_processing/01_spectral_metrics/dfa_trained_20260908.csv,results/paper1_experiment03_20260901_server/diagnostic_probe.csv,1.043510368630755e-06,between_sample,41.98732276588434,1.0000001535360408,False,15360,5,22,46,75,146,7.143519513874488,31.447175539106187,14.529309983682477,0.09375,results/paper_v9_signal_processing/08_covariance_decomposition/spectra/nmnist_seed_20260908_H1_alpha_1_homogenized_frobenius_matched_delta_between_sample.npy,,,,,,,,,,,,3.2936956882476807,0.0010637427913025022,75,True,
nmnist,N-MNIST,SNN-DFA,20260908,H1,alpha_1_homogenized_frobenius_matched,gate,basis_eval,512,30,800,neuron,"[30, 128, 800]",centered scatter; population covariance = scatter/(N*T),completed_epoch_100; stored checkpoint epoch=99,results/paper_v9_signal_processing/03_five_seed/checkpoints/dfa_trained/seed_20260908/epoch_100.pt,9aad88592135096912c2e9971ced9f74b63d546bdd69208e989abf481efd833e,results/paper_v9_signal_processing/01_spectral_metrics/dfa_trained_20260908.csv,results/paper1_experiment03_20260901_server/diagnostic_probe.csv,2.13209831494053e-07,total,27456.443750317736,1.0,False,15360,58,181,261,326,429,8.524693839916571,199.4068857508053,51.61150140950079,0.4075,results/paper_v9_signal_processing/08_covariance_decomposition/spectra/nmnist_seed_20260908_H1_alpha_1_homogenized_frobenius_matched_gate_total.npy,,,,,,,,,,,,3.2936956882476807,0.0010637427913025022,,,
nmnist,N-MNIST,SNN-DFA,20260908,H1,alpha_1_homogenized_frobenius_matched,gate,basis_eval,512,30,800,neuron,"[30, 128, 800]",centered scatter; population covariance = scatter/(N*T),completed_epoch_100; stored checkpoint epoch=99,results/paper_v9_signal_processing/03_five_seed/checkpoints/dfa_trained/seed_20260908/epoch_100.pt,9aad88592135096912c2e9971ced9f74b63d546bdd69208e989abf481efd833e,results/paper_v9_signal_processing/01_spectral_metrics/dfa_trained_20260908.csv,results/paper1_experiment03_20260901_server/diagnostic_probe.csv,2.13209831494053e-07,within_time,3.141388271166672e-10,1.1441351617615514e-14,True,15360,0,0,0,0,0,0.0,0.0,0.0,0.0,results/paper_v9_signal_processing/08_covariance_decomposition/spectra/nmnist_seed_20260908_H1_alpha_1_homogenized_frobenius_matched_gate_within_time.npy,,,,,,,,,,,,3.2936956882476807,0.0010637427913025022,,,
nmnist,N-MNIST,SNN-DFA,20260908,H1,alpha_1_homogenized_frobenius_matched,gate,basis_eval,512,30,800,neuron,"[30, 128, 800]",centered scatter; population covariance = scatter/(N*T),completed_epoch_100; stored checkpoint epoch=99,results/paper_v9_signal_processing/03_five_seed/checkpoints/dfa_trained/seed_20260908/epoch_100.pt,9aad88592135096912c2e9971ced9f74b63d546bdd69208e989abf481efd833e,results/paper_v9_signal_processing/01_spectral_metrics/dfa_trained_20260908.csv,results/paper1_experiment03_20260901_server/diagnostic_probe.csv,2.13209831494053e-07,between_sample,27456.446841334855,1.0000001125789322,False,15360,58,181,261,326,429,8.524693769912293,199.40685329114163,51.61149882969815,0.4075,results/paper_v9_signal_processing/08_covariance_decomposition/spectra/nmnist_seed_20260908_H1_alpha_1_homogenized_frobenius_matched_gate_between_sample.npy,,,,,,,,,,,,3.2936956882476807,0.0010637427913025022,,,
nmnist,N-MNIST,SNN-DFA,20260908,H2,actual,delta,basis_eval,512,30,800,neuron,"[30, 128, 800]",centered scatter; population covariance = scatter/(N*T),completed_epoch_100; stored checkpoint epoch=99,results/paper_v9_signal_processing/03_five_seed/checkpoints/dfa_trained/seed_20260908/epoch_100.pt,9aad88592135096912c2e9971ced9f74b63d546bdd69208e989abf481efd833e,results/paper_v9_signal_processing/01_spectral_metrics/dfa_trained_20260908.csv,results/paper1_experiment03_20260901_server/diagnostic_probe.csv,1.30901665494972e-06,total,70.45409175337485,1.0,False,15360,111,307,436,538,671,34.584512110157725,416.76617799115337,220.9573515960502,0.6725,results/paper_v9_signal_processing/08_covariance_decomposition/spectra/nmnist_seed_20260908_H2_actual_delta_total.npy,538,538,True,,,,,,,,,,,,,
nmnist,N-MNIST,SNN-DFA,20260908,H2,actual,delta,basis_eval,512,30,800,neuron,"[30, 128, 800]",centered scatter; population covariance = scatter/(N*T),completed_epoch_100; stored checkpoint epoch=99,results/paper_v9_signal_processing/03_five_seed/checkpoints/dfa_trained/seed_20260908/epoch_100.pt,9aad88592135096912c2e9971ced9f74b63d546bdd69208e989abf481efd833e,results/paper_v9_signal_processing/01_spectral_metrics/dfa_trained_20260908.csv,results/paper1_experiment03_20260901_server/diagnostic_probe.csv,1.30901665494972e-06,within_time,62.321709865397594,0.8845719008564509,False,15360,127,322,448,546,674,89.19104036355795,476.4744253144959,344.07558457714197,0.6825,results/paper_v9_signal_processing/08_covariance_decomposition/spectra/nmnist_seed_20260908_H2_actual_delta_within_time.npy,538,538,True,,,,,,,,,,,,,
nmnist,N-MNIST,SNN-DFA,20260908,H2,actual,delta,basis_eval,512,30,800,neuron,"[30, 128, 800]",centered scatter; population covariance = scatter/(N*T),completed_epoch_100; stored checkpoint epoch=99,results/paper_v9_signal_processing/03_five_seed/checkpoints/dfa_trained/seed_20260908/epoch_100.pt,9aad88592135096912c2e9971ced9f74b63d546bdd69208e989abf481efd833e,results/paper_v9_signal_processing/01_spectral_metrics/dfa_trained_20260908.csv,results/paper1_experiment03_20260901_server/diagnostic_probe.csv,1.30901665494972e-06,between_sample,8.132387599441728,0.11542818021001845,False,15360,4,14,34,58,125,5.704055892994056,23.87591405781308,11.849271381339303,0.0725,results/paper_v9_signal_processing/08_covariance_decomposition/spectra/nmnist_seed_20260908_H2_actual_delta_between_sample.npy,538,538,True,,,,,,,,,,,,,
nmnist,N-MNIST,SNN-DFA,20260908,H2,actual,gate,basis_eval,512,30,800,neuron,"[30, 128, 800]",centered scatter; population covariance = scatter/(N*T),completed_epoch_100; stored checkpoint epoch=99,results/paper_v9_signal_processing/03_five_seed/checkpoints/dfa_trained/seed_20260908/epoch_100.pt,9aad88592135096912c2e9971ced9f74b63d546bdd69208e989abf481efd833e,results/paper_v9_signal_processing/01_spectral_metrics/dfa_trained_20260908.csv,results/paper1_experiment03_20260901_server/diagnostic_probe.csv,1.2795469537686906e-07,total,71120.14722879449,1.0,False,15360,251,496,601,661,715,49.31685487995005,653.2285895231054,507.8820301337227,0.82625,results/paper_v9_signal_processing/08_covariance_decomposition/spectra/nmnist_seed_20260908_H2_actual_gate_total.npy,,,,,,,,,,,,,,,,
nmnist,N-MNIST,SNN-DFA,20260908,H2,actual,gate,basis_eval,512,30,800,neuron,"[30, 128, 800]",centered scatter; population covariance = scatter/(N*T),completed_epoch_100; stored checkpoint epoch=99,results/paper_v9_signal_processing/03_five_seed/checkpoints/dfa_trained/seed_20260908/epoch_100.pt,9aad88592135096912c2e9971ced9f74b63d546bdd69208e989abf481efd833e,results/paper_v9_signal_processing/01_spectral_metrics/dfa_trained_20260908.csv,results/paper1_experiment03_20260901_server/diagnostic_probe.csv,1.2795469537686906e-07,within_time,67219.06875713376,0.9451480540512535,False,15360,256,499,602,661,716,61.1734974813719,665.4573182536132,555.0401241340447,0.82625,results/paper_v9_signal_processing/08_covariance_decomposition/spectra/nmnist_seed_20260908_H2_actual_gate_within_time.npy,,,,,,,,,,,,,,,,
nmnist,N-MNIST,SNN-DFA,20260908,H2,actual,gate,basis_eval,512,30,800,neuron,"[30, 128, 800]",centered scatter; population covariance = scatter/(N*T),completed_epoch_100; stored checkpoint epoch=99,results/paper_v9_signal_processing/03_five_seed/checkpoints/dfa_trained/seed_20260908/epoch_100.pt,9aad88592135096912c2e9971ced9f74b63d546bdd69208e989abf481efd833e,results/paper_v9_signal_processing/01_spectral_metrics/dfa_trained_20260908.csv,results/paper1_experiment03_20260901_server/diagnostic_probe.csv,1.2795469537686906e-07,between_sample,3901.0762152514408,0.054851914222022416,False,15360,41,166,248,316,422,10.645721024819547,180.17577832271408,58.44683172074213,0.395,results/paper_v9_signal_processing/08_covariance_decomposition/spectra/nmnist_seed_20260908_H2_actual_gate_between_sample.npy,,,,,,,,,,,,,,,,
nmnist,N-MNIST,SNN-DFA,20260908,H2,actual,q_carrier,basis_eval,512,30,800,neuron,"[30, 128, 800]",centered scatter; population covariance = scatter/(N*T),completed_epoch_100; stored checkpoint epoch=99,results/paper_v9_signal_processing/03_five_seed/checkpoints/dfa_trained/seed_20260908/epoch_100.pt,9aad88592135096912c2e9971ced9f74b63d546bdd69208e989abf481efd833e,results/paper_v9_signal_processing/01_spectral_metrics/dfa_trained_20260908.csv,results/paper1_experiment03_20260901_server/diagnostic_probe.csv,,carrier_total,293.62187521159075,1.0,,512,3,6,7,8,10,3.9761362880471696,7.6754908546377445,6.635434459415344,0.01,results/paper_v9_signal_processing/08_covariance_decomposition/spectra/nmnist_seed_20260908_H2_actual_q_carrier_carrier_total.npy,,,,0.537109375,0.5371484375,1.0,0.026817980176806287,800,10,10,1.0,,,,,
nmnist,N-MNIST,SNN-DFA,20260908,H2,alpha_1_homogenized_frobenius_matched,delta,basis_eval,512,30,800,neuron,"[30, 128, 800]",centered scatter; population covariance = scatter/(N*T),completed_epoch_100; stored checkpoint epoch=99,results/paper_v9_signal_processing/03_five_seed/checkpoints/dfa_trained/seed_20260908/epoch_100.pt,9aad88592135096912c2e9971ced9f74b63d546bdd69208e989abf481efd833e,results/paper_v9_signal_processing/01_spectral_metrics/dfa_trained_20260908.csv,results/paper1_experiment03_20260901_server/diagnostic_probe.csv,1.083288507728908e-06,total,73.53020587833564,1.0,False,15360,4,14,34,58,125,5.70405832819525,23.876096024007637,11.849283295719154,0.0725,results/paper_v9_signal_processing/08_covariance_decomposition/spectra/nmnist_seed_20260908_H2_alpha_1_homogenized_frobenius_matched_delta_total.npy,,,,,,,,,,,,3.0069339275360107,0.0008122295839712024,58,True,
nmnist,N-MNIST,SNN-DFA,20260908,H2,alpha_1_homogenized_frobenius_matched,delta,basis_eval,512,30,800,neuron,"[30, 128, 800]",centered scatter; population covariance = scatter/(N*T),completed_epoch_100; stored checkpoint epoch=99,results/paper_v9_signal_processing/03_five_seed/checkpoints/dfa_trained/seed_20260908/epoch_100.pt,9aad88592135096912c2e9971ced9f74b63d546bdd69208e989abf481efd833e,results/paper_v9_signal_processing/01_spectral_metrics/dfa_trained_20260908.csv,results/paper1_experiment03_20260901_server/diagnostic_probe.csv,1.083288507728908e-06,within_time,5.341245637375634e-13,7.264015615859083e-15,True,15360,0,0,0,0,0,0.0,0.0,0.0,0.0,results/paper_v9_signal_processing/08_covariance_decomposition/spectra/nmnist_seed_20260908_H2_alpha_1_homogenized_frobenius_matched_delta_within_time.npy,,,,,,,,,,,,3.0069339275360107,0.0008122295839712024,58,True,
nmnist,N-MNIST,SNN-DFA,20260908,H2,alpha_1_homogenized_frobenius_matched,delta,basis_eval,512,30,800,neuron,"[30, 128, 800]",centered scatter; population covariance = scatter/(N*T),completed_epoch_100; stored checkpoint epoch=99,results/paper_v9_signal_processing/03_five_seed/checkpoints/dfa_trained/seed_20260908/epoch_100.pt,9aad88592135096912c2e9971ced9f74b63d546bdd69208e989abf481efd833e,results/paper_v9_signal_processing/01_spectral_metrics/dfa_trained_20260908.csv,results/paper1_experiment03_20260901_server/diagnostic_probe.csv,1.083288507728908e-06,between_sample,73.53021564623764,1.0000001328420325,False,15360,4,14,34,58,125,5.704056881121021,23.875912715086788,11.849271857713825,0.0725,results/paper_v9_signal_processing/08_covariance_decomposition/spectra/nmnist_seed_20260908_H2_alpha_1_homogenized_frobenius_matched_delta_between_sample.npy,,,,,,,,,,,,3.0069339275360107,0.0008122295839712024,58,True,
nmnist,N-MNIST,SNN-DFA,20260908,H2,alpha_1_homogenized_frobenius_matched,gate,basis_eval,512,30,800,neuron,"[30, 128, 800]",centered scatter; population covariance = scatter/(N*T),completed_epoch_100; stored checkpoint epoch=99,results/paper_v9_signal_processing/03_five_seed/checkpoints/dfa_trained/seed_20260908/epoch_100.pt,9aad88592135096912c2e9971ced9f74b63d546bdd69208e989abf481efd833e,results/paper_v9_signal_processing/01_spectral_metrics/dfa_trained_20260908.csv,results/paper1_experiment03_20260901_server/diagnostic_probe.csv,2.1395315013621364e-07,total,35272.168512625474,1.0,False,15360,41,166,248,316,422,10.645724265354735,180.17580796720782,58.44684500755785,0.395,results/paper_v9_signal_processing/08_covariance_decomposition/spectra/nmnist_seed_20260908_H2_alpha_1_homogenized_frobenius_matched_gate_total.npy,,,,,,,,,,,,3.0069339275360107,0.0008122295839712024,,,
nmnist,N-MNIST,SNN-DFA,20260908,H2,alpha_1_homogenized_frobenius_matched,gate,basis_eval,512,30,800,neuron,"[30, 128, 800]",centered scatter; population covariance = scatter/(N*T),completed_epoch_100; stored checkpoint epoch=99,results/paper_v9_signal_processing/03_five_seed/checkpoints/dfa_trained/seed_20260908/epoch_100.pt,9aad88592135096912c2e9971ced9f74b63d546bdd69208e989abf481efd833e,results/paper_v9_signal_processing/01_spectral_metrics/dfa_trained_20260908.csv,results/paper1_experiment03_20260901_server/diagnostic_probe.csv,2.1395315013621364e-07,within_time,4.340574224130747e-10,1.2305946606535016e-14,True,15360,0,0,0,0,0,0.0,0.0,0.0,0.0,results/paper_v9_signal_processing/08_covariance_decomposition/spectra/nmnist_seed_20260908_H2_alpha_1_homogenized_frobenius_matched_gate_within_time.npy,,,,,,,,,,,,3.0069339275360107,0.0008122295839712024,,,
nmnist,N-MNIST,SNN-DFA,20260908,H2,alpha_1_homogenized_frobenius_matched,gate,basis_eval,512,30,800,neuron,"[30, 128, 800]",centered scatter; population covariance = scatter/(N*T),completed_epoch_100; stored checkpoint epoch=99,results/paper_v9_signal_processing/03_five_seed/checkpoints/dfa_trained/seed_20260908/epoch_100.pt,9aad88592135096912c2e9971ced9f74b63d546bdd69208e989abf481efd833e,results/paper_v9_signal_processing/01_spectral_metrics/dfa_trained_20260908.csv,results/paper1_experiment03_20260901_server/diagnostic_probe.csv,2.1395315013621364e-07,between_sample,35272.172246429676,1.0000001058569508,False,15360,41,166,248,316,422,10.64572156439132,180.17579495846888,58.446836041407735,0.395,results/paper_v9_signal_processing/08_covariance_decomposition/spectra/nmnist_seed_20260908_H2_alpha_1_homogenized_frobenius_matched_gate_between_sample.npy,,,,,,,,,,,,3.0069339275360107,0.0008122295839712024,,,
nmnist,N-MNIST,SNN-DFA,20260908,H3,actual,delta,basis_eval,512,30,800,neuron,"[30, 128, 800]",centered scatter; population covariance = scatter/(N*T),completed_epoch_100; stored checkpoint epoch=99,results/paper_v9_signal_processing/03_five_seed/checkpoints/dfa_trained/seed_20260908/epoch_100.pt,9aad88592135096912c2e9971ced9f74b63d546bdd69208e989abf481efd833e,results/paper_v9_signal_processing/01_spectral_metrics/dfa_trained_20260908.csv,results/paper1_experiment03_20260901_server/diagnostic_probe.csv,1.810170095440878e-06,total,40.33628798369275,1.0,False,15360,95,276,408,522,694,44.877746430415456,393.5317768104556,222.58429618646542,0.6525,results/paper_v9_signal_processing/08_covariance_decomposition/spectra/nmnist_seed_20260908_H3_actual_delta_total.npy,522,522,True,,,,,,,,,,,,,
nmnist,N-MNIST,SNN-DFA,20260908,H3,actual,delta,basis_eval,512,30,800,neuron,"[30, 128, 800]",centered scatter; population covariance = scatter/(N*T),completed_epoch_100; stored checkpoint epoch=99,results/paper_v9_signal_processing/03_five_seed/checkpoints/dfa_trained/seed_20260908/epoch_100.pt,9aad88592135096912c2e9971ced9f74b63d546bdd69208e989abf481efd833e,results/paper_v9_signal_processing/01_spectral_metrics/dfa_trained_20260908.csv,results/paper1_experiment03_20260901_server/diagnostic_probe.csv,1.810170095440878e-06,within_time,37.057569879761985,0.9187154230638106,False,15360,102,283,414,526,695,65.28514053405507,420.98534395565343,271.36914264235645,0.6575,results/paper_v9_signal_processing/08_covariance_decomposition/spectra/nmnist_seed_20260908_H3_actual_delta_within_time.npy,522,522,True,,,,,,,,,,,,,
nmnist,N-MNIST,SNN-DFA,20260908,H3,actual,delta,basis_eval,512,30,800,neuron,"[30, 128, 800]",centered scatter; population covariance = scatter/(N*T),completed_epoch_100; stored checkpoint epoch=99,results/paper_v9_signal_processing/03_five_seed/checkpoints/dfa_trained/seed_20260908/epoch_100.pt,9aad88592135096912c2e9971ced9f74b63d546bdd69208e989abf481efd833e,results/paper_v9_signal_processing/01_spectral_metrics/dfa_trained_20260908.csv,results/paper1_experiment03_20260901_server/diagnostic_probe.csv,1.810170095440878e-06,between_sample,3.278720833279486,0.08128464460103556,False,15360,4,18,37,62,127,6.112730385888588,27.409841339526544,13.077223313832647,0.0775,results/paper_v9_signal_processing/08_covariance_decomposition/spectra/nmnist_seed_20260908_H3_actual_delta_between_sample.npy,522,522,True,,,,,,,,,,,,,
nmnist,N-MNIST,SNN-DFA,20260908,H3,actual,gate,basis_eval,512,30,800,neuron,"[30, 128, 800]",centered scatter; population covariance = scatter/(N*T),completed_epoch_100; stored checkpoint epoch=99,results/paper_v9_signal_processing/03_five_seed/checkpoints/dfa_trained/seed_20260908/epoch_100.pt,9aad88592135096912c2e9971ced9f74b63d546bdd69208e989abf481efd833e,results/paper_v9_signal_processing/01_spectral_metrics/dfa_trained_20260908.csv,results/paper1_experiment03_20260901_server/diagnostic_probe.csv,1.9581830769447415e-07,total,31211.435873751878,1.0,False,15360,238,494,615,690,764,48.456278146331215,670.4897390697045,499.7107846861819,0.8625,results/paper_v9_signal_processing/08_covariance_decomposition/spectra/nmnist_seed_20260908_H3_actual_gate_total.npy,,,,,,,,,,,,,,,,
nmnist,N-MNIST,SNN-DFA,20260908,H3,actual,gate,basis_eval,512,30,800,neuron,"[30, 128, 800]",centered scatter; population covariance = scatter/(N*T),completed_epoch_100; stored checkpoint epoch=99,results/paper_v9_signal_processing/03_five_seed/checkpoints/dfa_trained/seed_20260908/epoch_100.pt,9aad88592135096912c2e9971ced9f74b63d546bdd69208e989abf481efd833e,results/paper_v9_signal_processing/01_spectral_metrics/dfa_trained_20260908.csv,results/paper1_experiment03_20260901_server/diagnostic_probe.csv,1.9581830769447415e-07,within_time,29316.59473831279,0.9392901645696919,False,15360,245,499,618,692,765,59.91616447591846,688.3876111947594,557.9607019532382,0.865,results/paper_v9_signal_processing/08_covariance_decomposition/spectra/nmnist_seed_20260908_H3_actual_gate_within_time.npy,,,,,,,,,,,,,,,,
nmnist,N-MNIST,SNN-DFA,20260908,H3,actual,gate,basis_eval,512,30,800,neuron,"[30, 128, 800]",centered scatter; population covariance = scatter/(N*T),completed_epoch_100; stored checkpoint epoch=99,results/paper_v9_signal_processing/03_five_seed/checkpoints/dfa_trained/seed_20260908/epoch_100.pt,9aad88592135096912c2e9971ced9f74b63d546bdd69208e989abf481efd833e,results/paper_v9_signal_processing/01_spectral_metrics/dfa_trained_20260908.csv,results/paper1_experiment03_20260901_server/diagnostic_probe.csv,1.9581830769447415e-07,between_sample,1894.8361251766405,0.060709674903811635,False,15360,26,144,226,296,411,11.648467031532327,138.41194190214455,43.14425851184365,0.37,results/paper_v9_signal_processing/08_covariance_decomposition/spectra/nmnist_seed_20260908_H3_actual_gate_between_sample.npy,,,,,,,,,,,,,,,,
nmnist,N-MNIST,SNN-DFA,20260908,H3,actual,q_carrier,basis_eval,512,30,800,neuron,"[30, 128, 800]",centered scatter; population covariance = scatter/(N*T),completed_epoch_100; stored checkpoint epoch=99,results/paper_v9_signal_processing/03_five_seed/checkpoints/dfa_trained/seed_20260908/epoch_100.pt,9aad88592135096912c2e9971ced9f74b63d546bdd69208e989abf481efd833e,results/paper_v9_signal_processing/01_spectral_metrics/dfa_trained_20260908.csv,results/paper1_experiment03_20260901_server/diagnostic_probe.csv,,carrier_total,285.098157873306,1.0,,512,3,6,7,8,10,4.227904092398562,7.740354324735882,6.789431846766445,0.01,results/paper_v9_signal_processing/08_covariance_decomposition/spectra/nmnist_seed_20260908_H3_actual_q_carrier_carrier_total.npy,,,,0.537109375,0.53713623046875,1.0,0.02642178849249844,800,10,10,1.0,,,,,
nmnist,N-MNIST,SNN-DFA,20260908,H3,alpha_1_homogenized_frobenius_matched,delta,basis_eval,512,30,800,neuron,"[30, 128, 800]",centered scatter; population covariance = scatter/(N*T),completed_epoch_100; stored checkpoint epoch=99,results/paper_v9_signal_processing/03_five_seed/checkpoints/dfa_trained/seed_20260908/epoch_100.pt,9aad88592135096912c2e9971ced9f74b63d546bdd69208e989abf481efd833e,results/paper_v9_signal_processing/01_spectral_metrics/dfa_trained_20260908.csv,results/paper1_experiment03_20260901_server/diagnostic_probe.csv,1.2080264779056374e-06,total,38.184191183887286,1.0,False,15360,4,18,37,62,127,6.112734058922824,27.410045303523926,13.07723467966455,0.0775,results/paper_v9_signal_processing/08_covariance_decomposition/spectra/nmnist_seed_20260908_H3_alpha_1_homogenized_frobenius_matched_delta_total.npy,,,,,,,,,,,,3.412633180618286,0.001213863375596702,62,True,
nmnist,N-MNIST,SNN-DFA,20260908,H3,alpha_1_homogenized_frobenius_matched,delta,basis_eval,512,30,800,neuron,"[30, 128, 800]",centered scatter; population covariance = scatter/(N*T),completed_epoch_100; stored checkpoint epoch=99,results/paper_v9_signal_processing/03_five_seed/checkpoints/dfa_trained/seed_20260908/epoch_100.pt,9aad88592135096912c2e9971ced9f74b63d546bdd69208e989abf481efd833e,results/paper_v9_signal_processing/01_spectral_metrics/dfa_trained_20260908.csv,results/paper1_experiment03_20260901_server/diagnostic_probe.csv,1.2080264779056374e-06,within_time,2.6609047344676095e-13,6.9686031102589924e-15,True,15360,0,0,0,0,0,0.0,0.0,0.0,0.0,results/paper_v9_signal_processing/08_covariance_decomposition/spectra/nmnist_seed_20260908_H3_alpha_1_homogenized_frobenius_matched_delta_within_time.npy,,,,,,,,,,,,3.412633180618286,0.001213863375596702,62,True,
nmnist,N-MNIST,SNN-DFA,20260908,H3,alpha_1_homogenized_frobenius_matched,delta,basis_eval,512,30,800,neuron,"[30, 128, 800]",centered scatter; population covariance = scatter/(N*T),completed_epoch_100; stored checkpoint epoch=99,results/paper_v9_signal_processing/03_five_seed/checkpoints/dfa_trained/seed_20260908/epoch_100.pt,9aad88592135096912c2e9971ced9f74b63d546bdd69208e989abf481efd833e,results/paper_v9_signal_processing/01_spectral_metrics/dfa_trained_20260908.csv,results/paper1_experiment03_20260901_server/diagnostic_probe.csv,1.2080264779056374e-06,between_sample,38.1841959486659,1.0000001247840655,False,15360,4,18,37,62,127,6.112730915718155,27.409830523905985,13.077222781019273,0.0775,results/paper_v9_signal_processing/08_covariance_decomposition/spectra/nmnist_seed_20260908_H3_alpha_1_homogenized_frobenius_matched_delta_between_sample.npy,,,,,,,,,,,,3.412633180618286,0.001213863375596702,62,True,
nmnist,N-MNIST,SNN-DFA,20260908,H3,alpha_1_homogenized_frobenius_matched,gate,basis_eval,512,30,800,neuron,"[30, 128, 800]",centered scatter; population covariance = scatter/(N*T),completed_epoch_100; stored checkpoint epoch=99,results/paper_v9_signal_processing/03_five_seed/checkpoints/dfa_trained/seed_20260908/epoch_100.pt,9aad88592135096912c2e9971ced9f74b63d546bdd69208e989abf481efd833e,results/paper_v9_signal_processing/01_spectral_metrics/dfa_trained_20260908.csv,results/paper1_experiment03_20260901_server/diagnostic_probe.csv,2.039974242670014e-07,total,22067.382720257872,1.0,False,15360,26,144,226,296,411,11.648467657489725,138.41196970585827,43.14426237330094,0.37,results/paper_v9_signal_processing/08_covariance_decomposition/spectra/nmnist_seed_20260908_H3_alpha_1_homogenized_frobenius_matched_gate_total.npy,,,,,,,,,,,,3.412633180618286,0.001213863375596702,,,
nmnist,N-MNIST,SNN-DFA,20260908,H3,alpha_1_homogenized_frobenius_matched,gate,basis_eval,512,30,800,neuron,"[30, 128, 800]",centered scatter; population covariance = scatter/(N*T),completed_epoch_100; stored checkpoint epoch=99,results/paper_v9_signal_processing/03_five_seed/checkpoints/dfa_trained/seed_20260908/epoch_100.pt,9aad88592135096912c2e9971ced9f74b63d546bdd69208e989abf481efd833e,results/paper_v9_signal_processing/01_spectral_metrics/dfa_trained_20260908.csv,results/paper1_experiment03_20260901_server/diagnostic_probe.csv,2.039974242670014e-07,within_time,2.056746947343769e-10,9.320303061838294e-15,True,15360,0,0,0,0,0,0.0,0.0,0.0,0.0,results/paper_v9_signal_processing/08_covariance_decomposition/spectra/nmnist_seed_20260908_H3_alpha_1_homogenized_frobenius_matched_gate_within_time.npy,,,,,,,,,,,,3.412633180618286,0.001213863375596702,,,
nmnist,N-MNIST,SNN-DFA,20260908,H3,alpha_1_homogenized_frobenius_matched,gate,basis_eval,512,30,800,neuron,"[30, 128, 800]",centered scatter; population covariance = scatter/(N*T),completed_epoch_100; stored checkpoint epoch=99,results/paper_v9_signal_processing/03_five_seed/checkpoints/dfa_trained/seed_20260908/epoch_100.pt,9aad88592135096912c2e9971ced9f74b63d546bdd69208e989abf481efd833e,results/paper_v9_signal_processing/01_spectral_metrics/dfa_trained_20260908.csv,results/paper1_experiment03_20260901_server/diagnostic_probe.csv,2.039974242670014e-07,between_sample,22067.384958530256,1.0000001014289919,False,15360,26,144,226,296,411,11.64846600824762,138.41195329808932,43.144259304785095,0.37,results/paper_v9_signal_processing/08_covariance_decomposition/spectra/nmnist_seed_20260908_H3_alpha_1_homogenized_frobenius_matched_gate_between_sample.npy,,,,,,,,,,,,3.412633180618286,0.001213863375596702,,,
nmnist,N-MNIST,SNN-DFA,20260909,H1,actual,delta,basis_eval,512,30,800,neuron,"[30, 128, 800]",centered scatter; population covariance = scatter/(N*T),completed_epoch_100; stored checkpoint epoch=99,results/paper_v9_signal_processing/03_five_seed/checkpoints/dfa_trained/seed_20260909/epoch_100.pt,0800c9e1ee7b4cf64c5099e83f65ae2c8adb1bf072ccdaa45be9f1911ae9bad7,results/paper_v9_signal_processing/01_spectral_metrics/dfa_trained_20260909.csv,results/paper1_experiment03_20260901_server/diagnostic_probe.csv,1.3265918621715325e-06,total,33.919367691240105,1.0,False,15360,126,325,451,550,683,52.49342029089328,463.83235263569344,293.5200939668252,0.6875,results/paper_v9_signal_processing/08_covariance_decomposition/spectra/nmnist_seed_20260909_H1_actual_delta_total.npy,550,550,True,,,,,,,,,,,,,
nmnist,N-MNIST,SNN-DFA,20260909,H1,actual,delta,basis_eval,512,30,800,neuron,"[30, 128, 800]",centered scatter; population covariance = scatter/(N*T),completed_epoch_100; stored checkpoint epoch=99,results/paper_v9_signal_processing/03_five_seed/checkpoints/dfa_trained/seed_20260909/epoch_100.pt,0800c9e1ee7b4cf64c5099e83f65ae2c8adb1bf072ccdaa45be9f1911ae9bad7,results/paper_v9_signal_processing/01_spectral_metrics/dfa_trained_20260909.csv,results/paper1_experiment03_20260901_server/diagnostic_probe.csv,1.3265918621715325e-06,within_time,30.321699812644763,0.8939347009253223,False,15360,139,336,460,556,686,104.99849227580994,502.4615102897666,375.9254008544021,0.695,results/paper_v9_signal_processing/08_covariance_decomposition/spectra/nmnist_seed_20260909_H1_actual_delta_within_time.npy,550,550,True,,,,,,,,,,,,,
nmnist,N-MNIST,SNN-DFA,20260909,H1,actual,delta,basis_eval,512,30,800,neuron,"[30, 128, 800]",centered scatter; population covariance = scatter/(N*T),completed_epoch_100; stored checkpoint epoch=99,results/paper_v9_signal_processing/03_five_seed/checkpoints/dfa_trained/seed_20260909/epoch_100.pt,0800c9e1ee7b4cf64c5099e83f65ae2c8adb1bf072ccdaa45be9f1911ae9bad7,results/paper_v9_signal_processing/01_spectral_metrics/dfa_trained_20260909.csv,results/paper1_experiment03_20260901_server/diagnostic_probe.csv,1.3265918621715325e-06,between_sample,3.597671663350726,0.10606541065563106,False,15360,5,22,47,75,147,6.912709197394689,31.751721257287215,14.567420471647957,0.09375,results/paper_v9_signal_processing/08_covariance_decomposition/spectra/nmnist_seed_20260909_H1_actual_delta_between_sample.npy,550,550,True,,,,,,,,,,,,,
nmnist,N-MNIST,SNN-DFA,20260909,H1,actual,gate,basis_eval,512,30,800,neuron,"[30, 128, 800]",centered scatter; population covariance = scatter/(N*T),completed_epoch_100; stored checkpoint epoch=99,results/paper_v9_signal_processing/03_five_seed/checkpoints/dfa_trained/seed_20260909/epoch_100.pt,0800c9e1ee7b4cf64c5099e83f65ae2c8adb1bf072ccdaa45be9f1911ae9bad7,results/paper_v9_signal_processing/01_spectral_metrics/dfa_trained_20260909.csv,results/paper1_experiment03_20260901_server/diagnostic_probe.csv,1.439600244461651e-07,total,49350.19301714318,1.0,False,15360,249,477,581,648,721,110.43032748809897,674.1554169495204,606.1863775699197,0.81,results/paper_v9_signal_processing/08_covariance_decomposition/spectra/nmnist_seed_20260909_H1_actual_gate_total.npy,,,,,,,,,,,,,,,,
nmnist,N-MNIST,SNN-DFA,20260909,H1,actual,gate,basis_eval,512,30,800,neuron,"[30, 128, 800]",centered scatter; population covariance = scatter/(N*T),completed_epoch_100; stored checkpoint epoch=99,results/paper_v9_signal_processing/03_five_seed/checkpoints/dfa_trained/seed_20260909/epoch_100.pt,0800c9e1ee7b4cf64c5099e83f65ae2c8adb1bf072ccdaa45be9f1911ae9bad7,results/paper_v9_signal_processing/01_spectral_metrics/dfa_trained_20260909.csv,results/paper1_experiment03_20260901_server/diagnostic_probe.csv,1.439600244461651e-07,within_time,46877.09510582845,0.9498867631489175,False,15360,251,478,582,648,721,249.88722518282398,681.0078282772507,629.7379223635746,0.81,results/paper_v9_signal_processing/08_covariance_decomposition/spectra/nmnist_seed_20260909_H1_actual_gate_within_time.npy,,,,,,,,,,,,,,,,
nmnist,N-MNIST,SNN-DFA,20260909,H1,actual,gate,basis_eval,512,30,800,neuron,"[30, 128, 800]",centered scatter; population covariance = scatter/(N*T),completed_epoch_100; stored checkpoint epoch=99,results/paper_v9_signal_processing/03_five_seed/checkpoints/dfa_trained/seed_20260909/epoch_100.pt,0800c9e1ee7b4cf64c5099e83f65ae2c8adb1bf072ccdaa45be9f1911ae9bad7,results/paper_v9_signal_processing/01_spectral_metrics/dfa_trained_20260909.csv,results/paper1_experiment03_20260901_server/diagnostic_probe.csv,1.439600244461651e-07,between_sample,2473.0948390819603,0.050113174597369074,False,15360,59,181,260,325,428,8.513811836712733,199.7514105247685,51.65855978242928,0.40625,results/paper_v9_signal_processing/08_covariance_decomposition/spectra/nmnist_seed_20260909_H1_actual_gate_between_sample.npy,,,,,,,,,,,,,,,,
nmnist,N-MNIST,SNN-DFA,20260909,H1,actual,q_carrier,basis_eval,512,30,800,neuron,"[30, 128, 800]",centered scatter; population covariance = scatter/(N*T),completed_epoch_100; stored checkpoint epoch=99,results/paper_v9_signal_processing/03_five_seed/checkpoints/dfa_trained/seed_20260909/epoch_100.pt,0800c9e1ee7b4cf64c5099e83f65ae2c8adb1bf072ccdaa45be9f1911ae9bad7,results/paper_v9_signal_processing/01_spectral_metrics/dfa_trained_20260909.csv,results/paper1_experiment03_20260901_server/diagnostic_probe.csv,,carrier_total,283.26879179520967,1.0,,512,3,5,7,8,10,4.436983962806044,7.690719897495831,6.722538130135859,0.01,results/paper_v9_signal_processing/08_covariance_decomposition/spectra/nmnist_seed_20260909_H1_actual_q_carrier_carrier_total.npy,,,,0.537109375,0.53711181640625,1.0,0.026321973713150953,800,10,10,1.0,,,,,
nmnist,N-MNIST,SNN-DFA,20260909,H1,alpha_1_homogenized_frobenius_matched,delta,basis_eval,512,30,800,neuron,"[30, 128, 800]",centered scatter; population covariance = scatter/(N*T),completed_epoch_100; stored checkpoint epoch=99,results/paper_v9_signal_processing/03_five_seed/checkpoints/dfa_trained/seed_20260909/epoch_100.pt,0800c9e1ee7b4cf64c5099e83f65ae2c8adb1bf072ccdaa45be9f1911ae9bad7,results/paper_v9_signal_processing/01_spectral_metrics/dfa_trained_20260909.csv,results/paper1_experiment03_20260901_server/diagnostic_probe.csv,1.0707537248395602e-06,total,39.15007693493427,1.0,False,15360,5,22,47,75,147,6.912711012959479,31.75191855038537,14.567431054430685,0.09375,results/paper_v9_signal_processing/08_covariance_decomposition/spectra/nmnist_seed_20260909_H1_alpha_1_homogenized_frobenius_matched_delta_total.npy,,,,,,,,,,,,3.2987968921661377,0.0010584576521068811,75,True,
nmnist,N-MNIST,SNN-DFA,20260909,H1,alpha_1_homogenized_frobenius_matched,delta,basis_eval,512,30,800,neuron,"[30, 128, 800]",centered scatter; population covariance = scatter/(N*T),completed_epoch_100; stored checkpoint epoch=99,results/paper_v9_signal_processing/03_five_seed/checkpoints/dfa_trained/seed_20260909/epoch_100.pt,0800c9e1ee7b4cf64c5099e83f65ae2c8adb1bf072ccdaa45be9f1911ae9bad7,results/paper_v9_signal_processing/01_spectral_metrics/dfa_trained_20260909.csv,results/paper1_experiment03_20260901_server/diagnostic_probe.csv,1.0707537248395602e-06,within_time,2.785027125079885e-13,7.11372069513038e-15,True,15360,0,0,0,0,0,0.0,0.0,0.0,0.0,results/paper_v9_signal_processing/08_covariance_decomposition/spectra/nmnist_seed_20260909_H1_alpha_1_homogenized_frobenius_matched_delta_within_time.npy,,,,,,,,,,,,3.2987968921661377,0.0010584576521068811,75,True,
nmnist,N-MNIST,SNN-DFA,20260909,H1,alpha_1_homogenized_frobenius_matched,delta,basis_eval,512,30,800,neuron,"[30, 128, 800]",centered scatter; population covariance = scatter/(N*T),completed_epoch_100; stored checkpoint epoch=99,results/paper_v9_signal_processing/03_five_seed/checkpoints/dfa_trained/seed_20260909/epoch_100.pt,0800c9e1ee7b4cf64c5099e83f65ae2c8adb1bf072ccdaa45be9f1911ae9bad7,results/paper_v9_signal_processing/01_spectral_metrics/dfa_trained_20260909.csv,results/paper1_experiment03_20260901_server/diagnostic_probe.csv,1.0707537248395602e-06,between_sample,39.150082513302976,1.000000142486788,False,15360,5,22,47,75,147,6.912708076338555,31.751720539720697,14.5674186365691,0.09375,results/paper_v9_signal_processing/08_covariance_decomposition/spectra/nmnist_seed_20260909_H1_alpha_1_homogenized_frobenius_matched_delta_between_sample.npy,,,,,,,,,,,,3.2987968921661377,0.0010584576521068811,75,True,
nmnist,N-MNIST,SNN-DFA,20260909,H1,alpha_1_homogenized_frobenius_matched,gate,basis_eval,512,30,800,neuron,"[30, 128, 800]",centered scatter; population covariance = scatter/(N*T),completed_epoch_100; stored checkpoint epoch=99,results/paper_v9_signal_processing/03_five_seed/checkpoints/dfa_trained/seed_20260909/epoch_100.pt,0800c9e1ee7b4cf64c5099e83f65ae2c8adb1bf072ccdaa45be9f1911ae9bad7,results/paper_v9_signal_processing/01_spectral_metrics/dfa_trained_20260909.csv,results/paper1_experiment03_20260901_server/diagnostic_probe.csv,2.1240756557257658e-07,total,26912.366135727112,1.0,False,15360,59,181,260,325,428,8.513815860545474,199.75145984090835,51.65859139437361,0.40625,results/paper_v9_signal_processing/08_covariance_decomposition/spectra/nmnist_seed_20260909_H1_alpha_1_homogenized_frobenius_matched_gate_total.npy,,,,,,,,,,,,3.2987968921661377,0.0010584576521068811,,,
nmnist,N-MNIST,SNN-DFA,20260909,H1,alpha_1_homogenized_frobenius_matched,gate,basis_eval,512,30,800,neuron,"[30, 128, 800]",centered scatter; population covariance = scatter/(N*T),completed_epoch_100; stored checkpoint epoch=99,results/paper_v9_signal_processing/03_five_seed/checkpoints/dfa_trained/seed_20260909/epoch_100.pt,0800c9e1ee7b4cf64c5099e83f65ae2c8adb1bf072ccdaa45be9f1911ae9bad7,results/paper_v9_signal_processing/01_spectral_metrics/dfa_trained_20260909.csv,results/paper1_experiment03_20260901_server/diagnostic_probe.csv,2.1240756557257658e-07,within_time,3.0665030728793565e-10,1.1394401582581273e-14,True,15360,0,0,0,0,0,0.0,0.0,0.0,0.0,results/paper_v9_signal_processing/08_covariance_decomposition/spectra/nmnist_seed_20260909_H1_alpha_1_homogenized_frobenius_matched_gate_within_time.npy,,,,,,,,,,,,3.2987968921661377,0.0010584576521068811,,,
nmnist,N-MNIST,SNN-DFA,20260909,H1,alpha_1_homogenized_frobenius_matched,gate,basis_eval,512,30,800,neuron,"[30, 128, 800]",centered scatter; population covariance = scatter/(N*T),completed_epoch_100; stored checkpoint epoch=99,results/paper_v9_signal_processing/03_five_seed/checkpoints/dfa_trained/seed_20260909/epoch_100.pt,0800c9e1ee7b4cf64c5099e83f65ae2c8adb1bf072ccdaa45be9f1911ae9bad7,results/paper_v9_signal_processing/01_spectral_metrics/dfa_trained_20260909.csv,results/paper1_experiment03_20260901_server/diagnostic_probe.csv,2.1240756557257658e-07,between_sample,26912.36904924218,1.0000001082593428,False,15360,59,181,260,325,428,8.51381241577887,199.75141932473647,51.658567356167914,0.40625,results/paper_v9_signal_processing/08_covariance_decomposition/spectra/nmnist_seed_20260909_H1_alpha_1_homogenized_frobenius_matched_gate_between_sample.npy,,,,,,,,,,,,3.2987968921661377,0.0010584576521068811,,,
nmnist,N-MNIST,SNN-DFA,20260909,H2,actual,delta,basis_eval,512,30,800,neuron,"[30, 128, 800]",centered scatter; population covariance = scatter/(N*T),completed_epoch_100; stored checkpoint epoch=99,results/paper_v9_signal_processing/03_five_seed/checkpoints/dfa_trained/seed_20260909/epoch_100.pt,0800c9e1ee7b4cf64c5099e83f65ae2c8adb1bf072ccdaa45be9f1911ae9bad7,results/paper_v9_signal_processing/01_spectral_metrics/dfa_trained_20260909.csv,results/paper1_experiment03_20260901_server/diagnostic_probe.csv,1.3134595132192227e-06,total,70.42938060401569,1.0,False,15360,104,300,432,536,674,33.98108993861835,400.4891025474471,200.11415578059487,0.67,results/paper_v9_signal_processing/08_covariance_decomposition/spectra/nmnist_seed_20260909_H2_actual_delta_total.npy,536,536,True,,,,,,,,,,,,,
nmnist,N-MNIST,SNN-DFA,20260909,H2,actual,delta,basis_eval,512,30,800,neuron,"[30, 128, 800]",centered scatter; population covariance = scatter/(N*T),completed_epoch_100; stored checkpoint epoch=99,results/paper_v9_signal_processing/03_five_seed/checkpoints/dfa_trained/seed_20260909/epoch_100.pt,0800c9e1ee7b4cf64c5099e83f65ae2c8adb1bf072ccdaa45be9f1911ae9bad7,results/paper_v9_signal_processing/01_spectral_metrics/dfa_trained_20260909.csv,results/paper1_experiment03_20260901_server/diagnostic_probe.csv,1.3134595132192227e-06,within_time,62.12000154939077,0.8820182857869526,False,15360,120,315,444,544,677,74.45907896779023,461.5093381465754,318.6976922509352,0.68,results/paper_v9_signal_processing/08_covariance_decomposition/spectra/nmnist_seed_20260909_H2_actual_delta_within_time.npy,536,536,True,,,,,,,,,,,,,
nmnist,N-MNIST,SNN-DFA,20260909,H2,actual,delta,basis_eval,512,30,800,neuron,"[30, 128, 800]",centered scatter; population covariance = scatter/(N*T),completed_epoch_100; stored checkpoint epoch=99,results/paper_v9_signal_processing/03_five_seed/checkpoints/dfa_trained/seed_20260909/epoch_100.pt,0800c9e1ee7b4cf64c5099e83f65ae2c8adb1bf072ccdaa45be9f1911ae9bad7,results/paper_v9_signal_processing/01_spectral_metrics/dfa_trained_20260909.csv,results/paper1_experiment03_20260901_server/diagnostic_probe.csv,1.3134595132192227e-06,between_sample,8.30938897086863,0.11798185501002194,False,15360,4,12,30,54,123,5.70485897277565,22.070098876594827,10.926824229605423,0.0675,results/paper_v9_signal_processing/08_covariance_decomposition/spectra/nmnist_seed_20260909_H2_actual_delta_between_sample.npy,536,536,True,,,,,,,,,,,,,
nmnist,N-MNIST,SNN-DFA,20260909,H2,actual,gate,basis_eval,512,30,800,neuron,"[30, 128, 800]",centered scatter; population covariance = scatter/(N*T),completed_epoch_100; stored checkpoint epoch=99,results/paper_v9_signal_processing/03_five_seed/checkpoints/dfa_trained/seed_20260909/epoch_100.pt,0800c9e1ee7b4cf64c5099e83f65ae2c8adb1bf072ccdaa45be9f1911ae9bad7,results/paper_v9_signal_processing/01_spectral_metrics/dfa_trained_20260909.csv,results/paper1_experiment03_20260901_server/diagnostic_probe.csv,1.2777812913915418e-07,total,73541.06792878643,1.0,False,15360,251,500,607,668,724,45.541594519150415,655.954043020714,493.0794861854566,0.835,results/paper_v9_signal_processing/08_covariance_decomposition/spectra/nmnist_seed_20260909_H2_actual_gate_total.npy,,,,,,,,,,,,,,,,
nmnist,N-MNIST,SNN-DFA,20260909,H2,actual,gate,basis_eval,512,30,800,neuron,"[30, 128, 800]",centered scatter; population covariance = scatter/(N*T),completed_epoch_100; stored checkpoint epoch=99,results/paper_v9_signal_processing/03_five_seed/checkpoints/dfa_trained/seed_20260909/epoch_100.pt,0800c9e1ee7b4cf64c5099e83f65ae2c8adb1bf072ccdaa45be9f1911ae9bad7,results/paper_v9_signal_processing/01_spectral_metrics/dfa_trained_20260909.csv,results/paper1_experiment03_20260901_server/diagnostic_probe.csv,1.2777812913915418e-07,within_time,69416.66480511465,0.9439170080088359,False,15360,257,503,608,669,724,56.389528120111144,669.7854079556689,545.749923128019,0.83625,results/paper_v9_signal_processing/08_covariance_decomposition/spectra/nmnist_seed_20260909_H2_actual_gate_within_time.npy,,,,,,,,,,,,,,,,
nmnist,N-MNIST,SNN-DFA,20260909,H2,actual,gate,basis_eval,512,30,800,neuron,"[30, 128, 800]",centered scatter; population covariance = scatter/(N*T),completed_epoch_100; stored checkpoint epoch=99,results/paper_v9_signal_processing/03_five_seed/checkpoints/dfa_trained/seed_20260909/epoch_100.pt,0800c9e1ee7b4cf64c5099e83f65ae2c8adb1bf072ccdaa45be9f1911ae9bad7,results/paper_v9_signal_processing/01_spectral_metrics/dfa_trained_20260909.csv,results/paper1_experiment03_20260901_server/diagnostic_probe.csv,1.2777812913915418e-07,between_sample,4124.400673332992,0.05608295867183842,False,15360,38,163,246,313,422,10.141916325199759,172.61475186139876,53.68032567527004,0.39125,results/paper_v9_signal_processing/08_covariance_decomposition/spectra/nmnist_seed_20260909_H2_actual_gate_between_sample.npy,,,,,,,,,,,,,,,,
nmnist,N-MNIST,SNN-DFA,20260909,H2,actual,q_carrier,basis_eval,512,30,800,neuron,"[30, 128, 800]",centered scatter; population covariance = scatter/(N*T),completed_epoch_100; stored checkpoint epoch=99,results/paper_v9_signal_processing/03_five_seed/checkpoints/dfa_trained/seed_20260909/epoch_100.pt,0800c9e1ee7b4cf64c5099e83f65ae2c8adb1bf072ccdaa45be9f1911ae9bad7,results/paper_v9_signal_processing/01_spectral_metrics/dfa_trained_20260909.csv,results/paper1_experiment03_20260901_server/diagnostic_probe.csv,,carrier_total,270.59661144848053,1.0,,512,3,5,7,8,10,4.502721810985261,7.7735430075262455,6.798690016946547,0.01,results/paper_v9_signal_processing/08_covariance_decomposition/spectra/nmnist_seed_20260909_H2_actual_q_carrier_carrier_total.npy,,,,0.537109375,0.53715087890625,1.0,0.02572850695702806,800,10,10,1.0,,,,,
nmnist,N-MNIST,SNN-DFA,20260909,H2,alpha_1_homogenized_frobenius_matched,delta,basis_eval,512,30,800,neuron,"[30, 128, 800]",centered scatter; population covariance = scatter/(N*T),completed_epoch_100; stored checkpoint epoch=99,results/paper_v9_signal_processing/03_five_seed/checkpoints/dfa_trained/seed_20260909/epoch_100.pt,0800c9e1ee7b4cf64c5099e83f65ae2c8adb1bf072ccdaa45be9f1911ae9bad7,results/paper_v9_signal_processing/01_spectral_metrics/dfa_trained_20260909.csv,results/paper1_experiment03_20260901_server/diagnostic_probe.csv,1.0111368415283703e-06,total,73.56384891527756,1.0,False,15360,4,12,30,54,123,5.704861970194004,22.0702888633386,10.926837159658302,0.0675,results/paper_v9_signal_processing/08_covariance_decomposition/spectra/nmnist_seed_20260909_H2_alpha_1_homogenized_frobenius_matched_delta_total.npy,,,,,,,,,,,,2.9754161834716797,0.0009188249241560698,54,True,
nmnist,N-MNIST,SNN-DFA,20260909,H2,alpha_1_homogenized_frobenius_matched,delta,basis_eval,512,30,800,neuron,"[30, 128, 800]",centered scatter; population covariance = scatter/(N*T),completed_epoch_100; stored checkpoint epoch=99,results/paper_v9_signal_processing/03_five_seed/checkpoints/dfa_trained/seed_20260909/epoch_100.pt,0800c9e1ee7b4cf64c5099e83f65ae2c8adb1bf072ccdaa45be9f1911ae9bad7,results/paper_v9_signal_processing/01_spectral_metrics/dfa_trained_20260909.csv,results/paper1_experiment03_20260901_server/diagnostic_probe.csv,1.0111368415283703e-06,within_time,5.348045565654216e-13,7.269937128783845e-15,True,15360,0,0,0,0,0,0.0,0.0,0.0,0.0,results/paper_v9_signal_processing/08_covariance_decomposition/spectra/nmnist_seed_20260909_H2_alpha_1_homogenized_frobenius_matched_delta_within_time.npy,,,,,,,,,,,,2.9754161834716797,0.0009188249241560698,54,True,
nmnist,N-MNIST,SNN-DFA,20260909,H2,alpha_1_homogenized_frobenius_matched,delta,basis_eval,512,30,800,neuron,"[30, 128, 800]",centered scatter; population covariance = scatter/(N*T),completed_epoch_100; stored checkpoint epoch=99,results/paper_v9_signal_processing/03_five_seed/checkpoints/dfa_trained/seed_20260909/epoch_100.pt,0800c9e1ee7b4cf64c5099e83f65ae2c8adb1bf072ccdaa45be9f1911ae9bad7,results/paper_v9_signal_processing/01_spectral_metrics/dfa_trained_20260909.csv,results/paper1_experiment03_20260901_server/diagnostic_probe.csv,1.0111368415283703e-06,between_sample,73.56386117381928,1.000000166638123,False,15360,4,12,30,54,123,5.704859444586347,22.070098864676865,10.926825479846146,0.0675,results/paper_v9_signal_processing/08_covariance_decomposition/spectra/nmnist_seed_20260909_H2_alpha_1_homogenized_frobenius_matched_delta_between_sample.npy,,,,,,,,,,,,2.9754161834716797,0.0009188249241560698,54,True,
nmnist,N-MNIST,SNN-DFA,20260909,H2,alpha_1_homogenized_frobenius_matched,gate,basis_eval,512,30,800,neuron,"[30, 128, 800]",centered scatter; population covariance = scatter/(N*T),completed_epoch_100; stored checkpoint epoch=99,results/paper_v9_signal_processing/03_five_seed/checkpoints/dfa_trained/seed_20260909/epoch_100.pt,0800c9e1ee7b4cf64c5099e83f65ae2c8adb1bf072ccdaa45be9f1911ae9bad7,results/paper_v9_signal_processing/01_spectral_metrics/dfa_trained_20260909.csv,results/paper1_experiment03_20260901_server/diagnostic_probe.csv,2.1162829291375923e-07,total,36513.73421129145,1.0,False,15360,38,163,246,313,422,10.141918643960267,172.61482129456283,53.68034326719431,0.39125,results/paper_v9_signal_processing/08_covariance_decomposition/spectra/nmnist_seed_20260909_H2_alpha_1_homogenized_frobenius_matched_gate_total.npy,,,,,,,,,,,,2.9754161834716797,0.0009188249241560698,,,
nmnist,N-MNIST,SNN-DFA,20260909,H2,alpha_1_homogenized_frobenius_matched,gate,basis_eval,512,30,800,neuron,"[30, 128, 800]",centered scatter; population covariance = scatter/(N*T),completed_epoch_100; stored checkpoint epoch=99,results/paper_v9_signal_processing/03_five_seed/checkpoints/dfa_trained/seed_20260909/epoch_100.pt,0800c9e1ee7b4cf64c5099e83f65ae2c8adb1bf072ccdaa45be9f1911ae9bad7,results/paper_v9_signal_processing/01_spectral_metrics/dfa_trained_20260909.csv,results/paper1_experiment03_20260901_server/diagnostic_probe.csv,2.1162829291375923e-07,within_time,4.472871142862251e-10,1.2249832123385144e-14,True,15360,0,0,0,0,0,0.0,0.0,0.0,0.0,results/paper_v9_signal_processing/08_covariance_decomposition/spectra/nmnist_seed_20260909_H2_alpha_1_homogenized_frobenius_matched_gate_within_time.npy,,,,,,,,,,,,2.9754161834716797,0.0009188249241560698,,,
nmnist,N-MNIST,SNN-DFA,20260909,H2,alpha_1_homogenized_frobenius_matched,gate,basis_eval,512,30,800,neuron,"[30, 128, 800]",centered scatter; population covariance = scatter/(N*T),completed_epoch_100; stored checkpoint epoch=99,results/paper_v9_signal_processing/03_five_seed/checkpoints/dfa_trained/seed_20260909/epoch_100.pt,0800c9e1ee7b4cf64c5099e83f65ae2c8adb1bf072ccdaa45be9f1911ae9bad7,results/paper_v9_signal_processing/01_spectral_metrics/dfa_trained_20260909.csv,results/paper1_experiment03_20260901_server/diagnostic_probe.csv,2.1162829291375923e-07,between_sample,36513.73779195414,1.0000000980634485,False,15360,38,163,246,313,422,10.141913556662866,172.6147574987466,53.68031298522433,0.39125,results/paper_v9_signal_processing/08_covariance_decomposition/spectra/nmnist_seed_20260909_H2_alpha_1_homogenized_frobenius_matched_gate_between_sample.npy,,,,,,,,,,,,2.9754161834716797,0.0009188249241560698,,,
nmnist,N-MNIST,SNN-DFA,20260909,H3,actual,delta,basis_eval,512,30,800,neuron,"[30, 128, 800]",centered scatter; population covariance = scatter/(N*T),completed_epoch_100; stored checkpoint epoch=99,results/paper_v9_signal_processing/03_five_seed/checkpoints/dfa_trained/seed_20260909/epoch_100.pt,0800c9e1ee7b4cf64c5099e83f65ae2c8adb1bf072ccdaa45be9f1911ae9bad7,results/paper_v9_signal_processing/01_spectral_metrics/dfa_trained_20260909.csv,results/paper1_experiment03_20260901_server/diagnostic_probe.csv,1.8745507428525466e-06,total,35.12017402738641,1.0,False,15360,90,269,402,517,686,36.917133156216124,380.9051104307971,208.57564707871043,0.64625,results/paper_v9_signal_processing/08_covariance_decomposition/spectra/nmnist_seed_20260909_H3_actual_delta_total.npy,517,517,True,,,,,,,,,,,,,
nmnist,N-MNIST,SNN-DFA,20260909,H3,actual,delta,basis_eval,512,30,800,neuron,"[30, 128, 800]",centered scatter; population covariance = scatter/(N*T),completed_epoch_100; stored checkpoint epoch=99,results/paper_v9_signal_processing/03_five_seed/checkpoints/dfa_trained/seed_20260909/epoch_100.pt,0800c9e1ee7b4cf64c5099e83f65ae2c8adb1bf072ccdaa45be9f1911ae9bad7,results/paper_v9_signal_processing/01_spectral_metrics/dfa_trained_20260909.csv,results/paper1_experiment03_20260901_server/diagnostic_probe.csv,1.8745507428525466e-06,within_time,32.334218113875444,0.9206736301665674,False,15360,96,276,408,521,688,47.71400784030993,405.26925971165593,250.66694887279166,0.65125,results/paper_v9_signal_processing/08_covariance_decomposition/spectra/nmnist_seed_20260909_H3_actual_delta_within_time.npy,517,517,True,,,,,,,,,,,,,
nmnist,N-MNIST,SNN-DFA,20260909,H3,actual,delta,basis_eval,512,30,800,neuron,"[30, 128, 800]",centered scatter; population covariance = scatter/(N*T),completed_epoch_100; stored checkpoint epoch=99,results/paper_v9_signal_processing/03_five_seed/checkpoints/dfa_trained/seed_20260909/epoch_100.pt,0800c9e1ee7b4cf64c5099e83f65ae2c8adb1bf072ccdaa45be9f1911ae9bad7,results/paper_v9_signal_processing/01_spectral_metrics/dfa_trained_20260909.csv,results/paper1_experiment03_20260901_server/diagnostic_probe.csv,1.8745507428525466e-06,between_sample,2.7859603390921133,0.07932649584593872,False,15360,4,18,38,63,131,5.0918763536381215,26.74307255349723,11.928130508396576,0.07875,results/paper_v9_signal_processing/08_covariance_decomposition/spectra/nmnist_seed_20260909_H3_actual_delta_between_sample.npy,517,517,True,,,,,,,,,,,,,
nmnist,N-MNIST,SNN-DFA,20260909,H3,actual,gate,basis_eval,512,30,800,neuron,"[30, 128, 800]",centered scatter; population covariance = scatter/(N*T),completed_epoch_100; stored checkpoint epoch=99,results/paper_v9_signal_processing/03_five_seed/checkpoints/dfa_trained/seed_20260909/epoch_100.pt,0800c9e1ee7b4cf64c5099e83f65ae2c8adb1bf072ccdaa45be9f1911ae9bad7,results/paper_v9_signal_processing/01_spectral_metrics/dfa_trained_20260909.csv,results/paper1_experiment03_20260901_server/diagnostic_probe.csv,1.9395707336448526e-07,total,29532.85759055842,1.0,False,15360,233,485,605,679,754,49.86663120569549,661.583597813071,499.9181935072847,0.84875,results/paper_v9_signal_processing/08_covariance_decomposition/spectra/nmnist_seed_20260909_H3_actual_gate_total.npy,,,,,,,,,,,,,,,,
nmnist,N-MNIST,SNN-DFA,20260909,H3,actual,gate,basis_eval,512,30,800,neuron,"[30, 128, 800]",centered scatter; population covariance = scatter/(N*T),completed_epoch_100; stored checkpoint epoch=99,results/paper_v9_signal_processing/03_five_seed/checkpoints/dfa_trained/seed_20260909/epoch_100.pt,0800c9e1ee7b4cf64c5099e83f65ae2c8adb1bf072ccdaa45be9f1911ae9bad7,results/paper_v9_signal_processing/01_spectral_metrics/dfa_trained_20260909.csv,results/paper1_experiment03_20260901_server/diagnostic_probe.csv,1.9395707336448526e-07,within_time,27780.13840360487,0.9406518931810416,False,15360,240,489,607,681,754,61.47796639304491,677.5958450412146,552.3585877114361,0.85125,results/paper_v9_signal_processing/08_covariance_decomposition/spectra/nmnist_seed_20260909_H3_actual_gate_within_time.npy,,,,,,,,,,,,,,,,
nmnist,N-MNIST,SNN-DFA,20260909,H3,actual,gate,basis_eval,512,30,800,neuron,"[30, 128, 800]",centered scatter; population covariance = scatter/(N*T),completed_epoch_100; stored checkpoint epoch=99,results/paper_v9_signal_processing/03_five_seed/checkpoints/dfa_trained/seed_20260909/epoch_100.pt,0800c9e1ee7b4cf64c5099e83f65ae2c8adb1bf072ccdaa45be9f1911ae9bad7,results/paper_v9_signal_processing/01_spectral_metrics/dfa_trained_20260909.csv,results/paper1_experiment03_20260901_server/diagnostic_probe.csv,1.9395707336448526e-07,between_sample,1752.7146225385218,0.05934795226516991,False,15360,29,146,227,296,411,11.879841028264597,144.55735343309848,46.04776123122392,0.37,results/paper_v9_signal_processing/08_covariance_decomposition/spectra/nmnist_seed_20260909_H3_actual_gate_between_sample.npy,,,,,,,,,,,,,,,,
nmnist,N-MNIST,SNN-DFA,20260909,H3,actual,q_carrier,basis_eval,512,30,800,neuron,"[30, 128, 800]",centered scatter; population covariance = scatter/(N*T),completed_epoch_100; stored checkpoint epoch=99,results/paper_v9_signal_processing/03_five_seed/checkpoints/dfa_trained/seed_20260909/epoch_100.pt,0800c9e1ee7b4cf64c5099e83f65ae2c8adb1bf072ccdaa45be9f1911ae9bad7,results/paper_v9_signal_processing/01_spectral_metrics/dfa_trained_20260909.csv,results/paper1_experiment03_20260901_server/diagnostic_probe.csv,,carrier_total,267.1440551925119,1.0,,512,3,6,7,8,10,4.44595721370444,7.868952573736738,6.900465346884916,0.01,results/paper_v9_signal_processing/08_covariance_decomposition/spectra/nmnist_seed_20260909_H3_actual_q_carrier_carrier_total.npy,,,,0.537109375,0.5371337890625,1.0,0.025562394427931096,800,10,10,1.0,,,,,
nmnist,N-MNIST,SNN-DFA,20260909,H3,alpha_1_homogenized_frobenius_matched,delta,basis_eval,512,30,800,neuron,"[30, 128, 800]",centered scatter; population covariance = scatter/(N*T),completed_epoch_100; stored checkpoint epoch=99,results/paper_v9_signal_processing/03_five_seed/checkpoints/dfa_trained/seed_20260909/epoch_100.pt,0800c9e1ee7b4cf64c5099e83f65ae2c8adb1bf072ccdaa45be9f1911ae9bad7,results/paper_v9_signal_processing/01_spectral_metrics/dfa_trained_20260909.csv,results/paper1_experiment03_20260901_server/diagnostic_probe.csv,1.2031706964690233e-06,total,33.16662523929603,1.0,False,15360,4,18,38,63,131,5.091878386345003,26.743283162302045,11.928142052789877,0.07875,results/paper_v9_signal_processing/08_covariance_decomposition/spectra/nmnist_seed_20260909_H3_alpha_1_homogenized_frobenius_matched_delta_total.npy,,,,,,,,,,,,3.450350284576416,0.001226334017701447,63,True,
nmnist,N-MNIST,SNN-DFA,20260909,H3,alpha_1_homogenized_frobenius_matched,delta,basis_eval,512,30,800,neuron,"[30, 128, 800]",centered scatter; population covariance = scatter/(N*T),completed_epoch_100; stored checkpoint epoch=99,results/paper_v9_signal_processing/03_five_seed/checkpoints/dfa_trained/seed_20260909/epoch_100.pt,0800c9e1ee7b4cf64c5099e83f65ae2c8adb1bf072ccdaa45be9f1911ae9bad7,results/paper_v9_signal_processing/01_spectral_metrics/dfa_trained_20260909.csv,results/paper1_experiment03_20260901_server/diagnostic_probe.csv,1.2031706964690233e-06,within_time,2.384191930831672e-13,7.188527363365466e-15,True,15360,0,0,0,0,0,0.0,0.0,0.0,0.0,results/paper_v9_signal_processing/08_covariance_decomposition/spectra/nmnist_seed_20260909_H3_alpha_1_homogenized_frobenius_matched_delta_within_time.npy,,,,,,,,,,,,3.450350284576416,0.001226334017701447,63,True,
nmnist,N-MNIST,SNN-DFA,20260909,H3,alpha_1_homogenized_frobenius_matched,delta,basis_eval,512,30,800,neuron,"[30, 128, 800]",centered scatter; population covariance = scatter/(N*T),completed_epoch_100; stored checkpoint epoch=99,results/paper_v9_signal_processing/03_five_seed/checkpoints/dfa_trained/seed_20260909/epoch_100.pt,0800c9e1ee7b4cf64c5099e83f65ae2c8adb1bf072ccdaa45be9f1911ae9bad7,results/paper_v9_signal_processing/01_spectral_metrics/dfa_trained_20260909.csv,results/paper1_experiment03_20260901_server/diagnostic_probe.csv,1.2031706964690233e-06,between_sample,33.166626897199684,1.0000000499871073,False,15360,4,18,38,63,131,5.091876833310068,26.74306776894181,11.928130862653617,0.07875,results/paper_v9_signal_processing/08_covariance_decomposition/spectra/nmnist_seed_20260909_H3_alpha_1_homogenized_frobenius_matched_delta_between_sample.npy,,,,,,,,,,,,3.450350284576416,0.001226334017701447,63,True,
nmnist,N-MNIST,SNN-DFA,20260909,H3,alpha_1_homogenized_frobenius_matched,gate,basis_eval,512,30,800,neuron,"[30, 128, 800]",centered scatter; population covariance = scatter/(N*T),completed_epoch_100; stored checkpoint epoch=99,results/paper_v9_signal_processing/03_five_seed/checkpoints/dfa_trained/seed_20260909/epoch_100.pt,0800c9e1ee7b4cf64c5099e83f65ae2c8adb1bf072ccdaa45be9f1911ae9bad7,results/paper_v9_signal_processing/01_spectral_metrics/dfa_trained_20260909.csv,results/paper1_experiment03_20260901_server/diagnostic_probe.csv,2.0584648249923238e-07,total,20865.92010137306,1.0,False,15360,29,146,227,296,411,11.87984123493936,144.55734656530456,46.04775509589236,0.37,results/paper_v9_signal_processing/08_covariance_decomposition/spectra/nmnist_seed_20260909_H3_alpha_1_homogenized_frobenius_matched_gate_total.npy,,,,,,,,,,,,3.450350284576416,0.001226334017701447,,,
nmnist,N-MNIST,SNN-DFA,20260909,H3,alpha_1_homogenized_frobenius_matched,gate,basis_eval,512,30,800,neuron,"[30, 128, 800]",centered scatter; population covariance = scatter/(N*T),completed_epoch_100; stored checkpoint epoch=99,results/paper_v9_signal_processing/03_five_seed/checkpoints/dfa_trained/seed_20260909/epoch_100.pt,0800c9e1ee7b4cf64c5099e83f65ae2c8adb1bf072ccdaa45be9f1911ae9bad7,results/paper_v9_signal_processing/01_spectral_metrics/dfa_trained_20260909.csv,results/paper1_experiment03_20260901_server/diagnostic_probe.csv,2.0584648249923238e-07,within_time,1.9447453719648673e-10,9.320199456897639e-15,True,15360,0,0,0,0,0,0.0,0.0,0.0,0.0,results/paper_v9_signal_processing/08_covariance_decomposition/spectra/nmnist_seed_20260909_H3_alpha_1_homogenized_frobenius_matched_gate_within_time.npy,,,,,,,,,,,,3.450350284576416,0.001226334017701447,,,
nmnist,N-MNIST,SNN-DFA,20260909,H3,alpha_1_homogenized_frobenius_matched,gate,basis_eval,512,30,800,neuron,"[30, 128, 800]",centered scatter; population covariance = scatter/(N*T),completed_epoch_100; stored checkpoint epoch=99,results/paper_v9_signal_processing/03_five_seed/checkpoints/dfa_trained/seed_20260909/epoch_100.pt,0800c9e1ee7b4cf64c5099e83f65ae2c8adb1bf072ccdaa45be9f1911ae9bad7,results/paper_v9_signal_processing/01_spectral_metrics/dfa_trained_20260909.csv,results/paper1_experiment03_20260901_server/diagnostic_probe.csv,2.0584648249923238e-07,between_sample,20865.922380921213,1.0000001092474304,False,15360,29,146,227,296,411,11.87983962589485,144.55734871681804,46.04775778719874,0.37,results/paper_v9_signal_processing/08_covariance_decomposition/spectra/nmnist_seed_20260909_H3_alpha_1_homogenized_frobenius_matched_gate_between_sample.npy,,,,,,,,,,,,3.450350284576416,0.001226334017701447,,,
ann,N-MNIST,temporal ANN-DFA,20260830,H1,actual,delta,basis_eval,512,30,800,neuron,"[30, 128, 800]",centered scatter; population covariance = scatter/(N*T),completed_epoch_100; stored checkpoint epoch=99,results/paper1_experiment03_20260901_server/checkpoints/stageB_ann/temporal_ann_dfa/seed_20260830/epoch_100.pt,e9da049cb3b321aa4f5700c71788e8d685b721f654fbafc0fe94502dde8dcc50,results/paper_v9_signal_processing/01_spectral_metrics/temporal_ann_dfa_20260830.csv,results/paper1_experiment03_20260901_server/diagnostic_probe.csv,3.4620344964266654e-07,total,141.9677681204102,1.0,False,15360,39,253,399,508,649,11.299350085555766,196.33488874433948,45.961729784207435,0.635,results/paper_v9_signal_processing/08_covariance_decomposition/spectra/ann_seed_20260830_H1_actual_delta_total.npy,508,508,True,,,,,,,,,,,,,
ann,N-MNIST,temporal ANN-DFA,20260830,H1,actual,delta,basis_eval,512,30,800,neuron,"[30, 128, 800]",centered scatter; population covariance = scatter/(N*T),completed_epoch_100; stored checkpoint epoch=99,results/paper1_experiment03_20260901_server/checkpoints/stageB_ann/temporal_ann_dfa/seed_20260830/epoch_100.pt,e9da049cb3b321aa4f5700c71788e8d685b721f654fbafc0fe94502dde8dcc50,results/paper_v9_signal_processing/01_spectral_metrics/temporal_ann_dfa_20260830.csv,results/paper1_experiment03_20260901_server/diagnostic_probe.csv,3.4620344964266654e-07,within_time,79.60542228473253,0.5607288424596142,False,15360,146,356,475,560,665,90.31542702819999,509.9027222253629,378.5864017233359,0.7,results/paper_v9_signal_processing/08_covariance_decomposition/spectra/ann_seed_20260830_H1_actual_delta_within_time.npy,508,508,True,,,,,,,,,,,,,
ann,N-MNIST,temporal ANN-DFA,20260830,H1,actual,delta,basis_eval,512,30,800,neuron,"[30, 128, 800]",centered scatter; population covariance = scatter/(N*T),completed_epoch_100; stored checkpoint epoch=99,results/paper1_experiment03_20260901_server/checkpoints/stageB_ann/temporal_ann_dfa/seed_20260830/epoch_100.pt,e9da049cb3b321aa4f5700c71788e8d685b721f654fbafc0fe94502dde8dcc50,results/paper_v9_signal_processing/01_spectral_metrics/temporal_ann_dfa_20260830.csv,results/paper1_experiment03_20260901_server/diagnostic_probe.csv,3.4620344964266654e-07,between_sample,62.36235198658489,0.4392712008664682,False,15360,4,8,18,53,199,5.009941653260246,17.712226895641404,9.6705938670708,0.06625,results/paper_v9_signal_processing/08_covariance_decomposition/spectra/ann_seed_20260830_H1_actual_delta_between_sample.npy,508,508,True,,,,,,,,,,,,,
ann,N-MNIST,temporal ANN-DFA,20260830,H1,actual,gate,basis_eval,512,30,800,neuron,"[30, 128, 800]",centered scatter; population covariance = scatter/(N*T),completed_epoch_100; stored checkpoint epoch=99,results/paper1_experiment03_20260901_server/checkpoints/stageB_ann/temporal_ann_dfa/seed_20260830/epoch_100.pt,e9da049cb3b321aa4f5700c71788e8d685b721f654fbafc0fe94502dde8dcc50,results/paper_v9_signal_processing/01_spectral_metrics/temporal_ann_dfa_20260830.csv,results/paper1_experiment03_20260901_server/diagnostic_probe.csv,9.524886034574362e-07,total,1135873.5717596884,1.0,False,15360,108,366,500,585,678,31.895956557276005,409.93347699131164,187.39759056263378,0.73125,results/paper_v9_signal_processing/08_covariance_decomposition/spectra/ann_seed_20260830_H1_actual_gate_total.npy,,,,,,,,,,,,,,,,
ann,N-MNIST,temporal ANN-DFA,20260830,H1,actual,gate,basis_eval,512,30,800,neuron,"[30, 128, 800]",centered scatter; population covariance = scatter/(N*T),completed_epoch_100; stored checkpoint epoch=99,results/paper1_experiment03_20260901_server/checkpoints/stageB_ann/temporal_ann_dfa/seed_20260830/epoch_100.pt,e9da049cb3b321aa4f5700c71788e8d685b721f654fbafc0fe94502dde8dcc50,results/paper_v9_signal_processing/01_spectral_metrics/temporal_ann_dfa_20260830.csv,results/paper1_experiment03_20260901_server/diagnostic_probe.csv,9.524886034574362e-07,within_time,1014985.2516986728,0.8935723807062997,False,15360,125,380,509,590,680,41.39735170228706,449.8407769542208,236.68675940514422,0.7375,results/paper_v9_signal_processing/08_covariance_decomposition/spectra/ann_seed_20260830_H1_actual_gate_within_time.npy,,,,,,,,,,,,,,,,
ann,N-MNIST,temporal ANN-DFA,20260830,H1,actual,gate,basis_eval,512,30,800,neuron,"[30, 128, 800]",centered scatter; population covariance = scatter/(N*T),completed_epoch_100; stored checkpoint epoch=99,results/paper1_experiment03_20260901_server/checkpoints/stageB_ann/temporal_ann_dfa/seed_20260830/epoch_100.pt,e9da049cb3b321aa4f5700c71788e8d685b721f654fbafc0fe94502dde8dcc50,results/paper_v9_signal_processing/01_spectral_metrics/temporal_ann_dfa_20260830.csv,results/paper1_experiment03_20260901_server/diagnostic_probe.csv,9.524886034574362e-07,between_sample,120888.56912496894,0.10642783856454122,False,15360,5,46,129,212,359,5.251565132650404,46.62259349250811,13.696319485489763,0.265,results/paper_v9_signal_processing/08_covariance_decomposition/spectra/ann_seed_20260830_H1_actual_gate_between_sample.npy,,,,,,,,,,,,,,,,
ann,N-MNIST,temporal ANN-DFA,20260830,H1,actual,q_carrier,basis_eval,512,30,800,neuron,"[30, 128, 800]",centered scatter; population covariance = scatter/(N*T),completed_epoch_100; stored checkpoint epoch=99,results/paper1_experiment03_20260901_server/checkpoints/stageB_ann/temporal_ann_dfa/seed_20260830/epoch_100.pt,e9da049cb3b321aa4f5700c71788e8d685b721f654fbafc0fe94502dde8dcc50,results/paper_v9_signal_processing/01_spectral_metrics/temporal_ann_dfa_20260830.csv,results/paper1_experiment03_20260901_server/diagnostic_probe.csv,,carrier_total,28.35601868552764,1.0,,512,4,7,8,9,9,6.347060146420517,8.787932876555361,8.4321627899001,0.01125,results/paper_v9_signal_processing/08_covariance_decomposition/spectra/ann_seed_20260830_H1_actual_q_carrier_carrier_total.npy,,,,0.0,0.00010009765625,1.0,0.008607476768363216,800,10,10,1.0,,,,,
ann,N-MNIST,temporal ANN-DFA,20260830,H2,actual,delta,basis_eval,512,30,800,neuron,"[30, 128, 800]",centered scatter; population covariance = scatter/(N*T),completed_epoch_100; stored checkpoint epoch=99,results/paper1_experiment03_20260901_server/checkpoints/stageB_ann/temporal_ann_dfa/seed_20260830/epoch_100.pt,e9da049cb3b321aa4f5700c71788e8d685b721f654fbafc0fe94502dde8dcc50,results/paper_v9_signal_processing/01_spectral_metrics/temporal_ann_dfa_20260830.csv,results/paper1_experiment03_20260901_server/diagnostic_probe.csv,2.7365059715840857e-07,total,156.77314242561386,1.0,False,15360,7,56,127,192,278,9.040062030377737,55.022121189473005,20.56021843310144,0.24,results/paper_v9_signal_processing/08_covariance_decomposition/spectra/ann_seed_20260830_H2_actual_delta_total.npy,192,192,True,,,,,,,,,,,,,
ann,N-MNIST,temporal ANN-DFA,20260830,H2,actual,delta,basis_eval,512,30,800,neuron,"[30, 128, 800]",centered scatter; population covariance = scatter/(N*T),completed_epoch_100; stored checkpoint epoch=99,results/paper1_experiment03_20260901_server/checkpoints/stageB_ann/temporal_ann_dfa/seed_20260830/epoch_100.pt,e9da049cb3b321aa4f5700c71788e8d685b721f654fbafc0fe94502dde8dcc50,results/paper_v9_signal_processing/01_spectral_metrics/temporal_ann_dfa_20260830.csv,results/paper1_experiment03_20260901_server/diagnostic_probe.csv,2.7365059715840857e-07,within_time,52.93673932190476,0.3376645929453275,False,15360,54,152,210,250,295,26.884239708083435,207.7280178984268,136.2567390767034,0.3125,results/paper_v9_signal_processing/08_covariance_decomposition/spectra/ann_seed_20260830_H2_actual_delta_within_time.npy,192,192,True,,,,,,,,,,,,,
ann,N-MNIST,temporal ANN-DFA,20260830,H2,actual,delta,basis_eval,512,30,800,neuron,"[30, 128, 800]",centered scatter; population covariance = scatter/(N*T),completed_epoch_100; stored checkpoint epoch=99,results/paper1_experiment03_20260901_server/checkpoints/stageB_ann/temporal_ann_dfa/seed_20260830/epoch_100.pt,e9da049cb3b321aa4f5700c71788e8d685b721f654fbafc0fe94502dde8dcc50,results/paper_v9_signal_processing/01_spectral_metrics/temporal_ann_dfa_20260830.csv,results/paper1_experiment03_20260901_server/diagnostic_probe.csv,2.7365059715840857e-07,between_sample,103.8364117320495,0.6623354620917806,False,15360,4,8,9,25,92,6.19368203578436,14.533820571234537,9.885283736848722,0.03125,results/paper_v9_signal_processing/08_covariance_decomposition/spectra/ann_seed_20260830_H2_actual_delta_between_sample.npy,192,192,True,,,,,,,,,,,,,
ann,N-MNIST,temporal ANN-DFA,20260830,H2,actual,gate,basis_eval,512,30,800,neuron,"[30, 128, 800]",centered scatter; population covariance = scatter/(N*T),completed_epoch_100; stored checkpoint epoch=99,results/paper1_experiment03_20260901_server/checkpoints/stageB_ann/temporal_ann_dfa/seed_20260830/epoch_100.pt,e9da049cb3b321aa4f5700c71788e8d685b721f654fbafc0fe94502dde8dcc50,results/paper_v9_signal_processing/01_spectral_metrics/temporal_ann_dfa_20260830.csv,results/paper1_experiment03_20260901_server/diagnostic_probe.csv,7.027571870546514e-07,total,857788.813850544,1.0,False,15360,20,136,205,249,297,13.357913395389811,128.27105848882854,50.514170663858295,0.31125,results/paper_v9_signal_processing/08_covariance_decomposition/spectra/ann_seed_20260830_H2_actual_gate_total.npy,,,,,,,,,,,,,,,,
ann,N-MNIST,temporal ANN-DFA,20260830,H2,actual,gate,basis_eval,512,30,800,neuron,"[30, 128, 800]",centered scatter; population covariance = scatter/(N*T),completed_epoch_100; stored checkpoint epoch=99,results/paper1_experiment03_20260901_server/checkpoints/stageB_ann/temporal_ann_dfa/seed_20260830/epoch_100.pt,e9da049cb3b321aa4f5700c71788e8d685b721f654fbafc0fe94502dde8dcc50,results/paper_v9_signal_processing/01_spectral_metrics/temporal_ann_dfa_20260830.csv,results/paper1_experiment03_20260901_server/diagnostic_probe.csv,7.027571870546514e-07,within_time,703530.9456845522,0.8201680114321602,False,15360,32,152,216,255,299,16.189260600155304,153.70727149381057,65.7500622438791,0.31875,results/paper_v9_signal_processing/08_covariance_decomposition/spectra/ann_seed_20260830_H2_actual_gate_within_time.npy,,,,,,,,,,,,,,,,
ann,N-MNIST,temporal ANN-DFA,20260830,H2,actual,gate,basis_eval,512,30,800,neuron,"[30, 128, 800]",centered scatter; population covariance = scatter/(N*T),completed_epoch_100; stored checkpoint epoch=99,results/paper1_experiment03_20260901_server/checkpoints/stageB_ann/temporal_ann_dfa/seed_20260830/epoch_100.pt,e9da049cb3b321aa4f5700c71788e8d685b721f654fbafc0fe94502dde8dcc50,results/paper_v9_signal_processing/01_spectral_metrics/temporal_ann_dfa_20260830.csv,results/paper1_experiment03_20260901_server/diagnostic_probe.csv,7.027571870546514e-07,between_sample,154257.84581046208,0.17983196250602895,False,15360,4,12,33,84,195,3.755472720757906,21.898796572472516,8.759410406315743,0.105,results/paper_v9_signal_processing/08_covariance_decomposition/spectra/ann_seed_20260830_H2_actual_gate_between_sample.npy,,,,,,,,,,,,,,,,
ann,N-MNIST,temporal ANN-DFA,20260830,H2,actual,q_carrier,basis_eval,512,30,800,neuron,"[30, 128, 800]",centered scatter; population covariance = scatter/(N*T),completed_epoch_100; stored checkpoint epoch=99,results/paper1_experiment03_20260901_server/checkpoints/stageB_ann/temporal_ann_dfa/seed_20260830/epoch_100.pt,e9da049cb3b321aa4f5700c71788e8d685b721f654fbafc0fe94502dde8dcc50,results/paper_v9_signal_processing/01_spectral_metrics/temporal_ann_dfa_20260830.csv,results/paper1_experiment03_20260901_server/diagnostic_probe.csv,,carrier_total,27.487869502180992,1.0,,512,4,7,8,9,9,6.443542917535235,8.802384323733703,8.481777305741355,0.01125,results/paper_v9_signal_processing/08_covariance_decomposition/spectra/ann_seed_20260830_H2_actual_q_carrier_carrier_total.npy,,,,0.0,9.033203125e-05,1.0,0.00847458640635795,800,10,10,1.0,,,,,
ann,N-MNIST,temporal ANN-DFA,20260830,H3,actual,delta,basis_eval,512,30,800,neuron,"[30, 128, 800]",centered scatter; population covariance = scatter/(N*T),completed_epoch_100; stored checkpoint epoch=99,results/paper1_experiment03_20260901_server/checkpoints/stageB_ann/temporal_ann_dfa/seed_20260830/epoch_100.pt,e9da049cb3b321aa4f5700c71788e8d685b721f654fbafc0fe94502dde8dcc50,results/paper_v9_signal_processing/01_spectral_metrics/temporal_ann_dfa_20260830.csv,results/paper1_experiment03_20260901_server/diagnostic_probe.csv,2.658518853911525e-07,total,89.60966547177856,1.0,False,15360,6,28,64,103,166,8.004640046204486,37.78279424883873,17.239455725825824,0.12875,results/paper_v9_signal_processing/08_covariance_decomposition/spectra/ann_seed_20260830_H3_actual_delta_total.npy,103,103,True,,,,,,,,,,,,,
ann,N-MNIST,temporal ANN-DFA,20260830,H3,actual,delta,basis_eval,512,30,800,neuron,"[30, 128, 800]",centered scatter; population covariance = scatter/(N*T),completed_epoch_100; stored checkpoint epoch=99,results/paper1_experiment03_20260901_server/checkpoints/stageB_ann/temporal_ann_dfa/seed_20260830/epoch_100.pt,e9da049cb3b321aa4f5700c71788e8d685b721f654fbafc0fe94502dde8dcc50,results/paper_v9_signal_processing/01_spectral_metrics/temporal_ann_dfa_20260830.csv,results/paper1_experiment03_20260901_server/diagnostic_probe.csv,2.658518853911525e-07,within_time,25.60885841333221,0.28578232357532235,False,15360,30,85,121,148,187,20.311162484509794,121.14864722651048,78.94677326570518,0.185,results/paper_v9_signal_processing/08_covariance_decomposition/spectra/ann_seed_20260830_H3_actual_delta_within_time.npy,103,103,True,,,,,,,,,,,,,
ann,N-MNIST,temporal ANN-DFA,20260830,H3,actual,delta,basis_eval,512,30,800,neuron,"[30, 128, 800]",centered scatter; population covariance = scatter/(N*T),completed_epoch_100; stored checkpoint epoch=99,results/paper1_experiment03_20260901_server/checkpoints/stageB_ann/temporal_ann_dfa/seed_20260830/epoch_100.pt,e9da049cb3b321aa4f5700c71788e8d685b721f654fbafc0fe94502dde8dcc50,results/paper_v9_signal_processing/01_spectral_metrics/temporal_ann_dfa_20260830.csv,results/paper1_experiment03_20260901_server/diagnostic_probe.csv,2.658518853911525e-07,between_sample,64.00081616939342,0.7142177780983869,False,15360,4,8,11,23,64,6.037504490118045,14.504906267120504,9.864553214666582,0.02875,results/paper_v9_signal_processing/08_covariance_decomposition/spectra/ann_seed_20260830_H3_actual_delta_between_sample.npy,103,103,True,,,,,,,,,,,,,
ann,N-MNIST,temporal ANN-DFA,20260830,H3,actual,gate,basis_eval,512,30,800,neuron,"[30, 128, 800]",centered scatter; population covariance = scatter/(N*T),completed_epoch_100; stored checkpoint epoch=99,results/paper1_experiment03_20260901_server/checkpoints/stageB_ann/temporal_ann_dfa/seed_20260830/epoch_100.pt,e9da049cb3b321aa4f5700c71788e8d685b721f654fbafc0fe94502dde8dcc50,results/paper_v9_signal_processing/01_spectral_metrics/temporal_ann_dfa_20260830.csv,results/paper1_experiment03_20260901_server/diagnostic_probe.csv,7.29014061764011e-07,total,425769.4164154333,1.0,False,15360,9,61,105,137,182,8.760720252628595,62.990487357061056,26.209228109346448,0.17125,results/paper_v9_signal_processing/08_covariance_decomposition/spectra/ann_seed_20260830_H3_actual_gate_total.npy,,,,,,,,,,,,,,,,
ann,N-MNIST,temporal ANN-DFA,20260830,H3,actual,gate,basis_eval,512,30,800,neuron,"[30, 128, 800]",centered scatter; population covariance = scatter/(N*T),completed_epoch_100; stored checkpoint epoch=99,results/paper1_experiment03_20260901_server/checkpoints/stageB_ann/temporal_ann_dfa/seed_20260830/epoch_100.pt,e9da049cb3b321aa4f5700c71788e8d685b721f654fbafc0fe94502dde8dcc50,results/paper_v9_signal_processing/01_spectral_metrics/temporal_ann_dfa_20260830.csv,results/paper1_experiment03_20260901_server/diagnostic_probe.csv,7.29014061764011e-07,within_time,326715.3827601671,0.7673528679227237,False,15360,13,75,116,145,186,8.348199394620444,77.23272782239151,30.65231452489402,0.18125,results/paper_v9_signal_processing/08_covariance_decomposition/spectra/ann_seed_20260830_H3_actual_gate_within_time.npy,,,,,,,,,,,,,,,,
ann,N-MNIST,temporal ANN-DFA,20260830,H3,actual,gate,basis_eval,512,30,800,neuron,"[30, 128, 800]",centered scatter; population covariance = scatter/(N*T),completed_epoch_100; stored checkpoint epoch=99,results/paper1_experiment03_20260901_server/checkpoints/stageB_ann/temporal_ann_dfa/seed_20260830/epoch_100.pt,e9da049cb3b321aa4f5700c71788e8d685b721f654fbafc0fe94502dde8dcc50,results/paper_v9_signal_processing/01_spectral_metrics/temporal_ann_dfa_20260830.csv,results/paper1_experiment03_20260901_server/diagnostic_probe.csv,7.29014061764011e-07,between_sample,99054.00778387825,0.23264707131342874,False,15360,3,8,13,33,110,3.8193343937773725,15.04363474321203,8.15258580801008,0.04125,results/paper_v9_signal_processing/08_covariance_decomposition/spectra/ann_seed_20260830_H3_actual_gate_between_sample.npy,,,,,,,,,,,,,,,,
ann,N-MNIST,temporal ANN-DFA,20260830,H3,actual,q_carrier,basis_eval,512,30,800,neuron,"[30, 128, 800]",centered scatter; population covariance = scatter/(N*T),completed_epoch_100; stored checkpoint epoch=99,results/paper1_experiment03_20260901_server/checkpoints/stageB_ann/temporal_ann_dfa/seed_20260830/epoch_100.pt,e9da049cb3b321aa4f5700c71788e8d685b721f654fbafc0fe94502dde8dcc50,results/paper_v9_signal_processing/01_spectral_metrics/temporal_ann_dfa_20260830.csv,results/paper1_experiment03_20260901_server/diagnostic_probe.csv,,carrier_total,27.715381183295786,1.0,,512,4,7,8,9,9,6.478783532345535,8.790937633346687,8.452788738489597,0.01125,results/paper_v9_signal_processing/08_covariance_decomposition/spectra/ann_seed_20260830_H3_actual_q_carrier_carrier_total.npy,,,,0.0,0.00010009765625,1.0,0.00854464651109234,800,10,10,1.0,,,,,
ann,N-MNIST,temporal ANN-DFA,20260831,H1,actual,delta,basis_eval,512,30,800,neuron,"[30, 128, 800]",centered scatter; population covariance = scatter/(N*T),completed_epoch_100; stored checkpoint epoch=99,results/paper1_experiment03_20260901_server/checkpoints/stageB_ann/temporal_ann_dfa/seed_20260831/epoch_100.pt,582eaf2e63392b550e7f2d3208dda5e5757d7501c5ad43b98913f4a243bac29c,results/paper_v9_signal_processing/01_spectral_metrics/temporal_ann_dfa_20260831.csv,results/paper1_experiment03_20260901_server/diagnostic_probe.csv,4.268431488945211e-07,total,73.94420334705191,1.0,False,15360,71,289,429,531,659,11.724735279989595,269.2232825000316,66.317623612432,0.66375,results/paper_v9_signal_processing/08_covariance_decomposition/spectra/ann_seed_20260831_H1_actual_delta_total.npy,531,531,True,,,,,,,,,,,,,
ann,N-MNIST,temporal ANN-DFA,20260831,H1,actual,delta,basis_eval,512,30,800,neuron,"[30, 128, 800]",centered scatter; population covariance = scatter/(N*T),completed_epoch_100; stored checkpoint epoch=99,results/paper1_experiment03_20260901_server/checkpoints/stageB_ann/temporal_ann_dfa/seed_20260831/epoch_100.pt,582eaf2e63392b550e7f2d3208dda5e5757d7501c5ad43b98913f4a243bac29c,results/paper_v9_signal_processing/01_spectral_metrics/temporal_ann_dfa_20260831.csv,results/paper1_experiment03_20260901_server/diagnostic_probe.csv,4.268431488945211e-07,within_time,48.44121545510221,0.655104974594787,False,15360,147,359,479,563,667,101.18435011994279,514.4622150445031,385.66756530009934,0.70375,results/paper_v9_signal_processing/08_covariance_decomposition/spectra/ann_seed_20260831_H1_actual_delta_within_time.npy,531,531,True,,,,,,,,,,,,,
ann,N-MNIST,temporal ANN-DFA,20260831,H1,actual,delta,basis_eval,512,30,800,neuron,"[30, 128, 800]",centered scatter; population covariance = scatter/(N*T),completed_epoch_100; stored checkpoint epoch=99,results/paper1_experiment03_20260901_server/checkpoints/stageB_ann/temporal_ann_dfa/seed_20260831/epoch_100.pt,582eaf2e63392b550e7f2d3208dda5e5757d7501c5ad43b98913f4a243bac29c,results/paper_v9_signal_processing/01_spectral_metrics/temporal_ann_dfa_20260831.csv,results/paper1_experiment03_20260901_server/diagnostic_probe.csv,4.268431488945211e-07,between_sample,25.502993280944693,0.34489509828442116,False,15360,4,9,33,84,239,4.080762517151859,20.501699750342166,9.089951230748873,0.105,results/paper_v9_signal_processing/08_covariance_decomposition/spectra/ann_seed_20260831_H1_actual_delta_between_sample.npy,531,531,True,,,,,,,,,,,,,
ann,N-MNIST,temporal ANN-DFA,20260831,H1,actual,gate,basis_eval,512,30,800,neuron,"[30, 128, 800]",centered scatter; population covariance = scatter/(N*T),completed_epoch_100; stored checkpoint epoch=99,results/paper1_experiment03_20260901_server/checkpoints/stageB_ann/temporal_ann_dfa/seed_20260831/epoch_100.pt,582eaf2e63392b550e7f2d3208dda5e5757d7501c5ad43b98913f4a243bac29c,results/paper_v9_signal_processing/01_spectral_metrics/temporal_ann_dfa_20260831.csv,results/paper1_experiment03_20260901_server/diagnostic_probe.csv,9.692559147894412e-07,total,1050374.3329207439,1.0,False,15360,116,372,503,585,678,35.25121572336905,425.52454129936865,203.06436236036888,0.73125,results/paper_v9_signal_processing/08_covariance_decomposition/spectra/ann_seed_20260831_H1_actual_gate_total.npy,,,,,,,,,,,,,,,,
ann,N-MNIST,temporal ANN-DFA,20260831,H1,actual,gate,basis_eval,512,30,800,neuron,"[30, 128, 800]",centered scatter; population covariance = scatter/(N*T),completed_epoch_100; stored checkpoint epoch=99,results/paper1_experiment03_20260901_server/checkpoints/stageB_ann/temporal_ann_dfa/seed_20260831/epoch_100.pt,582eaf2e63392b550e7f2d3208dda5e5757d7501c5ad43b98913f4a243bac29c,results/paper_v9_signal_processing/01_spectral_metrics/temporal_ann_dfa_20260831.csv,results/paper1_experiment03_20260901_server/diagnostic_probe.csv,9.692559147894412e-07,within_time,950160.1015403867,0.9045918885872863,False,15360,130,383,510,589,680,36.40207889310072,455.0881160690624,234.254931631106,0.73625,results/paper_v9_signal_processing/08_covariance_decomposition/spectra/ann_seed_20260831_H1_actual_gate_within_time.npy,,,,,,,,,,,,,,,,
ann,N-MNIST,temporal ANN-DFA,20260831,H1,actual,gate,basis_eval,512,30,800,neuron,"[30, 128, 800]",centered scatter; population covariance = scatter/(N*T),completed_epoch_100; stored checkpoint epoch=99,results/paper1_experiment03_20260901_server/checkpoints/stageB_ann/temporal_ann_dfa/seed_20260831/epoch_100.pt,582eaf2e63392b550e7f2d3208dda5e5757d7501c5ad43b98913f4a243bac29c,results/paper_v9_signal_processing/01_spectral_metrics/temporal_ann_dfa_20260831.csv,results/paper1_experiment03_20260901_server/diagnostic_probe.csv,9.692559147894412e-07,between_sample,100214.50680395664,0.09540837362742216,False,15360,6,60,145,226,366,5.276604569988441,55.50220128862148,15.569269348322502,0.2825,results/paper_v9_signal_processing/08_covariance_decomposition/spectra/ann_seed_20260831_H1_actual_gate_between_sample.npy,,,,,,,,,,,,,,,,
ann,N-MNIST,temporal ANN-DFA,20260831,H1,actual,q_carrier,basis_eval,512,30,800,neuron,"[30, 128, 800]",centered scatter; population covariance = scatter/(N*T),completed_epoch_100; stored checkpoint epoch=99,results/paper1_experiment03_20260901_server/checkpoints/stageB_ann/temporal_ann_dfa/seed_20260831/epoch_100.pt,582eaf2e63392b550e7f2d3208dda5e5757d7501c5ad43b98913f4a243bac29c,results/paper_v9_signal_processing/01_spectral_metrics/temporal_ann_dfa_20260831.csv,results/paper1_experiment03_20260901_server/diagnostic_probe.csv,,carrier_total,17.436804954277907,1.0,,512,4,7,8,9,9,6.235149932919048,8.884438705309417,8.502215307843748,0.01125,results/paper_v9_signal_processing/08_covariance_decomposition/spectra/ann_seed_20260831_H1_actual_q_carrier_carrier_total.npy,,,,0.0,0.0001220703125,1.0,0.006971876088162589,800,10,10,1.0,,,,,
ann,N-MNIST,temporal ANN-DFA,20260831,H2,actual,delta,basis_eval,512,30,800,neuron,"[30, 128, 800]",centered scatter; population covariance = scatter/(N*T),completed_epoch_100; stored checkpoint epoch=99,results/paper1_experiment03_20260901_server/checkpoints/stageB_ann/temporal_ann_dfa/seed_20260831/epoch_100.pt,582eaf2e63392b550e7f2d3208dda5e5757d7501c5ad43b98913f4a243bac29c,results/paper_v9_signal_processing/01_spectral_metrics/temporal_ann_dfa_20260831.csv,results/paper1_experiment03_20260901_server/diagnostic_probe.csv,2.87463907718329e-07,total,121.05479914354723,1.0,False,15360,7,70,154,228,326,10.098933459481254,66.6677229061257,23.730739189493725,0.285,results/paper_v9_signal_processing/08_covariance_decomposition/spectra/ann_seed_20260831_H2_actual_delta_total.npy,228,228,True,,,,,,,,,,,,,
ann,N-MNIST,temporal ANN-DFA,20260831,H2,actual,delta,basis_eval,512,30,800,neuron,"[30, 128, 800]",centered scatter; population covariance = scatter/(N*T),completed_epoch_100; stored checkpoint epoch=99,results/paper1_experiment03_20260901_server/checkpoints/stageB_ann/temporal_ann_dfa/seed_20260831/epoch_100.pt,582eaf2e63392b550e7f2d3208dda5e5757d7501c5ad43b98913f4a243bac29c,results/paper_v9_signal_processing/01_spectral_metrics/temporal_ann_dfa_20260831.csv,results/paper1_experiment03_20260901_server/diagnostic_probe.csv,2.87463907718329e-07,within_time,46.75421395626432,0.3862235474103179,False,15360,56,170,240,289,346,22.475836861537665,224.00065926669248,128.57061304306293,0.36125,results/paper_v9_signal_processing/08_covariance_decomposition/spectra/ann_seed_20260831_H2_actual_delta_within_time.npy,228,228,True,,,,,,,,,,,,,
ann,N-MNIST,temporal ANN-DFA,20260831,H2,actual,delta,basis_eval,512,30,800,neuron,"[30, 128, 800]",centered scatter; population covariance = scatter/(N*T),completed_epoch_100; stored checkpoint epoch=99,results/paper1_experiment03_20260901_server/checkpoints/stageB_ann/temporal_ann_dfa/seed_20260831/epoch_100.pt,582eaf2e63392b550e7f2d3208dda5e5757d7501c5ad43b98913f4a243bac29c,results/paper_v9_signal_processing/01_spectral_metrics/temporal_ann_dfa_20260831.csv,results/paper1_experiment03_20260901_server/diagnostic_probe.csv,2.87463907718329e-07,between_sample,74.30059195499487,0.6137765084958668,False,15360,4,8,10,27,103,6.415070231526877,15.23208257603948,10.163187910532688,0.03375,results/paper_v9_signal_processing/08_covariance_decomposition/spectra/ann_seed_20260831_H2_actual_delta_between_sample.npy,228,228,True,,,,,,,,,,,,,
ann,N-MNIST,temporal ANN-DFA,20260831,H2,actual,gate,basis_eval,512,30,800,neuron,"[30, 128, 800]",centered scatter; population covariance = scatter/(N*T),completed_epoch_100; stored checkpoint epoch=99,results/paper1_experiment03_20260901_server/checkpoints/stageB_ann/temporal_ann_dfa/seed_20260831/epoch_100.pt,582eaf2e63392b550e7f2d3208dda5e5757d7501c5ad43b98913f4a243bac29c,results/paper_v9_signal_processing/01_spectral_metrics/temporal_ann_dfa_20260831.csv,results/paper1_experiment03_20260901_server/diagnostic_probe.csv,6.684660797532615e-07,total,1121908.7665615287,1.0,False,15360,20,157,242,295,348,14.751021703731919,138.27970231050887,51.39911579041199,0.36875,results/paper_v9_signal_processing/08_covariance_decomposition/spectra/ann_seed_20260831_H2_actual_gate_total.npy,,,,,,,,,,,,,,,,
ann,N-MNIST,temporal ANN-DFA,20260831,H2,actual,gate,basis_eval,512,30,800,neuron,"[30, 128, 800]",centered scatter; population covariance = scatter/(N*T),completed_epoch_100; stored checkpoint epoch=99,results/paper1_experiment03_20260901_server/checkpoints/stageB_ann/temporal_ann_dfa/seed_20260831/epoch_100.pt,582eaf2e63392b550e7f2d3208dda5e5757d7501c5ad43b98913f4a243bac29c,results/paper_v9_signal_processing/01_spectral_metrics/temporal_ann_dfa_20260831.csv,results/paper1_experiment03_20260901_server/diagnostic_probe.csv,6.684660797532615e-07,within_time,944248.9045129418,0.8416450006063453,False,15360,30,175,254,302,350,14.421316431395779,160.11529740698916,59.585304420580606,0.3775,results/paper_v9_signal_processing/08_covariance_decomposition/spectra/ann_seed_20260831_H2_actual_gate_within_time.npy,,,,,,,,,,,,,,,,
ann,N-MNIST,temporal ANN-DFA,20260831,H2,actual,gate,basis_eval,512,30,800,neuron,"[30, 128, 800]",centered scatter; population covariance = scatter/(N*T),completed_epoch_100; stored checkpoint epoch=99,results/paper1_experiment03_20260901_server/checkpoints/stageB_ann/temporal_ann_dfa/seed_20260831/epoch_100.pt,582eaf2e63392b550e7f2d3208dda5e5757d7501c5ad43b98913f4a243bac29c,results/paper_v9_signal_processing/01_spectral_metrics/temporal_ann_dfa_20260831.csv,results/paper1_experiment03_20260901_server/diagnostic_probe.csv,6.684660797532615e-07,between_sample,177659.773829998,0.15835492076106764,False,15360,4,13,39,99,223,4.253925069247436,24.890720052067735,10.324014354422042,0.12375,results/paper_v9_signal_processing/08_covariance_decomposition/spectra/ann_seed_20260831_H2_actual_gate_between_sample.npy,,,,,,,,,,,,,,,,
ann,N-MNIST,temporal ANN-DFA,20260831,H2,actual,q_carrier,basis_eval,512,30,800,neuron,"[30, 128, 800]",centered scatter; population covariance = scatter/(N*T),completed_epoch_100; stored checkpoint epoch=99,results/paper1_experiment03_20260901_server/checkpoints/stageB_ann/temporal_ann_dfa/seed_20260831/epoch_100.pt,582eaf2e63392b550e7f2d3208dda5e5757d7501c5ad43b98913f4a243bac29c,results/paper_v9_signal_processing/01_spectral_metrics/temporal_ann_dfa_20260831.csv,results/paper1_experiment03_20260901_server/diagnostic_probe.csv,,carrier_total,17.18129870722858,1.0,,512,4,7,8,9,9,6.047348940292893,8.864793934122021,8.45256398427534,0.01125,results/paper_v9_signal_processing/08_covariance_decomposition/spectra/ann_seed_20260831_H2_actual_q_carrier_carrier_total.npy,,,,0.0,0.00013671875,1.0,0.00693193242048739,800,10,10,1.0,,,,,
ann,N-MNIST,temporal ANN-DFA,20260831,H3,actual,delta,basis_eval,512,30,800,neuron,"[30, 128, 800]",centered scatter; population covariance = scatter/(N*T),completed_epoch_100; stored checkpoint epoch=99,results/paper1_experiment03_20260901_server/checkpoints/stageB_ann/temporal_ann_dfa/seed_20260831/epoch_100.pt,582eaf2e63392b550e7f2d3208dda5e5757d7501c5ad43b98913f4a243bac29c,results/paper_v9_signal_processing/01_spectral_metrics/temporal_ann_dfa_20260831.csv,results/paper1_experiment03_20260901_server/diagnostic_probe.csv,3.110246727813795e-07,total,51.67575262674954,1.0,False,15360,7,34,75,117,178,8.562335975897657,44.72757495178621,19.705560353328266,0.14625,results/paper_v9_signal_processing/08_covariance_decomposition/spectra/ann_seed_20260831_H3_actual_delta_total.npy,117,117,True,,,,,,,,,,,,,
ann,N-MNIST,temporal ANN-DFA,20260831,H3,actual,delta,basis_eval,512,30,800,neuron,"[30, 128, 800]",centered scatter; population covariance = scatter/(N*T),completed_epoch_100; stored checkpoint epoch=99,results/paper1_experiment03_20260901_server/checkpoints/stageB_ann/temporal_ann_dfa/seed_20260831/epoch_100.pt,582eaf2e63392b550e7f2d3208dda5e5757d7501c5ad43b98913f4a243bac29c,results/paper_v9_signal_processing/01_spectral_metrics/temporal_ann_dfa_20260831.csv,results/paper1_experiment03_20260901_server/diagnostic_probe.csv,3.110246727813795e-07,within_time,18.31019753181681,0.3543286087010697,False,15360,27,86,126,155,195,15.279863779753363,114.82079745657394,64.7455985911326,0.19375,results/paper_v9_signal_processing/08_covariance_decomposition/spectra/ann_seed_20260831_H3_actual_delta_within_time.npy,117,117,True,,,,,,,,,,,,,
ann,N-MNIST,temporal ANN-DFA,20260831,H3,actual,delta,basis_eval,512,30,800,neuron,"[30, 128, 800]",centered scatter; population covariance = scatter/(N*T),completed_epoch_100; stored checkpoint epoch=99,results/paper1_experiment03_20260901_server/checkpoints/stageB_ann/temporal_ann_dfa/seed_20260831/epoch_100.pt,582eaf2e63392b550e7f2d3208dda5e5757d7501c5ad43b98913f4a243bac29c,results/paper_v9_signal_processing/01_spectral_metrics/temporal_ann_dfa_20260831.csv,results/paper1_experiment03_20260901_server/diagnostic_probe.csv,3.110246727813795e-07,between_sample,33.36555667069142,0.6456714217921231,False,15360,4,8,11,25,71,6.001538200567436,14.924096395716784,9.808665570798121,0.03125,results/paper_v9_signal_processing/08_covariance_decomposition/spectra/ann_seed_20260831_H3_actual_delta_between_sample.npy,117,117,True,,,,,,,,,,,,,
ann,N-MNIST,temporal ANN-DFA,20260831,H3,actual,gate,basis_eval,512,30,800,neuron,"[30, 128, 800]",centered scatter; population covariance = scatter/(N*T),completed_epoch_100; stored checkpoint epoch=99,results/paper1_experiment03_20260901_server/checkpoints/stageB_ann/temporal_ann_dfa/seed_20260831/epoch_100.pt,582eaf2e63392b550e7f2d3208dda5e5757d7501c5ad43b98913f4a243bac29c,results/paper_v9_signal_processing/01_spectral_metrics/temporal_ann_dfa_20260831.csv,results/paper1_experiment03_20260901_server/diagnostic_probe.csv,7.230355946969804e-07,total,469765.68884604727,1.0,False,15360,8,66,113,147,192,7.230077772655025,61.087927575790566,21.86674620205581,0.18375,results/paper_v9_signal_processing/08_covariance_decomposition/spectra/ann_seed_20260831_H3_actual_gate_total.npy,,,,,,,,,,,,,,,,
ann,N-MNIST,temporal ANN-DFA,20260831,H3,actual,gate,basis_eval,512,30,800,neuron,"[30, 128, 800]",centered scatter; population covariance = scatter/(N*T),completed_epoch_100; stored checkpoint epoch=99,results/paper1_experiment03_20260901_server/checkpoints/stageB_ann/temporal_ann_dfa/seed_20260831/epoch_100.pt,582eaf2e63392b550e7f2d3208dda5e5757d7501c5ad43b98913f4a243bac29c,results/paper_v9_signal_processing/01_spectral_metrics/temporal_ann_dfa_20260831.csv,results/paper1_experiment03_20260901_server/diagnostic_probe.csv,7.230355946969804e-07,within_time,375134.7055211067,0.798557056056188,False,15360,11,79,123,153,194,7.071275499873735,72.22748314809807,24.627471235564705,0.19125,results/paper_v9_signal_processing/08_covariance_decomposition/spectra/ann_seed_20260831_H3_actual_gate_within_time.npy,,,,,,,,,,,,,,,,
ann,N-MNIST,temporal ANN-DFA,20260831,H3,actual,gate,basis_eval,512,30,800,neuron,"[30, 128, 800]",centered scatter; population covariance = scatter/(N*T),completed_epoch_100; stored checkpoint epoch=99,results/paper1_experiment03_20260901_server/checkpoints/stageB_ann/temporal_ann_dfa/seed_20260831/epoch_100.pt,582eaf2e63392b550e7f2d3208dda5e5757d7501c5ad43b98913f4a243bac29c,results/paper_v9_signal_processing/01_spectral_metrics/temporal_ann_dfa_20260831.csv,results/paper1_experiment03_20260901_server/diagnostic_probe.csv,7.230355946969804e-07,between_sample,94631.02972217058,0.20144304271056138,False,15360,3,8,14,40,123,3.6725738653927578,15.21410077321872,7.912281889657479,0.05,results/paper_v9_signal_processing/08_covariance_decomposition/spectra/ann_seed_20260831_H3_actual_gate_between_sample.npy,,,,,,,,,,,,,,,,
ann,N-MNIST,temporal ANN-DFA,20260831,H3,actual,q_carrier,basis_eval,512,30,800,neuron,"[30, 128, 800]",centered scatter; population covariance = scatter/(N*T),completed_epoch_100; stored checkpoint epoch=99,results/paper1_experiment03_20260901_server/checkpoints/stageB_ann/temporal_ann_dfa/seed_20260831/epoch_100.pt,582eaf2e63392b550e7f2d3208dda5e5757d7501c5ad43b98913f4a243bac29c,results/paper_v9_signal_processing/01_spectral_metrics/temporal_ann_dfa_20260831.csv,results/paper1_experiment03_20260901_server/diagnostic_probe.csv,,carrier_total,17.063507703048554,1.0,,512,4,7,8,9,9,6.056773691235649,8.82376664272646,8.402462806804504,0.01125,results/paper_v9_signal_processing/08_covariance_decomposition/spectra/ann_seed_20260831_H3_actual_q_carrier_carrier_total.npy,,,,0.0,0.00013671875,1.0,0.006876530230607394,800,10,10,1.0,,,,,
ann,N-MNIST,temporal ANN-DFA,20260901,H1,actual,delta,basis_eval,512,30,800,neuron,"[30, 128, 800]",centered scatter; population covariance = scatter/(N*T),completed_epoch_100; stored checkpoint epoch=99,results/paper1_experiment03_20260901_server/checkpoints/stageB_ann/temporal_ann_dfa/seed_20260901/epoch_100.pt,a6a1094ccb95d20bfdabf58320ff0c4ae9650d4ddb8667a1533d5db24a016a56,results/paper_v9_signal_processing/01_spectral_metrics/temporal_ann_dfa_20260901.csv,results/paper1_experiment03_20260901_server/diagnostic_probe.csv,5.973831979405933e-07,total,78.14246883814961,1.0,False,15360,86,297,430,527,650,19.451566838291257,326.04876045697534,113.13447702143448,0.65875,results/paper_v9_signal_processing/08_covariance_decomposition/spectra/ann_seed_20260901_H1_actual_delta_total.npy,527,527,True,,,,,,,,,,,,,
ann,N-MNIST,temporal ANN-DFA,20260901,H1,actual,delta,basis_eval,512,30,800,neuron,"[30, 128, 800]",centered scatter; population covariance = scatter/(N*T),completed_epoch_100; stored checkpoint epoch=99,results/paper1_experiment03_20260901_server/checkpoints/stageB_ann/temporal_ann_dfa/seed_20260901/epoch_100.pt,a6a1094ccb95d20bfdabf58320ff0c4ae9650d4ddb8667a1533d5db24a016a56,results/paper_v9_signal_processing/01_spectral_metrics/temporal_ann_dfa_20260901.csv,results/paper1_experiment03_20260901_server/diagnostic_probe.csv,5.973831979405933e-07,within_time,55.82488173851745,0.7143987458873761,False,15360,140,348,467,552,657,96.01684301057435,499.973719464839,373.3047221668566,0.69,results/paper_v9_signal_processing/08_covariance_decomposition/spectra/ann_seed_20260901_H1_actual_delta_within_time.npy,527,527,True,,,,,,,,,,,,,
ann,N-MNIST,temporal ANN-DFA,20260901,H1,actual,delta,basis_eval,512,30,800,neuron,"[30, 128, 800]",centered scatter; population covariance = scatter/(N*T),completed_epoch_100; stored checkpoint epoch=99,results/paper1_experiment03_20260901_server/checkpoints/stageB_ann/temporal_ann_dfa/seed_20260901/epoch_100.pt,a6a1094ccb95d20bfdabf58320ff0c4ae9650d4ddb8667a1533d5db24a016a56,results/paper_v9_signal_processing/01_spectral_metrics/temporal_ann_dfa_20260901.csv,results/paper1_experiment03_20260901_server/diagnostic_probe.csv,5.973831979405933e-07,between_sample,22.317591961582362,0.28560131633167424,False,15360,5,14,49,107,262,5.700606108254604,28.578088556185843,12.698047434671901,0.13375,results/paper_v9_signal_processing/08_covariance_decomposition/spectra/ann_seed_20260901_H1_actual_delta_between_sample.npy,527,527,True,,,,,,,,,,,,,
ann,N-MNIST,temporal ANN-DFA,20260901,H1,actual,gate,basis_eval,512,30,800,neuron,"[30, 128, 800]",centered scatter; population covariance = scatter/(N*T),completed_epoch_100; stored checkpoint epoch=99,results/paper1_experiment03_20260901_server/checkpoints/stageB_ann/temporal_ann_dfa/seed_20260901/epoch_100.pt,a6a1094ccb95d20bfdabf58320ff0c4ae9650d4ddb8667a1533d5db24a016a56,results/paper_v9_signal_processing/01_spectral_metrics/temporal_ann_dfa_20260901.csv,results/paper1_experiment03_20260901_server/diagnostic_probe.csv,9.964865726598348e-07,total,1002457.0188525029,1.0,False,15360,114,365,493,574,668,34.125440553835894,416.7725903674805,198.18233191167903,0.7175,results/paper_v9_signal_processing/08_covariance_decomposition/spectra/ann_seed_20260901_H1_actual_gate_total.npy,,,,,,,,,,,,,,,,
ann,N-MNIST,temporal ANN-DFA,20260901,H1,actual,gate,basis_eval,512,30,800,neuron,"[30, 128, 800]",centered scatter; population covariance = scatter/(N*T),completed_epoch_100; stored checkpoint epoch=99,results/paper1_experiment03_20260901_server/checkpoints/stageB_ann/temporal_ann_dfa/seed_20260901/epoch_100.pt,a6a1094ccb95d20bfdabf58320ff0c4ae9650d4ddb8667a1533d5db24a016a56,results/paper_v9_signal_processing/01_spectral_metrics/temporal_ann_dfa_20260901.csv,results/paper1_experiment03_20260901_server/diagnostic_probe.csv,9.964865726598348e-07,within_time,899227.654296577,0.8970236502767062,False,15360,129,377,501,579,670,47.25783170588406,454.5853603556238,248.16397771960996,0.72375,results/paper_v9_signal_processing/08_covariance_decomposition/spectra/ann_seed_20260901_H1_actual_gate_within_time.npy,,,,,,,,,,,,,,,,
ann,N-MNIST,temporal ANN-DFA,20260901,H1,actual,gate,basis_eval,512,30,800,neuron,"[30, 128, 800]",centered scatter; population covariance = scatter/(N*T),completed_epoch_100; stored checkpoint epoch=99,results/paper1_experiment03_20260901_server/checkpoints/stageB_ann/temporal_ann_dfa/seed_20260901/epoch_100.pt,a6a1094ccb95d20bfdabf58320ff0c4ae9650d4ddb8667a1533d5db24a016a56,results/paper_v9_signal_processing/01_spectral_metrics/temporal_ann_dfa_20260901.csv,results/paper1_experiment03_20260901_server/diagnostic_probe.csv,9.964865726598348e-07,between_sample,103229.60826195497,0.10297659283200022,False,15360,5,52,134,215,358,5.023094885703885,47.72933086811012,13.16463388768092,0.26875,results/paper_v9_signal_processing/08_covariance_decomposition/spectra/ann_seed_20260901_H1_actual_gate_between_sample.npy,,,,,,,,,,,,,,,,
ann,N-MNIST,temporal ANN-DFA,20260901,H1,actual,q_carrier,basis_eval,512,30,800,neuron,"[30, 128, 800]",centered scatter; population covariance = scatter/(N*T),completed_epoch_100; stored checkpoint epoch=99,results/paper1_experiment03_20260901_server/checkpoints/stageB_ann/temporal_ann_dfa/seed_20260901/epoch_100.pt,a6a1094ccb95d20bfdabf58320ff0c4ae9650d4ddb8667a1533d5db24a016a56,results/paper_v9_signal_processing/01_spectral_metrics/temporal_ann_dfa_20260901.csv,results/paper1_experiment03_20260901_server/diagnostic_probe.csv,,carrier_total,20.701854886788787,1.0,,512,4,7,8,9,9,6.135892039518124,8.822705475065389,8.445631307605844,0.01125,results/paper_v9_signal_processing/08_covariance_decomposition/spectra/ann_seed_20260901_H1_actual_q_carrier_carrier_total.npy,,,,0.0,8.7890625e-05,1.0,0.007688577530062807,800,10,10,1.0,,,,,
ann,N-MNIST,temporal ANN-DFA,20260901,H2,actual,delta,basis_eval,512,30,800,neuron,"[30, 128, 800]",centered scatter; population covariance = scatter/(N*T),completed_epoch_100; stored checkpoint epoch=99,results/paper1_experiment03_20260901_server/checkpoints/stageB_ann/temporal_ann_dfa/seed_20260901/epoch_100.pt,a6a1094ccb95d20bfdabf58320ff0c4ae9650d4ddb8667a1533d5db24a016a56,results/paper_v9_signal_processing/01_spectral_metrics/temporal_ann_dfa_20260901.csv,results/paper1_experiment03_20260901_server/diagnostic_probe.csv,2.783879271360156e-07,total,161.16575425848825,1.0,False,15360,8,78,172,254,363,9.643524788173188,71.20349457611128,23.675058704554022,0.3175,results/paper_v9_signal_processing/08_covariance_decomposition/spectra/ann_seed_20260901_H2_actual_delta_total.npy,254,254,True,,,,,,,,,,,,,
ann,N-MNIST,temporal ANN-DFA,20260901,H2,actual,delta,basis_eval,512,30,800,neuron,"[30, 128, 800]",centered scatter; population covariance = scatter/(N*T),completed_epoch_100; stored checkpoint epoch=99,results/paper1_experiment03_20260901_server/checkpoints/stageB_ann/temporal_ann_dfa/seed_20260901/epoch_100.pt,a6a1094ccb95d20bfdabf58320ff0c4ae9650d4ddb8667a1533d5db24a016a56,results/paper_v9_signal_processing/01_spectral_metrics/temporal_ann_dfa_20260901.csv,results/paper1_experiment03_20260901_server/diagnostic_probe.csv,2.783879271360156e-07,within_time,62.447897804028116,0.38747622341573923,False,15360,63,190,267,322,387,25.13806819191826,253.10101182279692,149.1546262426565,0.4025,results/paper_v9_signal_processing/08_covariance_decomposition/spectra/ann_seed_20260901_H2_actual_delta_within_time.npy,254,254,True,,,,,,,,,,,,,
ann,N-MNIST,temporal ANN-DFA,20260901,H2,actual,delta,basis_eval,512,30,800,neuron,"[30, 128, 800]",centered scatter; population covariance = scatter/(N*T),completed_epoch_100; stored checkpoint epoch=99,results/paper1_experiment03_20260901_server/checkpoints/stageB_ann/temporal_ann_dfa/seed_20260901/epoch_100.pt,a6a1094ccb95d20bfdabf58320ff0c4ae9650d4ddb8667a1533d5db24a016a56,results/paper_v9_signal_processing/01_spectral_metrics/temporal_ann_dfa_20260901.csv,results/paper1_experiment03_20260901_server/diagnostic_probe.csv,2.783879271360156e-07,between_sample,98.7178714088351,0.6125238693730485,False,15360,4,8,11,29,110,6.071087571854542,15.274607540006505,9.88107537702678,0.03625,results/paper_v9_signal_processing/08_covariance_decomposition/spectra/ann_seed_20260901_H2_actual_delta_between_sample.npy,254,254,True,,,,,,,,,,,,,
ann,N-MNIST,temporal ANN-DFA,20260901,H2,actual,gate,basis_eval,512,30,800,neuron,"[30, 128, 800]",centered scatter; population covariance = scatter/(N*T),completed_epoch_100; stored checkpoint epoch=99,results/paper1_experiment03_20260901_server/checkpoints/stageB_ann/temporal_ann_dfa/seed_20260901/epoch_100.pt,a6a1094ccb95d20bfdabf58320ff0c4ae9650d4ddb8667a1533d5db24a016a56,results/paper_v9_signal_processing/01_spectral_metrics/temporal_ann_dfa_20260901.csv,results/paper1_experiment03_20260901_server/diagnostic_probe.csv,6.66521804539234e-07,total,1296068.9928966248,1.0,False,15360,21,174,271,331,390,14.912449893252024,150.55002453118541,54.915489840963595,0.41375,results/paper_v9_signal_processing/08_covariance_decomposition/spectra/ann_seed_20260901_H2_actual_gate_total.npy,,,,,,,,,,,,,,,,
ann,N-MNIST,temporal ANN-DFA,20260901,H2,actual,gate,basis_eval,512,30,800,neuron,"[30, 128, 800]",centered scatter; population covariance = scatter/(N*T),completed_epoch_100; stored checkpoint epoch=99,results/paper1_experiment03_20260901_server/checkpoints/stageB_ann/temporal_ann_dfa/seed_20260901/epoch_100.pt,a6a1094ccb95d20bfdabf58320ff0c4ae9650d4ddb8667a1533d5db24a016a56,results/paper_v9_signal_processing/01_spectral_metrics/temporal_ann_dfa_20260901.csv,results/paper1_experiment03_20260901_server/diagnostic_probe.csv,6.66521804539234e-07,within_time,1083351.8759507537,0.83587515933819,False,15360,33,195,285,339,392,15.406647601272965,178.39665691075828,67.07028307512118,0.42375,results/paper_v9_signal_processing/08_covariance_decomposition/spectra/ann_seed_20260901_H2_actual_gate_within_time.npy,,,,,,,,,,,,,,,,
ann,N-MNIST,temporal ANN-DFA,20260901,H2,actual,gate,basis_eval,512,30,800,neuron,"[30, 128, 800]",centered scatter; population covariance = scatter/(N*T),completed_epoch_100; stored checkpoint epoch=99,results/paper1_experiment03_20260901_server/checkpoints/stageB_ann/temporal_ann_dfa/seed_20260901/epoch_100.pt,a6a1094ccb95d20bfdabf58320ff0c4ae9650d4ddb8667a1533d5db24a016a56,results/paper_v9_signal_processing/01_spectral_metrics/temporal_ann_dfa_20260901.csv,results/paper1_experiment03_20260901_server/diagnostic_probe.csv,6.66521804539234e-07,between_sample,212717.02631618007,0.1641247707352154,False,15360,4,13,39,102,236,3.928152229148645,23.960195910008583,9.402229476810067,0.1275,results/paper_v9_signal_processing/08_covariance_decomposition/spectra/ann_seed_20260901_H2_actual_gate_between_sample.npy,,,,,,,,,,,,,,,,
ann,N-MNIST,temporal ANN-DFA,20260901,H2,actual,q_carrier,basis_eval,512,30,800,neuron,"[30, 128, 800]",centered scatter; population covariance = scatter/(N*T),completed_epoch_100; stored checkpoint epoch=99,results/paper1_experiment03_20260901_server/checkpoints/stageB_ann/temporal_ann_dfa/seed_20260901/epoch_100.pt,a6a1094ccb95d20bfdabf58320ff0c4ae9650d4ddb8667a1533d5db24a016a56,results/paper_v9_signal_processing/01_spectral_metrics/temporal_ann_dfa_20260901.csv,results/paper1_experiment03_20260901_server/diagnostic_probe.csv,,carrier_total,20.534229289111074,1.0,,512,4,7,8,9,9,6.065762026056679,8.828107714848516,8.419408392396734,0.01125,results/paper_v9_signal_processing/08_covariance_decomposition/spectra/ann_seed_20260901_H2_actual_q_carrier_carrier_total.npy,,,,0.0,0.00013427734375,1.0,0.007633272371321706,800,10,10,1.0,,,,,
ann,N-MNIST,temporal ANN-DFA,20260901,H3,actual,delta,basis_eval,512,30,800,neuron,"[30, 128, 800]",centered scatter; population covariance = scatter/(N*T),completed_epoch_100; stored checkpoint epoch=99,results/paper1_experiment03_20260901_server/checkpoints/stageB_ann/temporal_ann_dfa/seed_20260901/epoch_100.pt,a6a1094ccb95d20bfdabf58320ff0c4ae9650d4ddb8667a1533d5db24a016a56,results/paper_v9_signal_processing/01_spectral_metrics/temporal_ann_dfa_20260901.csv,results/paper1_experiment03_20260901_server/diagnostic_probe.csv,2.770285257722411e-07,total,80.41584858481521,1.0,False,15360,7,37,85,136,210,7.44574058385848,47.33231173609002,19.64239178354028,0.17,results/paper_v9_signal_processing/08_covariance_decomposition/spectra/ann_seed_20260901_H3_actual_delta_total.npy,136,136,True,,,,,,,,,,,,,
ann,N-MNIST,temporal ANN-DFA,20260901,H3,actual,delta,basis_eval,512,30,800,neuron,"[30, 128, 800]",centered scatter; population covariance = scatter/(N*T),completed_epoch_100; stored checkpoint epoch=99,results/paper1_experiment03_20260901_server/checkpoints/stageB_ann/temporal_ann_dfa/seed_20260901/epoch_100.pt,a6a1094ccb95d20bfdabf58320ff0c4ae9650d4ddb8667a1533d5db24a016a56,results/paper_v9_signal_processing/01_spectral_metrics/temporal_ann_dfa_20260901.csv,results/paper1_experiment03_20260901_server/diagnostic_probe.csv,2.770285257722411e-07,within_time,27.865284108619566,0.3465148300863833,False,15360,31,102,150,185,230,16.40076974186448,136.2422186674782,76.41646587828679,0.23125,results/paper_v9_signal_processing/08_covariance_decomposition/spectra/ann_seed_20260901_H3_actual_delta_within_time.npy,136,136,True,,,,,,,,,,,,,
ann,N-MNIST,temporal ANN-DFA,20260901,H3,actual,delta,basis_eval,512,30,800,neuron,"[30, 128, 800]",centered scatter; population covariance = scatter/(N*T),completed_epoch_100; stored checkpoint epoch=99,results/paper1_experiment03_20260901_server/checkpoints/stageB_ann/temporal_ann_dfa/seed_20260901/epoch_100.pt,a6a1094ccb95d20bfdabf58320ff0c4ae9650d4ddb8667a1533d5db24a016a56,results/paper_v9_signal_processing/01_spectral_metrics/temporal_ann_dfa_20260901.csv,results/paper1_experiment03_20260901_server/diagnostic_probe.csv,2.770285257722411e-07,between_sample,52.55056956276761,0.6534852331669687,False,15360,4,8,11,26,75,5.02723958900908,14.916998772841422,9.615068629759152,0.0325,results/paper_v9_signal_processing/08_covariance_decomposition/spectra/ann_seed_20260901_H3_actual_delta_between_sample.npy,136,136,True,,,,,,,,,,,,,
ann,N-MNIST,temporal ANN-DFA,20260901,H3,actual,gate,basis_eval,512,30,800,neuron,"[30, 128, 800]",centered scatter; population covariance = scatter/(N*T),completed_epoch_100; stored checkpoint epoch=99,results/paper1_experiment03_20260901_server/checkpoints/stageB_ann/temporal_ann_dfa/seed_20260901/epoch_100.pt,a6a1094ccb95d20bfdabf58320ff0c4ae9650d4ddb8667a1533d5db24a016a56,results/paper_v9_signal_processing/01_spectral_metrics/temporal_ann_dfa_20260901.csv,results/paper1_experiment03_20260901_server/diagnostic_probe.csv,7.077836125950011e-07,total,584891.7474913637,1.0,False,15360,9,77,134,174,226,9.0645910076283,70.58796747186429,26.96797300449712,0.2175,results/paper_v9_signal_processing/08_covariance_decomposition/spectra/ann_seed_20260901_H3_actual_gate_total.npy,,,,,,,,,,,,,,,,
ann,N-MNIST,temporal ANN-DFA,20260901,H3,actual,gate,basis_eval,512,30,800,neuron,"[30, 128, 800]",centered scatter; population covariance = scatter/(N*T),completed_epoch_100; stored checkpoint epoch=99,results/paper1_experiment03_20260901_server/checkpoints/stageB_ann/temporal_ann_dfa/seed_20260901/epoch_100.pt,a6a1094ccb95d20bfdabf58320ff0c4ae9650d4ddb8667a1533d5db24a016a56,results/paper_v9_signal_processing/01_spectral_metrics/temporal_ann_dfa_20260901.csv,results/paper1_experiment03_20260901_server/diagnostic_probe.csv,7.077836125950011e-07,within_time,463678.4923145771,0.7927595051619764,False,15360,12,93,146,182,229,8.798240621723634,85.22039771650394,30.684355418240138,0.2275,results/paper_v9_signal_processing/08_covariance_decomposition/spectra/ann_seed_20260901_H3_actual_gate_within_time.npy,,,,,,,,,,,,,,,,
ann,N-MNIST,temporal ANN-DFA,20260901,H3,actual,gate,basis_eval,512,30,800,neuron,"[30, 128, 800]",centered scatter; population covariance = scatter/(N*T),completed_epoch_100; stored checkpoint epoch=99,results/paper1_experiment03_20260901_server/checkpoints/stageB_ann/temporal_ann_dfa/seed_20260901/epoch_100.pt,a6a1094ccb95d20bfdabf58320ff0c4ae9650d4ddb8667a1533d5db24a016a56,results/paper_v9_signal_processing/01_spectral_metrics/temporal_ann_dfa_20260901.csv,results/paper1_experiment03_20260901_server/diagnostic_probe.csv,7.077836125950011e-07,between_sample,121213.22863189002,0.20724044945373385,False,15360,4,8,14,42,138,4.18004685673689,15.936421998969621,8.690943640139508,0.0525,results/paper_v9_signal_processing/08_covariance_decomposition/spectra/ann_seed_20260901_H3_actual_gate_between_sample.npy,,,,,,,,,,,,,,,,
ann,N-MNIST,temporal ANN-DFA,20260901,H3,actual,q_carrier,basis_eval,512,30,800,neuron,"[30, 128, 800]",centered scatter; population covariance = scatter/(N*T),completed_epoch_100; stored checkpoint epoch=99,results/paper1_experiment03_20260901_server/checkpoints/stageB_ann/temporal_ann_dfa/seed_20260901/epoch_100.pt,a6a1094ccb95d20bfdabf58320ff0c4ae9650d4ddb8667a1533d5db24a016a56,results/paper_v9_signal_processing/01_spectral_metrics/temporal_ann_dfa_20260901.csv,results/paper1_experiment03_20260901_server/diagnostic_probe.csv,,carrier_total,21.01246454860329,1.0,,512,4,7,8,9,9,5.993103015291885,8.802837056518984,8.376391841628045,0.01125,results/paper_v9_signal_processing/08_covariance_decomposition/spectra/ann_seed_20260901_H3_actual_q_carrier_carrier_total.npy,,,,0.0,9.521484375e-05,1.0,0.007719733992234055,800,10,10,1.0,,,,,
ann,N-MNIST,temporal ANN-DFA,20260908,H1,actual,delta,basis_eval,512,30,800,neuron,"[30, 128, 800]",centered scatter; population covariance = scatter/(N*T),completed_epoch_100; stored checkpoint epoch=99,results/paper_v9_signal_processing/03_five_seed/checkpoints/temporal_ann_dfa/seed_20260908/epoch_100.pt,072604c237c2e886f379d46bf801b4f1fde4a069ae7dd08428aa34fc079c1ecb,results/paper_v9_signal_processing/01_spectral_metrics/temporal_ann_dfa_20260908.csv,results/paper1_experiment03_20260901_server/diagnostic_probe.csv,3.9386262345826403e-07,total,84.99362086482581,1.0,False,15360,64,291,436,541,671,9.479222643300744,251.19359108933168,53.65493441769593,0.67625,results/paper_v9_signal_processing/08_covariance_decomposition/spectra/ann_seed_20260908_H1_actual_delta_total.npy,541,541,True,,,,,,,,,,,,,
ann,N-MNIST,temporal ANN-DFA,20260908,H1,actual,delta,basis_eval,512,30,800,neuron,"[30, 128, 800]",centered scatter; population covariance = scatter/(N*T),completed_epoch_100; stored checkpoint epoch=99,results/paper_v9_signal_processing/03_five_seed/checkpoints/temporal_ann_dfa/seed_20260908/epoch_100.pt,072604c237c2e886f379d46bf801b4f1fde4a069ae7dd08428aa34fc079c1ecb,results/paper_v9_signal_processing/01_spectral_metrics/temporal_ann_dfa_20260908.csv,results/paper1_experiment03_20260901_server/diagnostic_probe.csv,3.9386262345826403e-07,within_time,53.940857831399754,0.6346459567499484,False,15360,151,371,493,579,680,71.81739756669047,525.0593868625367,384.24800349283186,0.72375,results/paper_v9_signal_processing/08_covariance_decomposition/spectra/ann_seed_20260908_H1_actual_delta_within_time.npy,541,541,True,,,,,,,,,,,,,
ann,N-MNIST,temporal ANN-DFA,20260908,H1,actual,delta,basis_eval,512,30,800,neuron,"[30, 128, 800]",centered scatter; population covariance = scatter/(N*T),completed_epoch_100; stored checkpoint epoch=99,results/paper_v9_signal_processing/03_five_seed/checkpoints/temporal_ann_dfa/seed_20260908/epoch_100.pt,072604c237c2e886f379d46bf801b4f1fde4a069ae7dd08428aa34fc079c1ecb,results/paper_v9_signal_processing/01_spectral_metrics/temporal_ann_dfa_20260908.csv,results/paper1_experiment03_20260901_server/diagnostic_probe.csv,3.9386262345826403e-07,between_sample,31.052766939387848,0.36535408920599216,False,15360,4,9,28,77,234,3.4939596198144383,18.819033485203374,8.011396509346241,0.09625,results/paper_v9_signal_processing/08_covariance_decomposition/spectra/ann_seed_20260908_H1_actual_delta_between_sample.npy,541,541,True,,,,,,,,,,,,,
ann,N-MNIST,temporal ANN-DFA,20260908,H1,actual,gate,basis_eval,512,30,800,neuron,"[30, 128, 800]",centered scatter; population covariance = scatter/(N*T),completed_epoch_100; stored checkpoint epoch=99,results/paper_v9_signal_processing/03_five_seed/checkpoints/temporal_ann_dfa/seed_20260908/epoch_100.pt,072604c237c2e886f379d46bf801b4f1fde4a069ae7dd08428aa34fc079c1ecb,results/paper_v9_signal_processing/01_spectral_metrics/temporal_ann_dfa_20260908.csv,results/paper1_experiment03_20260901_server/diagnostic_probe.csv,9.643829518761344e-07,total,1071652.589605391,1.0,False,15360,120,388,524,608,697,30.155798236817105,433.18297572281267,196.27801678572908,0.76,results/paper_v9_signal_processing/08_covariance_decomposition/spectra/ann_seed_20260908_H1_actual_gate_total.npy,,,,,,,,,,,,,,,,
ann,N-MNIST,temporal ANN-DFA,20260908,H1,actual,gate,basis_eval,512,30,800,neuron,"[30, 128, 800]",centered scatter; population covariance = scatter/(N*T),completed_epoch_100; stored checkpoint epoch=99,results/paper_v9_signal_processing/03_five_seed/checkpoints/temporal_ann_dfa/seed_20260908/epoch_100.pt,072604c237c2e886f379d46bf801b4f1fde4a069ae7dd08428aa34fc079c1ecb,results/paper_v9_signal_processing/01_spectral_metrics/temporal_ann_dfa_20260908.csv,results/paper1_experiment03_20260901_server/diagnostic_probe.csv,9.643829518761344e-07,within_time,962062.1470723748,0.8977369684952003,False,15360,136,401,532,613,698,42.370553522271436,473.2455698501292,248.48656730090232,0.76625,results/paper_v9_signal_processing/08_covariance_decomposition/spectra/ann_seed_20260908_H1_actual_gate_within_time.npy,,,,,,,,,,,,,,,,
ann,N-MNIST,temporal ANN-DFA,20260908,H1,actual,gate,basis_eval,512,30,800,neuron,"[30, 128, 800]",centered scatter; population covariance = scatter/(N*T),completed_epoch_100; stored checkpoint epoch=99,results/paper_v9_signal_processing/03_five_seed/checkpoints/temporal_ann_dfa/seed_20260908/epoch_100.pt,072604c237c2e886f379d46bf801b4f1fde4a069ae7dd08428aa34fc079c1ecb,results/paper_v9_signal_processing/01_spectral_metrics/temporal_ann_dfa_20260908.csv,results/paper1_experiment03_20260901_server/diagnostic_probe.csv,9.643829518761344e-07,between_sample,109590.77088693778,0.10226333790439662,False,15360,5,53,138,221,365,4.500577721184885,48.542958502014976,12.833008080884607,0.27625,results/paper_v9_signal_processing/08_covariance_decomposition/spectra/ann_seed_20260908_H1_actual_gate_between_sample.npy,,,,,,,,,,,,,,,,
ann,N-MNIST,temporal ANN-DFA,20260908,H1,actual,q_carrier,basis_eval,512,30,800,neuron,"[30, 128, 800]",centered scatter; population covariance = scatter/(N*T),completed_epoch_100; stored checkpoint epoch=99,results/paper_v9_signal_processing/03_five_seed/checkpoints/temporal_ann_dfa/seed_20260908/epoch_100.pt,072604c237c2e886f379d46bf801b4f1fde4a069ae7dd08428aa34fc079c1ecb,results/paper_v9_signal_processing/01_spectral_metrics/temporal_ann_dfa_20260908.csv,results/paper1_experiment03_20260901_server/diagnostic_probe.csv,,carrier_total,18.387248261172537,1.0,,512,4,7,8,9,9,5.315437602464856,8.716616719997523,8.203570709865238,0.01125,results/paper_v9_signal_processing/08_covariance_decomposition/spectra/ann_seed_20260908_H1_actual_q_carrier_carrier_total.npy,,,,0.0,0.00010986328125,1.0,0.00737600165740027,800,10,10,1.0,,,,,
ann,N-MNIST,temporal ANN-DFA,20260908,H2,actual,delta,basis_eval,512,30,800,neuron,"[30, 128, 800]",centered scatter; population covariance = scatter/(N*T),completed_epoch_100; stored checkpoint epoch=99,results/paper_v9_signal_processing/03_five_seed/checkpoints/temporal_ann_dfa/seed_20260908/epoch_100.pt,072604c237c2e886f379d46bf801b4f1fde4a069ae7dd08428aa34fc079c1ecb,results/paper_v9_signal_processing/01_spectral_metrics/temporal_ann_dfa_20260908.csv,results/paper1_experiment03_20260901_server/diagnostic_probe.csv,3.140893710202917e-07,total,123.265714582565,1.0,False,15360,9,86,176,250,347,9.646108154228484,81.41919604457362,27.47243526789218,0.3125,results/paper_v9_signal_processing/08_covariance_decomposition/spectra/ann_seed_20260908_H2_actual_delta_total.npy,250,250,True,,,,,,,,,,,,,
ann,N-MNIST,temporal ANN-DFA,20260908,H2,actual,delta,basis_eval,512,30,800,neuron,"[30, 128, 800]",centered scatter; population covariance = scatter/(N*T),completed_epoch_100; stored checkpoint epoch=99,results/paper_v9_signal_processing/03_five_seed/checkpoints/temporal_ann_dfa/seed_20260908/epoch_100.pt,072604c237c2e886f379d46bf801b4f1fde4a069ae7dd08428aa34fc079c1ecb,results/paper_v9_signal_processing/01_spectral_metrics/temporal_ann_dfa_20260908.csv,results/paper1_experiment03_20260901_server/diagnostic_probe.csv,3.140893710202917e-07,within_time,53.235271111500765,0.4318741126985726,False,15360,59,180,253,304,365,24.38249198192234,235.45768256093197,135.97186624088957,0.38,results/paper_v9_signal_processing/08_covariance_decomposition/spectra/ann_seed_20260908_H2_actual_delta_within_time.npy,250,250,True,,,,,,,,,,,,,
ann,N-MNIST,temporal ANN-DFA,20260908,H2,actual,delta,basis_eval,512,30,800,neuron,"[30, 128, 800]",centered scatter; population covariance = scatter/(N*T),completed_epoch_100; stored checkpoint epoch=99,results/paper_v9_signal_processing/03_five_seed/checkpoints/temporal_ann_dfa/seed_20260908/epoch_100.pt,072604c237c2e886f379d46bf801b4f1fde4a069ae7dd08428aa34fc079c1ecb,results/paper_v9_signal_processing/01_spectral_metrics/temporal_ann_dfa_20260908.csv,results/paper1_experiment03_20260901_server/diagnostic_probe.csv,3.140893710202917e-07,between_sample,70.03045253860135,0.5681259608623291,False,15360,4,8,15,35,118,5.690368758646464,16.93665578819606,10.299543504577645,0.04375,results/paper_v9_signal_processing/08_covariance_decomposition/spectra/ann_seed_20260908_H2_actual_delta_between_sample.npy,250,250,True,,,,,,,,,,,,,
ann,N-MNIST,temporal ANN-DFA,20260908,H2,actual,gate,basis_eval,512,30,800,neuron,"[30, 128, 800]",centered scatter; population covariance = scatter/(N*T),completed_epoch_100; stored checkpoint epoch=99,results/paper_v9_signal_processing/03_five_seed/checkpoints/temporal_ann_dfa/seed_20260908/epoch_100.pt,072604c237c2e886f379d46bf801b4f1fde4a069ae7dd08428aa34fc079c1ecb,results/paper_v9_signal_processing/01_spectral_metrics/temporal_ann_dfa_20260908.csv,results/paper1_experiment03_20260901_server/diagnostic_probe.csv,6.838657860971739e-07,total,1163618.5734596862,1.0,False,15360,20,164,255,311,368,13.240742818586522,140.304675662329,49.48483799769903,0.38875,results/paper_v9_signal_processing/08_covariance_decomposition/spectra/ann_seed_20260908_H2_actual_gate_total.npy,,,,,,,,,,,,,,,,
ann,N-MNIST,temporal ANN-DFA,20260908,H2,actual,gate,basis_eval,512,30,800,neuron,"[30, 128, 800]",centered scatter; population covariance = scatter/(N*T),completed_epoch_100; stored checkpoint epoch=99,results/paper_v9_signal_processing/03_five_seed/checkpoints/temporal_ann_dfa/seed_20260908/epoch_100.pt,072604c237c2e886f379d46bf801b4f1fde4a069ae7dd08428aa34fc079c1ecb,results/paper_v9_signal_processing/01_spectral_metrics/temporal_ann_dfa_20260908.csv,results/paper1_experiment03_20260901_server/diagnostic_probe.csv,6.838657860971739e-07,within_time,965773.8137686849,0.8299745602179873,False,15360,32,185,268,319,371,15.670155348417598,168.06631323522473,61.624491385372615,0.39875,results/paper_v9_signal_processing/08_covariance_decomposition/spectra/ann_seed_20260908_H2_actual_gate_within_time.npy,,,,,,,,,,,,,,,,
ann,N-MNIST,temporal ANN-DFA,20260908,H2,actual,gate,basis_eval,512,30,800,neuron,"[30, 128, 800]",centered scatter; population covariance = scatter/(N*T),completed_epoch_100; stored checkpoint epoch=99,results/paper_v9_signal_processing/03_five_seed/checkpoints/temporal_ann_dfa/seed_20260908/epoch_100.pt,072604c237c2e886f379d46bf801b4f1fde4a069ae7dd08428aa34fc079c1ecb,results/paper_v9_signal_processing/01_spectral_metrics/temporal_ann_dfa_20260908.csv,results/paper1_experiment03_20260901_server/diagnostic_probe.csv,6.838657860971739e-07,between_sample,197844.7174669358,0.17002540349515155,False,15360,4,12,36,95,226,3.622617852287465,22.64158173939116,8.809889240961667,0.11875,results/paper_v9_signal_processing/08_covariance_decomposition/spectra/ann_seed_20260908_H2_actual_gate_between_sample.npy,,,,,,,,,,,,,,,,
ann,N-MNIST,temporal ANN-DFA,20260908,H2,actual,q_carrier,basis_eval,512,30,800,neuron,"[30, 128, 800]",centered scatter; population covariance = scatter/(N*T),completed_epoch_100; stored checkpoint epoch=99,results/paper_v9_signal_processing/03_five_seed/checkpoints/temporal_ann_dfa/seed_20260908/epoch_100.pt,072604c237c2e886f379d46bf801b4f1fde4a069ae7dd08428aa34fc079c1ecb,results/paper_v9_signal_processing/01_spectral_metrics/temporal_ann_dfa_20260908.csv,results/paper1_experiment03_20260901_server/diagnostic_probe.csv,,carrier_total,18.512858308395355,1.0,,512,4,7,8,9,9,5.0140070979662825,8.650764442092026,8.056190537698646,0.01125,results/paper_v9_signal_processing/08_covariance_decomposition/spectra/ann_seed_20260908_H2_actual_q_carrier_carrier_total.npy,,,,0.0,0.0001416015625,1.0,0.007301038836071574,800,10,10,1.0,,,,,
ann,N-MNIST,temporal ANN-DFA,20260908,H3,actual,delta,basis_eval,512,30,800,neuron,"[30, 128, 800]",centered scatter; population covariance = scatter/(N*T),completed_epoch_100; stored checkpoint epoch=99,results/paper_v9_signal_processing/03_five_seed/checkpoints/temporal_ann_dfa/seed_20260908/epoch_100.pt,072604c237c2e886f379d46bf801b4f1fde4a069ae7dd08428aa34fc079c1ecb,results/paper_v9_signal_processing/01_spectral_metrics/temporal_ann_dfa_20260908.csv,results/paper1_experiment03_20260901_server/diagnostic_probe.csv,2.79411573295708e-07,total,75.19226623340938,1.0,False,15360,6,34,78,125,201,8.93377688886896,45.01786307017882,19.659130555830043,0.15625,results/paper_v9_signal_processing/08_covariance_decomposition/spectra/ann_seed_20260908_H3_actual_delta_total.npy,125,125,True,,,,,,,,,,,,,
ann,N-MNIST,temporal ANN-DFA,20260908,H3,actual,delta,basis_eval,512,30,800,neuron,"[30, 128, 800]",centered scatter; population covariance = scatter/(N*T),completed_epoch_100; stored checkpoint epoch=99,results/paper_v9_signal_processing/03_five_seed/checkpoints/temporal_ann_dfa/seed_20260908/epoch_100.pt,072604c237c2e886f379d46bf801b4f1fde4a069ae7dd08428aa34fc079c1ecb,results/paper_v9_signal_processing/01_spectral_metrics/temporal_ann_dfa_20260908.csv,results/paper1_experiment03_20260901_server/diagnostic_probe.csv,2.79411573295708e-07,within_time,25.0637244727586,0.33332848879639565,False,15360,29,95,141,176,227,14.784147386536427,127.58743059552549,68.60241622495353,0.22,results/paper_v9_signal_processing/08_covariance_decomposition/spectra/ann_seed_20260908_H3_actual_delta_within_time.npy,125,125,True,,,,,,,,,,,,,
ann,N-MNIST,temporal ANN-DFA,20260908,H3,actual,delta,basis_eval,512,30,800,neuron,"[30, 128, 800]",centered scatter; population covariance = scatter/(N*T),completed_epoch_100; stored checkpoint epoch=99,results/paper_v9_signal_processing/03_five_seed/checkpoints/temporal_ann_dfa/seed_20260908/epoch_100.pt,072604c237c2e886f379d46bf801b4f1fde4a069ae7dd08428aa34fc079c1ecb,results/paper_v9_signal_processing/01_spectral_metrics/temporal_ann_dfa_20260908.csv,results/paper1_experiment03_20260901_server/diagnostic_probe.csv,2.79411573295708e-07,between_sample,50.128545870046885,0.6666715658554496,False,15360,4,8,12,25,70,6.254926035237014,15.422166360429957,10.16409528043081,0.03125,results/paper_v9_signal_processing/08_covariance_decomposition/spectra/ann_seed_20260908_H3_actual_delta_between_sample.npy,125,125,True,,,,,,,,,,,,,
ann,N-MNIST,temporal ANN-DFA,20260908,H3,actual,gate,basis_eval,512,30,800,neuron,"[30, 128, 800]",centered scatter; population covariance = scatter/(N*T),completed_epoch_100; stored checkpoint epoch=99,results/paper_v9_signal_processing/03_five_seed/checkpoints/temporal_ann_dfa/seed_20260908/epoch_100.pt,072604c237c2e886f379d46bf801b4f1fde4a069ae7dd08428aa34fc079c1ecb,results/paper_v9_signal_processing/01_spectral_metrics/temporal_ann_dfa_20260908.csv,results/paper1_experiment03_20260901_server/diagnostic_probe.csv,6.918635447372446e-07,total,573927.8582834009,1.0,False,15360,8,70,127,168,222,7.2154727389262945,64.12194294384796,22.488407158447025,0.21,results/paper_v9_signal_processing/08_covariance_decomposition/spectra/ann_seed_20260908_H3_actual_gate_total.npy,,,,,,,,,,,,,,,,
ann,N-MNIST,temporal ANN-DFA,20260908,H3,actual,gate,basis_eval,512,30,800,neuron,"[30, 128, 800]",centered scatter; population covariance = scatter/(N*T),completed_epoch_100; stored checkpoint epoch=99,results/paper_v9_signal_processing/03_five_seed/checkpoints/temporal_ann_dfa/seed_20260908/epoch_100.pt,072604c237c2e886f379d46bf801b4f1fde4a069ae7dd08428aa34fc079c1ecb,results/paper_v9_signal_processing/01_spectral_metrics/temporal_ann_dfa_20260908.csv,results/paper1_experiment03_20260901_server/diagnostic_probe.csv,6.918635447372446e-07,within_time,444433.73869895935,0.7743721310693052,False,15360,12,88,140,177,226,8.525176914272699,81.09822486873618,28.174282912121758,0.22125,results/paper_v9_signal_processing/08_covariance_decomposition/spectra/ann_seed_20260908_H3_actual_gate_within_time.npy,,,,,,,,,,,,,,,,
ann,N-MNIST,temporal ANN-DFA,20260908,H3,actual,gate,basis_eval,512,30,800,neuron,"[30, 128, 800]",centered scatter; population covariance = scatter/(N*T),completed_epoch_100; stored checkpoint epoch=99,results/paper_v9_signal_processing/03_five_seed/checkpoints/temporal_ann_dfa/seed_20260908/epoch_100.pt,072604c237c2e886f379d46bf801b4f1fde4a069ae7dd08428aa34fc079c1ecb,results/paper_v9_signal_processing/01_spectral_metrics/temporal_ann_dfa_20260908.csv,results/paper1_experiment03_20260901_server/diagnostic_probe.csv,6.918635447372446e-07,between_sample,129494.07577602277,0.22562779259981428,False,15360,3,7,12,35,128,3.2893262025720964,13.779171749368201,7.021945067163425,0.04375,results/paper_v9_signal_processing/08_covariance_decomposition/spectra/ann_seed_20260908_H3_actual_gate_between_sample.npy,,,,,,,,,,,,,,,,
ann,N-MNIST,temporal ANN-DFA,20260908,H3,actual,q_carrier,basis_eval,512,30,800,neuron,"[30, 128, 800]",centered scatter; population covariance = scatter/(N*T),completed_epoch_100; stored checkpoint epoch=99,results/paper_v9_signal_processing/03_five_seed/checkpoints/temporal_ann_dfa/seed_20260908/epoch_100.pt,072604c237c2e886f379d46bf801b4f1fde4a069ae7dd08428aa34fc079c1ecb,results/paper_v9_signal_processing/01_spectral_metrics/temporal_ann_dfa_20260908.csv,results/paper1_experiment03_20260901_server/diagnostic_probe.csv,,carrier_total,17.99275315604932,1.0,,512,4,7,8,9,9,5.258538798746055,8.672538754632436,8.127264318969898,0.01125,results/paper_v9_signal_processing/08_covariance_decomposition/spectra/ann_seed_20260908_H3_actual_q_carrier_carrier_total.npy,,,,0.0,0.00011474609375,1.0,0.007279960403888503,800,10,10,1.0,,,,,
ann,N-MNIST,temporal ANN-DFA,20260909,H1,actual,delta,basis_eval,512,30,800,neuron,"[30, 128, 800]",centered scatter; population covariance = scatter/(N*T),completed_epoch_100; stored checkpoint epoch=99,results/paper_v9_signal_processing/03_five_seed/checkpoints/temporal_ann_dfa/seed_20260909/epoch_100.pt,81fd5ae699ebe89c5d21e5b3a8f967322f1c97a6d1f3042a2eccfcdc6da0dd0e,results/paper_v9_signal_processing/01_spectral_metrics/temporal_ann_dfa_20260909.csv,results/paper1_experiment03_20260901_server/diagnostic_probe.csv,7.115601673386782e-07,total,44.05374363398264,1.0,False,15360,105,330,465,561,678,24.71287021049585,382.36373825044075,150.8254253475278,0.70125,results/paper_v9_signal_processing/08_covariance_decomposition/spectra/ann_seed_20260909_H1_actual_delta_total.npy,561,561,True,,,,,,,,,,,,,
ann,N-MNIST,temporal ANN-DFA,20260909,H1,actual,delta,basis_eval,512,30,800,neuron,"[30, 128, 800]",centered scatter; population covariance = scatter/(N*T),completed_epoch_100; stored checkpoint epoch=99,results/paper_v9_signal_processing/03_five_seed/checkpoints/temporal_ann_dfa/seed_20260909/epoch_100.pt,81fd5ae699ebe89c5d21e5b3a8f967322f1c97a6d1f3042a2eccfcdc6da0dd0e,results/paper_v9_signal_processing/01_spectral_metrics/temporal_ann_dfa_20260909.csv,results/paper1_experiment03_20260901_server/diagnostic_probe.csv,7.115601673386782e-07,within_time,33.375820499238,0.7576159877929696,False,15360,153,372,495,580,682,104.60695727017566,532.0631635494733,403.6526815571852,0.725,results/paper_v9_signal_processing/08_covariance_decomposition/spectra/ann_seed_20260909_H1_actual_delta_within_time.npy,561,561,True,,,,,,,,,,,,,
ann,N-MNIST,temporal ANN-DFA,20260909,H1,actual,delta,basis_eval,512,30,800,neuron,"[30, 128, 800]",centered scatter; population covariance = scatter/(N*T),completed_epoch_100; stored checkpoint epoch=99,results/paper_v9_signal_processing/03_five_seed/checkpoints/temporal_ann_dfa/seed_20260909/epoch_100.pt,81fd5ae699ebe89c5d21e5b3a8f967322f1c97a6d1f3042a2eccfcdc6da0dd0e,results/paper_v9_signal_processing/01_spectral_metrics/temporal_ann_dfa_20260909.csv,results/paper1_experiment03_20260901_server/diagnostic_probe.csv,7.115601673386782e-07,between_sample,10.677928966161906,0.24238414457755758,False,15360,5,21,67,133,288,6.128419322165489,34.06299972711042,13.986238882053074,0.16625,results/paper_v9_signal_processing/08_covariance_decomposition/spectra/ann_seed_20260909_H1_actual_delta_between_sample.npy,561,561,True,,,,,,,,,,,,,
ann,N-MNIST,temporal ANN-DFA,20260909,H1,actual,gate,basis_eval,512,30,800,neuron,"[30, 128, 800]",centered scatter; population covariance = scatter/(N*T),completed_epoch_100; stored checkpoint epoch=99,results/paper_v9_signal_processing/03_five_seed/checkpoints/temporal_ann_dfa/seed_20260909/epoch_100.pt,81fd5ae699ebe89c5d21e5b3a8f967322f1c97a6d1f3042a2eccfcdc6da0dd0e,results/paper_v9_signal_processing/01_spectral_metrics/temporal_ann_dfa_20260909.csv,results/paper1_experiment03_20260901_server/diagnostic_probe.csv,9.623248944186356e-07,total,1032331.0141100119,1.0,False,15360,124,392,526,608,693,30.04515639580239,440.5820179719075,203.15070079008697,0.76,results/paper_v9_signal_processing/08_covariance_decomposition/spectra/ann_seed_20260909_H1_actual_gate_total.npy,,,,,,,,,,,,,,,,
ann,N-MNIST,temporal ANN-DFA,20260909,H1,actual,gate,basis_eval,512,30,800,neuron,"[30, 128, 800]",centered scatter; population covariance = scatter/(N*T),completed_epoch_100; stored checkpoint epoch=99,results/paper_v9_signal_processing/03_five_seed/checkpoints/temporal_ann_dfa/seed_20260909/epoch_100.pt,81fd5ae699ebe89c5d21e5b3a8f967322f1c97a6d1f3042a2eccfcdc6da0dd0e,results/paper_v9_signal_processing/01_spectral_metrics/temporal_ann_dfa_20260909.csv,results/paper1_experiment03_20260901_server/diagnostic_probe.csv,9.623248944186356e-07,within_time,928387.8159333467,0.8993121423691062,False,15360,141,405,534,613,695,42.62795207341459,481.44501612078204,261.3667903259174,0.76625,results/paper_v9_signal_processing/08_covariance_decomposition/spectra/ann_seed_20260909_H1_actual_gate_within_time.npy,,,,,,,,,,,,,,,,
ann,N-MNIST,temporal ANN-DFA,20260909,H1,actual,gate,basis_eval,512,30,800,neuron,"[30, 128, 800]",centered scatter; population covariance = scatter/(N*T),completed_epoch_100; stored checkpoint epoch=99,results/paper_v9_signal_processing/03_five_seed/checkpoints/temporal_ann_dfa/seed_20260909/epoch_100.pt,81fd5ae699ebe89c5d21e5b3a8f967322f1c97a6d1f3042a2eccfcdc6da0dd0e,results/paper_v9_signal_processing/01_spectral_metrics/temporal_ann_dfa_20260909.csv,results/paper1_experiment03_20260901_server/diagnostic_probe.csv,9.623248944186356e-07,between_sample,103943.47207749223,0.10068812295356976,False,15360,5,55,141,224,367,4.878151511035842,49.86598107586381,13.434573579111877,0.28,results/paper_v9_signal_processing/08_covariance_decomposition/spectra/ann_seed_20260909_H1_actual_gate_between_sample.npy,,,,,,,,,,,,,,,,
ann,N-MNIST,temporal ANN-DFA,20260909,H1,actual,q_carrier,basis_eval,512,30,800,neuron,"[30, 128, 800]",centered scatter; population covariance = scatter/(N*T),completed_epoch_100; stored checkpoint epoch=99,results/paper_v9_signal_processing/03_five_seed/checkpoints/temporal_ann_dfa/seed_20260909/epoch_100.pt,81fd5ae699ebe89c5d21e5b3a8f967322f1c97a6d1f3042a2eccfcdc6da0dd0e,results/paper_v9_signal_processing/01_spectral_metrics/temporal_ann_dfa_20260909.csv,results/paper1_experiment03_20260901_server/diagnostic_probe.csv,,carrier_total,12.856977852411813,1.0,,512,4,7,8,9,9,6.0280312274838685,8.82772464822915,8.454387745771399,0.01125,results/paper_v9_signal_processing/08_covariance_decomposition/spectra/ann_seed_20260909_H1_actual_q_carrier_carrier_total.npy,,,,0.0,0.00013916015625,1.0,0.005943498100409247,800,10,10,1.0,,,,,
ann,N-MNIST,temporal ANN-DFA,20260909,H2,actual,delta,basis_eval,512,30,800,neuron,"[30, 128, 800]",centered scatter; population covariance = scatter/(N*T),completed_epoch_100; stored checkpoint epoch=99,results/paper_v9_signal_processing/03_five_seed/checkpoints/temporal_ann_dfa/seed_20260909/epoch_100.pt,81fd5ae699ebe89c5d21e5b3a8f967322f1c97a6d1f3042a2eccfcdc6da0dd0e,results/paper_v9_signal_processing/01_spectral_metrics/temporal_ann_dfa_20260909.csv,results/paper1_experiment03_20260901_server/diagnostic_probe.csv,3.286130575070654e-07,total,96.31679101648697,1.0,False,15360,9,114,226,320,449,10.07465246389669,99.52796887889555,30.16807902919521,0.4,results/paper_v9_signal_processing/08_covariance_decomposition/spectra/ann_seed_20260909_H2_actual_delta_total.npy,320,320,True,,,,,,,,,,,,,
ann,N-MNIST,temporal ANN-DFA,20260909,H2,actual,delta,basis_eval,512,30,800,neuron,"[30, 128, 800]",centered scatter; population covariance = scatter/(N*T),completed_epoch_100; stored checkpoint epoch=99,results/paper_v9_signal_processing/03_five_seed/checkpoints/temporal_ann_dfa/seed_20260909/epoch_100.pt,81fd5ae699ebe89c5d21e5b3a8f967322f1c97a6d1f3042a2eccfcdc6da0dd0e,results/paper_v9_signal_processing/01_spectral_metrics/temporal_ann_dfa_20260909.csv,results/paper1_experiment03_20260901_server/diagnostic_probe.csv,3.286130575070654e-07,within_time,44.09661397982019,0.45782893630947463,False,15360,74,226,321,389,482,27.88629477465929,301.668564867674,169.92516984805184,0.48625,results/paper_v9_signal_processing/08_covariance_decomposition/spectra/ann_seed_20260909_H2_actual_delta_within_time.npy,320,320,True,,,,,,,,,,,,,
ann,N-MNIST,temporal ANN-DFA,20260909,H2,actual,delta,basis_eval,512,30,800,neuron,"[30, 128, 800]",centered scatter; population covariance = scatter/(N*T),completed_epoch_100; stored checkpoint epoch=99,results/paper_v9_signal_processing/03_five_seed/checkpoints/temporal_ann_dfa/seed_20260909/epoch_100.pt,81fd5ae699ebe89c5d21e5b3a8f967322f1c97a6d1f3042a2eccfcdc6da0dd0e,results/paper_v9_signal_processing/01_spectral_metrics/temporal_ann_dfa_20260909.csv,results/paper1_experiment03_20260901_server/diagnostic_probe.csv,3.286130575070654e-07,between_sample,52.22018746589562,0.5421711719710103,False,15360,4,8,15,40,139,5.816197222319805,17.21646903284559,10.43894769065811,0.05,results/paper_v9_signal_processing/08_covariance_decomposition/spectra/ann_seed_20260909_H2_actual_delta_between_sample.npy,320,320,True,,,,,,,,,,,,,
ann,N-MNIST,temporal ANN-DFA,20260909,H2,actual,gate,basis_eval,512,30,800,neuron,"[30, 128, 800]",centered scatter; population covariance = scatter/(N*T),completed_epoch_100; stored checkpoint epoch=99,results/paper_v9_signal_processing/03_five_seed/checkpoints/temporal_ann_dfa/seed_20260909/epoch_100.pt,81fd5ae699ebe89c5d21e5b3a8f967322f1c97a6d1f3042a2eccfcdc6da0dd0e,results/paper_v9_signal_processing/01_spectral_metrics/temporal_ann_dfa_20260909.csv,results/paper1_experiment03_20260901_server/diagnostic_probe.csv,6.872377674087273e-07,total,1446797.2150023272,1.0,False,15360,27,213,326,397,484,19.350314105388023,185.8497243009724,65.16994240638964,0.49625,results/paper_v9_signal_processing/08_covariance_decomposition/spectra/ann_seed_20260909_H2_actual_gate_total.npy,,,,,,,,,,,,,,,,
ann,N-MNIST,temporal ANN-DFA,20260909,H2,actual,gate,basis_eval,512,30,800,neuron,"[30, 128, 800]",centered scatter; population covariance = scatter/(N*T),completed_epoch_100; stored checkpoint epoch=99,results/paper_v9_signal_processing/03_five_seed/checkpoints/temporal_ann_dfa/seed_20260909/epoch_100.pt,81fd5ae699ebe89c5d21e5b3a8f967322f1c97a6d1f3042a2eccfcdc6da0dd0e,results/paper_v9_signal_processing/01_spectral_metrics/temporal_ann_dfa_20260909.csv,results/paper1_experiment03_20260901_server/diagnostic_probe.csv,6.872377674087273e-07,within_time,1232751.7924368382,0.8520556852432531,False,15360,41,234,340,405,487,19.131276304196174,215.24308468787814,75.96327816120638,0.50625,results/paper_v9_signal_processing/08_covariance_decomposition/spectra/ann_seed_20260909_H2_actual_gate_within_time.npy,,,,,,,,,,,,,,,,
ann,N-MNIST,temporal ANN-DFA,20260909,H2,actual,gate,basis_eval,512,30,800,neuron,"[30, 128, 800]",centered scatter; population covariance = scatter/(N*T),completed_epoch_100; stored checkpoint epoch=99,results/paper_v9_signal_processing/03_five_seed/checkpoints/temporal_ann_dfa/seed_20260909/epoch_100.pt,81fd5ae699ebe89c5d21e5b3a8f967322f1c97a6d1f3042a2eccfcdc6da0dd0e,results/paper_v9_signal_processing/01_spectral_metrics/temporal_ann_dfa_20260909.csv,results/paper1_experiment03_20260901_server/diagnostic_probe.csv,6.872377674087273e-07,between_sample,214045.3081278982,0.14794423565955916,False,15360,4,15,55,128,275,4.367482362628557,28.982491002231317,11.0393663217189,0.16,results/paper_v9_signal_processing/08_covariance_decomposition/spectra/ann_seed_20260909_H2_actual_gate_between_sample.npy,,,,,,,,,,,,,,,,
ann,N-MNIST,temporal ANN-DFA,20260909,H2,actual,q_carrier,basis_eval,512,30,800,neuron,"[30, 128, 800]",centered scatter; population covariance = scatter/(N*T),completed_epoch_100; stored checkpoint epoch=99,results/paper_v9_signal_processing/03_five_seed/checkpoints/temporal_ann_dfa/seed_20260909/epoch_100.pt,81fd5ae699ebe89c5d21e5b3a8f967322f1c97a6d1f3042a2eccfcdc6da0dd0e,results/paper_v9_signal_processing/01_spectral_metrics/temporal_ann_dfa_20260909.csv,results/paper1_experiment03_20260901_server/diagnostic_probe.csv,,carrier_total,12.791897164431969,1.0,,512,4,7,8,9,9,5.808073902121455,8.71479115416333,8.258265867011627,0.01125,results/paper_v9_signal_processing/08_covariance_decomposition/spectra/ann_seed_20260909_H2_actual_q_carrier_carrier_total.npy,,,,0.0,0.00017822265625,1.0,0.005939797133030361,800,10,10,1.0,,,,,
ann,N-MNIST,temporal ANN-DFA,20260909,H3,actual,delta,basis_eval,512,30,800,neuron,"[30, 128, 800]",centered scatter; population covariance = scatter/(N*T),completed_epoch_100; stored checkpoint epoch=99,results/paper_v9_signal_processing/03_five_seed/checkpoints/temporal_ann_dfa/seed_20260909/epoch_100.pt,81fd5ae699ebe89c5d21e5b3a8f967322f1c97a6d1f3042a2eccfcdc6da0dd0e,results/paper_v9_signal_processing/01_spectral_metrics/temporal_ann_dfa_20260909.csv,results/paper1_experiment03_20260901_server/diagnostic_probe.csv,2.496416911894134e-07,total,48.648585436569675,1.0,False,15360,6,33,80,128,202,6.53063312966606,41.04861426356701,16.448276528310448,0.16,results/paper_v9_signal_processing/08_covariance_decomposition/spectra/ann_seed_20260909_H3_actual_delta_total.npy,128,128,True,,,,,,,,,,,,,
ann,N-MNIST,temporal ANN-DFA,20260909,H3,actual,delta,basis_eval,512,30,800,neuron,"[30, 128, 800]",centered scatter; population covariance = scatter/(N*T),completed_epoch_100; stored checkpoint epoch=99,results/paper_v9_signal_processing/03_five_seed/checkpoints/temporal_ann_dfa/seed_20260909/epoch_100.pt,81fd5ae699ebe89c5d21e5b3a8f967322f1c97a6d1f3042a2eccfcdc6da0dd0e,results/paper_v9_signal_processing/01_spectral_metrics/temporal_ann_dfa_20260909.csv,results/paper1_experiment03_20260901_server/diagnostic_probe.csv,2.496416911894134e-07,within_time,15.429368341350576,0.31715965023213505,False,15360,32,102,147,181,226,16.735993498754627,135.06332880706253,75.04452929268326,0.22625,results/paper_v9_signal_processing/08_covariance_decomposition/spectra/ann_seed_20260909_H3_actual_delta_within_time.npy,128,128,True,,,,,,,,,,,,,
ann,N-MNIST,temporal ANN-DFA,20260909,H3,actual,delta,basis_eval,512,30,800,neuron,"[30, 128, 800]",centered scatter; population covariance = scatter/(N*T),completed_epoch_100; stored checkpoint epoch=99,results/paper_v9_signal_processing/03_five_seed/checkpoints/temporal_ann_dfa/seed_20260909/epoch_100.pt,81fd5ae699ebe89c5d21e5b3a8f967322f1c97a6d1f3042a2eccfcdc6da0dd0e,results/paper_v9_signal_processing/01_spectral_metrics/temporal_ann_dfa_20260909.csv,results/paper1_experiment03_20260901_server/diagnostic_probe.csv,2.496416911894134e-07,between_sample,33.219220706597646,0.6828404240018537,False,15360,4,8,10,23,72,4.764783471973313,13.8977098011843,8.883657620696443,0.02875,results/paper_v9_signal_processing/08_covariance_decomposition/spectra/ann_seed_20260909_H3_actual_delta_between_sample.npy,128,128,True,,,,,,,,,,,,,
ann,N-MNIST,temporal ANN-DFA,20260909,H3,actual,gate,basis_eval,512,30,800,neuron,"[30, 128, 800]",centered scatter; population covariance = scatter/(N*T),completed_epoch_100; stored checkpoint epoch=99,results/paper_v9_signal_processing/03_five_seed/checkpoints/temporal_ann_dfa/seed_20260909/epoch_100.pt,81fd5ae699ebe89c5d21e5b3a8f967322f1c97a6d1f3042a2eccfcdc6da0dd0e,results/paper_v9_signal_processing/01_spectral_metrics/temporal_ann_dfa_20260909.csv,results/paper1_experiment03_20260901_server/diagnostic_probe.csv,7.038669038463057e-07,total,552863.5828582941,1.0,False,15360,9,77,132,172,226,9.489115767797164,72.1714982560573,27.22709880708478,0.215,results/paper_v9_signal_processing/08_covariance_decomposition/spectra/ann_seed_20260909_H3_actual_gate_total.npy,,,,,,,,,,,,,,,,
ann,N-MNIST,temporal ANN-DFA,20260909,H3,actual,gate,basis_eval,512,30,800,neuron,"[30, 128, 800]",centered scatter; population covariance = scatter/(N*T),completed_epoch_100; stored checkpoint epoch=99,results/paper_v9_signal_processing/03_five_seed/checkpoints/temporal_ann_dfa/seed_20260909/epoch_100.pt,81fd5ae699ebe89c5d21e5b3a8f967322f1c97a6d1f3042a2eccfcdc6da0dd0e,results/paper_v9_signal_processing/01_spectral_metrics/temporal_ann_dfa_20260909.csv,results/paper1_experiment03_20260901_server/diagnostic_probe.csv,7.038669038463057e-07,within_time,437439.6107568145,0.7912252214104247,False,15360,14,92,144,180,229,9.482457474094561,87.21081294476,31.322005286841826,0.225,results/paper_v9_signal_processing/08_covariance_decomposition/spectra/ann_seed_20260909_H3_actual_gate_within_time.npy,,,,,,,,,,,,,,,,
ann,N-MNIST,temporal ANN-DFA,20260909,H3,actual,gate,basis_eval,512,30,800,neuron,"[30, 128, 800]",centered scatter; population covariance = scatter/(N*T),completed_epoch_100; stored checkpoint epoch=99,results/paper_v9_signal_processing/03_five_seed/checkpoints/temporal_ann_dfa/seed_20260909/epoch_100.pt,81fd5ae699ebe89c5d21e5b3a8f967322f1c97a6d1f3042a2eccfcdc6da0dd0e,results/paper_v9_signal_processing/01_spectral_metrics/temporal_ann_dfa_20260909.csv,results/paper1_experiment03_20260901_server/diagnostic_probe.csv,7.038669038463057e-07,between_sample,115423.94090893773,0.208774722169614,False,15360,3,8,14,42,137,3.7983999831163207,15.855347559837597,8.165305096485955,0.0525,results/paper_v9_signal_processing/08_covariance_decomposition/spectra/ann_seed_20260909_H3_actual_gate_between_sample.npy,,,,,,,,,,,,,,,,
ann,N-MNIST,temporal ANN-DFA,20260909,H3,actual,q_carrier,basis_eval,512,30,800,neuron,"[30, 128, 800]",centered scatter; population covariance = scatter/(N*T),completed_epoch_100; stored checkpoint epoch=99,results/paper_v9_signal_processing/03_five_seed/checkpoints/temporal_ann_dfa/seed_20260909/epoch_100.pt,81fd5ae699ebe89c5d21e5b3a8f967322f1c97a6d1f3042a2eccfcdc6da0dd0e,results/paper_v9_signal_processing/01_spectral_metrics/temporal_ann_dfa_20260909.csv,results/paper1_experiment03_20260901_server/diagnostic_probe.csv,,carrier_total,12.638778289066488,1.0,,512,4,7,8,9,9,6.041567021106601,8.812555903404059,8.433044909866592,0.01125,results/paper_v9_signal_processing/08_covariance_decomposition/spectra/ann_seed_20260909_H3_actual_q_carrier_carrier_total.npy,,,,0.0,0.00015625,1.0,0.005879355515365309,800,10,10,1.0,,,,,
stateless,N-MNIST,memoryless surrogate-spiking DFA,20260830,H1,actual,delta,basis_eval,512,30,800,neuron,"[30, 128, 800]",centered scatter; population covariance = scatter/(N*T),completed_epoch_100; stored checkpoint epoch=99,results/paper_v9_signal_processing/06_mechanism_exploration/01_stateless_surrogate_control/checkpoints/seed_20260830/epoch_100.pt,301e86c4ed5467f1f60ce49704e2ef32063a12c26a62b8121a859d82a375180b,results/paper_v9_signal_processing/06_mechanism_exploration/01_stateless_surrogate_control/stateless_surrogate_per_seed.csv,results/paper1_experiment03_20260901_server/diagnostic_probe.csv,5.323175880490625e-07,total,112.7716175860053,1.0,False,15360,120,304,417,503,621,50.73546926592506,432.74888008764583,277.52291943173583,0.62875,results/paper_v9_signal_processing/08_covariance_decomposition/spectra/stateless_seed_20260830_H1_actual_delta_total.npy,503,503,True,,,,,,,,,,,,,
stateless,N-MNIST,memoryless surrogate-spiking DFA,20260830,H1,actual,delta,basis_eval,512,30,800,neuron,"[30, 128, 800]",centered scatter; population covariance = scatter/(N*T),completed_epoch_100; stored checkpoint epoch=99,results/paper_v9_signal_processing/06_mechanism_exploration/01_stateless_surrogate_control/checkpoints/seed_20260830/epoch_100.pt,301e86c4ed5467f1f60ce49704e2ef32063a12c26a62b8121a859d82a375180b,results/paper_v9_signal_processing/06_mechanism_exploration/01_stateless_surrogate_control/stateless_surrogate_per_seed.csv,results/paper1_experiment03_20260901_server/diagnostic_probe.csv,5.323175880490625e-07,within_time,100.52444370255849,0.8913984374294666,False,15360,133,315,425,509,624,111.92166786767392,472.14443563075815,364.1128446993795,0.63625,results/paper_v9_signal_processing/08_covariance_decomposition/spectra/stateless_seed_20260830_H1_actual_delta_within_time.npy,503,503,True,,,,,,,,,,,,,
stateless,N-MNIST,memoryless surrogate-spiking DFA,20260830,H1,actual,delta,basis_eval,512,30,800,neuron,"[30, 128, 800]",centered scatter; population covariance = scatter/(N*T),completed_epoch_100; stored checkpoint epoch=99,results/paper_v9_signal_processing/06_mechanism_exploration/01_stateless_surrogate_control/checkpoints/seed_20260830/epoch_100.pt,301e86c4ed5467f1f60ce49704e2ef32063a12c26a62b8121a859d82a375180b,results/paper_v9_signal_processing/06_mechanism_exploration/01_stateless_surrogate_control/stateless_surrogate_per_seed.csv,results/paper1_experiment03_20260901_server/diagnostic_probe.csv,5.323175880490625e-07,between_sample,12.247173561933797,0.10860155971952329,False,15360,5,25,59,99,198,6.924647871612062,34.25203164062853,14.317812793238978,0.12375,results/paper_v9_signal_processing/08_covariance_decomposition/spectra/stateless_seed_20260830_H1_actual_delta_between_sample.npy,503,503,True,,,,,,,,,,,,,
stateless,N-MNIST,memoryless surrogate-spiking DFA,20260830,H1,actual,gate,basis_eval,512,30,800,neuron,"[30, 128, 800]",centered scatter; population covariance = scatter/(N*T),completed_epoch_100; stored checkpoint epoch=99,results/paper_v9_signal_processing/06_mechanism_exploration/01_stateless_surrogate_control/checkpoints/seed_20260830/epoch_100.pt,301e86c4ed5467f1f60ce49704e2ef32063a12c26a62b8121a859d82a375180b,results/paper_v9_signal_processing/06_mechanism_exploration/01_stateless_surrogate_control/stateless_surrogate_per_seed.csv,results/paper1_experiment03_20260901_server/diagnostic_probe.csv,1.3804841519670976e-07,total,44790.19083474409,1.0,False,15360,213,415,512,578,656,100.73426204210868,598.8266086811292,528.7279098220341,0.7225,results/paper_v9_signal_processing/08_covariance_decomposition/spectra/stateless_seed_20260830_H1_actual_gate_total.npy,,,,,,,,,,,,,,,,
stateless,N-MNIST,memoryless surrogate-spiking DFA,20260830,H1,actual,gate,basis_eval,512,30,800,neuron,"[30, 128, 800]",centered scatter; population covariance = scatter/(N*T),completed_epoch_100; stored checkpoint epoch=99,results/paper_v9_signal_processing/06_mechanism_exploration/01_stateless_surrogate_control/checkpoints/seed_20260830/epoch_100.pt,301e86c4ed5467f1f60ce49704e2ef32063a12c26a62b8121a859d82a375180b,results/paper_v9_signal_processing/06_mechanism_exploration/01_stateless_surrogate_control/stateless_surrogate_per_seed.csv,results/paper1_experiment03_20260901_server/diagnostic_probe.csv,1.3804841519670976e-07,within_time,42564.133748959044,0.9503003437962966,False,15360,216,416,513,579,656,200.77269093646348,605.1296069948429,549.1432143171211,0.72375,results/paper_v9_signal_processing/08_covariance_decomposition/spectra/stateless_seed_20260830_H1_actual_gate_within_time.npy,,,,,,,,,,,,,,,,
stateless,N-MNIST,memoryless surrogate-spiking DFA,20260830,H1,actual,gate,basis_eval,512,30,800,neuron,"[30, 128, 800]",centered scatter; population covariance = scatter/(N*T),completed_epoch_100; stored checkpoint epoch=99,results/paper_v9_signal_processing/06_mechanism_exploration/01_stateless_surrogate_control/checkpoints/seed_20260830/epoch_100.pt,301e86c4ed5467f1f60ce49704e2ef32063a12c26a62b8121a859d82a375180b,results/paper_v9_signal_processing/06_mechanism_exploration/01_stateless_surrogate_control/stateless_surrogate_per_seed.csv,results/paper1_experiment03_20260901_server/diagnostic_probe.csv,1.3804841519670976e-07,between_sample,2226.054236677533,0.04969959259362579,False,15360,54,171,246,310,415,8.379639541005385,189.63250442769504,49.983450210215345,0.3875,results/paper_v9_signal_processing/08_covariance_decomposition/spectra/stateless_seed_20260830_H1_actual_gate_between_sample.npy,,,,,,,,,,,,,,,,
stateless,N-MNIST,memoryless surrogate-spiking DFA,20260830,H1,actual,q_carrier,basis_eval,512,30,800,neuron,"[30, 128, 800]",centered scatter; population covariance = scatter/(N*T),completed_epoch_100; stored checkpoint epoch=99,results/paper_v9_signal_processing/06_mechanism_exploration/01_stateless_surrogate_control/checkpoints/seed_20260830/epoch_100.pt,301e86c4ed5467f1f60ce49704e2ef32063a12c26a62b8121a859d82a375180b,results/paper_v9_signal_processing/06_mechanism_exploration/01_stateless_surrogate_control/stateless_surrogate_per_seed.csv,results/paper1_experiment03_20260901_server/diagnostic_probe.csv,,carrier_total,962.9691833195295,1.0,,512,3,6,7,8,10,4.603685968291335,8.04895439097692,7.066275311727317,0.01,results/paper_v9_signal_processing/08_covariance_decomposition/spectra/stateless_seed_20260830_H1_actual_q_carrier_carrier_total.npy,,,,0.208984375,0.2089990234375,1.0,0.04883554424990778,800,10,10,1.0,,,,,
stateless,N-MNIST,memoryless surrogate-spiking DFA,20260830,H2,actual,delta,basis_eval,512,30,800,neuron,"[30, 128, 800]",centered scatter; population covariance = scatter/(N*T),completed_epoch_100; stored checkpoint epoch=99,results/paper_v9_signal_processing/06_mechanism_exploration/01_stateless_surrogate_control/checkpoints/seed_20260830/epoch_100.pt,301e86c4ed5467f1f60ce49704e2ef32063a12c26a62b8121a859d82a375180b,results/paper_v9_signal_processing/06_mechanism_exploration/01_stateless_surrogate_control/stateless_surrogate_per_seed.csv,results/paper1_experiment03_20260901_server/diagnostic_probe.csv,6.153647685803308e-07,total,183.57376471543313,1.0,False,15360,117,308,426,515,629,36.478901204114365,416.9694665385753,232.99112436004384,0.64375,results/paper_v9_signal_processing/08_covariance_decomposition/spectra/stateless_seed_20260830_H2_actual_delta_total.npy,515,515,True,,,,,,,,,,,,,
stateless,N-MNIST,memoryless surrogate-spiking DFA,20260830,H2,actual,delta,basis_eval,512,30,800,neuron,"[30, 128, 800]",centered scatter; population covariance = scatter/(N*T),completed_epoch_100; stored checkpoint epoch=99,results/paper_v9_signal_processing/06_mechanism_exploration/01_stateless_surrogate_control/checkpoints/seed_20260830/epoch_100.pt,301e86c4ed5467f1f60ce49704e2ef32063a12c26a62b8121a859d82a375180b,results/paper_v9_signal_processing/06_mechanism_exploration/01_stateless_surrogate_control/stateless_surrogate_per_seed.csv,results/paper1_experiment03_20260901_server/diagnostic_probe.csv,6.153647685803308e-07,within_time,164.48889208600949,0.8960370363433574,False,15360,131,319,435,521,632,73.51627417923667,467.83712861050697,343.61760765434184,0.65125,results/paper_v9_signal_processing/08_covariance_decomposition/spectra/stateless_seed_20260830_H2_actual_delta_within_time.npy,515,515,True,,,,,,,,,,,,,
stateless,N-MNIST,memoryless surrogate-spiking DFA,20260830,H2,actual,delta,basis_eval,512,30,800,neuron,"[30, 128, 800]",centered scatter; population covariance = scatter/(N*T),completed_epoch_100; stored checkpoint epoch=99,results/paper_v9_signal_processing/06_mechanism_exploration/01_stateless_surrogate_control/checkpoints/seed_20260830/epoch_100.pt,301e86c4ed5467f1f60ce49704e2ef32063a12c26a62b8121a859d82a375180b,results/paper_v9_signal_processing/06_mechanism_exploration/01_stateless_surrogate_control/stateless_surrogate_per_seed.csv,results/paper1_experiment03_20260901_server/diagnostic_probe.csv,6.153647685803308e-07,between_sample,19.084874386591412,0.10396297322864098,False,15360,4,16,41,75,170,5.990145178680095,26.979356705139484,12.372171541883272,0.09375,results/paper_v9_signal_processing/08_covariance_decomposition/spectra/stateless_seed_20260830_H2_actual_delta_between_sample.npy,515,515,True,,,,,,,,,,,,,
stateless,N-MNIST,memoryless surrogate-spiking DFA,20260830,H2,actual,gate,basis_eval,512,30,800,neuron,"[30, 128, 800]",centered scatter; population covariance = scatter/(N*T),completed_epoch_100; stored checkpoint epoch=99,results/paper_v9_signal_processing/06_mechanism_exploration/01_stateless_surrogate_control/checkpoints/seed_20260830/epoch_100.pt,301e86c4ed5467f1f60ce49704e2ef32063a12c26a62b8121a859d82a375180b,results/paper_v9_signal_processing/06_mechanism_exploration/01_stateless_surrogate_control/stateless_surrogate_per_seed.csv,results/paper1_experiment03_20260901_server/diagnostic_probe.csv,1.3010931339360887e-07,total,50130.524264401116,1.0,False,15360,228,453,551,609,663,39.39992265281562,598.2495908724001,434.5605862965438,0.76125,results/paper_v9_signal_processing/08_covariance_decomposition/spectra/stateless_seed_20260830_H2_actual_gate_total.npy,,,,,,,,,,,,,,,,
stateless,N-MNIST,memoryless surrogate-spiking DFA,20260830,H2,actual,gate,basis_eval,512,30,800,neuron,"[30, 128, 800]",centered scatter; population covariance = scatter/(N*T),completed_epoch_100; stored checkpoint epoch=99,results/paper_v9_signal_processing/06_mechanism_exploration/01_stateless_surrogate_control/checkpoints/seed_20260830/epoch_100.pt,301e86c4ed5467f1f60ce49704e2ef32063a12c26a62b8121a859d82a375180b,results/paper_v9_signal_processing/06_mechanism_exploration/01_stateless_surrogate_control/stateless_surrogate_per_seed.csv,results/paper1_experiment03_20260901_server/diagnostic_probe.csv,1.3010931339360887e-07,within_time,47544.249452740405,0.9484091808411969,False,15360,232,455,552,609,663,48.30457465763227,609.3908663180058,481.7201012120841,0.76125,results/paper_v9_signal_processing/08_covariance_decomposition/spectra/stateless_seed_20260830_H2_actual_gate_within_time.npy,,,,,,,,,,,,,,,,
stateless,N-MNIST,memoryless surrogate-spiking DFA,20260830,H2,actual,gate,basis_eval,512,30,800,neuron,"[30, 128, 800]",centered scatter; population covariance = scatter/(N*T),completed_epoch_100; stored checkpoint epoch=99,results/paper_v9_signal_processing/06_mechanism_exploration/01_stateless_surrogate_control/checkpoints/seed_20260830/epoch_100.pt,301e86c4ed5467f1f60ce49704e2ef32063a12c26a62b8121a859d82a375180b,results/paper_v9_signal_processing/06_mechanism_exploration/01_stateless_surrogate_control/stateless_surrogate_per_seed.csv,results/paper1_experiment03_20260901_server/diagnostic_probe.csv,1.3010931339360887e-07,between_sample,2586.272481717835,0.05159077268127453,False,15360,43,162,240,305,411,8.618411694940379,172.25147781515665,48.43946194061129,0.38125,results/paper_v9_signal_processing/08_covariance_decomposition/spectra/stateless_seed_20260830_H2_actual_gate_between_sample.npy,,,,,,,,,,,,,,,,
stateless,N-MNIST,memoryless surrogate-spiking DFA,20260830,H2,actual,q_carrier,basis_eval,512,30,800,neuron,"[30, 128, 800]",centered scatter; population covariance = scatter/(N*T),completed_epoch_100; stored checkpoint epoch=99,results/paper_v9_signal_processing/06_mechanism_exploration/01_stateless_surrogate_control/checkpoints/seed_20260830/epoch_100.pt,301e86c4ed5467f1f60ce49704e2ef32063a12c26a62b8121a859d82a375180b,results/paper_v9_signal_processing/06_mechanism_exploration/01_stateless_surrogate_control/stateless_surrogate_per_seed.csv,results/paper1_experiment03_20260901_server/diagnostic_probe.csv,,carrier_total,933.5970705873212,1.0,,512,3,6,7,8,10,4.480700625948045,8.03775879645466,7.065697170262089,0.01,results/paper_v9_signal_processing/08_covariance_decomposition/spectra/stateless_seed_20260830_H2_actual_q_carrier_carrier_total.npy,,,,0.208984375,0.20900390625,1.0,0.04808543891424358,800,10,10,1.0,,,,,
stateless,N-MNIST,memoryless surrogate-spiking DFA,20260830,H3,actual,delta,basis_eval,512,30,800,neuron,"[30, 128, 800]",centered scatter; population covariance = scatter/(N*T),completed_epoch_100; stored checkpoint epoch=99,results/paper_v9_signal_processing/06_mechanism_exploration/01_stateless_surrogate_control/checkpoints/seed_20260830/epoch_100.pt,301e86c4ed5467f1f60ce49704e2ef32063a12c26a62b8121a859d82a375180b,results/paper_v9_signal_processing/06_mechanism_exploration/01_stateless_surrogate_control/stateless_surrogate_per_seed.csv,results/paper1_experiment03_20260901_server/diagnostic_probe.csv,1.0772411157675777e-06,total,65.56296363944647,1.0,False,15360,108,287,411,511,650,59.18536951476001,422.2451445272819,277.98561328475597,0.63875,results/paper_v9_signal_processing/08_covariance_decomposition/spectra/stateless_seed_20260830_H3_actual_delta_total.npy,511,511,True,,,,,,,,,,,,,
stateless,N-MNIST,memoryless surrogate-spiking DFA,20260830,H3,actual,delta,basis_eval,512,30,800,neuron,"[30, 128, 800]",centered scatter; population covariance = scatter/(N*T),completed_epoch_100; stored checkpoint epoch=99,results/paper_v9_signal_processing/06_mechanism_exploration/01_stateless_surrogate_control/checkpoints/seed_20260830/epoch_100.pt,301e86c4ed5467f1f60ce49704e2ef32063a12c26a62b8121a859d82a375180b,results/paper_v9_signal_processing/06_mechanism_exploration/01_stateless_surrogate_control/stateless_surrogate_per_seed.csv,results/paper1_experiment03_20260901_server/diagnostic_probe.csv,1.0772411157675777e-06,within_time,61.69104047592067,0.9409434389693113,False,15360,111,290,413,512,651,78.50628277731387,434.19113374225225,303.0476569161097,0.64,results/paper_v9_signal_processing/08_covariance_decomposition/spectra/stateless_seed_20260830_H3_actual_delta_within_time.npy,511,511,True,,,,,,,,,,,,,
stateless,N-MNIST,memoryless surrogate-spiking DFA,20260830,H3,actual,delta,basis_eval,512,30,800,neuron,"[30, 128, 800]",centered scatter; population covariance = scatter/(N*T),completed_epoch_100; stored checkpoint epoch=99,results/paper_v9_signal_processing/06_mechanism_exploration/01_stateless_surrogate_control/checkpoints/seed_20260830/epoch_100.pt,301e86c4ed5467f1f60ce49704e2ef32063a12c26a62b8121a859d82a375180b,results/paper_v9_signal_processing/06_mechanism_exploration/01_stateless_surrogate_control/stateless_surrogate_per_seed.csv,results/paper1_experiment03_20260901_server/diagnostic_probe.csv,1.0772411157675777e-06,between_sample,3.8719267813988725,0.059056616212347326,False,15360,7,31,61,98,194,7.340290323393955,44.493063471850526,18.9903950370212,0.1225,results/paper_v9_signal_processing/08_covariance_decomposition/spectra/stateless_seed_20260830_H3_actual_delta_between_sample.npy,511,511,True,,,,,,,,,,,,,
stateless,N-MNIST,memoryless surrogate-spiking DFA,20260830,H3,actual,gate,basis_eval,512,30,800,neuron,"[30, 128, 800]",centered scatter; population covariance = scatter/(N*T),completed_epoch_100; stored checkpoint epoch=99,results/paper_v9_signal_processing/06_mechanism_exploration/01_stateless_surrogate_control/checkpoints/seed_20260830/epoch_100.pt,301e86c4ed5467f1f60ce49704e2ef32063a12c26a62b8121a859d82a375180b,results/paper_v9_signal_processing/06_mechanism_exploration/01_stateless_surrogate_control/stateless_surrogate_per_seed.csv,results/paper1_experiment03_20260901_server/diagnostic_probe.csv,2.8063917036941834e-07,total,16848.070229568533,1.0,False,15360,206,435,548,621,698,64.5811870080787,609.0074936102425,490.9498270976655,0.77625,results/paper_v9_signal_processing/08_covariance_decomposition/spectra/stateless_seed_20260830_H3_actual_gate_total.npy,,,,,,,,,,,,,,,,
stateless,N-MNIST,memoryless surrogate-spiking DFA,20260830,H3,actual,gate,basis_eval,512,30,800,neuron,"[30, 128, 800]",centered scatter; population covariance = scatter/(N*T),completed_epoch_100; stored checkpoint epoch=99,results/paper_v9_signal_processing/06_mechanism_exploration/01_stateless_surrogate_control/checkpoints/seed_20260830/epoch_100.pt,301e86c4ed5467f1f60ce49704e2ef32063a12c26a62b8121a859d82a375180b,results/paper_v9_signal_processing/06_mechanism_exploration/01_stateless_surrogate_control/stateless_surrogate_per_seed.csv,results/paper1_experiment03_20260901_server/diagnostic_probe.csv,2.8063917036941834e-07,within_time,15941.558141889851,0.9461949009395898,False,15360,211,438,550,623,698,74.95905194677898,619.7383139642548,520.8019485653624,0.77875,results/paper_v9_signal_processing/08_covariance_decomposition/spectra/stateless_seed_20260830_H3_actual_gate_within_time.npy,,,,,,,,,,,,,,,,
stateless,N-MNIST,memoryless surrogate-spiking DFA,20260830,H3,actual,gate,basis_eval,512,30,800,neuron,"[30, 128, 800]",centered scatter; population covariance = scatter/(N*T),completed_epoch_100; stored checkpoint epoch=99,results/paper_v9_signal_processing/06_mechanism_exploration/01_stateless_surrogate_control/checkpoints/seed_20260830/epoch_100.pt,301e86c4ed5467f1f60ce49704e2ef32063a12c26a62b8121a859d82a375180b,results/paper_v9_signal_processing/06_mechanism_exploration/01_stateless_surrogate_control/stateless_surrogate_per_seed.csv,results/paper1_experiment03_20260901_server/diagnostic_probe.csv,2.8063917036941834e-07,between_sample,906.5075016812438,0.0538048268632163,False,15360,34,148,226,293,404,15.863166703943772,154.18480924370613,54.04304983500617,0.36625,results/paper_v9_signal_processing/08_covariance_decomposition/spectra/stateless_seed_20260830_H3_actual_gate_between_sample.npy,,,,,,,,,,,,,,,,
stateless,N-MNIST,memoryless surrogate-spiking DFA,20260830,H3,actual,q_carrier,basis_eval,512,30,800,neuron,"[30, 128, 800]",centered scatter; population covariance = scatter/(N*T),completed_epoch_100; stored checkpoint epoch=99,results/paper_v9_signal_processing/06_mechanism_exploration/01_stateless_surrogate_control/checkpoints/seed_20260830/epoch_100.pt,301e86c4ed5467f1f60ce49704e2ef32063a12c26a62b8121a859d82a375180b,results/paper_v9_signal_processing/06_mechanism_exploration/01_stateless_surrogate_control/stateless_surrogate_per_seed.csv,results/paper1_experiment03_20260901_server/diagnostic_probe.csv,,carrier_total,927.2746171923582,1.0,,512,3,6,7,8,10,4.661721180465698,8.151868461250634,7.221566906957225,0.01,results/paper_v9_signal_processing/08_covariance_decomposition/spectra/stateless_seed_20260830_H3_actual_q_carrier_carrier_total.npy,,,,0.208984375,0.20900146484375,1.0,0.04793792615154428,800,10,10,1.0,,,,,
stateless,N-MNIST,memoryless surrogate-spiking DFA,20260831,H1,actual,delta,basis_eval,512,30,800,neuron,"[30, 128, 800]",centered scatter; population covariance = scatter/(N*T),completed_epoch_100; stored checkpoint epoch=99,results/paper_v9_signal_processing/06_mechanism_exploration/01_stateless_surrogate_control/checkpoints/seed_20260831/epoch_100.pt,7527ab1fc6cc6eb7647cdfc37d595e1305ced1aaeb1ee82a140aef51ac01606e,results/paper_v9_signal_processing/06_mechanism_exploration/01_stateless_surrogate_control/stateless_surrogate_per_seed.csv,results/paper1_experiment03_20260901_server/diagnostic_probe.csv,5.090692879257362e-07,total,109.8014125953223,1.0,False,15360,123,305,418,504,623,49.57368817093873,436.603131197694,281.6919633949521,0.63,results/paper_v9_signal_processing/08_covariance_decomposition/spectra/stateless_seed_20260831_H1_actual_delta_total.npy,504,504,True,,,,,,,,,,,,,
stateless,N-MNIST,memoryless surrogate-spiking DFA,20260831,H1,actual,delta,basis_eval,512,30,800,neuron,"[30, 128, 800]",centered scatter; population covariance = scatter/(N*T),completed_epoch_100; stored checkpoint epoch=99,results/paper_v9_signal_processing/06_mechanism_exploration/01_stateless_surrogate_control/checkpoints/seed_20260831/epoch_100.pt,7527ab1fc6cc6eb7647cdfc37d595e1305ced1aaeb1ee82a140aef51ac01606e,results/paper_v9_signal_processing/06_mechanism_exploration/01_stateless_surrogate_control/stateless_surrogate_per_seed.csv,results/paper1_experiment03_20260901_server/diagnostic_probe.csv,5.090692879257362e-07,within_time,97.66257077975477,0.8894473073829593,False,15360,136,316,426,510,626,126.89207831153307,477.4225344720537,372.69776789185795,0.6375,results/paper_v9_signal_processing/08_covariance_decomposition/spectra/stateless_seed_20260831_H1_actual_delta_within_time.npy,504,504,True,,,,,,,,,,,,,
stateless,N-MNIST,memoryless surrogate-spiking DFA,20260831,H1,actual,delta,basis_eval,512,30,800,neuron,"[30, 128, 800]",centered scatter; population covariance = scatter/(N*T),completed_epoch_100; stored checkpoint epoch=99,results/paper_v9_signal_processing/06_mechanism_exploration/01_stateless_surrogate_control/checkpoints/seed_20260831/epoch_100.pt,7527ab1fc6cc6eb7647cdfc37d595e1305ced1aaeb1ee82a140aef51ac01606e,results/paper_v9_signal_processing/06_mechanism_exploration/01_stateless_surrogate_control/stateless_surrogate_per_seed.csv,results/paper1_experiment03_20260901_server/diagnostic_probe.csv,5.090692879257362e-07,between_sample,12.13884212855643,0.11055269546754047,False,15360,5,25,56,95,197,6.5995870931755825,34.110887505865826,14.459568501348699,0.11875,results/paper_v9_signal_processing/08_covariance_decomposition/spectra/stateless_seed_20260831_H1_actual_delta_between_sample.npy,504,504,True,,,,,,,,,,,,,
stateless,N-MNIST,memoryless surrogate-spiking DFA,20260831,H1,actual,gate,basis_eval,512,30,800,neuron,"[30, 128, 800]",centered scatter; population covariance = scatter/(N*T),completed_epoch_100; stored checkpoint epoch=99,results/paper_v9_signal_processing/06_mechanism_exploration/01_stateless_surrogate_control/checkpoints/seed_20260831/epoch_100.pt,7527ab1fc6cc6eb7647cdfc37d595e1305ced1aaeb1ee82a140aef51ac01606e,results/paper_v9_signal_processing/06_mechanism_exploration/01_stateless_surrogate_control/stateless_surrogate_per_seed.csv,results/paper1_experiment03_20260901_server/diagnostic_probe.csv,1.3356472559429306e-07,total,44984.96742526904,1.0,False,15360,213,415,514,583,666,103.53430561979886,602.4185112129218,530.2530319926443,0.72875,results/paper_v9_signal_processing/08_covariance_decomposition/spectra/stateless_seed_20260831_H1_actual_gate_total.npy,,,,,,,,,,,,,,,,
stateless,N-MNIST,memoryless surrogate-spiking DFA,20260831,H1,actual,gate,basis_eval,512,30,800,neuron,"[30, 128, 800]",centered scatter; population covariance = scatter/(N*T),completed_epoch_100; stored checkpoint epoch=99,results/paper_v9_signal_processing/06_mechanism_exploration/01_stateless_surrogate_control/checkpoints/seed_20260831/epoch_100.pt,7527ab1fc6cc6eb7647cdfc37d595e1305ced1aaeb1ee82a140aef51ac01606e,results/paper_v9_signal_processing/06_mechanism_exploration/01_stateless_surrogate_control/stateless_surrogate_per_seed.csv,results/paper1_experiment03_20260901_server/diagnostic_probe.csv,1.3356472559429306e-07,within_time,42756.650696719524,0.9504653030537081,False,15360,215,416,515,584,666,209.85062639810565,608.4619099918941,549.5067976894084,0.73,results/paper_v9_signal_processing/08_covariance_decomposition/spectra/stateless_seed_20260831_H1_actual_gate_within_time.npy,,,,,,,,,,,,,,,,
stateless,N-MNIST,memoryless surrogate-spiking DFA,20260831,H1,actual,gate,basis_eval,512,30,800,neuron,"[30, 128, 800]",centered scatter; population covariance = scatter/(N*T),completed_epoch_100; stored checkpoint epoch=99,results/paper_v9_signal_processing/06_mechanism_exploration/01_stateless_surrogate_control/checkpoints/seed_20260831/epoch_100.pt,7527ab1fc6cc6eb7647cdfc37d595e1305ced1aaeb1ee82a140aef51ac01606e,results/paper_v9_signal_processing/06_mechanism_exploration/01_stateless_surrogate_control/stateless_surrogate_per_seed.csv,results/paper1_experiment03_20260901_server/diagnostic_probe.csv,1.3356472559429306e-07,between_sample,2228.314206069287,0.04953464087244386,False,15360,55,172,248,312,416,8.387362480670086,191.27284919643495,50.36551526849527,0.39,results/paper_v9_signal_processing/08_covariance_decomposition/spectra/stateless_seed_20260831_H1_actual_gate_between_sample.npy,,,,,,,,,,,,,,,,
stateless,N-MNIST,memoryless surrogate-spiking DFA,20260831,H1,actual,q_carrier,basis_eval,512,30,800,neuron,"[30, 128, 800]",centered scatter; population covariance = scatter/(N*T),completed_epoch_100; stored checkpoint epoch=99,results/paper_v9_signal_processing/06_mechanism_exploration/01_stateless_surrogate_control/checkpoints/seed_20260831/epoch_100.pt,7527ab1fc6cc6eb7647cdfc37d595e1305ced1aaeb1ee82a140aef51ac01606e,results/paper_v9_signal_processing/06_mechanism_exploration/01_stateless_surrogate_control/stateless_surrogate_per_seed.csv,results/paper1_experiment03_20260901_server/diagnostic_probe.csv,,carrier_total,912.3292186266144,1.0,,512,3,6,7,8,10,4.24387974746015,7.971503609068842,6.956550314486131,0.01,results/paper_v9_signal_processing/08_covariance_decomposition/spectra/stateless_seed_20260831_H1_actual_q_carrier_carrier_total.npy,,,,0.205078125,0.2051123046875,1.0,0.04754320709233226,800,10,10,1.0,,,,,
stateless,N-MNIST,memoryless surrogate-spiking DFA,20260831,H2,actual,delta,basis_eval,512,30,800,neuron,"[30, 128, 800]",centered scatter; population covariance = scatter/(N*T),completed_epoch_100; stored checkpoint epoch=99,results/paper_v9_signal_processing/06_mechanism_exploration/01_stateless_surrogate_control/checkpoints/seed_20260831/epoch_100.pt,7527ab1fc6cc6eb7647cdfc37d595e1305ced1aaeb1ee82a140aef51ac01606e,results/paper_v9_signal_processing/06_mechanism_exploration/01_stateless_surrogate_control/stateless_surrogate_per_seed.csv,results/paper1_experiment03_20260901_server/diagnostic_probe.csv,5.507850575016086e-07,total,186.36572646795312,1.0,False,15360,115,307,429,520,633,33.72499315120171,413.91398596060253,224.75987850245468,0.65,results/paper_v9_signal_processing/08_covariance_decomposition/spectra/stateless_seed_20260831_H2_actual_delta_total.npy,520,520,True,,,,,,,,,,,,,
stateless,N-MNIST,memoryless surrogate-spiking DFA,20260831,H2,actual,delta,basis_eval,512,30,800,neuron,"[30, 128, 800]",centered scatter; population covariance = scatter/(N*T),completed_epoch_100; stored checkpoint epoch=99,results/paper_v9_signal_processing/06_mechanism_exploration/01_stateless_surrogate_control/checkpoints/seed_20260831/epoch_100.pt,7527ab1fc6cc6eb7647cdfc37d595e1305ced1aaeb1ee82a140aef51ac01606e,results/paper_v9_signal_processing/06_mechanism_exploration/01_stateless_surrogate_control/stateless_surrogate_per_seed.csv,results/paper1_experiment03_20260901_server/diagnostic_probe.csv,5.507850575016086e-07,within_time,166.28348221506147,0.8922428247216103,False,15360,130,320,438,526,635,80.41913487686196,468.4798235111451,344.1817122482376,0.6575,results/paper_v9_signal_processing/08_covariance_decomposition/spectra/stateless_seed_20260831_H2_actual_delta_within_time.npy,520,520,True,,,,,,,,,,,,,
stateless,N-MNIST,memoryless surrogate-spiking DFA,20260831,H2,actual,delta,basis_eval,512,30,800,neuron,"[30, 128, 800]",centered scatter; population covariance = scatter/(N*T),completed_epoch_100; stored checkpoint epoch=99,results/paper_v9_signal_processing/06_mechanism_exploration/01_stateless_surrogate_control/checkpoints/seed_20260831/epoch_100.pt,7527ab1fc6cc6eb7647cdfc37d595e1305ced1aaeb1ee82a140aef51ac01606e,results/paper_v9_signal_processing/06_mechanism_exploration/01_stateless_surrogate_control/stateless_surrogate_per_seed.csv,results/paper1_experiment03_20260901_server/diagnostic_probe.csv,5.507850575016086e-07,between_sample,20.082239925058087,0.10775715205612856,False,15360,4,16,41,72,166,5.483792442473637,26.07340017632633,11.786022765824198,0.09,results/paper_v9_signal_processing/08_covariance_decomposition/spectra/stateless_seed_20260831_H2_actual_delta_between_sample.npy,520,520,True,,,,,,,,,,,,,
stateless,N-MNIST,memoryless surrogate-spiking DFA,20260831,H2,actual,gate,basis_eval,512,30,800,neuron,"[30, 128, 800]",centered scatter; population covariance = scatter/(N*T),completed_epoch_100; stored checkpoint epoch=99,results/paper_v9_signal_processing/06_mechanism_exploration/01_stateless_surrogate_control/checkpoints/seed_20260831/epoch_100.pt,7527ab1fc6cc6eb7647cdfc37d595e1305ced1aaeb1ee82a140aef51ac01606e,results/paper_v9_signal_processing/06_mechanism_exploration/01_stateless_surrogate_control/stateless_surrogate_per_seed.csv,results/paper1_experiment03_20260901_server/diagnostic_probe.csv,1.290923789890981e-07,total,51413.81996018866,1.0,False,15360,224,448,547,606,663,38.39051740565824,594.1500341980449,424.902788350239,0.7575,results/paper_v9_signal_processing/08_covariance_decomposition/spectra/stateless_seed_20260831_H2_actual_gate_total.npy,,,,,,,,,,,,,,,,
stateless,N-MNIST,memoryless surrogate-spiking DFA,20260831,H2,actual,gate,basis_eval,512,30,800,neuron,"[30, 128, 800]",centered scatter; population covariance = scatter/(N*T),completed_epoch_100; stored checkpoint epoch=99,results/paper_v9_signal_processing/06_mechanism_exploration/01_stateless_surrogate_control/checkpoints/seed_20260831/epoch_100.pt,7527ab1fc6cc6eb7647cdfc37d595e1305ced1aaeb1ee82a140aef51ac01606e,results/paper_v9_signal_processing/06_mechanism_exploration/01_stateless_surrogate_control/stateless_surrogate_per_seed.csv,results/paper1_experiment03_20260901_server/diagnostic_probe.csv,1.290923789890981e-07,within_time,48697.10590112196,0.9471598480492145,False,15360,228,451,549,607,664,47.72837529087936,606.159549437879,475.20493781316156,0.75875,results/paper_v9_signal_processing/08_covariance_decomposition/spectra/stateless_seed_20260831_H2_actual_gate_within_time.npy,,,,,,,,,,,,,,,,
stateless,N-MNIST,memoryless surrogate-spiking DFA,20260831,H2,actual,gate,basis_eval,512,30,800,neuron,"[30, 128, 800]",centered scatter; population covariance = scatter/(N*T),completed_epoch_100; stored checkpoint epoch=99,results/paper_v9_signal_processing/06_mechanism_exploration/01_stateless_surrogate_control/checkpoints/seed_20260831/epoch_100.pt,7527ab1fc6cc6eb7647cdfc37d595e1305ced1aaeb1ee82a140aef51ac01606e,results/paper_v9_signal_processing/06_mechanism_exploration/01_stateless_surrogate_control/stateless_surrogate_per_seed.csv,results/paper1_experiment03_20260901_server/diagnostic_probe.csv,1.290923789890981e-07,between_sample,2716.711985512991,0.052840111620117446,False,15360,40,158,236,301,409,8.15763944419198,165.1745910912707,44.81376157991696,0.37625,results/paper_v9_signal_processing/08_covariance_decomposition/spectra/stateless_seed_20260831_H2_actual_gate_between_sample.npy,,,,,,,,,,,,,,,,
stateless,N-MNIST,memoryless surrogate-spiking DFA,20260831,H2,actual,q_carrier,basis_eval,512,30,800,neuron,"[30, 128, 800]",centered scatter; population covariance = scatter/(N*T),completed_epoch_100; stored checkpoint epoch=99,results/paper_v9_signal_processing/06_mechanism_exploration/01_stateless_surrogate_control/checkpoints/seed_20260831/epoch_100.pt,7527ab1fc6cc6eb7647cdfc37d595e1305ced1aaeb1ee82a140aef51ac01606e,results/paper_v9_signal_processing/06_mechanism_exploration/01_stateless_surrogate_control/stateless_surrogate_per_seed.csv,results/paper1_experiment03_20260901_server/diagnostic_probe.csv,,carrier_total,897.7489671658542,1.0,,512,3,6,7,8,10,4.091672342528648,7.932719411268551,6.858429358260771,0.01,results/paper_v9_signal_processing/08_covariance_decomposition/spectra/stateless_seed_20260831_H2_actual_q_carrier_carrier_total.npy,,,,0.205078125,0.20510498046875,1.0,0.04717622797381247,800,10,10,1.0,,,,,
stateless,N-MNIST,memoryless surrogate-spiking DFA,20260831,H3,actual,delta,basis_eval,512,30,800,neuron,"[30, 128, 800]",centered scatter; population covariance = scatter/(N*T),completed_epoch_100; stored checkpoint epoch=99,results/paper_v9_signal_processing/06_mechanism_exploration/01_stateless_surrogate_control/checkpoints/seed_20260831/epoch_100.pt,7527ab1fc6cc6eb7647cdfc37d595e1305ced1aaeb1ee82a140aef51ac01606e,results/paper_v9_signal_processing/06_mechanism_exploration/01_stateless_surrogate_control/stateless_surrogate_per_seed.csv,results/paper1_experiment03_20260901_server/diagnostic_probe.csv,1.164895911174739e-06,total,69.33314691134731,1.0,False,15360,110,289,415,519,669,58.336189098400865,428.38113391405005,279.60708521936454,0.64875,results/paper_v9_signal_processing/08_covariance_decomposition/spectra/stateless_seed_20260831_H3_actual_delta_total.npy,519,519,True,,,,,,,,,,,,,
stateless,N-MNIST,memoryless surrogate-spiking DFA,20260831,H3,actual,delta,basis_eval,512,30,800,neuron,"[30, 128, 800]",centered scatter; population covariance = scatter/(N*T),completed_epoch_100; stored checkpoint epoch=99,results/paper_v9_signal_processing/06_mechanism_exploration/01_stateless_surrogate_control/checkpoints/seed_20260831/epoch_100.pt,7527ab1fc6cc6eb7647cdfc37d595e1305ced1aaeb1ee82a140aef51ac01606e,results/paper_v9_signal_processing/06_mechanism_exploration/01_stateless_surrogate_control/stateless_surrogate_per_seed.csv,results/paper1_experiment03_20260901_server/diagnostic_probe.csv,1.164895911174739e-06,within_time,64.99914673123398,0.9374902139426183,False,15360,114,292,417,520,669,81.49989289370987,443.1235061095143,310.84397980391174,0.65,results/paper_v9_signal_processing/08_covariance_decomposition/spectra/stateless_seed_20260831_H3_actual_delta_within_time.npy,519,519,True,,,,,,,,,,,,,
stateless,N-MNIST,memoryless surrogate-spiking DFA,20260831,H3,actual,delta,basis_eval,512,30,800,neuron,"[30, 128, 800]",centered scatter; population covariance = scatter/(N*T),completed_epoch_100; stored checkpoint epoch=99,results/paper_v9_signal_processing/06_mechanism_exploration/01_stateless_surrogate_control/checkpoints/seed_20260831/epoch_100.pt,7527ab1fc6cc6eb7647cdfc37d595e1305ced1aaeb1ee82a140aef51ac01606e,results/paper_v9_signal_processing/06_mechanism_exploration/01_stateless_surrogate_control/stateless_surrogate_per_seed.csv,results/paper1_experiment03_20260901_server/diagnostic_probe.csv,1.164895911174739e-06,between_sample,4.3340010886009965,0.06250979916060435,False,15360,7,30,59,95,190,7.596638716488685,43.929755453647005,18.96365255098888,0.11875,results/paper_v9_signal_processing/08_covariance_decomposition/spectra/stateless_seed_20260831_H3_actual_delta_between_sample.npy,519,519,True,,,,,,,,,,,,,
stateless,N-MNIST,memoryless surrogate-spiking DFA,20260831,H3,actual,gate,basis_eval,512,30,800,neuron,"[30, 128, 800]",centered scatter; population covariance = scatter/(N*T),completed_epoch_100; stored checkpoint epoch=99,results/paper_v9_signal_processing/06_mechanism_exploration/01_stateless_surrogate_control/checkpoints/seed_20260831/epoch_100.pt,7527ab1fc6cc6eb7647cdfc37d595e1305ced1aaeb1ee82a140aef51ac01606e,results/paper_v9_signal_processing/06_mechanism_exploration/01_stateless_surrogate_control/stateless_surrogate_per_seed.csv,results/paper1_experiment03_20260901_server/diagnostic_probe.csv,2.7391401123667253e-07,total,18003.339865943715,1.0,False,15360,207,443,562,639,720,59.10459059277038,619.1529334942911,482.6864198852315,0.79875,results/paper_v9_signal_processing/08_covariance_decomposition/spectra/stateless_seed_20260831_H3_actual_gate_total.npy,,,,,,,,,,,,,,,,
stateless,N-MNIST,memoryless surrogate-spiking DFA,20260831,H3,actual,gate,basis_eval,512,30,800,neuron,"[30, 128, 800]",centered scatter; population covariance = scatter/(N*T),completed_epoch_100; stored checkpoint epoch=99,results/paper_v9_signal_processing/06_mechanism_exploration/01_stateless_surrogate_control/checkpoints/seed_20260831/epoch_100.pt,7527ab1fc6cc6eb7647cdfc37d595e1305ced1aaeb1ee82a140aef51ac01606e,results/paper_v9_signal_processing/06_mechanism_exploration/01_stateless_surrogate_control/stateless_surrogate_per_seed.csv,results/paper1_experiment03_20260901_server/diagnostic_probe.csv,2.7391401123667253e-07,within_time,16991.492752971706,0.9437966999175478,False,15360,213,447,564,640,720,69.50601941031337,632.6062386074416,520.6457182413626,0.8,results/paper_v9_signal_processing/08_covariance_decomposition/spectra/stateless_seed_20260831_H3_actual_gate_within_time.npy,,,,,,,,,,,,,,,,
stateless,N-MNIST,memoryless surrogate-spiking DFA,20260831,H3,actual,gate,basis_eval,512,30,800,neuron,"[30, 128, 800]",centered scatter; population covariance = scatter/(N*T),completed_epoch_100; stored checkpoint epoch=99,results/paper_v9_signal_processing/06_mechanism_exploration/01_stateless_surrogate_control/checkpoints/seed_20260831/epoch_100.pt,7527ab1fc6cc6eb7647cdfc37d595e1305ced1aaeb1ee82a140aef51ac01606e,results/paper_v9_signal_processing/06_mechanism_exploration/01_stateless_surrogate_control/stateless_surrogate_per_seed.csv,results/paper1_experiment03_20260901_server/diagnostic_probe.csv,2.7391401123667253e-07,between_sample,1011.842289008259,0.05620303213418336,False,15360,27,140,219,287,402,14.208310241823003,139.11350768879646,45.888014611192936,0.35875,results/paper_v9_signal_processing/08_covariance_decomposition/spectra/stateless_seed_20260831_H3_actual_gate_between_sample.npy,,,,,,,,,,,,,,,,
stateless,N-MNIST,memoryless surrogate-spiking DFA,20260831,H3,actual,q_carrier,basis_eval,512,30,800,neuron,"[30, 128, 800]",centered scatter; population covariance = scatter/(N*T),completed_epoch_100; stored checkpoint epoch=99,results/paper_v9_signal_processing/06_mechanism_exploration/01_stateless_surrogate_control/checkpoints/seed_20260831/epoch_100.pt,7527ab1fc6cc6eb7647cdfc37d595e1305ced1aaeb1ee82a140aef51ac01606e,results/paper_v9_signal_processing/06_mechanism_exploration/01_stateless_surrogate_control/stateless_surrogate_per_seed.csv,results/paper1_experiment03_20260901_server/diagnostic_probe.csv,,carrier_total,896.0132275228274,1.0,,512,3,6,7,8,10,4.349160627495052,7.863480278868322,6.832459270422686,0.01,results/paper_v9_signal_processing/08_covariance_decomposition/spectra/stateless_seed_20260831_H3_actual_q_carrier_carrier_total.npy,,,,0.205078125,0.2051025390625,1.0,0.047071795746043414,800,10,10,1.0,,,,,
stateless,N-MNIST,memoryless surrogate-spiking DFA,20260901,H1,actual,delta,basis_eval,512,30,800,neuron,"[30, 128, 800]",centered scatter; population covariance = scatter/(N*T),completed_epoch_100; stored checkpoint epoch=99,results/paper_v9_signal_processing/06_mechanism_exploration/01_stateless_surrogate_control/checkpoints/seed_20260901/epoch_100.pt,e930efad0b7a6d1dee3c89157fd32278a5cc792ce2ae950069e96c8e1f968b01,results/paper_v9_signal_processing/06_mechanism_exploration/01_stateless_surrogate_control/stateless_surrogate_per_seed.csv,results/paper1_experiment03_20260901_server/diagnostic_probe.csv,5.055565250879968e-07,total,109.6932854253909,1.0,False,15360,120,309,426,514,633,50.51055874077119,436.94598595520785,276.6494098416279,0.6425,results/paper_v9_signal_processing/08_covariance_decomposition/spectra/stateless_seed_20260901_H1_actual_delta_total.npy,514,514,True,,,,,,,,,,,,,
stateless,N-MNIST,memoryless surrogate-spiking DFA,20260901,H1,actual,delta,basis_eval,512,30,800,neuron,"[30, 128, 800]",centered scatter; population covariance = scatter/(N*T),completed_epoch_100; stored checkpoint epoch=99,results/paper_v9_signal_processing/06_mechanism_exploration/01_stateless_surrogate_control/checkpoints/seed_20260901/epoch_100.pt,e930efad0b7a6d1dee3c89157fd32278a5cc792ce2ae950069e96c8e1f968b01,results/paper_v9_signal_processing/06_mechanism_exploration/01_stateless_surrogate_control/stateless_surrogate_per_seed.csv,results/paper1_experiment03_20260901_server/diagnostic_probe.csv,5.055565250879968e-07,within_time,97.80917832505143,0.8916605783640005,False,15360,133,320,434,520,636,114.13069437514285,476.34257627919766,360.8198701149289,0.65,results/paper_v9_signal_processing/08_covariance_decomposition/spectra/stateless_seed_20260901_H1_actual_delta_within_time.npy,514,514,True,,,,,,,,,,,,,
stateless,N-MNIST,memoryless surrogate-spiking DFA,20260901,H1,actual,delta,basis_eval,512,30,800,neuron,"[30, 128, 800]",centered scatter; population covariance = scatter/(N*T),completed_epoch_100; stored checkpoint epoch=99,results/paper_v9_signal_processing/06_mechanism_exploration/01_stateless_surrogate_control/checkpoints/seed_20260901/epoch_100.pt,e930efad0b7a6d1dee3c89157fd32278a5cc792ce2ae950069e96c8e1f968b01,results/paper_v9_signal_processing/06_mechanism_exploration/01_stateless_surrogate_control/stateless_surrogate_per_seed.csv,results/paper1_experiment03_20260901_server/diagnostic_probe.csv,5.055565250879968e-07,between_sample,11.884100031006264,0.10833935718963734,False,15360,5,25,58,98,202,6.776239161052371,34.52133250722282,14.453714307678412,0.1225,results/paper_v9_signal_processing/08_covariance_decomposition/spectra/stateless_seed_20260901_H1_actual_delta_between_sample.npy,514,514,True,,,,,,,,,,,,,
stateless,N-MNIST,memoryless surrogate-spiking DFA,20260901,H1,actual,gate,basis_eval,512,30,800,neuron,"[30, 128, 800]",centered scatter; population covariance = scatter/(N*T),completed_epoch_100; stored checkpoint epoch=99,results/paper_v9_signal_processing/06_mechanism_exploration/01_stateless_surrogate_control/checkpoints/seed_20260901/epoch_100.pt,e930efad0b7a6d1dee3c89157fd32278a5cc792ce2ae950069e96c8e1f968b01,results/paper_v9_signal_processing/06_mechanism_exploration/01_stateless_surrogate_control/stateless_surrogate_per_seed.csv,results/paper1_experiment03_20260901_server/diagnostic_probe.csv,1.3845479887080563e-07,total,46071.21874851497,1.0,False,15360,221,426,526,593,673,105.86115684588187,616.1181373540035,546.5406953222258,0.74125,results/paper_v9_signal_processing/08_covariance_decomposition/spectra/stateless_seed_20260901_H1_actual_gate_total.npy,,,,,,,,,,,,,,,,
stateless,N-MNIST,memoryless surrogate-spiking DFA,20260901,H1,actual,gate,basis_eval,512,30,800,neuron,"[30, 128, 800]",centered scatter; population covariance = scatter/(N*T),completed_epoch_100; stored checkpoint epoch=99,results/paper_v9_signal_processing/06_mechanism_exploration/01_stateless_surrogate_control/checkpoints/seed_20260901/epoch_100.pt,e930efad0b7a6d1dee3c89157fd32278a5cc792ce2ae950069e96c8e1f968b01,results/paper_v9_signal_processing/06_mechanism_exploration/01_stateless_surrogate_control/stateless_surrogate_per_seed.csv,results/paper1_experiment03_20260901_server/diagnostic_probe.csv,1.3845479887080563e-07,within_time,43776.55099252164,0.9501930311737782,False,15360,224,428,527,594,674,216.79022701328492,622.3283904194342,566.5343467299255,0.7425,results/paper_v9_signal_processing/08_covariance_decomposition/spectra/stateless_seed_20260901_H1_actual_gate_within_time.npy,,,,,,,,,,,,,,,,
stateless,N-MNIST,memoryless surrogate-spiking DFA,20260901,H1,actual,gate,basis_eval,512,30,800,neuron,"[30, 128, 800]",centered scatter; population covariance = scatter/(N*T),completed_epoch_100; stored checkpoint epoch=99,results/paper_v9_signal_processing/06_mechanism_exploration/01_stateless_surrogate_control/checkpoints/seed_20260901/epoch_100.pt,e930efad0b7a6d1dee3c89157fd32278a5cc792ce2ae950069e96c8e1f968b01,results/paper_v9_signal_processing/06_mechanism_exploration/01_stateless_surrogate_control/stateless_surrogate_per_seed.csv,results/paper1_experiment03_20260901_server/diagnostic_probe.csv,1.3845479887080563e-07,between_sample,2294.6647953893826,0.04980690456475817,False,15360,55,172,249,313,418,8.731716303438063,193.58556747203147,52.80427858805719,0.39125,results/paper_v9_signal_processing/08_covariance_decomposition/spectra/stateless_seed_20260901_H1_actual_gate_between_sample.npy,,,,,,,,,,,,,,,,
stateless,N-MNIST,memoryless surrogate-spiking DFA,20260901,H1,actual,q_carrier,basis_eval,512,30,800,neuron,"[30, 128, 800]",centered scatter; population covariance = scatter/(N*T),completed_epoch_100; stored checkpoint epoch=99,results/paper_v9_signal_processing/06_mechanism_exploration/01_stateless_surrogate_control/checkpoints/seed_20260901/epoch_100.pt,e930efad0b7a6d1dee3c89157fd32278a5cc792ce2ae950069e96c8e1f968b01,results/paper_v9_signal_processing/06_mechanism_exploration/01_stateless_surrogate_control/stateless_surrogate_per_seed.csv,results/paper1_experiment03_20260901_server/diagnostic_probe.csv,,carrier_total,875.1249683082474,1.0,,512,3,6,7,8,10,4.671506599209988,7.9813902039029045,7.051100663636857,0.01,results/paper_v9_signal_processing/08_covariance_decomposition/spectra/stateless_seed_20260901_H1_actual_q_carrier_carrier_total.npy,,,,0.1953125,0.19537109375,1.0,0.04656492123409081,800,10,10,1.0,,,,,
stateless,N-MNIST,memoryless surrogate-spiking DFA,20260901,H2,actual,delta,basis_eval,512,30,800,neuron,"[30, 128, 800]",centered scatter; population covariance = scatter/(N*T),completed_epoch_100; stored checkpoint epoch=99,results/paper_v9_signal_processing/06_mechanism_exploration/01_stateless_surrogate_control/checkpoints/seed_20260901/epoch_100.pt,e930efad0b7a6d1dee3c89157fd32278a5cc792ce2ae950069e96c8e1f968b01,results/paper_v9_signal_processing/06_mechanism_exploration/01_stateless_surrogate_control/stateless_surrogate_per_seed.csv,results/paper1_experiment03_20260901_server/diagnostic_probe.csv,5.062363938197066e-07,total,182.8177478210954,1.0,False,15360,112,303,426,520,640,37.8081016977978,412.6124487819067,226.11274947309516,0.65,results/paper_v9_signal_processing/08_covariance_decomposition/spectra/stateless_seed_20260901_H2_actual_delta_total.npy,520,520,True,,,,,,,,,,,,,
stateless,N-MNIST,memoryless surrogate-spiking DFA,20260901,H2,actual,delta,basis_eval,512,30,800,neuron,"[30, 128, 800]",centered scatter; population covariance = scatter/(N*T),completed_epoch_100; stored checkpoint epoch=99,results/paper_v9_signal_processing/06_mechanism_exploration/01_stateless_surrogate_control/checkpoints/seed_20260901/epoch_100.pt,e930efad0b7a6d1dee3c89157fd32278a5cc792ce2ae950069e96c8e1f968b01,results/paper_v9_signal_processing/06_mechanism_exploration/01_stateless_surrogate_control/stateless_surrogate_per_seed.csv,results/paper1_experiment03_20260901_server/diagnostic_probe.csv,5.062363938197066e-07,within_time,163.30148208624013,0.8932474228161164,False,15360,127,316,436,527,642,88.19617885711996,465.77426908540576,341.31387690251626,0.65875,results/paper_v9_signal_processing/08_covariance_decomposition/spectra/stateless_seed_20260901_H2_actual_delta_within_time.npy,520,520,True,,,,,,,,,,,,,
stateless,N-MNIST,memoryless surrogate-spiking DFA,20260901,H2,actual,delta,basis_eval,512,30,800,neuron,"[30, 128, 800]",centered scatter; population covariance = scatter/(N*T),completed_epoch_100; stored checkpoint epoch=99,results/paper_v9_signal_processing/06_mechanism_exploration/01_stateless_surrogate_control/checkpoints/seed_20260901/epoch_100.pt,e930efad0b7a6d1dee3c89157fd32278a5cc792ce2ae950069e96c8e1f968b01,results/paper_v9_signal_processing/06_mechanism_exploration/01_stateless_surrogate_control/stateless_surrogate_per_seed.csv,results/paper1_experiment03_20260901_server/diagnostic_probe.csv,5.062363938197066e-07,between_sample,19.516261640824712,0.10675255478982947,False,15360,4,16,39,73,171,5.905586215773257,26.042039346365932,11.795204810309627,0.09125,results/paper_v9_signal_processing/08_covariance_decomposition/spectra/stateless_seed_20260901_H2_actual_delta_between_sample.npy,520,520,True,,,,,,,,,,,,,
stateless,N-MNIST,memoryless surrogate-spiking DFA,20260901,H2,actual,gate,basis_eval,512,30,800,neuron,"[30, 128, 800]",centered scatter; population covariance = scatter/(N*T),completed_epoch_100; stored checkpoint epoch=99,results/paper_v9_signal_processing/06_mechanism_exploration/01_stateless_surrogate_control/checkpoints/seed_20260901/epoch_100.pt,e930efad0b7a6d1dee3c89157fd32278a5cc792ce2ae950069e96c8e1f968b01,results/paper_v9_signal_processing/06_mechanism_exploration/01_stateless_surrogate_control/stateless_surrogate_per_seed.csv,results/paper1_experiment03_20260901_server/diagnostic_probe.csv,1.2834474386678755e-07,total,52316.542906730836,1.0,False,15360,229,457,557,616,673,40.91581852060539,607.0773865975747,445.57359333967435,0.77,results/paper_v9_signal_processing/08_covariance_decomposition/spectra/stateless_seed_20260901_H2_actual_gate_total.npy,,,,,,,,,,,,,,,,
stateless,N-MNIST,memoryless surrogate-spiking DFA,20260901,H2,actual,gate,basis_eval,512,30,800,neuron,"[30, 128, 800]",centered scatter; population covariance = scatter/(N*T),completed_epoch_100; stored checkpoint epoch=99,results/paper_v9_signal_processing/06_mechanism_exploration/01_stateless_surrogate_control/checkpoints/seed_20260901/epoch_100.pt,e930efad0b7a6d1dee3c89157fd32278a5cc792ce2ae950069e96c8e1f968b01,results/paper_v9_signal_processing/06_mechanism_exploration/01_stateless_surrogate_control/stateless_surrogate_per_seed.csv,results/paper1_experiment03_20260901_server/diagnostic_probe.csv,1.2834474386678755e-07,within_time,49592.85288582695,0.9479382644652258,False,15360,234,460,558,617,673,51.17879905017935,618.7357711472566,495.24591254861656,0.77125,results/paper_v9_signal_processing/08_covariance_decomposition/spectra/stateless_seed_20260901_H2_actual_gate_within_time.npy,,,,,,,,,,,,,,,,
stateless,N-MNIST,memoryless surrogate-spiking DFA,20260901,H2,actual,gate,basis_eval,512,30,800,neuron,"[30, 128, 800]",centered scatter; population covariance = scatter/(N*T),completed_epoch_100; stored checkpoint epoch=99,results/paper_v9_signal_processing/06_mechanism_exploration/01_stateless_surrogate_control/checkpoints/seed_20260901/epoch_100.pt,e930efad0b7a6d1dee3c89157fd32278a5cc792ce2ae950069e96c8e1f968b01,results/paper_v9_signal_processing/06_mechanism_exploration/01_stateless_surrogate_control/stateless_surrogate_per_seed.csv,results/paper1_experiment03_20260901_server/diagnostic_probe.csv,1.2834474386678755e-07,between_sample,2723.6879183783467,0.05206169534623298,False,15360,42,162,241,307,413,8.422916099445406,171.21145765427514,47.19558006228295,0.38375,results/paper_v9_signal_processing/08_covariance_decomposition/spectra/stateless_seed_20260901_H2_actual_gate_between_sample.npy,,,,,,,,,,,,,,,,
stateless,N-MNIST,memoryless surrogate-spiking DFA,20260901,H2,actual,q_carrier,basis_eval,512,30,800,neuron,"[30, 128, 800]",centered scatter; population covariance = scatter/(N*T),completed_epoch_100; stored checkpoint epoch=99,results/paper_v9_signal_processing/06_mechanism_exploration/01_stateless_surrogate_control/checkpoints/seed_20260901/epoch_100.pt,e930efad0b7a6d1dee3c89157fd32278a5cc792ce2ae950069e96c8e1f968b01,results/paper_v9_signal_processing/06_mechanism_exploration/01_stateless_surrogate_control/stateless_surrogate_per_seed.csv,results/paper1_experiment03_20260901_server/diagnostic_probe.csv,,carrier_total,874.1923085273517,1.0,,512,3,6,7,8,10,4.7633566204096915,7.9683985073601535,6.9963107732769245,0.01,results/paper_v9_signal_processing/08_covariance_decomposition/spectra/stateless_seed_20260901_H2_actual_q_carrier_carrier_total.npy,,,,0.1953125,0.1953271484375,1.0,0.04655351966906398,800,10,10,1.0,,,,,
stateless,N-MNIST,memoryless surrogate-spiking DFA,20260901,H3,actual,delta,basis_eval,512,30,800,neuron,"[30, 128, 800]",centered scatter; population covariance = scatter/(N*T),completed_epoch_100; stored checkpoint epoch=99,results/paper_v9_signal_processing/06_mechanism_exploration/01_stateless_surrogate_control/checkpoints/seed_20260901/epoch_100.pt,e930efad0b7a6d1dee3c89157fd32278a5cc792ce2ae950069e96c8e1f968b01,results/paper_v9_signal_processing/06_mechanism_exploration/01_stateless_surrogate_control/stateless_surrogate_per_seed.csv,results/paper1_experiment03_20260901_server/diagnostic_probe.csv,1.0427727964385498e-06,total,67.3766921041362,1.0,False,15360,103,284,410,515,662,55.9394287427109,411.6821222930404,258.34469595967425,0.64375,results/paper_v9_signal_processing/08_covariance_decomposition/spectra/stateless_seed_20260901_H3_actual_delta_total.npy,515,515,True,,,,,,,,,,,,,
stateless,N-MNIST,memoryless surrogate-spiking DFA,20260901,H3,actual,delta,basis_eval,512,30,800,neuron,"[30, 128, 800]",centered scatter; population covariance = scatter/(N*T),completed_epoch_100; stored checkpoint epoch=99,results/paper_v9_signal_processing/06_mechanism_exploration/01_stateless_surrogate_control/checkpoints/seed_20260901/epoch_100.pt,e930efad0b7a6d1dee3c89157fd32278a5cc792ce2ae950069e96c8e1f968b01,results/paper_v9_signal_processing/06_mechanism_exploration/01_stateless_surrogate_control/stateless_surrogate_per_seed.csv,results/paper1_experiment03_20260901_server/diagnostic_probe.csv,1.0427727964385498e-06,within_time,63.205354404537395,0.9380893070091412,False,15360,107,287,413,516,662,77.13461966000902,425.49098641498983,284.73736491625414,0.645,results/paper_v9_signal_processing/08_covariance_decomposition/spectra/stateless_seed_20260901_H3_actual_delta_within_time.npy,515,515,True,,,,,,,,,,,,,
stateless,N-MNIST,memoryless surrogate-spiking DFA,20260901,H3,actual,delta,basis_eval,512,30,800,neuron,"[30, 128, 800]",centered scatter; population covariance = scatter/(N*T),completed_epoch_100; stored checkpoint epoch=99,results/paper_v9_signal_processing/06_mechanism_exploration/01_stateless_surrogate_control/checkpoints/seed_20260901/epoch_100.pt,e930efad0b7a6d1dee3c89157fd32278a5cc792ce2ae950069e96c8e1f968b01,results/paper_v9_signal_processing/06_mechanism_exploration/01_stateless_surrogate_control/stateless_surrogate_per_seed.csv,results/paper1_experiment03_20260901_server/diagnostic_probe.csv,1.0427727964385498e-06,between_sample,4.171338604550254,0.061910706422083,False,15360,7,30,60,97,198,7.145211427574325,43.670905911127555,18.66897111080274,0.12125,results/paper_v9_signal_processing/08_covariance_decomposition/spectra/stateless_seed_20260901_H3_actual_delta_between_sample.npy,515,515,True,,,,,,,,,,,,,
stateless,N-MNIST,memoryless surrogate-spiking DFA,20260901,H3,actual,gate,basis_eval,512,30,800,neuron,"[30, 128, 800]",centered scatter; population covariance = scatter/(N*T),completed_epoch_100; stored checkpoint epoch=99,results/paper_v9_signal_processing/06_mechanism_exploration/01_stateless_surrogate_control/checkpoints/seed_20260901/epoch_100.pt,e930efad0b7a6d1dee3c89157fd32278a5cc792ce2ae950069e96c8e1f968b01,results/paper_v9_signal_processing/06_mechanism_exploration/01_stateless_surrogate_control/stateless_surrogate_per_seed.csv,results/paper1_experiment03_20260901_server/diagnostic_probe.csv,2.6966073375429873e-07,total,17771.677320488212,1.0,False,15360,207,439,554,629,709,61.66831878046336,614.7570959817427,487.0816133937853,0.78625,results/paper_v9_signal_processing/08_covariance_decomposition/spectra/stateless_seed_20260901_H3_actual_gate_total.npy,,,,,,,,,,,,,,,,
stateless,N-MNIST,memoryless surrogate-spiking DFA,20260901,H3,actual,gate,basis_eval,512,30,800,neuron,"[30, 128, 800]",centered scatter; population covariance = scatter/(N*T),completed_epoch_100; stored checkpoint epoch=99,results/paper_v9_signal_processing/06_mechanism_exploration/01_stateless_surrogate_control/checkpoints/seed_20260901/epoch_100.pt,e930efad0b7a6d1dee3c89157fd32278a5cc792ce2ae950069e96c8e1f968b01,results/paper_v9_signal_processing/06_mechanism_exploration/01_stateless_surrogate_control/stateless_surrogate_per_seed.csv,results/paper1_experiment03_20260901_server/diagnostic_probe.csv,2.6966073375429873e-07,within_time,16795.208711638406,0.9450547862624044,False,15360,213,442,557,630,709,71.6836534825592,626.8276384185654,520.5332379906323,0.7875,results/paper_v9_signal_processing/08_covariance_decomposition/spectra/stateless_seed_20260901_H3_actual_gate_within_time.npy,,,,,,,,,,,,,,,,
stateless,N-MNIST,memoryless surrogate-spiking DFA,20260901,H3,actual,gate,basis_eval,512,30,800,neuron,"[30, 128, 800]",centered scatter; population covariance = scatter/(N*T),completed_epoch_100; stored checkpoint epoch=99,results/paper_v9_signal_processing/06_mechanism_exploration/01_stateless_surrogate_control/checkpoints/seed_20260901/epoch_100.pt,e930efad0b7a6d1dee3c89157fd32278a5cc792ce2ae950069e96c8e1f968b01,results/paper_v9_signal_processing/06_mechanism_exploration/01_stateless_surrogate_control/stateless_surrogate_per_seed.csv,results/paper1_experiment03_20260901_server/diagnostic_probe.csv,2.6966073375429873e-07,between_sample,976.4639695174009,0.05494495268556767,False,15360,30,144,223,290,403,15.224477941566565,145.81067593438252,50.02490463220004,0.3625,results/paper_v9_signal_processing/08_covariance_decomposition/spectra/stateless_seed_20260901_H3_actual_gate_between_sample.npy,,,,,,,,,,,,,,,,
stateless,N-MNIST,memoryless surrogate-spiking DFA,20260901,H3,actual,q_carrier,basis_eval,512,30,800,neuron,"[30, 128, 800]",centered scatter; population covariance = scatter/(N*T),completed_epoch_100; stored checkpoint epoch=99,results/paper_v9_signal_processing/06_mechanism_exploration/01_stateless_surrogate_control/checkpoints/seed_20260901/epoch_100.pt,e930efad0b7a6d1dee3c89157fd32278a5cc792ce2ae950069e96c8e1f968b01,results/paper_v9_signal_processing/06_mechanism_exploration/01_stateless_surrogate_control/stateless_surrogate_per_seed.csv,results/paper1_experiment03_20260901_server/diagnostic_probe.csv,,carrier_total,881.3838869180252,1.0,,512,3,6,7,8,10,4.988063537403128,8.082090002936223,7.212676174249851,0.01,results/paper_v9_signal_processing/08_covariance_decomposition/spectra/stateless_seed_20260901_H3_actual_q_carrier_carrier_total.npy,,,,0.1953125,0.19533935546875,1.0,0.04676588291346544,800,10,10,1.0,,,,,
dvs,DVS-Gesture,SNN-DFA,20260830,H1,actual,delta,basis_eval,448,30,32,spatially averaged channel,"[30, 16, 32, 128, 128]",centered scatter; population covariance = scatter/(N*T),completed_epoch_100; stored checkpoint epoch=99,results/paper1_experiment03_20260901_server/checkpoints/stageD_cross_dataset/dvs_dfa/seed_20260830/epoch_100.pt,66688715a5e593febcfeadea347f91017891418c89d03fbefadfc941f6b56c2b,results/paper_v9_signal_processing/04_gate_statistics/dvs_per_seed.csv,results/paper1_experiment03_20260901_server/stageD_cross_dataset/diagnostic_probe.csv,1.2119113664441788e-07,total,7.233943694307601e-10,1.0,False,13440,2,3,5,6,9,2.9128483769409765,5.129400349454655,3.9891616150167146,0.1875,results/paper_v9_signal_processing/08_covariance_decomposition/spectra/dvs_seed_20260830_H1_actual_delta_total.npy,6,6,True,,,,,,,,,,,,,
dvs,DVS-Gesture,SNN-DFA,20260830,H1,actual,delta,basis_eval,448,30,32,spatially averaged channel,"[30, 16, 32, 128, 128]",centered scatter; population covariance = scatter/(N*T),completed_epoch_100; stored checkpoint epoch=99,results/paper1_experiment03_20260901_server/checkpoints/stageD_cross_dataset/dvs_dfa/seed_20260830/epoch_100.pt,66688715a5e593febcfeadea347f91017891418c89d03fbefadfc941f6b56c2b,results/paper_v9_signal_processing/04_gate_statistics/dvs_per_seed.csv,results/paper1_experiment03_20260901_server/stageD_cross_dataset/diagnostic_probe.csv,1.2119113664441788e-07,within_time,6.060143429832328e-12,0.008377371577554664,False,13440,3,6,10,14,23,3.164137561806341,9.768268679074946,6.0941848674914505,0.4375,results/paper_v9_signal_processing/08_covariance_decomposition/spectra/dvs_seed_20260830_H1_actual_delta_within_time.npy,6,6,True,,,,,,,,,,,,,
dvs,DVS-Gesture,SNN-DFA,20260830,H1,actual,delta,basis_eval,448,30,32,spatially averaged channel,"[30, 16, 32, 128, 128]",centered scatter; population covariance = scatter/(N*T),completed_epoch_100; stored checkpoint epoch=99,results/paper1_experiment03_20260901_server/checkpoints/stageD_cross_dataset/dvs_dfa/seed_20260830/epoch_100.pt,66688715a5e593febcfeadea347f91017891418c89d03fbefadfc941f6b56c2b,results/paper_v9_signal_processing/04_gate_statistics/dvs_per_seed.csv,results/paper1_experiment03_20260901_server/stageD_cross_dataset/diagnostic_probe.csv,1.2119113664441788e-07,between_sample,7.173342816811306e-10,0.9916227053931894,False,13440,2,3,5,6,9,2.899419975698767,5.053651231084478,3.966034560644245,0.1875,results/paper_v9_signal_processing/08_covariance_decomposition/spectra/dvs_seed_20260830_H1_actual_delta_between_sample.npy,6,6,True,,,,,,,,,,,,,
dvs,DVS-Gesture,SNN-DFA,20260830,H1,actual,gate,basis_eval,448,30,32,spatially averaged channel,"[30, 16, 32, 128, 128]",centered scatter; population covariance = scatter/(N*T),completed_epoch_100; stored checkpoint epoch=99,results/paper1_experiment03_20260901_server/checkpoints/stageD_cross_dataset/dvs_dfa/seed_20260830/epoch_100.pt,66688715a5e593febcfeadea347f91017891418c89d03fbefadfc941f6b56c2b,results/paper_v9_signal_processing/04_gate_statistics/dvs_per_seed.csv,results/paper1_experiment03_20260901_server/stageD_cross_dataset/diagnostic_probe.csv,1.0990624858099674e-07,total,2.920730466251324,1.0,False,13440,1,1,2,3,10,1.2327554848712978,2.156004358034437,1.4875312688242832,0.09375,results/paper_v9_signal_processing/08_covariance_decomposition/spectra/dvs_seed_20260830_H1_actual_gate_total.npy,,,,,,,,,,,,,,,,
dvs,DVS-Gesture,SNN-DFA,20260830,H1,actual,gate,basis_eval,448,30,32,spatially averaged channel,"[30, 16, 32, 128, 128]",centered scatter; population covariance = scatter/(N*T),completed_epoch_100; stored checkpoint epoch=99,results/paper1_experiment03_20260901_server/checkpoints/stageD_cross_dataset/dvs_dfa/seed_20260830/epoch_100.pt,66688715a5e593febcfeadea347f91017891418c89d03fbefadfc941f6b56c2b,results/paper_v9_signal_processing/04_gate_statistics/dvs_per_seed.csv,results/paper1_experiment03_20260901_server/stageD_cross_dataset/diagnostic_probe.csv,1.0990624858099674e-07,within_time,0.5717467465110699,0.19575471037726083,False,13440,1,2,4,8,20,1.7788553243802516,3.8895405927161697,2.4861421087758333,0.25,results/paper_v9_signal_processing/08_covariance_decomposition/spectra/dvs_seed_20260830_H1_actual_gate_within_time.npy,,,,,,,,,,,,,,,,
dvs,DVS-Gesture,SNN-DFA,20260830,H1,actual,gate,basis_eval,448,30,32,spatially averaged channel,"[30, 16, 32, 128, 128]",centered scatter; population covariance = scatter/(N*T),completed_epoch_100; stored checkpoint epoch=99,results/paper1_experiment03_20260901_server/checkpoints/stageD_cross_dataset/dvs_dfa/seed_20260830/epoch_100.pt,66688715a5e593febcfeadea347f91017891418c89d03fbefadfc941f6b56c2b,results/paper_v9_signal_processing/04_gate_statistics/dvs_per_seed.csv,results/paper1_experiment03_20260901_server/stageD_cross_dataset/diagnostic_probe.csv,1.0990624858099674e-07,between_sample,2.34898404312681,0.8042454003438617,False,13440,1,1,2,2,4,1.1204566648173486,1.5994249749137188,1.2473301708942615,0.0625,results/paper_v9_signal_processing/08_covariance_decomposition/spectra/dvs_seed_20260830_H1_actual_gate_between_sample.npy,,,,,,,,,,,,,,,,
dvs,DVS-Gesture,SNN-DFA,20260830,H1,actual,q_carrier,basis_eval,448,30,32,spatially averaged channel,"[30, 16, 32, 128, 128]",centered scatter; population covariance = scatter/(N*T),completed_epoch_100; stored checkpoint epoch=99,results/paper1_experiment03_20260901_server/checkpoints/stageD_cross_dataset/dvs_dfa/seed_20260830/epoch_100.pt,66688715a5e593febcfeadea347f91017891418c89d03fbefadfc941f6b56c2b,results/paper_v9_signal_processing/04_gate_statistics/dvs_per_seed.csv,results/paper1_experiment03_20260901_server/stageD_cross_dataset/diagnostic_probe.csv,,carrier_total,32.66795635376933,1.0,,448,2,3,5,6,9,2.554125425467777,5.044769077215114,3.7755407799586274,0.1875,results/paper_v9_signal_processing/08_covariance_decomposition/spectra/dvs_seed_20260830_H1_actual_q_carrier_carrier_total.npy,,,,0.20758928571428573,0.20758928571428573,1.0,0.04777612190442302,32,11,11,1.0,,,,,6.103515625e-05
dvs,DVS-Gesture,SNN-DFA,20260830,H2,actual,delta,basis_eval,448,30,64,spatially averaged channel,"[30, 16, 64, 64, 64]",centered scatter; population covariance = scatter/(N*T),completed_epoch_100; stored checkpoint epoch=99,results/paper1_experiment03_20260901_server/checkpoints/stageD_cross_dataset/dvs_dfa/seed_20260830/epoch_100.pt,66688715a5e593febcfeadea347f91017891418c89d03fbefadfc941f6b56c2b,results/paper_v9_signal_processing/04_gate_statistics/dvs_per_seed.csv,results/paper1_experiment03_20260901_server/stageD_cross_dataset/diagnostic_probe.csv,9.93271755255295e-08,total,2.0264594582841706e-08,1.0,False,13440,2,3,5,7,12,2.603405505199003,5.504150012318367,3.9385822000682693,0.109375,results/paper_v9_signal_processing/08_covariance_decomposition/spectra/dvs_seed_20260830_H2_actual_delta_total.npy,7,7,True,,,,,,,,,,,,,
dvs,DVS-Gesture,SNN-DFA,20260830,H2,actual,delta,basis_eval,448,30,64,spatially averaged channel,"[30, 16, 64, 64, 64]",centered scatter; population covariance = scatter/(N*T),completed_epoch_100; stored checkpoint epoch=99,results/paper1_experiment03_20260901_server/checkpoints/stageD_cross_dataset/dvs_dfa/seed_20260830/epoch_100.pt,66688715a5e593febcfeadea347f91017891418c89d03fbefadfc941f6b56c2b,results/paper_v9_signal_processing/04_gate_statistics/dvs_per_seed.csv,results/paper1_experiment03_20260901_server/stageD_cross_dataset/diagnostic_probe.csv,9.93271755255295e-08,within_time,2.852696498964189e-10,0.014077244364807595,False,13440,2,4,6,8,11,2.567459684564653,5.94420450220825,4.100487543604571,0.125,results/paper_v9_signal_processing/08_covariance_decomposition/spectra/dvs_seed_20260830_H2_actual_delta_within_time.npy,7,7,True,,,,,,,,,,,,,
dvs,DVS-Gesture,SNN-DFA,20260830,H2,actual,delta,basis_eval,448,30,64,spatially averaged channel,"[30, 16, 64, 64, 64]",centered scatter; population covariance = scatter/(N*T),completed_epoch_100; stored checkpoint epoch=99,results/paper1_experiment03_20260901_server/checkpoints/stageD_cross_dataset/dvs_dfa/seed_20260830/epoch_100.pt,66688715a5e593febcfeadea347f91017891418c89d03fbefadfc941f6b56c2b,results/paper_v9_signal_processing/04_gate_statistics/dvs_per_seed.csv,results/paper1_experiment03_20260901_server/stageD_cross_dataset/diagnostic_probe.csv,9.93271755255295e-08,between_sample,1.9979326681714898e-08,0.9859228419319896,False,13440,2,3,5,7,12,2.59546442749714,5.391508484411649,3.905993604134496,0.109375,results/paper_v9_signal_processing/08_covariance_decomposition/spectra/dvs_seed_20260830_H2_actual_delta_between_sample.npy,7,7,True,,,,,,,,,,,,,
dvs,DVS-Gesture,SNN-DFA,20260830,H2,actual,gate,basis_eval,448,30,64,spatially averaged channel,"[30, 16, 64, 64, 64]",centered scatter; population covariance = scatter/(N*T),completed_epoch_100; stored checkpoint epoch=99,results/paper1_experiment03_20260901_server/checkpoints/stageD_cross_dataset/dvs_dfa/seed_20260830/epoch_100.pt,66688715a5e593febcfeadea347f91017891418c89d03fbefadfc941f6b56c2b,results/paper_v9_signal_processing/04_gate_statistics/dvs_per_seed.csv,results/paper1_experiment03_20260901_server/stageD_cross_dataset/diagnostic_probe.csv,8.984108533071894e-08,total,9.418364651999998,1.0,False,13440,1,1,2,2,5,1.112191245804854,1.5990677144183456,1.23117312370066,0.03125,results/paper_v9_signal_processing/08_covariance_decomposition/spectra/dvs_seed_20260830_H2_actual_gate_total.npy,,,,,,,,,,,,,,,,
dvs,DVS-Gesture,SNN-DFA,20260830,H2,actual,gate,basis_eval,448,30,64,spatially averaged channel,"[30, 16, 64, 64, 64]",centered scatter; population covariance = scatter/(N*T),completed_epoch_100; stored checkpoint epoch=99,results/paper1_experiment03_20260901_server/checkpoints/stageD_cross_dataset/dvs_dfa/seed_20260830/epoch_100.pt,66688715a5e593febcfeadea347f91017891418c89d03fbefadfc941f6b56c2b,results/paper_v9_signal_processing/04_gate_statistics/dvs_per_seed.csv,results/paper1_experiment03_20260901_server/stageD_cross_dataset/diagnostic_probe.csv,8.984108533071894e-08,within_time,1.6658900726747536,0.17687678638785773,False,13440,1,2,3,4,11,1.2706244748783584,2.4663056730735753,1.5857688476267577,0.0625,results/paper_v9_signal_processing/08_covariance_decomposition/spectra/dvs_seed_20260830_H2_actual_gate_within_time.npy,,,,,,,,,,,,,,,,
dvs,DVS-Gesture,SNN-DFA,20260830,H2,actual,gate,basis_eval,448,30,64,spatially averaged channel,"[30, 16, 64, 64, 64]",centered scatter; population covariance = scatter/(N*T),completed_epoch_100; stored checkpoint epoch=99,results/paper1_experiment03_20260901_server/checkpoints/stageD_cross_dataset/dvs_dfa/seed_20260830/epoch_100.pt,66688715a5e593febcfeadea347f91017891418c89d03fbefadfc941f6b56c2b,results/paper_v9_signal_processing/04_gate_statistics/dvs_per_seed.csv,results/paper1_experiment03_20260901_server/stageD_cross_dataset/diagnostic_probe.csv,8.984108533071894e-08,between_sample,7.752475499479137,0.8231233113099833,False,13440,1,1,1,2,3,1.0770358319028372,1.3861016883181985,1.1564803927411014,0.03125,results/paper_v9_signal_processing/08_covariance_decomposition/spectra/dvs_seed_20260830_H2_actual_gate_between_sample.npy,,,,,,,,,,,,,,,,
dvs,DVS-Gesture,SNN-DFA,20260830,H2,actual,q_carrier,basis_eval,448,30,64,spatially averaged channel,"[30, 16, 64, 64, 64]",centered scatter; population covariance = scatter/(N*T),completed_epoch_100; stored checkpoint epoch=99,results/paper1_experiment03_20260901_server/checkpoints/stageD_cross_dataset/dvs_dfa/seed_20260830/epoch_100.pt,66688715a5e593febcfeadea347f91017891418c89d03fbefadfc941f6b56c2b,results/paper_v9_signal_processing/04_gate_statistics/dvs_per_seed.csv,results/paper1_experiment03_20260901_server/stageD_cross_dataset/diagnostic_probe.csv,,carrier_total,59.70129775573301,1.0,,448,2,4,5,7,10,2.4151794705010654,5.448285460355823,3.970081638855005,0.109375,results/paper_v9_signal_processing/08_covariance_decomposition/spectra/dvs_seed_20260830_H2_actual_q_carrier_carrier_total.npy,,,,0.20758928571428573,0.20758928571428573,1.0,0.045680294256370636,64,11,11,1.0,,,,,0.000244140625
dvs,DVS-Gesture,SNN-DFA,20260830,H3,actual,delta,basis_eval,448,30,256,spatially averaged channel,"[30, 16, 256]",centered scatter; population covariance = scatter/(N*T),completed_epoch_100; stored checkpoint epoch=99,results/paper1_experiment03_20260901_server/checkpoints/stageD_cross_dataset/dvs_dfa/seed_20260830/epoch_100.pt,66688715a5e593febcfeadea347f91017891418c89d03fbefadfc941f6b56c2b,results/paper_v9_signal_processing/04_gate_statistics/dvs_per_seed.csv,results/paper1_experiment03_20260901_server/stageD_cross_dataset/diagnostic_probe.csv,5.771290819128057e-08,total,17.607734584972363,1.0,False,13440,48,122,166,197,232,27.77046563068117,170.30775003027344,116.47220712895013,0.76953125,results/paper_v9_signal_processing/08_covariance_decomposition/spectra/dvs_seed_20260830_H3_actual_delta_total.npy,197,197,True,,,,,,,,,,,,,
dvs,DVS-Gesture,SNN-DFA,20260830,H3,actual,delta,basis_eval,448,30,256,spatially averaged channel,"[30, 16, 256]",centered scatter; population covariance = scatter/(N*T),completed_epoch_100; stored checkpoint epoch=99,results/paper1_experiment03_20260901_server/checkpoints/stageD_cross_dataset/dvs_dfa/seed_20260830/epoch_100.pt,66688715a5e593febcfeadea347f91017891418c89d03fbefadfc941f6b56c2b,results/paper_v9_signal_processing/04_gate_statistics/dvs_per_seed.csv,results/paper1_experiment03_20260901_server/stageD_cross_dataset/diagnostic_probe.csv,5.771290819128057e-08,within_time,15.990052840450877,0.908126639647208,False,13440,50,125,168,198,233,28.655564372459512,174.63638976099853,122.24194386279336,0.7734375,results/paper_v9_signal_processing/08_covariance_decomposition/spectra/dvs_seed_20260830_H3_actual_delta_within_time.npy,197,197,True,,,,,,,,,,,,,
dvs,DVS-Gesture,SNN-DFA,20260830,H3,actual,delta,basis_eval,448,30,256,spatially averaged channel,"[30, 16, 256]",centered scatter; population covariance = scatter/(N*T),completed_epoch_100; stored checkpoint epoch=99,results/paper1_experiment03_20260901_server/checkpoints/stageD_cross_dataset/dvs_dfa/seed_20260830/epoch_100.pt,66688715a5e593febcfeadea347f91017891418c89d03fbefadfc941f6b56c2b,results/paper_v9_signal_processing/04_gate_statistics/dvs_per_seed.csv,results/paper1_experiment03_20260901_server/stageD_cross_dataset/diagnostic_probe.csv,5.771290819128057e-08,between_sample,1.6176817736267348,0.09187336200577298,False,13440,7,38,70,102,166,6.746073535319893,46.04619998145885,18.732317541860834,0.3984375,results/paper_v9_signal_processing/08_covariance_decomposition/spectra/dvs_seed_20260830_H3_actual_delta_between_sample.npy,197,197,True,,,,,,,,,,,,,
dvs,DVS-Gesture,SNN-DFA,20260830,H3,actual,gate,basis_eval,448,30,256,spatially averaged channel,"[30, 16, 256]",centered scatter; population covariance = scatter/(N*T),completed_epoch_100; stored checkpoint epoch=99,results/paper1_experiment03_20260901_server/checkpoints/stageD_cross_dataset/dvs_dfa/seed_20260830/epoch_100.pt,66688715a5e593febcfeadea347f91017891418c89d03fbefadfc941f6b56c2b,results/paper_v9_signal_processing/04_gate_statistics/dvs_per_seed.csv,results/paper1_experiment03_20260901_server/stageD_cross_dataset/diagnostic_probe.csv,3.809767531297299e-08,total,12580.317446008763,1.0,False,13440,89,168,202,224,247,49.28234331775675,232.36038579940154,209.60608944074332,0.875,results/paper_v9_signal_processing/08_covariance_decomposition/spectra/dvs_seed_20260830_H3_actual_gate_total.npy,,,,,,,,,,,,,,,,
dvs,DVS-Gesture,SNN-DFA,20260830,H3,actual,gate,basis_eval,448,30,256,spatially averaged channel,"[30, 16, 256]",centered scatter; population covariance = scatter/(N*T),completed_epoch_100; stored checkpoint epoch=99,results/paper1_experiment03_20260901_server/checkpoints/stageD_cross_dataset/dvs_dfa/seed_20260830/epoch_100.pt,66688715a5e593febcfeadea347f91017891418c89d03fbefadfc941f6b56c2b,results/paper_v9_signal_processing/04_gate_statistics/dvs_per_seed.csv,results/paper1_experiment03_20260901_server/stageD_cross_dataset/diagnostic_probe.csv,3.809767531297299e-08,within_time,11399.460162587493,0.9061345400472458,False,13440,91,169,203,225,247,114.55943500237589,237.10790625500954,223.40835358410013,0.87890625,results/paper_v9_signal_processing/08_covariance_decomposition/spectra/dvs_seed_20260830_H3_actual_gate_within_time.npy,,,,,,,,,,,,,,,,
dvs,DVS-Gesture,SNN-DFA,20260830,H3,actual,gate,basis_eval,448,30,256,spatially averaged channel,"[30, 16, 256]",centered scatter; population covariance = scatter/(N*T),completed_epoch_100; stored checkpoint epoch=99,results/paper1_experiment03_20260901_server/checkpoints/stageD_cross_dataset/dvs_dfa/seed_20260830/epoch_100.pt,66688715a5e593febcfeadea347f91017891418c89d03fbefadfc941f6b56c2b,results/paper_v9_signal_processing/04_gate_statistics/dvs_per_seed.csv,results/paper1_experiment03_20260901_server/stageD_cross_dataset/diagnostic_probe.csv,3.809767531297299e-08,between_sample,1180.8572659929478,0.0938654585673899,False,13440,22,77,118,153,211,6.906353183117135,92.71787291524113,32.13282992014633,0.59765625,results/paper_v9_signal_processing/08_covariance_decomposition/spectra/dvs_seed_20260830_H3_actual_gate_between_sample.npy,,,,,,,,,,,,,,,,
dvs,DVS-Gesture,SNN-DFA,20260830,H3,actual,q_carrier,basis_eval,448,30,256,spatially averaged channel,"[30, 16, 256]",centered scatter; population covariance = scatter/(N*T),completed_epoch_100; stored checkpoint epoch=99,results/paper1_experiment03_20260901_server/checkpoints/stageD_cross_dataset/dvs_dfa/seed_20260830/epoch_100.pt,66688715a5e593febcfeadea347f91017891418c89d03fbefadfc941f6b56c2b,results/paper_v9_signal_processing/04_gate_statistics/dvs_per_seed.csv,results/paper1_experiment03_20260901_server/stageD_cross_dataset/diagnostic_probe.csv,,carrier_total,230.98929382492534,1.0,,448,2,4,6,7,10,2.6153039639559514,5.823242110046624,4.292746483452889,0.02734375,results/paper_v9_signal_processing/08_covariance_decomposition/spectra/dvs_seed_20260830_H3_actual_q_carrier_carrier_total.npy,,,,0.20758928571428573,0.2076416015625,1.0,0.044923633360806875,256,11,11,1.0,,,,,1.0
dvs,DVS-Gesture,SNN-DFA,20260831,H1,actual,delta,basis_eval,448,30,32,spatially averaged channel,"[30, 16, 32, 128, 128]",centered scatter; population covariance = scatter/(N*T),completed_epoch_100; stored checkpoint epoch=99,results/paper1_experiment03_20260901_server/checkpoints/stageD_cross_dataset/dvs_dfa/seed_20260831/epoch_100.pt,11cbc80703898052a2033d05bbd1ef67acc7414a9f519866c4e305b90c9f8ddb,results/paper_v9_signal_processing/04_gate_statistics/dvs_per_seed.csv,results/paper1_experiment03_20260901_server/stageD_cross_dataset/diagnostic_probe.csv,1.3703686324332397e-07,total,9.696888683304442e-10,1.0,False,13440,2,3,4,5,10,2.116498144006057,4.3818925774398725,3.1644442695598958,0.15625,results/paper_v9_signal_processing/08_covariance_decomposition/spectra/dvs_seed_20260831_H1_actual_delta_total.npy,5,5,True,,,,,,,,,,,,,
dvs,DVS-Gesture,SNN-DFA,20260831,H1,actual,delta,basis_eval,448,30,32,spatially averaged channel,"[30, 16, 32, 128, 128]",centered scatter; population covariance = scatter/(N*T),completed_epoch_100; stored checkpoint epoch=99,results/paper1_experiment03_20260901_server/checkpoints/stageD_cross_dataset/dvs_dfa/seed_20260831/epoch_100.pt,11cbc80703898052a2033d05bbd1ef67acc7414a9f519866c4e305b90c9f8ddb,results/paper_v9_signal_processing/04_gate_statistics/dvs_per_seed.csv,results/paper1_experiment03_20260901_server/stageD_cross_dataset/diagnostic_probe.csv,1.3703686324332397e-07,within_time,7.333983014333878e-12,0.007563233170822222,False,13440,2,5,8,12,20,2.580624451213879,7.647262103755984,4.673668200257975,0.375,results/paper_v9_signal_processing/08_covariance_decomposition/spectra/dvs_seed_20260831_H1_actual_delta_within_time.npy,5,5,True,,,,,,,,,,,,,
dvs,DVS-Gesture,SNN-DFA,20260831,H1,actual,delta,basis_eval,448,30,32,spatially averaged channel,"[30, 16, 32, 128, 128]",centered scatter; population covariance = scatter/(N*T),completed_epoch_100; stored checkpoint epoch=99,results/paper1_experiment03_20260901_server/checkpoints/stageD_cross_dataset/dvs_dfa/seed_20260831/epoch_100.pt,11cbc80703898052a2033d05bbd1ef67acc7414a9f519866c4e305b90c9f8ddb,results/paper_v9_signal_processing/04_gate_statistics/dvs_per_seed.csv,results/paper1_experiment03_20260901_server/stageD_cross_dataset/diagnostic_probe.csv,1.3703686324332397e-07,between_sample,9.623549691345674e-10,0.9924368532676837,False,13440,2,3,4,5,9,2.11162544160063,4.327777890722189,3.149696655374694,0.15625,results/paper_v9_signal_processing/08_covariance_decomposition/spectra/dvs_seed_20260831_H1_actual_delta_between_sample.npy,5,5,True,,,,,,,,,,,,,
dvs,DVS-Gesture,SNN-DFA,20260831,H1,actual,gate,basis_eval,448,30,32,spatially averaged channel,"[30, 16, 32, 128, 128]",centered scatter; population covariance = scatter/(N*T),completed_epoch_100; stored checkpoint epoch=99,results/paper1_experiment03_20260901_server/checkpoints/stageD_cross_dataset/dvs_dfa/seed_20260831/epoch_100.pt,11cbc80703898052a2033d05bbd1ef67acc7414a9f519866c4e305b90c9f8ddb,results/paper_v9_signal_processing/04_gate_statistics/dvs_per_seed.csv,results/paper1_experiment03_20260901_server/stageD_cross_dataset/diagnostic_probe.csv,9.460631757294168e-08,total,3.4459520447804866,1.0,False,13440,1,2,2,4,10,1.2564230764545354,2.2797034762410138,1.5405974266016238,0.125,results/paper_v9_signal_processing/08_covariance_decomposition/spectra/dvs_seed_20260831_H1_actual_gate_total.npy,,,,,,,,,,,,,,,,
dvs,DVS-Gesture,SNN-DFA,20260831,H1,actual,gate,basis_eval,448,30,32,spatially averaged channel,"[30, 16, 32, 128, 128]",centered scatter; population covariance = scatter/(N*T),completed_epoch_100; stored checkpoint epoch=99,results/paper1_experiment03_20260901_server/checkpoints/stageD_cross_dataset/dvs_dfa/seed_20260831/epoch_100.pt,11cbc80703898052a2033d05bbd1ef67acc7414a9f519866c4e305b90c9f8ddb,results/paper_v9_signal_processing/04_gate_statistics/dvs_per_seed.csv,results/paper1_experiment03_20260901_server/stageD_cross_dataset/diagnostic_probe.csv,9.460631757294168e-08,within_time,0.7700827476155807,0.22347459790742283,False,13440,1,2,4,7,18,1.6058622514372427,3.6930181120249816,2.2745544370246673,0.21875,results/paper_v9_signal_processing/08_covariance_decomposition/spectra/dvs_seed_20260831_H1_actual_gate_within_time.npy,,,,,,,,,,,,,,,,
dvs,DVS-Gesture,SNN-DFA,20260831,H1,actual,gate,basis_eval,448,30,32,spatially averaged channel,"[30, 16, 32, 128, 128]",centered scatter; population covariance = scatter/(N*T),completed_epoch_100; stored checkpoint epoch=99,results/paper1_experiment03_20260901_server/checkpoints/stageD_cross_dataset/dvs_dfa/seed_20260831/epoch_100.pt,11cbc80703898052a2033d05bbd1ef67acc7414a9f519866c4e305b90c9f8ddb,results/paper_v9_signal_processing/04_gate_statistics/dvs_per_seed.csv,results/paper1_experiment03_20260901_server/stageD_cross_dataset/diagnostic_probe.csv,9.460631757294168e-08,between_sample,2.6758695908211694,0.7765254873103224,False,13440,1,1,2,2,5,1.1169059768154674,1.6112481261282283,1.2408677714550909,0.0625,results/paper_v9_signal_processing/08_covariance_decomposition/spectra/dvs_seed_20260831_H1_actual_gate_between_sample.npy,,,,,,,,,,,,,,,,
dvs,DVS-Gesture,SNN-DFA,20260831,H1,actual,q_carrier,basis_eval,448,30,32,spatially averaged channel,"[30, 16, 32, 128, 128]",centered scatter; population covariance = scatter/(N*T),completed_epoch_100; stored checkpoint epoch=99,results/paper1_experiment03_20260901_server/checkpoints/stageD_cross_dataset/dvs_dfa/seed_20260831/epoch_100.pt,11cbc80703898052a2033d05bbd1ef67acc7414a9f519866c4e305b90c9f8ddb,results/paper_v9_signal_processing/04_gate_statistics/dvs_per_seed.csv,results/paper1_experiment03_20260901_server/stageD_cross_dataset/diagnostic_probe.csv,,carrier_total,26.007066199843905,1.0,,448,2,3,4,6,9,2.275724512985947,4.7046922597541965,3.4825217806519264,0.1875,results/paper_v9_signal_processing/08_covariance_decomposition/spectra/dvs_seed_20260831_H1_actual_q_carrier_carrier_total.npy,,,,0.22991071428571427,0.22991071428571427,1.0,0.042625218931499155,32,11,11,1.0,,,,,6.103515625e-05
dvs,DVS-Gesture,SNN-DFA,20260831,H2,actual,delta,basis_eval,448,30,64,spatially averaged channel,"[30, 16, 64, 64, 64]",centered scatter; population covariance = scatter/(N*T),completed_epoch_100; stored checkpoint epoch=99,results/paper1_experiment03_20260901_server/checkpoints/stageD_cross_dataset/dvs_dfa/seed_20260831/epoch_100.pt,11cbc80703898052a2033d05bbd1ef67acc7414a9f519866c4e305b90c9f8ddb,results/paper_v9_signal_processing/04_gate_statistics/dvs_per_seed.csv,results/paper1_experiment03_20260901_server/stageD_cross_dataset/diagnostic_probe.csv,1.073057920679152e-07,total,1.564519566241548e-08,1.0,False,13440,2,4,5,6,11,2.274848836707311,5.13281535313263,3.712699886882184,0.09375,results/paper_v9_signal_processing/08_covariance_decomposition/spectra/dvs_seed_20260831_H2_actual_delta_total.npy,6,6,True,,,,,,,,,,,,,
dvs,DVS-Gesture,SNN-DFA,20260831,H2,actual,delta,basis_eval,448,30,64,spatially averaged channel,"[30, 16, 64, 64, 64]",centered scatter; population covariance = scatter/(N*T),completed_epoch_100; stored checkpoint epoch=99,results/paper1_experiment03_20260901_server/checkpoints/stageD_cross_dataset/dvs_dfa/seed_20260831/epoch_100.pt,11cbc80703898052a2033d05bbd1ef67acc7414a9f519866c4e305b90c9f8ddb,results/paper_v9_signal_processing/04_gate_statistics/dvs_per_seed.csv,results/paper1_experiment03_20260901_server/stageD_cross_dataset/diagnostic_probe.csv,1.073057920679152e-07,within_time,1.9637835966687985e-10,0.012551991288842773,False,13440,1,3,5,6,8,1.970539778377873,4.408431612329049,3.0777895147379124,0.09375,results/paper_v9_signal_processing/08_covariance_decomposition/spectra/dvs_seed_20260831_H2_actual_delta_within_time.npy,6,6,True,,,,,,,,,,,,,
dvs,DVS-Gesture,SNN-DFA,20260831,H2,actual,delta,basis_eval,448,30,64,spatially averaged channel,"[30, 16, 64, 64, 64]",centered scatter; population covariance = scatter/(N*T),completed_epoch_100; stored checkpoint epoch=99,results/paper1_experiment03_20260901_server/checkpoints/stageD_cross_dataset/dvs_dfa/seed_20260831/epoch_100.pt,11cbc80703898052a2033d05bbd1ef67acc7414a9f519866c4e305b90c9f8ddb,results/paper_v9_signal_processing/04_gate_statistics/dvs_per_seed.csv,results/paper1_experiment03_20260901_server/stageD_cross_dataset/diagnostic_probe.csv,1.073057920679152e-07,between_sample,1.5448818718886722e-08,0.9874480992270033,False,13440,2,4,4,6,10,2.2679254403900972,5.051424059335917,3.6887135625029925,0.09375,results/paper_v9_signal_processing/08_covariance_decomposition/spectra/dvs_seed_20260831_H2_actual_delta_between_sample.npy,6,6,True,,,,,,,,,,,,,
dvs,DVS-Gesture,SNN-DFA,20260831,H2,actual,gate,basis_eval,448,30,64,spatially averaged channel,"[30, 16, 64, 64, 64]",centered scatter; population covariance = scatter/(N*T),completed_epoch_100; stored checkpoint epoch=99,results/paper1_experiment03_20260901_server/checkpoints/stageD_cross_dataset/dvs_dfa/seed_20260831/epoch_100.pt,11cbc80703898052a2033d05bbd1ef67acc7414a9f519866c4e305b90c9f8ddb,results/paper_v9_signal_processing/04_gate_statistics/dvs_per_seed.csv,results/paper1_experiment03_20260901_server/stageD_cross_dataset/diagnostic_probe.csv,9.093822757034195e-08,total,7.493225093678259,1.0,False,13440,1,1,2,3,5,1.2416123727216395,1.9912364953598582,1.4967473854991586,0.046875,results/paper_v9_signal_processing/08_covariance_decomposition/spectra/dvs_seed_20260831_H2_actual_gate_total.npy,,,,,,,,,,,,,,,,
dvs,DVS-Gesture,SNN-DFA,20260831,H2,actual,gate,basis_eval,448,30,64,spatially averaged channel,"[30, 16, 64, 64, 64]",centered scatter; population covariance = scatter/(N*T),completed_epoch_100; stored checkpoint epoch=99,results/paper1_experiment03_20260901_server/checkpoints/stageD_cross_dataset/dvs_dfa/seed_20260831/epoch_100.pt,11cbc80703898052a2033d05bbd1ef67acc7414a9f519866c4e305b90c9f8ddb,results/paper_v9_signal_processing/04_gate_statistics/dvs_per_seed.csv,results/paper1_experiment03_20260901_server/stageD_cross_dataset/diagnostic_probe.csv,9.093822757034195e-08,within_time,1.5119406585622477,0.20177435478854264,False,13440,1,2,3,4,7,1.43867837685098,2.7172138599333877,1.9163528943483599,0.0625,results/paper_v9_signal_processing/08_covariance_decomposition/spectra/dvs_seed_20260831_H2_actual_gate_within_time.npy,,,,,,,,,,,,,,,,
dvs,DVS-Gesture,SNN-DFA,20260831,H2,actual,gate,basis_eval,448,30,64,spatially averaged channel,"[30, 16, 64, 64, 64]",centered scatter; population covariance = scatter/(N*T),completed_epoch_100; stored checkpoint epoch=99,results/paper1_experiment03_20260901_server/checkpoints/stageD_cross_dataset/dvs_dfa/seed_20260831/epoch_100.pt,11cbc80703898052a2033d05bbd1ef67acc7414a9f519866c4e305b90c9f8ddb,results/paper_v9_signal_processing/04_gate_statistics/dvs_per_seed.csv,results/paper1_experiment03_20260901_server/stageD_cross_dataset/diagnostic_probe.csv,9.093822757034195e-08,between_sample,5.981285020559671,0.7982257233411882,False,13440,1,1,2,2,3,1.1891761833510452,1.7497792996710209,1.3843630493856955,0.03125,results/paper_v9_signal_processing/08_covariance_decomposition/spectra/dvs_seed_20260831_H2_actual_gate_between_sample.npy,,,,,,,,,,,,,,,,
dvs,DVS-Gesture,SNN-DFA,20260831,H2,actual,q_carrier,basis_eval,448,30,64,spatially averaged channel,"[30, 16, 64, 64, 64]",centered scatter; population covariance = scatter/(N*T),completed_epoch_100; stored checkpoint epoch=99,results/paper1_experiment03_20260901_server/checkpoints/stageD_cross_dataset/dvs_dfa/seed_20260831/epoch_100.pt,11cbc80703898052a2033d05bbd1ef67acc7414a9f519866c4e305b90c9f8ddb,results/paper_v9_signal_processing/04_gate_statistics/dvs_per_seed.csv,results/paper1_experiment03_20260901_server/stageD_cross_dataset/diagnostic_probe.csv,,carrier_total,52.675910783821934,1.0,,448,2,3,5,6,9,2.2080787747611286,4.726332001490653,3.432876556436393,0.09375,results/paper_v9_signal_processing/08_covariance_decomposition/spectra/dvs_seed_20260831_H2_actual_q_carrier_carrier_total.npy,,,,0.22991071428571427,0.22994559151785715,1.0,0.042882804908918964,64,11,11,1.0,,,,,0.000244140625
dvs,DVS-Gesture,SNN-DFA,20260831,H3,actual,delta,basis_eval,448,30,256,spatially averaged channel,"[30, 16, 256]",centered scatter; population covariance = scatter/(N*T),completed_epoch_100; stored checkpoint epoch=99,results/paper1_experiment03_20260901_server/checkpoints/stageD_cross_dataset/dvs_dfa/seed_20260831/epoch_100.pt,11cbc80703898052a2033d05bbd1ef67acc7414a9f519866c4e305b90c9f8ddb,results/paper_v9_signal_processing/04_gate_statistics/dvs_per_seed.csv,results/paper1_experiment03_20260901_server/stageD_cross_dataset/diagnostic_probe.csv,5.730741513536248e-08,total,20.911167232585314,1.0,False,13440,43,113,157,189,232,23.544209603088063,160.1888699377551,105.92187918522251,0.73828125,results/paper_v9_signal_processing/08_covariance_decomposition/spectra/dvs_seed_20260831_H3_actual_delta_total.npy,189,189,True,,,,,,,,,,,,,
dvs,DVS-Gesture,SNN-DFA,20260831,H3,actual,delta,basis_eval,448,30,256,spatially averaged channel,"[30, 16, 256]",centered scatter; population covariance = scatter/(N*T),completed_epoch_100; stored checkpoint epoch=99,results/paper1_experiment03_20260901_server/checkpoints/stageD_cross_dataset/dvs_dfa/seed_20260831/epoch_100.pt,11cbc80703898052a2033d05bbd1ef67acc7414a9f519866c4e305b90c9f8ddb,results/paper_v9_signal_processing/04_gate_statistics/dvs_per_seed.csv,results/paper1_experiment03_20260901_server/stageD_cross_dataset/diagnostic_probe.csv,5.730741513536248e-08,within_time,18.702735306471144,0.8943898300104057,False,13440,46,116,159,191,232,29.542844200446297,167.8361207162165,119.20593602514305,0.74609375,results/paper_v9_signal_processing/08_covariance_decomposition/spectra/dvs_seed_20260831_H3_actual_delta_within_time.npy,189,189,True,,,,,,,,,,,,,
dvs,DVS-Gesture,SNN-DFA,20260831,H3,actual,delta,basis_eval,448,30,256,spatially averaged channel,"[30, 16, 256]",centered scatter; population covariance = scatter/(N*T),completed_epoch_100; stored checkpoint epoch=99,results/paper1_experiment03_20260901_server/checkpoints/stageD_cross_dataset/dvs_dfa/seed_20260831/epoch_100.pt,11cbc80703898052a2033d05bbd1ef67acc7414a9f519866c4e305b90c9f8ddb,results/paper_v9_signal_processing/04_gate_statistics/dvs_per_seed.csv,results/paper1_experiment03_20260901_server/stageD_cross_dataset/diagnostic_probe.csv,5.730741513536248e-08,between_sample,2.2084320383020697,0.10561017535456983,False,13440,4,33,64,95,159,4.086708372721221,34.54971421138917,11.37956514392816,0.37109375,results/paper_v9_signal_processing/08_covariance_decomposition/spectra/dvs_seed_20260831_H3_actual_delta_between_sample.npy,189,189,True,,,,,,,,,,,,,
dvs,DVS-Gesture,SNN-DFA,20260831,H3,actual,gate,basis_eval,448,30,256,spatially averaged channel,"[30, 16, 256]",centered scatter; population covariance = scatter/(N*T),completed_epoch_100; stored checkpoint epoch=99,results/paper1_experiment03_20260901_server/checkpoints/stageD_cross_dataset/dvs_dfa/seed_20260831/epoch_100.pt,11cbc80703898052a2033d05bbd1ef67acc7414a9f519866c4e305b90c9f8ddb,results/paper_v9_signal_processing/04_gate_statistics/dvs_per_seed.csv,results/paper1_experiment03_20260901_server/stageD_cross_dataset/diagnostic_probe.csv,3.835751346848307e-08,total,16796.617408068727,1.0,False,13440,84,164,201,223,246,42.09042388363661,227.60292514583492,199.12820221498285,0.87109375,results/paper_v9_signal_processing/08_covariance_decomposition/spectra/dvs_seed_20260831_H3_actual_gate_total.npy,,,,,,,,,,,,,,,,
dvs,DVS-Gesture,SNN-DFA,20260831,H3,actual,gate,basis_eval,448,30,256,spatially averaged channel,"[30, 16, 256]",centered scatter; population covariance = scatter/(N*T),completed_epoch_100; stored checkpoint epoch=99,results/paper1_experiment03_20260901_server/checkpoints/stageD_cross_dataset/dvs_dfa/seed_20260831/epoch_100.pt,11cbc80703898052a2033d05bbd1ef67acc7414a9f519866c4e305b90c9f8ddb,results/paper_v9_signal_processing/04_gate_statistics/dvs_per_seed.csv,results/paper1_experiment03_20260901_server/stageD_cross_dataset/diagnostic_probe.csv,3.835751346848307e-08,within_time,15035.330318693013,0.8951403698384158,False,13440,87,166,202,223,246,93.32453157199653,233.5585002309582,216.78877328651512,0.87109375,results/paper_v9_signal_processing/08_covariance_decomposition/spectra/dvs_seed_20260831_H3_actual_gate_within_time.npy,,,,,,,,,,,,,,,,
dvs,DVS-Gesture,SNN-DFA,20260831,H3,actual,gate,basis_eval,448,30,256,spatially averaged channel,"[30, 16, 256]",centered scatter; population covariance = scatter/(N*T),completed_epoch_100; stored checkpoint epoch=99,results/paper1_experiment03_20260901_server/checkpoints/stageD_cross_dataset/dvs_dfa/seed_20260831/epoch_100.pt,11cbc80703898052a2033d05bbd1ef67acc7414a9f519866c4e305b90c9f8ddb,results/paper_v9_signal_processing/04_gate_statistics/dvs_per_seed.csv,results/paper1_experiment03_20260901_server/stageD_cross_dataset/diagnostic_probe.csv,3.835751346848307e-08,between_sample,1761.287065776193,0.10485962875656793,False,13440,22,76,117,152,210,6.733781739438502,91.20269545822813,31.183299323152962,0.59375,results/paper_v9_signal_processing/08_covariance_decomposition/spectra/dvs_seed_20260831_H3_actual_gate_between_sample.npy,,,,,,,,,,,,,,,,
dvs,DVS-Gesture,SNN-DFA,20260831,H3,actual,q_carrier,basis_eval,448,30,256,spatially averaged channel,"[30, 16, 256]",centered scatter; population covariance = scatter/(N*T),completed_epoch_100; stored checkpoint epoch=99,results/paper1_experiment03_20260901_server/checkpoints/stageD_cross_dataset/dvs_dfa/seed_20260831/epoch_100.pt,11cbc80703898052a2033d05bbd1ef67acc7414a9f519866c4e305b90c9f8ddb,results/paper_v9_signal_processing/04_gate_statistics/dvs_per_seed.csv,results/paper1_experiment03_20260901_server/stageD_cross_dataset/diagnostic_probe.csv,,carrier_total,194.23897275536964,1.0,,448,2,3,5,7,10,2.3989077996861314,5.222594396049787,3.8051785655796384,0.02734375,results/paper_v9_signal_processing/08_covariance_decomposition/spectra/dvs_seed_20260831_H3_actual_q_carrier_carrier_total.npy,,,,0.22991071428571427,0.22992815290178573,1.0,0.041179790177988146,256,11,11,1.0,,,,,1.0
dvs,DVS-Gesture,SNN-DFA,20260901,H1,actual,delta,basis_eval,448,30,32,spatially averaged channel,"[30, 16, 32, 128, 128]",centered scatter; population covariance = scatter/(N*T),completed_epoch_100; stored checkpoint epoch=99,results/paper1_experiment03_20260901_server/checkpoints/stageD_cross_dataset/dvs_dfa/seed_20260901/epoch_100.pt,5ea5704255d28160e5eb1300dc605a6cd87af3a8e22739796fa881a47c5a5085,results/paper_v9_signal_processing/04_gate_statistics/dvs_per_seed.csv,results/paper1_experiment03_20260901_server/stageD_cross_dataset/diagnostic_probe.csv,1.2651876616672316e-07,total,6.096568707033319e-10,1.0,False,13440,2,4,5,6,10,2.6928532867159607,5.529574064833717,4.251557934718138,0.1875,results/paper_v9_signal_processing/08_covariance_decomposition/spectra/dvs_seed_20260901_H1_actual_delta_total.npy,6,6,True,,,,,,,,,,,,,
dvs,DVS-Gesture,SNN-DFA,20260901,H1,actual,delta,basis_eval,448,30,32,spatially averaged channel,"[30, 16, 32, 128, 128]",centered scatter; population covariance = scatter/(N*T),completed_epoch_100; stored checkpoint epoch=99,results/paper1_experiment03_20260901_server/checkpoints/stageD_cross_dataset/dvs_dfa/seed_20260901/epoch_100.pt,5ea5704255d28160e5eb1300dc605a6cd87af3a8e22739796fa881a47c5a5085,results/paper_v9_signal_processing/04_gate_statistics/dvs_per_seed.csv,results/paper1_experiment03_20260901_server/stageD_cross_dataset/diagnostic_probe.csv,1.2651876616672316e-07,within_time,5.257266743852155e-12,0.008623320750551205,False,13440,2,5,8,11,20,2.8907637405076168,7.679268690795179,5.003576009772009,0.34375,results/paper_v9_signal_processing/08_covariance_decomposition/spectra/dvs_seed_20260901_H1_actual_delta_within_time.npy,6,6,True,,,,,,,,,,,,,
dvs,DVS-Gesture,SNN-DFA,20260901,H1,actual,delta,basis_eval,448,30,32,spatially averaged channel,"[30, 16, 32, 128, 128]",centered scatter; population covariance = scatter/(N*T),completed_epoch_100; stored checkpoint epoch=99,results/paper1_experiment03_20260901_server/checkpoints/stageD_cross_dataset/dvs_dfa/seed_20260901/epoch_100.pt,5ea5704255d28160e5eb1300dc605a6cd87af3a8e22739796fa881a47c5a5085,results/paper_v9_signal_processing/04_gate_statistics/dvs_per_seed.csv,results/paper1_experiment03_20260901_server/stageD_cross_dataset/diagnostic_probe.csv,1.2651876616672316e-07,between_sample,6.04399668746742e-10,0.9913767855178522,False,13440,2,4,5,6,9,2.6866760441143414,5.475222048189346,4.236797146659552,0.1875,results/paper_v9_signal_processing/08_covariance_decomposition/spectra/dvs_seed_20260901_H1_actual_delta_between_sample.npy,6,6,True,,,,,,,,,,,,,
dvs,DVS-Gesture,SNN-DFA,20260901,H1,actual,gate,basis_eval,448,30,32,spatially averaged channel,"[30, 16, 32, 128, 128]",centered scatter; population covariance = scatter/(N*T),completed_epoch_100; stored checkpoint epoch=99,results/paper1_experiment03_20260901_server/checkpoints/stageD_cross_dataset/dvs_dfa/seed_20260901/epoch_100.pt,5ea5704255d28160e5eb1300dc605a6cd87af3a8e22739796fa881a47c5a5085,results/paper_v9_signal_processing/04_gate_statistics/dvs_per_seed.csv,results/paper1_experiment03_20260901_server/stageD_cross_dataset/diagnostic_probe.csv,8.911995573239338e-08,total,3.760927109253633,1.0,False,13440,1,1,2,3,10,1.233756433911337,2.104832171342195,1.4851683232120676,0.09375,results/paper_v9_signal_processing/08_covariance_decomposition/spectra/dvs_seed_20260901_H1_actual_gate_total.npy,,,,,,,,,,,,,,,,
dvs,DVS-Gesture,SNN-DFA,20260901,H1,actual,gate,basis_eval,448,30,32,spatially averaged channel,"[30, 16, 32, 128, 128]",centered scatter; population covariance = scatter/(N*T),completed_epoch_100; stored checkpoint epoch=99,results/paper1_experiment03_20260901_server/checkpoints/stageD_cross_dataset/dvs_dfa/seed_20260901/epoch_100.pt,5ea5704255d28160e5eb1300dc605a6cd87af3a8e22739796fa881a47c5a5085,results/paper_v9_signal_processing/04_gate_statistics/dvs_per_seed.csv,results/paper1_experiment03_20260901_server/stageD_cross_dataset/diagnostic_probe.csv,8.911995573239338e-08,within_time,0.9011618129298097,0.2396116135068217,False,13440,1,2,3,6,18,1.4248269215222156,2.97686854706245,1.8829276717836105,0.1875,results/paper_v9_signal_processing/08_covariance_decomposition/spectra/dvs_seed_20260901_H1_actual_gate_within_time.npy,,,,,,,,,,,,,,,,
dvs,DVS-Gesture,SNN-DFA,20260901,H1,actual,gate,basis_eval,448,30,32,spatially averaged channel,"[30, 16, 32, 128, 128]",centered scatter; population covariance = scatter/(N*T),completed_epoch_100; stored checkpoint epoch=99,results/paper1_experiment03_20260901_server/checkpoints/stageD_cross_dataset/dvs_dfa/seed_20260901/epoch_100.pt,5ea5704255d28160e5eb1300dc605a6cd87af3a8e22739796fa881a47c5a5085,results/paper_v9_signal_processing/04_gate_statistics/dvs_per_seed.csv,results/paper1_experiment03_20260901_server/stageD_cross_dataset/diagnostic_probe.csv,8.911995573239338e-08,between_sample,2.859765529405521,0.7603884484677104,False,13440,1,1,2,2,4,1.1136802412934426,1.563141986555966,1.2327349030336208,0.0625,results/paper_v9_signal_processing/08_covariance_decomposition/spectra/dvs_seed_20260901_H1_actual_gate_between_sample.npy,,,,,,,,,,,,,,,,
dvs,DVS-Gesture,SNN-DFA,20260901,H1,actual,q_carrier,basis_eval,448,30,32,spatially averaged channel,"[30, 16, 32, 128, 128]",centered scatter; population covariance = scatter/(N*T),completed_epoch_100; stored checkpoint epoch=99,results/paper1_experiment03_20260901_server/checkpoints/stageD_cross_dataset/dvs_dfa/seed_20260901/epoch_100.pt,5ea5704255d28160e5eb1300dc605a6cd87af3a8e22739796fa881a47c5a5085,results/paper_v9_signal_processing/04_gate_statistics/dvs_per_seed.csv,results/paper1_experiment03_20260901_server/stageD_cross_dataset/diagnostic_probe.csv,,carrier_total,14.123654033149615,1.0,,448,2,4,6,7,9,2.6605216744766818,5.7215042338260265,4.2931762443188495,0.21875,results/paper_v9_signal_processing/08_covariance_decomposition/spectra/dvs_seed_20260901_H1_actual_q_carrier_carrier_total.npy,,,,0.17857142857142858,0.17864118303571427,1.0,0.031472470549129314,32,11,11,1.0,,,,,6.103515625e-05
dvs,DVS-Gesture,SNN-DFA,20260901,H2,actual,delta,basis_eval,448,30,64,spatially averaged channel,"[30, 16, 64, 64, 64]",centered scatter; population covariance = scatter/(N*T),completed_epoch_100; stored checkpoint epoch=99,results/paper1_experiment03_20260901_server/checkpoints/stageD_cross_dataset/dvs_dfa/seed_20260901/epoch_100.pt,5ea5704255d28160e5eb1300dc605a6cd87af3a8e22739796fa881a47c5a5085,results/paper_v9_signal_processing/04_gate_statistics/dvs_per_seed.csv,results/paper1_experiment03_20260901_server/stageD_cross_dataset/diagnostic_probe.csv,1.0587040403786631e-07,total,1.636802107269413e-08,1.0,False,13440,2,4,6,8,14,2.4724672749059216,6.179200827974525,4.204127951225875,0.125,results/paper_v9_signal_processing/08_covariance_decomposition/spectra/dvs_seed_20260901_H2_actual_delta_total.npy,8,8,True,,,,,,,,,,,,,
dvs,DVS-Gesture,SNN-DFA,20260901,H2,actual,delta,basis_eval,448,30,64,spatially averaged channel,"[30, 16, 64, 64, 64]",centered scatter; population covariance = scatter/(N*T),completed_epoch_100; stored checkpoint epoch=99,results/paper1_experiment03_20260901_server/checkpoints/stageD_cross_dataset/dvs_dfa/seed_20260901/epoch_100.pt,5ea5704255d28160e5eb1300dc605a6cd87af3a8e22739796fa881a47c5a5085,results/paper_v9_signal_processing/04_gate_statistics/dvs_per_seed.csv,results/paper1_experiment03_20260901_server/stageD_cross_dataset/diagnostic_probe.csv,1.0587040403786631e-07,within_time,2.779262741769663e-10,0.01697983360008104,False,13440,3,6,9,12,16,3.458444611212647,9.205017640031997,6.364456074711906,0.1875,results/paper_v9_signal_processing/08_covariance_decomposition/spectra/dvs_seed_20260901_H2_actual_delta_within_time.npy,8,8,True,,,,,,,,,,,,,
dvs,DVS-Gesture,SNN-DFA,20260901,H2,actual,delta,basis_eval,448,30,64,spatially averaged channel,"[30, 16, 64, 64, 64]",centered scatter; population covariance = scatter/(N*T),completed_epoch_100; stored checkpoint epoch=99,results/paper1_experiment03_20260901_server/checkpoints/stageD_cross_dataset/dvs_dfa/seed_20260901/epoch_100.pt,5ea5704255d28160e5eb1300dc605a6cd87af3a8e22739796fa881a47c5a5085,results/paper_v9_signal_processing/04_gate_statistics/dvs_per_seed.csv,results/paper1_experiment03_20260901_server/stageD_cross_dataset/diagnostic_probe.csv,1.0587040403786631e-07,between_sample,1.60900963050414e-08,0.9830202584406263,False,13440,2,4,6,8,12,2.454726111555622,6.004823544918386,4.145907332575237,0.125,results/paper_v9_signal_processing/08_covariance_decomposition/spectra/dvs_seed_20260901_H2_actual_delta_between_sample.npy,8,8,True,,,,,,,,,,,,,
dvs,DVS-Gesture,SNN-DFA,20260901,H2,actual,gate,basis_eval,448,30,64,spatially averaged channel,"[30, 16, 64, 64, 64]",centered scatter; population covariance = scatter/(N*T),completed_epoch_100; stored checkpoint epoch=99,results/paper1_experiment03_20260901_server/checkpoints/stageD_cross_dataset/dvs_dfa/seed_20260901/epoch_100.pt,5ea5704255d28160e5eb1300dc605a6cd87af3a8e22739796fa881a47c5a5085,results/paper_v9_signal_processing/04_gate_statistics/dvs_per_seed.csv,results/paper1_experiment03_20260901_server/stageD_cross_dataset/diagnostic_probe.csv,8.763553958077829e-08,total,20.211896218958817,1.0,False,13440,1,2,2,3,7,1.3345637499732945,2.274117490097981,1.674482150144057,0.046875,results/paper_v9_signal_processing/08_covariance_decomposition/spectra/dvs_seed_20260901_H2_actual_gate_total.npy,,,,,,,,,,,,,,,,
dvs,DVS-Gesture,SNN-DFA,20260901,H2,actual,gate,basis_eval,448,30,64,spatially averaged channel,"[30, 16, 64, 64, 64]",centered scatter; population covariance = scatter/(N*T),completed_epoch_100; stored checkpoint epoch=99,results/paper1_experiment03_20260901_server/checkpoints/stageD_cross_dataset/dvs_dfa/seed_20260901/epoch_100.pt,5ea5704255d28160e5eb1300dc605a6cd87af3a8e22739796fa881a47c5a5085,results/paper_v9_signal_processing/04_gate_statistics/dvs_per_seed.csv,results/paper1_experiment03_20260901_server/stageD_cross_dataset/diagnostic_probe.csv,8.763553958077829e-08,within_time,3.2225349343249916,0.15943753616260134,False,13440,1,3,4,6,14,1.7034746050740432,3.9862071298065023,2.5298633388670893,0.09375,results/paper_v9_signal_processing/08_covariance_decomposition/spectra/dvs_seed_20260901_H2_actual_gate_within_time.npy,,,,,,,,,,,,,,,,
dvs,DVS-Gesture,SNN-DFA,20260901,H2,actual,gate,basis_eval,448,30,64,spatially averaged channel,"[30, 16, 64, 64, 64]",centered scatter; population covariance = scatter/(N*T),completed_epoch_100; stored checkpoint epoch=99,results/paper1_experiment03_20260901_server/checkpoints/stageD_cross_dataset/dvs_dfa/seed_20260901/epoch_100.pt,5ea5704255d28160e5eb1300dc605a6cd87af3a8e22739796fa881a47c5a5085,results/paper_v9_signal_processing/04_gate_statistics/dvs_per_seed.csv,results/paper1_experiment03_20260901_server/stageD_cross_dataset/diagnostic_probe.csv,8.763553958077829e-08,between_sample,16.98936273936959,0.8405625358116334,False,13440,1,2,2,2,4,1.2516663151984468,1.8946723279691735,1.5006378647683332,0.03125,results/paper_v9_signal_processing/08_covariance_decomposition/spectra/dvs_seed_20260901_H2_actual_gate_between_sample.npy,,,,,,,,,,,,,,,,
dvs,DVS-Gesture,SNN-DFA,20260901,H2,actual,q_carrier,basis_eval,448,30,64,spatially averaged channel,"[30, 16, 64, 64, 64]",centered scatter; population covariance = scatter/(N*T),completed_epoch_100; stored checkpoint epoch=99,results/paper1_experiment03_20260901_server/checkpoints/stageD_cross_dataset/dvs_dfa/seed_20260901/epoch_100.pt,5ea5704255d28160e5eb1300dc605a6cd87af3a8e22739796fa881a47c5a5085,results/paper_v9_signal_processing/04_gate_statistics/dvs_per_seed.csv,results/paper1_experiment03_20260901_server/stageD_cross_dataset/diagnostic_probe.csv,,carrier_total,33.95899572111786,1.0,,448,2,4,6,7,10,2.3171141455018223,5.570906676042893,3.91692067757029,0.109375,results/paper_v9_signal_processing/08_covariance_decomposition/spectra/dvs_seed_20260901_H2_actual_q_carrier_carrier_total.npy,,,,0.17857142857142858,0.17857142857142858,1.0,0.03447933587459627,64,11,11,1.0,,,,,0.000244140625
dvs,DVS-Gesture,SNN-DFA,20260901,H3,actual,delta,basis_eval,448,30,256,spatially averaged channel,"[30, 16, 256]",centered scatter; population covariance = scatter/(N*T),completed_epoch_100; stored checkpoint epoch=99,results/paper1_experiment03_20260901_server/checkpoints/stageD_cross_dataset/dvs_dfa/seed_20260901/epoch_100.pt,5ea5704255d28160e5eb1300dc605a6cd87af3a8e22739796fa881a47c5a5085,results/paper_v9_signal_processing/04_gate_statistics/dvs_per_seed.csv,results/paper1_experiment03_20260901_server/stageD_cross_dataset/diagnostic_probe.csv,5.7984950094962336e-08,total,7.39989499850966,1.0,False,13440,46,115,158,189,232,22.941148057368917,164.83919735662715,111.63374473577102,0.73828125,results/paper_v9_signal_processing/08_covariance_decomposition/spectra/dvs_seed_20260901_H3_actual_delta_total.npy,189,189,True,,,,,,,,,,,,,
dvs,DVS-Gesture,SNN-DFA,20260901,H3,actual,delta,basis_eval,448,30,256,spatially averaged channel,"[30, 16, 256]",centered scatter; population covariance = scatter/(N*T),completed_epoch_100; stored checkpoint epoch=99,results/paper1_experiment03_20260901_server/checkpoints/stageD_cross_dataset/dvs_dfa/seed_20260901/epoch_100.pt,5ea5704255d28160e5eb1300dc605a6cd87af3a8e22739796fa881a47c5a5085,results/paper_v9_signal_processing/04_gate_statistics/dvs_per_seed.csv,results/paper1_experiment03_20260901_server/stageD_cross_dataset/diagnostic_probe.csv,5.7984950094962336e-08,within_time,6.856874325354431,0.9266177867031096,False,13440,47,116,159,190,232,22.978010034799063,166.98730408155868,114.12208288351073,0.7421875,results/paper_v9_signal_processing/08_covariance_decomposition/spectra/dvs_seed_20260901_H3_actual_delta_within_time.npy,189,189,True,,,,,,,,,,,,,
dvs,DVS-Gesture,SNN-DFA,20260901,H3,actual,delta,basis_eval,448,30,256,spatially averaged channel,"[30, 16, 256]",centered scatter; population covariance = scatter/(N*T),completed_epoch_100; stored checkpoint epoch=99,results/paper1_experiment03_20260901_server/checkpoints/stageD_cross_dataset/dvs_dfa/seed_20260901/epoch_100.pt,5ea5704255d28160e5eb1300dc605a6cd87af3a8e22739796fa881a47c5a5085,results/paper_v9_signal_processing/04_gate_statistics/dvs_per_seed.csv,results/paper1_experiment03_20260901_server/stageD_cross_dataset/diagnostic_probe.csv,5.7984950094962336e-08,between_sample,0.5430206874228878,0.07338221522497985,False,13440,9,43,75,107,170,6.275563752197022,52.99782874225188,20.793640698169344,0.41796875,results/paper_v9_signal_processing/08_covariance_decomposition/spectra/dvs_seed_20260901_H3_actual_delta_between_sample.npy,189,189,True,,,,,,,,,,,,,
dvs,DVS-Gesture,SNN-DFA,20260901,H3,actual,gate,basis_eval,448,30,256,spatially averaged channel,"[30, 16, 256]",centered scatter; population covariance = scatter/(N*T),completed_epoch_100; stored checkpoint epoch=99,results/paper1_experiment03_20260901_server/checkpoints/stageD_cross_dataset/dvs_dfa/seed_20260901/epoch_100.pt,5ea5704255d28160e5eb1300dc605a6cd87af3a8e22739796fa881a47c5a5085,results/paper_v9_signal_processing/04_gate_statistics/dvs_per_seed.csv,results/paper1_experiment03_20260901_server/stageD_cross_dataset/diagnostic_probe.csv,3.6003058881614914e-08,total,8469.973312905613,1.0,False,13440,85,163,199,221,245,59.63632792449575,229.24527056913956,207.94851808266193,0.86328125,results/paper_v9_signal_processing/08_covariance_decomposition/spectra/dvs_seed_20260901_H3_actual_gate_total.npy,,,,,,,,,,,,,,,,
dvs,DVS-Gesture,SNN-DFA,20260901,H3,actual,gate,basis_eval,448,30,256,spatially averaged channel,"[30, 16, 256]",centered scatter; population covariance = scatter/(N*T),completed_epoch_100; stored checkpoint epoch=99,results/paper1_experiment03_20260901_server/checkpoints/stageD_cross_dataset/dvs_dfa/seed_20260901/epoch_100.pt,5ea5704255d28160e5eb1300dc605a6cd87af3a8e22739796fa881a47c5a5085,results/paper_v9_signal_processing/04_gate_statistics/dvs_per_seed.csv,results/paper1_experiment03_20260901_server/stageD_cross_dataset/diagnostic_probe.csv,3.6003058881614914e-08,within_time,7815.2711713934295,0.922703163596204,False,13440,86,164,199,222,246,112.1366068371456,231.89769069039386,214.98461168211276,0.8671875,results/paper_v9_signal_processing/08_covariance_decomposition/spectra/dvs_seed_20260901_H3_actual_gate_within_time.npy,,,,,,,,,,,,,,,,
dvs,DVS-Gesture,SNN-DFA,20260901,H3,actual,gate,basis_eval,448,30,256,spatially averaged channel,"[30, 16, 256]",centered scatter; population covariance = scatter/(N*T),completed_epoch_100; stored checkpoint epoch=99,results/paper1_experiment03_20260901_server/checkpoints/stageD_cross_dataset/dvs_dfa/seed_20260901/epoch_100.pt,5ea5704255d28160e5eb1300dc605a6cd87af3a8e22739796fa881a47c5a5085,results/paper_v9_signal_processing/04_gate_statistics/dvs_per_seed.csv,results/paper1_experiment03_20260901_server/stageD_cross_dataset/diagnostic_probe.csv,3.6003058881614914e-08,between_sample,654.7020818191849,0.0772968293561943,False,13440,26,82,122,156,212,8.083596125212871,105.26929528815498,41.47013594256073,0.609375,results/paper_v9_signal_processing/08_covariance_decomposition/spectra/dvs_seed_20260901_H3_actual_gate_between_sample.npy,,,,,,,,,,,,,,,,
dvs,DVS-Gesture,SNN-DFA,20260901,H3,actual,q_carrier,basis_eval,448,30,256,spatially averaged channel,"[30, 16, 256]",centered scatter; population covariance = scatter/(N*T),completed_epoch_100; stored checkpoint epoch=99,results/paper1_experiment03_20260901_server/checkpoints/stageD_cross_dataset/dvs_dfa/seed_20260901/epoch_100.pt,5ea5704255d28160e5eb1300dc605a6cd87af3a8e22739796fa881a47c5a5085,results/paper_v9_signal_processing/04_gate_statistics/dvs_per_seed.csv,results/paper1_experiment03_20260901_server/stageD_cross_dataset/diagnostic_probe.csv,,carrier_total,138.1970712618532,1.0,,448,2,4,6,7,10,3.0009904488130448,6.2260094274652,4.793328527759156,0.02734375,results/paper_v9_signal_processing/08_covariance_decomposition/spectra/dvs_seed_20260901_H3_actual_q_carrier_carrier_total.npy,,,,0.17857142857142858,0.17858014787946427,1.0,0.03479131918036759,256,11,11,1.0,,,,,1.0
