dataset,source_model,seed,layer,checkpoint,checkpoint_file,checkpoint_sha256,probe_split,N,T,D,coordinate_system,offline_only,family,condition,alpha,scale_mode,mask_seed,target_zero_fraction,achieved_zero_fraction,spectrum_reused_by_scale_invariance,mean_abs_g,rms_g,l2_norm_all_T_N_D,mean_per_sample_timestep_l2,exact_zero_fraction,near_zero_fraction,near_zero_threshold,temporal_gate_cosine,adjacent_timestep_cosine,norm_cv_over_time,gate_temporal_variance,zero_norm_fraction,cosine_definition,variance_definition,r50,r80,r90,r95,r99,stable_rank,spectral_entropy,entropy_effective_rank,normalized_entropy_effective_rank,ann_target_source,mask_replicate,marginal_preservation_check
N-MNIST,SNN-DFA,20260830,H1,completed_epoch_100,results/experiment03_soft_spectral/experiment03_20260831_server/checkpoints/full_dense/seed_20260830/epoch_100.pt,b8f2c8c95c5944358405d35f2d38dcb293461fa1e8641e9e6cb29ab98e39a534,basis_eval,512,30,800,same_trained_model_and_neuron_coordinates,True,magnitude_sparsity,0,nan,unscaled,nan,0.0,0.0,False,0.0127105540999767,0.0652341079733922,228.6732317168419,1.7826870602967266,0.0,0.0,1e-06,0.0579969622194767,0.1062942856767887,0.2095539911255044,0.0038617148578147,0.0,canonical epsilon=1e-12; zero-vector effects retained,"population, time axis then sample/feature mean",124,321,448,546,680,43.271599085746814,6.124434206395464,456.8861368711281,0.5711076710889101,tables/5_seed_review/gate_per_seed.csv,nan,nan
N-MNIST,SNN-DFA,20260830,H1,completed_epoch_100,results/experiment03_soft_spectral/experiment03_20260831_server/checkpoints/full_dense/seed_20260830/epoch_100.pt,b8f2c8c95c5944358405d35f2d38dcb293461fa1e8641e9e6cb29ab98e39a534,basis_eval,512,30,800,same_trained_model_and_neuron_coordinates,True,magnitude_sparsity,0,nan,global_frobenius_norm_matched,nan,0.0,0.0,True,0.0127105540999767,0.0652341079733922,228.56260681152344,1.7826870602967266,0.0,0.0,1e-06,0.0579969622194767,0.1062942856767887,0.2095539911255044,0.0038617148578147,0.0,canonical epsilon=1e-12; zero-vector effects retained,"population, time axis then sample/feature mean",124,321,448,546,680,43.271599085746814,6.124434206395464,456.8861368711281,0.5711076710889101,tables/5_seed_review/gate_per_seed.csv,nan,nan
N-MNIST,SNN-DFA,20260830,H1,completed_epoch_100,results/experiment03_soft_spectral/experiment03_20260831_server/checkpoints/full_dense/seed_20260830/epoch_100.pt,b8f2c8c95c5944358405d35f2d38dcb293461fa1e8641e9e6cb29ab98e39a534,basis_eval,512,30,800,same_trained_model_and_neuron_coordinates,True,magnitude_sparsity,0.25,nan,unscaled,nan,0.25,0.25,False,0.0126956662959693,0.0652340988753754,228.67319982443104,1.7826867525379984,0.25,0.25,1e-06,0.0579348802566528,0.1062890706973363,0.2095540950433804,0.0038619054665406,0.0,canonical epsilon=1e-12; zero-vector effects retained,"population, time axis then sample/feature mean",124,321,448,546,680,43.285593245194725,6.124517532889842,456.9242091774371,0.5711552614717964,tables/5_seed_review/gate_per_seed.csv,nan,nan
N-MNIST,SNN-DFA,20260830,H1,completed_epoch_100,results/experiment03_soft_spectral/experiment03_20260831_server/checkpoints/full_dense/seed_20260830/epoch_100.pt,b8f2c8c95c5944358405d35f2d38dcb293461fa1e8641e9e6cb29ab98e39a534,basis_eval,512,30,800,same_trained_model_and_neuron_coordinates,True,magnitude_sparsity,0.25,nan,global_frobenius_norm_matched,nan,0.25,0.25,True,0.0126956662959693,0.0652340988753754,228.56260681152344,1.7826867525379984,0.25,0.25,1e-06,0.0579348802566528,0.1062890706973363,0.2095540950433804,0.0038619054665406,0.0,canonical epsilon=1e-12; zero-vector effects retained,"population, time axis then sample/feature mean",124,321,448,546,680,43.285593245194725,6.124517532889842,456.9242091774371,0.5711552614717964,tables/5_seed_review/gate_per_seed.csv,nan,nan
N-MNIST,SNN-DFA,20260830,H1,completed_epoch_100,results/experiment03_soft_spectral/experiment03_20260831_server/checkpoints/full_dense/seed_20260830/epoch_100.pt,b8f2c8c95c5944358405d35f2d38dcb293461fa1e8641e9e6cb29ab98e39a534,basis_eval,512,30,800,same_trained_model_and_neuron_coordinates,True,magnitude_sparsity,0.50,nan,unscaled,nan,0.5,0.5,False,0.0126248498723907,0.0652339229371384,228.67258308624565,1.782681078017419,0.5,0.5,1e-06,0.0574967935681343,0.1061078171118218,0.209555762443852,0.0038633889515742,0.0,canonical epsilon=1e-12; zero-vector effects retained,"population, time axis then sample/feature mean",124,321,448,546,680,43.435493912303016,6.125221772494088,457.246106634844,0.571557633293555,tables/5_seed_review/gate_per_seed.csv,nan,nan
N-MNIST,SNN-DFA,20260830,H1,completed_epoch_100,results/experiment03_soft_spectral/experiment03_20260831_server/checkpoints/full_dense/seed_20260830/epoch_100.pt,b8f2c8c95c5944358405d35f2d38dcb293461fa1e8641e9e6cb29ab98e39a534,basis_eval,512,30,800,same_trained_model_and_neuron_coordinates,True,magnitude_sparsity,0.50,nan,global_frobenius_norm_matched,nan,0.5,0.5,True,0.0126248498723907,0.0652339229371384,228.56260681152344,1.782681078017419,0.5,0.5,1e-06,0.0574967935681343,0.1061078171118218,0.209555762443852,0.0038633889515742,0.0,canonical epsilon=1e-12; zero-vector effects retained,"population, time axis then sample/feature mean",124,321,448,546,680,43.435493912303016,6.125221772494088,457.246106634844,0.571557633293555,tables/5_seed_review/gate_per_seed.csv,nan,nan
N-MNIST,SNN-DFA,20260830,H1,completed_epoch_100,results/experiment03_soft_spectral/experiment03_20260831_server/checkpoints/full_dense/seed_20260830/epoch_100.pt,b8f2c8c95c5944358405d35f2d38dcb293461fa1e8641e9e6cb29ab98e39a534,basis_eval,512,30,800,same_trained_model_and_neuron_coordinates,True,magnitude_sparsity,0.75,nan,unscaled,nan,0.75,0.75,False,0.0123340991677316,0.0652308090385949,228.6616675504103,1.7825864844461052,0.75,0.75,1e-06,0.0552615858614444,0.1035836082057067,0.2095781552993536,0.003871649278899,0.0,canonical epsilon=1e-12; zero-vector effects retained,"population, time axis then sample/feature mean",124,321,448,546,680,44.57399467575234,6.129788982650015,459.3392219070615,0.574174027383827,tables/5_seed_review/gate_per_seed.csv,nan,nan
N-MNIST,SNN-DFA,20260830,H1,completed_epoch_100,results/experiment03_soft_spectral/experiment03_20260831_server/checkpoints/full_dense/seed_20260830/epoch_100.pt,b8f2c8c95c5944358405d35f2d38dcb293461fa1e8641e9e6cb29ab98e39a534,basis_eval,512,30,800,same_trained_model_and_neuron_coordinates,True,magnitude_sparsity,0.75,nan,global_frobenius_norm_matched,nan,0.75,0.75,True,0.0123341065106887,0.0652308479069113,228.5625915527344,1.7825875464858518,0.75,0.75,1e-06,0.0552615858614444,0.1035836082057067,0.2095781552993536,0.003871649278899,0.0,canonical epsilon=1e-12; zero-vector effects retained,"population, time axis then sample/feature mean",124,321,448,546,680,44.57399467575234,6.129788982650015,459.3392219070615,0.574174027383827,tables/5_seed_review/gate_per_seed.csv,nan,nan
N-MNIST,SNN-DFA,20260830,H1,completed_epoch_100,results/experiment03_soft_spectral/experiment03_20260831_server/checkpoints/full_dense/seed_20260830/epoch_100.pt,b8f2c8c95c5944358405d35f2d38dcb293461fa1e8641e9e6cb29ab98e39a534,basis_eval,512,30,800,same_trained_model_and_neuron_coordinates,True,magnitude_sparsity,ann_matched,nan,unscaled,nan,0.8526092936197917,0.8526092936197917,False,0.0119200944656096,0.0652168893232967,228.6128730412088,1.7821728975460402,0.8526092936197917,0.8526092936197917,1e-06,0.0517836511135101,0.0979664976441272,0.2096668228295725,0.00388430114229,0.0,canonical epsilon=1e-12; zero-vector effects retained,"population, time axis then sample/feature mean",125,322,449,547,680,46.85160500528606,6.13778126633026,463.0251009493671,0.5787813761867089,tables/5_seed_review/gate_per_seed.csv,nan,nan
N-MNIST,SNN-DFA,20260830,H1,completed_epoch_100,results/experiment03_soft_spectral/experiment03_20260831_server/checkpoints/full_dense/seed_20260830/epoch_100.pt,b8f2c8c95c5944358405d35f2d38dcb293461fa1e8641e9e6cb29ab98e39a534,basis_eval,512,30,800,same_trained_model_and_neuron_coordinates,True,magnitude_sparsity,ann_matched,nan,global_frobenius_norm_matched,nan,0.8526092936197917,0.8526092936197917,True,0.0119203886099961,0.0652184986402067,228.5626220703125,1.7822168751574172,0.8526092936197917,0.8526092936197917,1e-06,0.0517836511135101,0.0979664976441272,0.2096668228295725,0.00388430114229,0.0,canonical epsilon=1e-12; zero-vector effects retained,"population, time axis then sample/feature mean",125,322,449,547,680,46.85160500528606,6.13778126633026,463.0251009493671,0.5787813761867089,tables/5_seed_review/gate_per_seed.csv,nan,nan
N-MNIST,SNN-DFA,20260830,H2,completed_epoch_100,results/experiment03_soft_spectral/experiment03_20260831_server/checkpoints/full_dense/seed_20260830/epoch_100.pt,b8f2c8c95c5944358405d35f2d38dcb293461fa1e8641e9e6cb29ab98e39a534,basis_eval,512,30,800,same_trained_model_and_neuron_coordinates,True,magnitude_sparsity,0,nan,unscaled,nan,0.0,0.0,False,0.017726797456581,0.0776460680027963,272.1824188589746,2.0700610027395823,0.0,0.0,1e-06,0.0840893238782882,0.1297228659402475,0.3152189431433105,0.0053612365318526,0.0,canonical epsilon=1e-12; zero-vector effects retained,"population, time axis then sample/feature mean",105,299,427,528,664,34.24198966823596,5.98992145561933,399.38323938594846,0.4992290492324355,tables/5_seed_review/gate_per_seed.csv,nan,nan
N-MNIST,SNN-DFA,20260830,H2,completed_epoch_100,results/experiment03_soft_spectral/experiment03_20260831_server/checkpoints/full_dense/seed_20260830/epoch_100.pt,b8f2c8c95c5944358405d35f2d38dcb293461fa1e8641e9e6cb29ab98e39a534,basis_eval,512,30,800,same_trained_model_and_neuron_coordinates,True,magnitude_sparsity,0,nan,global_frobenius_norm_matched,nan,0.0,0.0,True,0.017726797456581,0.0776460680027963,272.0122985839844,2.0700610027395823,0.0,0.0,1e-06,0.0840893238782882,0.1297228659402475,0.3152189431433105,0.0053612365318526,0.0,canonical epsilon=1e-12; zero-vector effects retained,"population, time axis then sample/feature mean",105,299,427,528,664,34.24198966823596,5.98992145561933,399.38323938594846,0.4992290492324355,tables/5_seed_review/gate_per_seed.csv,nan,nan
N-MNIST,SNN-DFA,20260830,H2,completed_epoch_100,results/experiment03_soft_spectral/experiment03_20260831_server/checkpoints/full_dense/seed_20260830/epoch_100.pt,b8f2c8c95c5944358405d35f2d38dcb293461fa1e8641e9e6cb29ab98e39a534,basis_eval,512,30,800,same_trained_model_and_neuron_coordinates,True,magnitude_sparsity,0.25,nan,unscaled,nan,0.25,0.25,False,0.0176827852991687,0.0776459838217307,272.1821237686139,2.070057288012248,0.25,0.25,1e-06,0.0838412418961525,0.1296852290596324,0.3152211190860219,0.0053622024161178,0.0,canonical epsilon=1e-12; zero-vector effects retained,"population, time axis then sample/feature mean",105,299,427,528,664,34.251744515517025,5.990036316206748,399.4291154140526,0.4992863942675657,tables/5_seed_review/gate_per_seed.csv,nan,nan
N-MNIST,SNN-DFA,20260830,H2,completed_epoch_100,results/experiment03_soft_spectral/experiment03_20260831_server/checkpoints/full_dense/seed_20260830/epoch_100.pt,b8f2c8c95c5944358405d35f2d38dcb293461fa1e8641e9e6cb29ab98e39a534,basis_eval,512,30,800,same_trained_model_and_neuron_coordinates,True,magnitude_sparsity,0.25,nan,global_frobenius_norm_matched,nan,0.25,0.25,True,0.0176827852991687,0.0776459838217307,272.0122985839844,2.070057288012248,0.25,0.25,1e-06,0.0838412418961525,0.1296852290596324,0.3152211190860219,0.0053622024161178,0.0,canonical epsilon=1e-12; zero-vector effects retained,"population, time axis then sample/feature mean",105,299,427,528,664,34.251744515517025,5.990036316206748,399.4291154140526,0.4992863942675657,tables/5_seed_review/gate_per_seed.csv,nan,nan
N-MNIST,SNN-DFA,20260830,H2,completed_epoch_100,results/experiment03_soft_spectral/experiment03_20260831_server/checkpoints/full_dense/seed_20260830/epoch_100.pt,b8f2c8c95c5944358405d35f2d38dcb293461fa1e8641e9e6cb29ab98e39a534,basis_eval,512,30,800,same_trained_model_and_neuron_coordinates,True,magnitude_sparsity,0.50,nan,unscaled,nan,0.5,0.5,False,0.0174936979174835,0.0776449837470449,272.17861808243725,2.0700200028368774,0.5,0.5,1e-06,0.0825379192829132,0.1290150833174744,0.3152367395491169,0.0053679371008511,0.0,canonical epsilon=1e-12; zero-vector effects retained,"population, time axis then sample/feature mean",105,299,427,528,664,34.38119671949375,5.991272638994592,399.9232441199176,0.4999040551498969,tables/5_seed_review/gate_per_seed.csv,nan,nan
N-MNIST,SNN-DFA,20260830,H2,completed_epoch_100,results/experiment03_soft_spectral/experiment03_20260831_server/checkpoints/full_dense/seed_20260830/epoch_100.pt,b8f2c8c95c5944358405d35f2d38dcb293461fa1e8641e9e6cb29ab98e39a534,basis_eval,512,30,800,same_trained_model_and_neuron_coordinates,True,magnitude_sparsity,0.50,nan,global_frobenius_norm_matched,nan,0.5,0.5,True,0.0174936979174835,0.0776449837470449,272.0122985839844,2.0700200028368774,0.5,0.5,1e-06,0.0825379192829132,0.1290150833174744,0.3152367395491169,0.0053679371008511,0.0,canonical epsilon=1e-12; zero-vector effects retained,"population, time axis then sample/feature mean",105,299,427,528,664,34.38119671949375,5.991272638994592,399.9232441199176,0.4999040551498969,tables/5_seed_review/gate_per_seed.csv,nan,nan
N-MNIST,SNN-DFA,20260830,H2,completed_epoch_100,results/experiment03_soft_spectral/experiment03_20260831_server/checkpoints/full_dense/seed_20260830/epoch_100.pt,b8f2c8c95c5944358405d35f2d38dcb293461fa1e8641e9e6cb29ab98e39a534,basis_eval,512,30,800,same_trained_model_and_neuron_coordinates,True,magnitude_sparsity,0.75,nan,unscaled,nan,0.75,0.75,False,0.0168943626396421,0.0776343091190619,272.14119898138534,2.069682784847799,0.75,0.75,1e-06,0.0776851400732994,0.1236898497749777,0.3153152533475749,0.0053910775175403,0.0,canonical epsilon=1e-12; zero-vector effects retained,"population, time axis then sample/feature mean",106,300,428,529,664,35.45424714634704,6.000809703056302,403.7555833033266,0.5046944791291582,tables/5_seed_review/gate_per_seed.csv,nan,nan
N-MNIST,SNN-DFA,20260830,H2,completed_epoch_100,results/experiment03_soft_spectral/experiment03_20260831_server/checkpoints/full_dense/seed_20260830/epoch_100.pt,b8f2c8c95c5944358405d35f2d38dcb293461fa1e8641e9e6cb29ab98e39a534,basis_eval,512,30,800,same_trained_model_and_neuron_coordinates,True,magnitude_sparsity,0.75,nan,global_frobenius_norm_matched,nan,0.75,0.75,True,0.0168944411831518,0.077634670053074,272.0123291015625,2.0696924071136684,0.75,0.75,1e-06,0.0776851400732994,0.1236898497749777,0.3153152533475749,0.0053910775175403,0.0,canonical epsilon=1e-12; zero-vector effects retained,"population, time axis then sample/feature mean",106,300,428,529,664,35.45424714634704,6.000809703056302,403.7555833033266,0.5046944791291582,tables/5_seed_review/gate_per_seed.csv,nan,nan
N-MNIST,SNN-DFA,20260830,H2,completed_epoch_100,results/experiment03_soft_spectral/experiment03_20260831_server/checkpoints/full_dense/seed_20260830/epoch_100.pt,b8f2c8c95c5944358405d35f2d38dcb293461fa1e8641e9e6cb29ab98e39a534,basis_eval,512,30,800,same_trained_model_and_neuron_coordinates,True,magnitude_sparsity,ann_matched,nan,unscaled,nan,0.83249462890625,0.83249462890625,False,0.0163435134256001,0.0776095586887751,272.05443821993794,2.068948739013777,0.83249462890625,0.83249462890625,1e-06,0.0729282945394516,0.1169018045746014,0.3154305733942142,0.0054128938074905,0.0,canonical epsilon=1e-12; zero-vector effects retained,"population, time axis then sample/feature mean",108,301,429,530,665,36.9823162205371,6.013588073055424,408.9480263607152,0.511185032950894,tables/5_seed_review/gate_per_seed.csv,nan,nan
N-MNIST,SNN-DFA,20260830,H2,completed_epoch_100,results/experiment03_soft_spectral/experiment03_20260831_server/checkpoints/full_dense/seed_20260830/epoch_100.pt,b8f2c8c95c5944358405d35f2d38dcb293461fa1e8641e9e6cb29ab98e39a534,basis_eval,512,30,800,same_trained_model_and_neuron_coordinates,True,magnitude_sparsity,ann_matched,nan,global_frobenius_norm_matched,nan,0.83249462890625,0.83249462890625,True,0.0163445265400375,0.0776143696083519,272.01220703125,2.069076990611093,0.83249462890625,0.83249462890625,1e-06,0.0729282945394516,0.1169018045746014,0.3154305733942142,0.0054128938074905,0.0,canonical epsilon=1e-12; zero-vector effects retained,"population, time axis then sample/feature mean",108,301,429,530,665,36.9823162205371,6.013588073055424,408.9480263607152,0.511185032950894,tables/5_seed_review/gate_per_seed.csv,nan,nan
N-MNIST,SNN-DFA,20260830,H3,completed_epoch_100,results/experiment03_soft_spectral/experiment03_20260831_server/checkpoints/full_dense/seed_20260830/epoch_100.pt,b8f2c8c95c5944358405d35f2d38dcb293461fa1e8641e9e6cb29ab98e39a534,basis_eval,512,30,800,same_trained_model_and_neuron_coordinates,True,magnitude_sparsity,0,nan,unscaled,nan,0.0,0.0,False,0.0079003907885253,0.0504234298643598,176.75551976633852,1.2573703594556866,0.0,0.0,1e-06,0.0880589932203292,0.1358324827874336,0.4743338399405651,0.0023232731747041,0.0,canonical epsilon=1e-12; zero-vector effects retained,"population, time axis then sample/feature mean",101,281,411,523,688,46.65953694403787,6.013041829297904,408.7247020544724,0.5109058775680905,tables/5_seed_review/gate_per_seed.csv,nan,nan
N-MNIST,SNN-DFA,20260830,H3,completed_epoch_100,results/experiment03_soft_spectral/experiment03_20260831_server/checkpoints/full_dense/seed_20260830/epoch_100.pt,b8f2c8c95c5944358405d35f2d38dcb293461fa1e8641e9e6cb29ab98e39a534,basis_eval,512,30,800,same_trained_model_and_neuron_coordinates,True,magnitude_sparsity,0,nan,global_frobenius_norm_matched,nan,0.0,0.0,True,0.0079003907885253,0.0504234298643598,176.68182373046875,1.2573703594556866,0.0,0.0,1e-06,0.0880589932203292,0.1358324827874336,0.4743338399405651,0.0023232731747041,0.0,canonical epsilon=1e-12; zero-vector effects retained,"population, time axis then sample/feature mean",101,281,411,523,688,46.65953694403787,6.013041829297904,408.7247020544724,0.5109058775680905,tables/5_seed_review/gate_per_seed.csv,nan,nan
N-MNIST,SNN-DFA,20260830,H3,completed_epoch_100,results/experiment03_soft_spectral/experiment03_20260831_server/checkpoints/full_dense/seed_20260830/epoch_100.pt,b8f2c8c95c5944358405d35f2d38dcb293461fa1e8641e9e6cb29ab98e39a534,basis_eval,512,30,800,same_trained_model_and_neuron_coordinates,True,magnitude_sparsity,0.25,nan,unscaled,nan,0.25,0.25,False,0.0078512040545715,0.0504233129428646,176.7551099068803,1.2573645419897432,0.25,0.25,1e-06,0.0878171399235725,0.1357633064412164,0.4743395842288147,0.0023237155561185,0.0,canonical epsilon=1e-12; zero-vector effects retained,"population, time axis then sample/feature mean",101,281,411,523,688,46.693817790175466,6.013223428853534,408.7989330186917,0.5109986662733647,tables/5_seed_review/gate_per_seed.csv,nan,nan
N-MNIST,SNN-DFA,20260830,H3,completed_epoch_100,results/experiment03_soft_spectral/experiment03_20260831_server/checkpoints/full_dense/seed_20260830/epoch_100.pt,b8f2c8c95c5944358405d35f2d38dcb293461fa1e8641e9e6cb29ab98e39a534,basis_eval,512,30,800,same_trained_model_and_neuron_coordinates,True,magnitude_sparsity,0.25,nan,global_frobenius_norm_matched,nan,0.25,0.25,True,0.0078512040545715,0.0504233129428646,176.68182373046875,1.2573645419897432,0.25,0.25,1e-06,0.0878171399235725,0.1357633064412164,0.4743395842288147,0.0023237155561185,0.0,canonical epsilon=1e-12; zero-vector effects retained,"population, time axis then sample/feature mean",101,281,411,523,688,46.693817790175466,6.013223428853534,408.7989330186917,0.5109986662733647,tables/5_seed_review/gate_per_seed.csv,nan,nan
N-MNIST,SNN-DFA,20260830,H3,completed_epoch_100,results/experiment03_soft_spectral/experiment03_20260831_server/checkpoints/full_dense/seed_20260830/epoch_100.pt,b8f2c8c95c5944358405d35f2d38dcb293461fa1e8641e9e6cb29ab98e39a534,basis_eval,512,30,800,same_trained_model_and_neuron_coordinates,True,magnitude_sparsity,0.50,nan,unscaled,nan,0.5,0.5,False,0.0077364771185965,0.0504227748290696,176.75322358967125,1.257336231704734,0.5,0.5,1e-06,0.0870884656906127,0.1354173789063772,0.4743690437398253,0.0023248656349613,0.0,canonical epsilon=1e-12; zero-vector effects retained,"population, time axis then sample/feature mean",101,281,411,523,688,46.795590462659774,6.013697023479322,408.992583848774,0.5112407298109675,tables/5_seed_review/gate_per_seed.csv,nan,nan
N-MNIST,SNN-DFA,20260830,H3,completed_epoch_100,results/experiment03_soft_spectral/experiment03_20260831_server/checkpoints/full_dense/seed_20260830/epoch_100.pt,b8f2c8c95c5944358405d35f2d38dcb293461fa1e8641e9e6cb29ab98e39a534,basis_eval,512,30,800,same_trained_model_and_neuron_coordinates,True,magnitude_sparsity,0.50,nan,global_frobenius_norm_matched,nan,0.5,0.5,True,0.0077364771185965,0.0504227748290696,176.68182373046875,1.257336231704734,0.5,0.5,1e-06,0.0870884656906127,0.1354173789063772,0.4743690437398253,0.0023248656349613,0.0,canonical epsilon=1e-12; zero-vector effects retained,"population, time axis then sample/feature mean",101,281,411,523,688,46.795590462659774,6.013697023479322,408.992583848774,0.5112407298109675,tables/5_seed_review/gate_per_seed.csv,nan,nan
N-MNIST,SNN-DFA,20260830,H3,completed_epoch_100,results/experiment03_soft_spectral/experiment03_20260831_server/checkpoints/full_dense/seed_20260830/epoch_100.pt,b8f2c8c95c5944358405d35f2d38dcb293461fa1e8641e9e6cb29ab98e39a534,basis_eval,512,30,800,same_trained_model_and_neuron_coordinates,True,magnitude_sparsity,0.75,nan,unscaled,nan,0.75,0.75,False,0.0075098719468451,0.0504206203543616,176.74567124152878,1.257234075564266,0.75,0.75,1e-06,0.0851054489612579,0.1339619333757937,0.4744636961393634,0.0023278857540703,0.0,canonical epsilon=1e-12; zero-vector effects retained,"population, time axis then sample/feature mean",102,282,412,523,688,47.20910231117461,6.01551140792938,409.7353272403696,0.5121691590504619,tables/5_seed_review/gate_per_seed.csv,nan,nan
N-MNIST,SNN-DFA,20260830,H3,completed_epoch_100,results/experiment03_soft_spectral/experiment03_20260831_server/checkpoints/full_dense/seed_20260830/epoch_100.pt,b8f2c8c95c5944358405d35f2d38dcb293461fa1e8641e9e6cb29ab98e39a534,basis_eval,512,30,800,same_trained_model_and_neuron_coordinates,True,magnitude_sparsity,0.75,nan,global_frobenius_norm_matched,nan,0.75,0.75,True,0.0075098737230184,0.0504206323460816,176.6818084716797,1.2572343743085403,0.75,0.75,1e-06,0.0851054489612579,0.1339619333757937,0.4744636961393634,0.0023278857540703,0.0,canonical epsilon=1e-12; zero-vector effects retained,"population, time axis then sample/feature mean",102,282,412,523,688,47.20910231117461,6.01551140792938,409.7353272403696,0.5121691590504619,tables/5_seed_review/gate_per_seed.csv,nan,nan
N-MNIST,SNN-DFA,20260830,H3,completed_epoch_100,results/experiment03_soft_spectral/experiment03_20260831_server/checkpoints/full_dense/seed_20260830/epoch_100.pt,b8f2c8c95c5944358405d35f2d38dcb293461fa1e8641e9e6cb29ab98e39a534,basis_eval,512,30,800,same_trained_model_and_neuron_coordinates,True,magnitude_sparsity,ann_matched,nan,unscaled,nan,0.8996985677083333,0.8996985677083333,False,0.007116304713613,0.0504086234061557,176.70361684694626,1.2568014987569256,0.8996985677083333,0.8996985677083333,1e-06,0.0790207162499427,0.1267032635020762,0.4747288927382903,0.0023360043247639,0.0,canonical epsilon=1e-12; zero-vector effects retained,"population, time axis then sample/feature mean",103,283,413,524,689,49.43823811220677,6.02427047554116,413.339990372485,0.5166749879656062,tables/5_seed_review/gate_per_seed.csv,nan,nan
N-MNIST,SNN-DFA,20260830,H3,completed_epoch_100,results/experiment03_soft_spectral/experiment03_20260831_server/checkpoints/full_dense/seed_20260830/epoch_100.pt,b8f2c8c95c5944358405d35f2d38dcb293461fa1e8641e9e6cb29ab98e39a534,basis_eval,512,30,800,same_trained_model_and_neuron_coordinates,True,magnitude_sparsity,ann_matched,nan,global_frobenius_norm_matched,nan,0.8996985677083333,0.8996985677083333,True,0.0071164633516001,0.0504097471251661,176.68177795410156,1.2568295155755445,0.8996985677083333,0.8996985677083333,1e-06,0.0790207162499427,0.1267032635020762,0.4747288927382903,0.0023360043247639,0.0,canonical epsilon=1e-12; zero-vector effects retained,"population, time axis then sample/feature mean",103,283,413,524,689,49.43823811220677,6.02427047554116,413.339990372485,0.5166749879656062,tables/5_seed_review/gate_per_seed.csv,nan,nan
N-MNIST,SNN-DFA,20260831,H1,completed_epoch_100,results/experiment03_soft_spectral/experiment03_20260831_server/checkpoints/full_dense/seed_20260831/epoch_100.pt,b486ef7efe077a5e11dbfa4148cfa5a8ec90514c3508227a9bf491bde631d58a,basis_eval,512,30,800,same_trained_model_and_neuron_coordinates,True,magnitude_sparsity,0,nan,unscaled,nan,0.0,0.0,False,0.0124539867610056,0.0645126198267627,226.14410958639056,1.7610448009369934,0.0,0.0,1e-06,0.0575211085379123,0.1057598228333332,0.2122817748212079,0.0037789468628002,0.0,canonical epsilon=1e-12; zero-vector effects retained,"population, time axis then sample/feature mean",130,331,457,554,682,49.9820209564572,6.159079688863601,472.9925741340908,0.5912407176676135,tables/5_seed_review/gate_per_seed.csv,nan,nan
N-MNIST,SNN-DFA,20260831,H1,completed_epoch_100,results/experiment03_soft_spectral/experiment03_20260831_server/checkpoints/full_dense/seed_20260831/epoch_100.pt,b486ef7efe077a5e11dbfa4148cfa5a8ec90514c3508227a9bf491bde631d58a,basis_eval,512,30,800,same_trained_model_and_neuron_coordinates,True,magnitude_sparsity,0,nan,global_frobenius_norm_matched,nan,0.0,0.0,True,0.0124539867610056,0.0645126198267627,226.0363922119141,1.7610448009369934,0.0,0.0,1e-06,0.0575211085379123,0.1057598228333332,0.2122817748212079,0.0037789468628002,0.0,canonical epsilon=1e-12; zero-vector effects retained,"population, time axis then sample/feature mean",130,331,457,554,682,49.9820209564572,6.159079688863601,472.9925741340908,0.5912407176676135,tables/5_seed_review/gate_per_seed.csv,nan,nan
N-MNIST,SNN-DFA,20260831,H1,completed_epoch_100,results/experiment03_soft_spectral/experiment03_20260831_server/checkpoints/full_dense/seed_20260831/epoch_100.pt,b486ef7efe077a5e11dbfa4148cfa5a8ec90514c3508227a9bf491bde631d58a,basis_eval,512,30,800,same_trained_model_and_neuron_coordinates,True,magnitude_sparsity,0.25,nan,unscaled,nan,0.25,0.25,False,0.0124395828323672,0.0645126111684623,226.14407923537425,1.7610445051784684,0.25,0.25,1e-06,0.0574600845575332,0.1057545905606294,0.2122818797386498,0.0037791273776253,0.0,canonical epsilon=1e-12; zero-vector effects retained,"population, time axis then sample/feature mean",130,331,457,554,682,50.005244894574886,6.159162394303104,473.0316948105404,0.5912896185131755,tables/5_seed_review/gate_per_seed.csv,nan,nan
N-MNIST,SNN-DFA,20260831,H1,completed_epoch_100,results/experiment03_soft_spectral/experiment03_20260831_server/checkpoints/full_dense/seed_20260831/epoch_100.pt,b486ef7efe077a5e11dbfa4148cfa5a8ec90514c3508227a9bf491bde631d58a,basis_eval,512,30,800,same_trained_model_and_neuron_coordinates,True,magnitude_sparsity,0.25,nan,global_frobenius_norm_matched,nan,0.25,0.25,True,0.0124395828323672,0.0645126111684623,226.0363922119141,1.7610445051784684,0.25,0.25,1e-06,0.0574600845575332,0.1057545905606294,0.2122818797386498,0.0037791273776253,0.0,canonical epsilon=1e-12; zero-vector effects retained,"population, time axis then sample/feature mean",130,331,457,554,682,50.005244894574886,6.159162394303104,473.0316948105404,0.5912896185131755,tables/5_seed_review/gate_per_seed.csv,nan,nan
N-MNIST,SNN-DFA,20260831,H1,completed_epoch_100,results/experiment03_soft_spectral/experiment03_20260831_server/checkpoints/full_dense/seed_20260831/epoch_100.pt,b486ef7efe077a5e11dbfa4148cfa5a8ec90514c3508227a9bf491bde631d58a,basis_eval,512,30,800,same_trained_model_and_neuron_coordinates,True,magnitude_sparsity,0.50,nan,unscaled,nan,0.5,0.5,False,0.0123707355326074,0.0645124430962793,226.14349007105068,1.761039056780586,0.5,0.5,1e-06,0.0570313483476638,0.105579259372582,0.2122835313723743,0.003780538796004,0.0,canonical epsilon=1e-12; zero-vector effects retained,"population, time axis then sample/feature mean",131,331,457,554,682,50.241447975271846,6.159876720492547,473.36971445234826,0.5917121430654353,tables/5_seed_review/gate_per_seed.csv,nan,nan
N-MNIST,SNN-DFA,20260831,H1,completed_epoch_100,results/experiment03_soft_spectral/experiment03_20260831_server/checkpoints/full_dense/seed_20260831/epoch_100.pt,b486ef7efe077a5e11dbfa4148cfa5a8ec90514c3508227a9bf491bde631d58a,basis_eval,512,30,800,same_trained_model_and_neuron_coordinates,True,magnitude_sparsity,0.50,nan,global_frobenius_norm_matched,nan,0.5,0.5,True,0.0123707355326074,0.0645124430962793,226.0363922119141,1.761039056780586,0.5,0.5,1e-06,0.0570313483476638,0.105579259372582,0.2122835313723743,0.003780538796004,0.0,canonical epsilon=1e-12; zero-vector effects retained,"population, time axis then sample/feature mean",131,331,457,554,682,50.241447975271846,6.159876720492547,473.36971445234826,0.5917121430654353,tables/5_seed_review/gate_per_seed.csv,nan,nan
N-MNIST,SNN-DFA,20260831,H1,completed_epoch_100,results/experiment03_soft_spectral/experiment03_20260831_server/checkpoints/full_dense/seed_20260831/epoch_100.pt,b486ef7efe077a5e11dbfa4148cfa5a8ec90514c3508227a9bf491bde631d58a,basis_eval,512,30,800,same_trained_model_and_neuron_coordinates,True,magnitude_sparsity,0.75,nan,unscaled,nan,0.75,0.75,False,0.0120888295502204,0.0645094852000294,226.13312138946077,1.7609489776482454,0.75,0.75,1e-06,0.0548569373786449,0.1031374354265438,0.2123055039250117,0.003788375723372,0.0,canonical epsilon=1e-12; zero-vector effects retained,"population, time axis then sample/feature mean",131,331,457,554,682,51.80423874657861,6.164293360842853,475.4650419817901,0.5943313024772376,tables/5_seed_review/gate_per_seed.csv,nan,nan
N-MNIST,SNN-DFA,20260831,H1,completed_epoch_100,results/experiment03_soft_spectral/experiment03_20260831_server/checkpoints/full_dense/seed_20260831/epoch_100.pt,b486ef7efe077a5e11dbfa4148cfa5a8ec90514c3508227a9bf491bde631d58a,basis_eval,512,30,800,same_trained_model_and_neuron_coordinates,True,magnitude_sparsity,0.75,nan,global_frobenius_norm_matched,nan,0.75,0.75,True,0.0120888367455344,0.0645095236282036,226.0363922119141,1.76095002651708,0.75,0.75,1e-06,0.0548569373786449,0.1031374354265438,0.2123055039250117,0.003788375723372,0.0,canonical epsilon=1e-12; zero-vector effects retained,"population, time axis then sample/feature mean",131,331,457,554,682,51.80423874657861,6.164293360842853,475.4650419817901,0.5943313024772376,tables/5_seed_review/gate_per_seed.csv,nan,nan
N-MNIST,SNN-DFA,20260831,H1,completed_epoch_100,results/experiment03_soft_spectral/experiment03_20260831_server/checkpoints/full_dense/seed_20260831/epoch_100.pt,b486ef7efe077a5e11dbfa4148cfa5a8ec90514c3508227a9bf491bde631d58a,basis_eval,512,30,800,same_trained_model_and_neuron_coordinates,True,magnitude_sparsity,ann_matched,nan,unscaled,nan,0.87854638671875,0.87854638671875,False,0.0114888544555543,0.0644842830812818,226.04477726827767,1.760200176598404,0.87854638671875,0.87854638671875,1e-06,0.0497517436742782,0.09461680561562,0.2124693927044869,0.0038059957746561,0.0,canonical epsilon=1e-12; zero-vector effects retained,"population, time axis then sample/feature mean",133,333,459,555,683,56.17840228411755,6.175720899494875,480.92960088847,0.6011620011105875,tables/5_seed_review/gate_per_seed.csv,nan,nan
N-MNIST,SNN-DFA,20260831,H1,completed_epoch_100,results/experiment03_soft_spectral/experiment03_20260831_server/checkpoints/full_dense/seed_20260831/epoch_100.pt,b486ef7efe077a5e11dbfa4148cfa5a8ec90514c3508227a9bf491bde631d58a,basis_eval,512,30,800,same_trained_model_and_neuron_coordinates,True,magnitude_sparsity,ann_matched,nan,global_frobenius_norm_matched,nan,0.87854638671875,0.87854638671875,True,0.0114897734428404,0.0644894411474936,226.0364532470703,1.7603409741451237,0.87854638671875,0.87854638671875,1e-06,0.0497517436742782,0.09461680561562,0.2124693927044869,0.0038059957746561,0.0,canonical epsilon=1e-12; zero-vector effects retained,"population, time axis then sample/feature mean",133,333,459,555,683,56.17840228411755,6.175720899494875,480.92960088847,0.6011620011105875,tables/5_seed_review/gate_per_seed.csv,nan,nan
N-MNIST,SNN-DFA,20260831,H2,completed_epoch_100,results/experiment03_soft_spectral/experiment03_20260831_server/checkpoints/full_dense/seed_20260831/epoch_100.pt,b486ef7efe077a5e11dbfa4148cfa5a8ec90514c3508227a9bf491bde631d58a,basis_eval,512,30,800,same_trained_model_and_neuron_coordinates,True,magnitude_sparsity,0,nan,unscaled,nan,0.0,0.0,False,0.0180047823872433,0.0783120073876308,274.51681900620235,2.0919281814342443,0.0,0.0,1e-06,0.0853692144155502,0.1299682950537547,0.3097452987717276,0.0054420940085068,0.0,canonical epsilon=1e-12; zero-vector effects retained,"population, time axis then sample/feature mean",107,296,424,526,660,35.1249940063122,5.999893953740518,403.3860136465792,0.504232517058224,tables/5_seed_review/gate_per_seed.csv,nan,nan
N-MNIST,SNN-DFA,20260831,H2,completed_epoch_100,results/experiment03_soft_spectral/experiment03_20260831_server/checkpoints/full_dense/seed_20260831/epoch_100.pt,b486ef7efe077a5e11dbfa4148cfa5a8ec90514c3508227a9bf491bde631d58a,basis_eval,512,30,800,same_trained_model_and_neuron_coordinates,True,magnitude_sparsity,0,nan,global_frobenius_norm_matched,nan,0.0,0.0,True,0.0180047823872433,0.0783120073876308,274.3421630859375,2.0919281814342443,0.0,0.0,1e-06,0.0853692144155502,0.1299682950537547,0.3097452987717276,0.0054420940085068,0.0,canonical epsilon=1e-12; zero-vector effects retained,"population, time axis then sample/feature mean",107,296,424,526,660,35.1249940063122,5.999893953740518,403.3860136465792,0.504232517058224,tables/5_seed_review/gate_per_seed.csv,nan,nan
N-MNIST,SNN-DFA,20260831,H2,completed_epoch_100,results/experiment03_soft_spectral/experiment03_20260831_server/checkpoints/full_dense/seed_20260831/epoch_100.pt,b486ef7efe077a5e11dbfa4148cfa5a8ec90514c3508227a9bf491bde631d58a,basis_eval,512,30,800,same_trained_model_and_neuron_coordinates,True,magnitude_sparsity,0.25,nan,unscaled,nan,0.25,0.25,False,0.0179642831909606,0.0783119313275335,274.51655238328345,2.0919248722801678,0.25,0.25,1e-06,0.0851466655731201,0.1299352285924948,0.3097471876290009,0.0054429888850861,0.0,canonical epsilon=1e-12; zero-vector effects retained,"population, time axis then sample/feature mean",107,296,424,526,660,35.14819161887907,6.000010966031068,403.43321752967535,0.5042915219120941,tables/5_seed_review/gate_per_seed.csv,nan,nan
N-MNIST,SNN-DFA,20260831,H2,completed_epoch_100,results/experiment03_soft_spectral/experiment03_20260831_server/checkpoints/full_dense/seed_20260831/epoch_100.pt,b486ef7efe077a5e11dbfa4148cfa5a8ec90514c3508227a9bf491bde631d58a,basis_eval,512,30,800,same_trained_model_and_neuron_coordinates,True,magnitude_sparsity,0.25,nan,global_frobenius_norm_matched,nan,0.25,0.25,True,0.0179642831909606,0.0783119313275335,274.3421630859375,2.0919248722801678,0.25,0.25,1e-06,0.0851466655731201,0.1299352285924948,0.3097471876290009,0.0054429888850861,0.0,canonical epsilon=1e-12; zero-vector effects retained,"population, time axis then sample/feature mean",107,296,424,526,660,35.14819161887907,6.000010966031068,403.43321752967535,0.5042915219120941,tables/5_seed_review/gate_per_seed.csv,nan,nan
N-MNIST,SNN-DFA,20260831,H2,completed_epoch_100,results/experiment03_soft_spectral/experiment03_20260831_server/checkpoints/full_dense/seed_20260831/epoch_100.pt,b486ef7efe077a5e11dbfa4148cfa5a8ec90514c3508227a9bf491bde631d58a,basis_eval,512,30,800,same_trained_model_and_neuron_coordinates,True,magnitude_sparsity,0.50,nan,unscaled,nan,0.5,0.5,False,0.0177735458054426,0.07831091857795,274.51300226621504,2.091887510032198,0.5,0.5,1e-06,0.0838425979018211,0.129268907761867,0.3097624060261037,0.0054488911846083,0.0,canonical epsilon=1e-12; zero-vector effects retained,"population, time axis then sample/feature mean",107,296,424,526,660,35.333077915028746,6.0013001920918425,403.9536695655736,0.504942086956967,tables/5_seed_review/gate_per_seed.csv,nan,nan
N-MNIST,SNN-DFA,20260831,H2,completed_epoch_100,results/experiment03_soft_spectral/experiment03_20260831_server/checkpoints/full_dense/seed_20260831/epoch_100.pt,b486ef7efe077a5e11dbfa4148cfa5a8ec90514c3508227a9bf491bde631d58a,basis_eval,512,30,800,same_trained_model_and_neuron_coordinates,True,magnitude_sparsity,0.50,nan,global_frobenius_norm_matched,nan,0.5,0.5,True,0.0177735458054426,0.07831091857795,274.3421630859375,2.091887510032198,0.5,0.5,1e-06,0.0838425979018211,0.129268907761867,0.3097624060261037,0.0054488911846083,0.0,canonical epsilon=1e-12; zero-vector effects retained,"population, time axis then sample/feature mean",107,296,424,526,660,35.333077915028746,6.0013001920918425,403.9536695655736,0.504942086956967,tables/5_seed_review/gate_per_seed.csv,nan,nan
N-MNIST,SNN-DFA,20260831,H2,completed_epoch_100,results/experiment03_soft_spectral/experiment03_20260831_server/checkpoints/full_dense/seed_20260831/epoch_100.pt,b486ef7efe077a5e11dbfa4148cfa5a8ec90514c3508227a9bf491bde631d58a,basis_eval,512,30,800,same_trained_model_and_neuron_coordinates,True,magnitude_sparsity,0.75,nan,unscaled,nan,0.75,0.75,False,0.0171596807717131,0.0782997913927911,274.4739967602099,2.091536684024577,0.75,0.75,1e-06,0.0788340345025062,0.1237761118331807,0.3098431496440508,0.0054732717016747,0.0,canonical epsilon=1e-12; zero-vector effects retained,"population, time axis then sample/feature mean",108,297,425,527,660,36.61251013996207,6.011056512916467,407.9140591655502,0.5098925739569378,tables/5_seed_review/gate_per_seed.csv,nan,nan
N-MNIST,SNN-DFA,20260831,H2,completed_epoch_100,results/experiment03_soft_spectral/experiment03_20260831_server/checkpoints/full_dense/seed_20260831/epoch_100.pt,b486ef7efe077a5e11dbfa4148cfa5a8ec90514c3508227a9bf491bde631d58a,basis_eval,512,30,800,same_trained_model_and_neuron_coordinates,True,magnitude_sparsity,0.75,nan,global_frobenius_norm_matched,nan,0.75,0.75,True,0.0171597585022004,0.0783001460819895,274.3421630859375,2.0915461584431942,0.75,0.75,1e-06,0.0788340345025062,0.1237761118331807,0.3098431496440508,0.0054732717016747,0.0,canonical epsilon=1e-12; zero-vector effects retained,"population, time axis then sample/feature mean",108,297,425,527,660,36.61251013996207,6.011056512916467,407.9140591655502,0.5098925739569378,tables/5_seed_review/gate_per_seed.csv,nan,nan
N-MNIST,SNN-DFA,20260831,H2,completed_epoch_100,results/experiment03_soft_spectral/experiment03_20260831_server/checkpoints/full_dense/seed_20260831/epoch_100.pt,b486ef7efe077a5e11dbfa4148cfa5a8ec90514c3508227a9bf491bde631d58a,basis_eval,512,30,800,same_trained_model_and_neuron_coordinates,True,magnitude_sparsity,ann_matched,nan,unscaled,nan,0.7827268880208333,0.7827268880208333,False,0.0169819609519712,0.0782935941443468,274.45227277449834,2.0913505984880985,0.7827268880208333,0.7827268880208333,1e-06,0.0772990062832832,0.1217058103546025,0.309874908103867,0.0054806803884478,0.0,canonical epsilon=1e-12; zero-vector effects retained,"population, time axis then sample/feature mean",108,298,426,527,660,37.163024079561694,6.014887343075403,409.4797055937448,0.5118496319921809,tables/5_seed_review/gate_per_seed.csv,nan,nan
N-MNIST,SNN-DFA,20260831,H2,completed_epoch_100,results/experiment03_soft_spectral/experiment03_20260831_server/checkpoints/full_dense/seed_20260831/epoch_100.pt,b486ef7efe077a5e11dbfa4148cfa5a8ec90514c3508227a9bf491bde631d58a,basis_eval,512,30,800,same_trained_model_and_neuron_coordinates,True,magnitude_sparsity,ann_matched,nan,global_frobenius_norm_matched,nan,0.7827268880208333,0.7827268880208333,True,0.0169821694651545,0.0782945554752602,274.3421936035156,2.091376277213696,0.7827268880208333,0.7827268880208333,1e-06,0.0772990062832832,0.1217058103546025,0.309874908103867,0.0054806803884478,0.0,canonical epsilon=1e-12; zero-vector effects retained,"population, time axis then sample/feature mean",108,298,426,527,660,37.163024079561694,6.014887343075403,409.4797055937448,0.5118496319921809,tables/5_seed_review/gate_per_seed.csv,nan,nan
N-MNIST,SNN-DFA,20260831,H3,completed_epoch_100,results/experiment03_soft_spectral/experiment03_20260831_server/checkpoints/full_dense/seed_20260831/epoch_100.pt,b486ef7efe077a5e11dbfa4148cfa5a8ec90514c3508227a9bf491bde631d58a,basis_eval,512,30,800,same_trained_model_and_neuron_coordinates,True,magnitude_sparsity,0,nan,unscaled,nan,0.0,0.0,False,0.007846313947869,0.0502430080245254,176.12306465245896,1.238705116132313,0.0,0.0,1e-06,0.0901928320527076,0.1404726173028493,0.5016102864536154,0.0023065750222065,0.0,canonical epsilon=1e-12; zero-vector effects retained,"population, time axis then sample/feature mean",92,271,402,516,686,33.2442588043034,5.9484272707822825,383.1502733262303,0.4789378416577878,tables/5_seed_review/gate_per_seed.csv,nan,nan
N-MNIST,SNN-DFA,20260831,H3,completed_epoch_100,results/experiment03_soft_spectral/experiment03_20260831_server/checkpoints/full_dense/seed_20260831/epoch_100.pt,b486ef7efe077a5e11dbfa4148cfa5a8ec90514c3508227a9bf491bde631d58a,basis_eval,512,30,800,same_trained_model_and_neuron_coordinates,True,magnitude_sparsity,0,nan,global_frobenius_norm_matched,nan,0.0,0.0,True,0.007846313947869,0.0502430080245254,176.04856872558594,1.238705116132313,0.0,0.0,1e-06,0.0901928320527076,0.1404726173028493,0.5016102864536154,0.0023065750222065,0.0,canonical epsilon=1e-12; zero-vector effects retained,"population, time axis then sample/feature mean",92,271,402,516,686,33.2442588043034,5.9484272707822825,383.1502733262303,0.4789378416577878,tables/5_seed_review/gate_per_seed.csv,nan,nan
N-MNIST,SNN-DFA,20260831,H3,completed_epoch_100,results/experiment03_soft_spectral/experiment03_20260831_server/checkpoints/full_dense/seed_20260831/epoch_100.pt,b486ef7efe077a5e11dbfa4148cfa5a8ec90514c3508227a9bf491bde631d58a,basis_eval,512,30,800,same_trained_model_and_neuron_coordinates,True,magnitude_sparsity,0.25,nan,unscaled,nan,0.25,0.25,False,0.0077952185403491,0.0502428817715937,176.12262208235464,1.238698082451075,0.25,0.25,1e-06,0.0899075642228126,0.1403856373653374,0.5016185512721983,0.0023070384119906,0.0,canonical epsilon=1e-12; zero-vector effects retained,"population, time axis then sample/feature mean",92,271,403,516,686,33.279589195869775,5.948622841662719,383.225213690362,0.4790315171129524,tables/5_seed_review/gate_per_seed.csv,nan,nan
N-MNIST,SNN-DFA,20260831,H3,completed_epoch_100,results/experiment03_soft_spectral/experiment03_20260831_server/checkpoints/full_dense/seed_20260831/epoch_100.pt,b486ef7efe077a5e11dbfa4148cfa5a8ec90514c3508227a9bf491bde631d58a,basis_eval,512,30,800,same_trained_model_and_neuron_coordinates,True,magnitude_sparsity,0.25,nan,global_frobenius_norm_matched,nan,0.25,0.25,True,0.0077952185403491,0.0502428817715937,176.04856872558594,1.238698082451075,0.25,0.25,1e-06,0.0899075642228126,0.1403856373653374,0.5016185512721983,0.0023070384119906,0.0,canonical epsilon=1e-12; zero-vector effects retained,"population, time axis then sample/feature mean",92,271,403,516,686,33.279589195869775,5.948622841662719,383.225213690362,0.4790315171129524,tables/5_seed_review/gate_per_seed.csv,nan,nan
N-MNIST,SNN-DFA,20260831,H3,completed_epoch_100,results/experiment03_soft_spectral/experiment03_20260831_server/checkpoints/full_dense/seed_20260831/epoch_100.pt,b486ef7efe077a5e11dbfa4148cfa5a8ec90514c3508227a9bf491bde631d58a,basis_eval,512,30,800,same_trained_model_and_neuron_coordinates,True,magnitude_sparsity,0.50,nan,unscaled,nan,0.5,0.5,False,0.0076771351519979,0.0502423102502693,176.12061865757752,1.2386637396958802,0.5,0.5,1e-06,0.0890540406107902,0.1399770582725987,0.5016613956020739,0.0023082133916276,0.0,canonical epsilon=1e-12; zero-vector effects retained,"population, time axis then sample/feature mean",92,271,403,516,686,33.35740518994967,5.949099215613386,383.4078156893674,0.4792597696117092,tables/5_seed_review/gate_per_seed.csv,nan,nan
N-MNIST,SNN-DFA,20260831,H3,completed_epoch_100,results/experiment03_soft_spectral/experiment03_20260831_server/checkpoints/full_dense/seed_20260831/epoch_100.pt,b486ef7efe077a5e11dbfa4148cfa5a8ec90514c3508227a9bf491bde631d58a,basis_eval,512,30,800,same_trained_model_and_neuron_coordinates,True,magnitude_sparsity,0.50,nan,global_frobenius_norm_matched,nan,0.5,0.5,True,0.0076771351519979,0.0502423102502693,176.04856872558594,1.2386637396958802,0.5,0.5,1e-06,0.0890540406107902,0.1399770582725987,0.5016613956020739,0.0023082133916276,0.0,canonical epsilon=1e-12; zero-vector effects retained,"population, time axis then sample/feature mean",92,271,403,516,686,33.35740518994967,5.949099215613386,383.4078156893674,0.4792597696117092,tables/5_seed_review/gate_per_seed.csv,nan,nan
N-MNIST,SNN-DFA,20260831,H3,completed_epoch_100,results/experiment03_soft_spectral/experiment03_20260831_server/checkpoints/full_dense/seed_20260831/epoch_100.pt,b486ef7efe077a5e11dbfa4148cfa5a8ec90514c3508227a9bf491bde631d58a,basis_eval,512,30,800,same_trained_model_and_neuron_coordinates,True,magnitude_sparsity,0.75,nan,unscaled,nan,0.75,0.75,False,0.0074470271101146,0.0502400854367194,176.11281974194617,1.238548342175004,0.75,0.75,1e-06,0.0868552029132843,0.1383970613191034,0.501786108927493,0.0023112252517581,0.0,canonical epsilon=1e-12; zero-vector effects retained,"population, time axis then sample/feature mean",92,271,403,516,686,33.63341909315596,5.950889965031498,384.09501813225774,0.4801187726653221,tables/5_seed_review/gate_per_seed.csv,nan,nan
N-MNIST,SNN-DFA,20260831,H3,completed_epoch_100,results/experiment03_soft_spectral/experiment03_20260831_server/checkpoints/full_dense/seed_20260831/epoch_100.pt,b486ef7efe077a5e11dbfa4148cfa5a8ec90514c3508227a9bf491bde631d58a,basis_eval,512,30,800,same_trained_model_and_neuron_coordinates,True,magnitude_sparsity,0.75,nan,global_frobenius_norm_matched,nan,0.75,0.75,True,0.0074470288713302,0.0502400973831522,176.04855346679688,1.2385486363615843,0.75,0.75,1e-06,0.0868552029132843,0.1383970613191034,0.501786108927493,0.0023112252517581,0.0,canonical epsilon=1e-12; zero-vector effects retained,"population, time axis then sample/feature mean",92,271,403,516,686,33.63341909315596,5.950889965031498,384.09501813225774,0.4801187726653221,tables/5_seed_review/gate_per_seed.csv,nan,nan
N-MNIST,SNN-DFA,20260831,H3,completed_epoch_100,results/experiment03_soft_spectral/experiment03_20260831_server/checkpoints/full_dense/seed_20260831/epoch_100.pt,b486ef7efe077a5e11dbfa4148cfa5a8ec90514c3508227a9bf491bde631d58a,basis_eval,512,30,800,same_trained_model_and_neuron_coordinates,True,magnitude_sparsity,ann_matched,nan,unscaled,nan,0.9024095052083332,0.9024095052083332,False,0.0070405946073062,0.050227405006687,176.06836945351273,1.2380716248990642,0.9024095052083332,0.9024095052083332,1e-06,0.0800590217113494,0.1303222011695354,0.5021222366415787,0.0023194824605456,0.0,canonical epsilon=1e-12; zero-vector effects retained,"population, time axis then sample/feature mean",93,272,404,517,686,35.10412596795056,5.960131674559636,387.6611659905794,0.4845764574882242,tables/5_seed_review/gate_per_seed.csv,nan,nan
N-MNIST,SNN-DFA,20260831,H3,completed_epoch_100,results/experiment03_soft_spectral/experiment03_20260831_server/checkpoints/full_dense/seed_20260831/epoch_100.pt,b486ef7efe077a5e11dbfa4148cfa5a8ec90514c3508227a9bf491bde631d58a,basis_eval,512,30,800,same_trained_model_and_neuron_coordinates,True,magnitude_sparsity,ann_matched,nan,global_frobenius_norm_matched,nan,0.9024095052083332,0.9024095052083332,True,0.0070407784146934,0.0502287162844352,176.0485382080078,1.2381039469534372,0.9024095052083332,0.9024095052083332,1e-06,0.0800590217113494,0.1303222011695354,0.5021222366415787,0.0023194824605456,0.0,canonical epsilon=1e-12; zero-vector effects retained,"population, time axis then sample/feature mean",93,272,404,517,686,35.10412596795056,5.960131674559636,387.6611659905794,0.4845764574882242,tables/5_seed_review/gate_per_seed.csv,nan,nan
N-MNIST,SNN-DFA,20260901,H1,completed_epoch_100,results/experiment03_soft_spectral/experiment03_20260831_server/checkpoints/full_dense/seed_20260901/epoch_100.pt,554990a77b2d2e8f6498d66d6182e5b9f7b8a61fd2c63c09d3ded066f44b5563,basis_eval,512,30,800,same_trained_model_and_neuron_coordinates,True,magnitude_sparsity,0,nan,unscaled,nan,0.0,0.0,False,0.0129845715701086,0.0659849421825243,231.3052242498822,1.805772473569588,0.0,0.0,1e-06,0.0581362098455429,0.1064368299023559,0.2044666218221333,0.0039513325854116,0.0,canonical epsilon=1e-12; zero-vector effects retained,"population, time axis then sample/feature mean",128,333,463,562,692,49.5920722082469,6.156307662460865,471.6832418205877,0.5896040522757346,tables/5_seed_review/gate_per_seed.csv,nan,nan
N-MNIST,SNN-DFA,20260901,H1,completed_epoch_100,results/experiment03_soft_spectral/experiment03_20260831_server/checkpoints/full_dense/seed_20260901/epoch_100.pt,554990a77b2d2e8f6498d66d6182e5b9f7b8a61fd2c63c09d3ded066f44b5563,basis_eval,512,30,800,same_trained_model_and_neuron_coordinates,True,magnitude_sparsity,0,nan,global_frobenius_norm_matched,nan,0.0,0.0,True,0.0129845715701086,0.0659849421825243,231.1921844482422,1.805772473569588,0.0,0.0,1e-06,0.0581362098455429,0.1064368299023559,0.2044666218221333,0.0039513325854116,0.0,canonical epsilon=1e-12; zero-vector effects retained,"population, time axis then sample/feature mean",128,333,463,562,692,49.5920722082469,6.156307662460865,471.6832418205877,0.5896040522757346,tables/5_seed_review/gate_per_seed.csv,nan,nan
N-MNIST,SNN-DFA,20260901,H1,completed_epoch_100,results/experiment03_soft_spectral/experiment03_20260831_server/checkpoints/full_dense/seed_20260901/epoch_100.pt,554990a77b2d2e8f6498d66d6182e5b9f7b8a61fd2c63c09d3ded066f44b5563,basis_eval,512,30,800,same_trained_model_and_neuron_coordinates,True,magnitude_sparsity,0.25,nan,unscaled,nan,0.25,0.25,False,0.012967864987876,0.0659849309426031,231.3051848491887,1.8057720956052608,0.25,0.25,1e-06,0.0580641590058803,0.1064298067362084,0.204466744449829,0.0039515617074898,0.0,canonical epsilon=1e-12; zero-vector effects retained,"population, time axis then sample/feature mean",128,333,463,562,692,49.61451231868027,6.156409869543874,471.731453652592,0.58966431706574,tables/5_seed_review/gate_per_seed.csv,nan,nan
N-MNIST,SNN-DFA,20260901,H1,completed_epoch_100,results/experiment03_soft_spectral/experiment03_20260831_server/checkpoints/full_dense/seed_20260901/epoch_100.pt,554990a77b2d2e8f6498d66d6182e5b9f7b8a61fd2c63c09d3ded066f44b5563,basis_eval,512,30,800,same_trained_model_and_neuron_coordinates,True,magnitude_sparsity,0.25,nan,global_frobenius_norm_matched,nan,0.25,0.25,True,0.012967864987876,0.0659849309426031,231.1921844482422,1.8057720956052608,0.25,0.25,1e-06,0.0580641590058803,0.1064298067362084,0.204466744449829,0.0039515617074898,0.0,canonical epsilon=1e-12; zero-vector effects retained,"population, time axis then sample/feature mean",128,333,463,562,692,49.61451231868027,6.156409869543874,471.731453652592,0.58966431706574,tables/5_seed_review/gate_per_seed.csv,nan,nan
N-MNIST,SNN-DFA,20260901,H1,completed_epoch_100,results/experiment03_soft_spectral/experiment03_20260831_server/checkpoints/full_dense/seed_20260901/epoch_100.pt,554990a77b2d2e8f6498d66d6182e5b9f7b8a61fd2c63c09d3ded066f44b5563,basis_eval,512,30,800,same_trained_model_and_neuron_coordinates,True,magnitude_sparsity,0.50,nan,unscaled,nan,0.5,0.5,False,0.0128915102360115,0.0659847299166383,231.30448016787335,1.8057656731547176,0.5,0.5,1e-06,0.0575964301824569,0.1062248896637688,0.2044685181401948,0.0039532037385556,0.0,canonical epsilon=1e-12; zero-vector effects retained,"population, time axis then sample/feature mean",128,333,463,562,692,49.83948890912017,6.157201729867152,472.10514701092666,0.5901314337636583,tables/5_seed_review/gate_per_seed.csv,nan,nan
N-MNIST,SNN-DFA,20260901,H1,completed_epoch_100,results/experiment03_soft_spectral/experiment03_20260831_server/checkpoints/full_dense/seed_20260901/epoch_100.pt,554990a77b2d2e8f6498d66d6182e5b9f7b8a61fd2c63c09d3ded066f44b5563,basis_eval,512,30,800,same_trained_model_and_neuron_coordinates,True,magnitude_sparsity,0.50,nan,global_frobenius_norm_matched,nan,0.5,0.5,True,0.0128915102360115,0.0659847299166383,231.1921844482422,1.8057656731547176,0.5,0.5,1e-06,0.0575964301824569,0.1062248896637688,0.2044685181401948,0.0039532037385556,0.0,canonical epsilon=1e-12; zero-vector effects retained,"population, time axis then sample/feature mean",128,333,463,562,692,49.83948890912017,6.157201729867152,472.10514701092666,0.5901314337636583,tables/5_seed_review/gate_per_seed.csv,nan,nan
N-MNIST,SNN-DFA,20260901,H1,completed_epoch_100,results/experiment03_soft_spectral/experiment03_20260831_server/checkpoints/full_dense/seed_20260901/epoch_100.pt,554990a77b2d2e8f6498d66d6182e5b9f7b8a61fd2c63c09d3ded066f44b5563,basis_eval,512,30,800,same_trained_model_and_neuron_coordinates,True,magnitude_sparsity,0.75,nan,unscaled,nan,0.75,0.75,False,0.0125856961367708,0.0659813390419628,231.29259371315644,1.8056632858503876,0.75,0.75,1e-06,0.05529061332345,0.1035761196812502,0.2044914170092343,0.0039619770227265,0.0,canonical epsilon=1e-12; zero-vector effects retained,"population, time axis then sample/feature mean",129,334,463,562,692,51.29535363540086,6.161907028886484,474.3317772686612,0.5929147215858265,tables/5_seed_review/gate_per_seed.csv,nan,nan
N-MNIST,SNN-DFA,20260901,H1,completed_epoch_100,results/experiment03_soft_spectral/experiment03_20260831_server/checkpoints/full_dense/seed_20260901/epoch_100.pt,554990a77b2d2e8f6498d66d6182e5b9f7b8a61fd2c63c09d3ded066f44b5563,basis_eval,512,30,800,same_trained_model_and_neuron_coordinates,True,magnitude_sparsity,0.75,nan,global_frobenius_norm_matched,nan,0.75,0.75,True,0.0125857051305317,0.0659813862208456,231.19216918945312,1.8056645769392772,0.75,0.75,1e-06,0.05529061332345,0.1035761196812502,0.2044914170092343,0.0039619770227265,0.0,canonical epsilon=1e-12; zero-vector effects retained,"population, time axis then sample/feature mean",129,334,463,562,692,51.29535363540086,6.161907028886484,474.3317772686612,0.5929147215858265,tables/5_seed_review/gate_per_seed.csv,nan,nan
N-MNIST,SNN-DFA,20260901,H1,completed_epoch_100,results/experiment03_soft_spectral/experiment03_20260831_server/checkpoints/full_dense/seed_20260901/epoch_100.pt,554990a77b2d2e8f6498d66d6182e5b9f7b8a61fd2c63c09d3ded066f44b5563,basis_eval,512,30,800,same_trained_model_and_neuron_coordinates,True,magnitude_sparsity,ann_matched,nan,unscaled,nan,0.8905414225260416,0.8905414225260416,False,0.0118109057209089,0.0659422166191161,231.15545301877435,1.8045073839787116,0.8905414225260416,0.8905414225260416,1e-06,0.0489111430943012,0.0927837277379916,0.2047243911935393,0.0039843411828419,0.0,canonical epsilon=1e-12; zero-vector effects retained,"population, time axis then sample/feature mean",131,336,465,563,693,56.44409728339456,6.176293467791222,481.2050447784079,0.6015063059730098,tables/5_seed_review/gate_per_seed.csv,nan,nan
N-MNIST,SNN-DFA,20260901,H1,completed_epoch_100,results/experiment03_soft_spectral/experiment03_20260831_server/checkpoints/full_dense/seed_20260901/epoch_100.pt,554990a77b2d2e8f6498d66d6182e5b9f7b8a61fd2c63c09d3ded066f44b5563,basis_eval,512,30,800,same_trained_model_and_neuron_coordinates,True,magnitude_sparsity,ann_matched,nan,global_frobenius_norm_matched,nan,0.8905414225260416,0.8905414225260416,True,0.0118130613220547,0.0659542516903138,231.19227600097656,1.804836723431661,0.8905414225260416,0.8905414225260416,1e-06,0.0489111430943012,0.0927837277379916,0.2047243911935393,0.0039843411828419,0.0,canonical epsilon=1e-12; zero-vector effects retained,"population, time axis then sample/feature mean",131,336,465,563,693,56.44409728339456,6.176293467791222,481.2050447784079,0.6015063059730098,tables/5_seed_review/gate_per_seed.csv,nan,nan
N-MNIST,SNN-DFA,20260901,H2,completed_epoch_100,results/experiment03_soft_spectral/experiment03_20260831_server/checkpoints/full_dense/seed_20260901/epoch_100.pt,554990a77b2d2e8f6498d66d6182e5b9f7b8a61fd2c63c09d3ded066f44b5563,basis_eval,512,30,800,same_trained_model_and_neuron_coordinates,True,magnitude_sparsity,0,nan,unscaled,nan,0.0,0.0,False,0.0186192920542552,0.0796819855352072,279.3191737883867,2.138506678302862,0.0,0.0,1e-06,0.0835643112659454,0.1270122363172993,0.294775340090343,0.0056435348699137,0.0,canonical epsilon=1e-12; zero-vector effects retained,"population, time axis then sample/feature mean",106,300,431,537,678,34.045276655207715,6.001673610192041,404.1045413448045,0.5051306766810056,tables/5_seed_review/gate_per_seed.csv,nan,nan
N-MNIST,SNN-DFA,20260901,H2,completed_epoch_100,results/experiment03_soft_spectral/experiment03_20260831_server/checkpoints/full_dense/seed_20260901/epoch_100.pt,554990a77b2d2e8f6498d66d6182e5b9f7b8a61fd2c63c09d3ded066f44b5563,basis_eval,512,30,800,same_trained_model_and_neuron_coordinates,True,magnitude_sparsity,0,nan,global_frobenius_norm_matched,nan,0.0,0.0,True,0.0186192920542552,0.0796819855352072,279.1363220214844,2.138506678302862,0.0,0.0,1e-06,0.0835643112659454,0.1270122363172993,0.294775340090343,0.0056435348699137,0.0,canonical epsilon=1e-12; zero-vector effects retained,"population, time axis then sample/feature mean",106,300,431,537,678,34.045276655207715,6.001673610192041,404.1045413448045,0.5051306766810056,tables/5_seed_review/gate_per_seed.csv,nan,nan
N-MNIST,SNN-DFA,20260901,H2,completed_epoch_100,results/experiment03_soft_spectral/experiment03_20260831_server/checkpoints/full_dense/seed_20260901/epoch_100.pt,554990a77b2d2e8f6498d66d6182e5b9f7b8a61fd2c63c09d3ded066f44b5563,basis_eval,512,30,800,same_trained_model_and_neuron_coordinates,True,magnitude_sparsity,0.25,nan,unscaled,nan,0.25,0.25,False,0.0185651193983004,0.0796818716108112,279.318774435035,2.1385019326975465,0.25,0.25,1e-06,0.0832652449607849,0.1269581548586096,0.2947778270746641,0.0056448180875168,0.0,canonical epsilon=1e-12; zero-vector effects retained,"population, time axis then sample/feature mean",106,300,431,537,678,34.06724456062081,6.001837358581532,404.17071823066686,0.5052133977883336,tables/5_seed_review/gate_per_seed.csv,nan,nan
N-MNIST,SNN-DFA,20260901,H2,completed_epoch_100,results/experiment03_soft_spectral/experiment03_20260831_server/checkpoints/full_dense/seed_20260901/epoch_100.pt,554990a77b2d2e8f6498d66d6182e5b9f7b8a61fd2c63c09d3ded066f44b5563,basis_eval,512,30,800,same_trained_model_and_neuron_coordinates,True,magnitude_sparsity,0.25,nan,global_frobenius_norm_matched,nan,0.25,0.25,True,0.0185651193983004,0.0796818716108112,279.1363220214844,2.1385019326975465,0.25,0.25,1e-06,0.0832652449607849,0.1269581548586096,0.2947778270746641,0.0056448180875168,0.0,canonical epsilon=1e-12; zero-vector effects retained,"population, time axis then sample/feature mean",106,300,431,537,678,34.06724456062081,6.001837358581532,404.17071823066686,0.5052133977883336,tables/5_seed_review/gate_per_seed.csv,nan,nan
N-MNIST,SNN-DFA,20260901,H2,completed_epoch_100,results/experiment03_soft_spectral/experiment03_20260831_server/checkpoints/full_dense/seed_20260901/epoch_100.pt,554990a77b2d2e8f6498d66d6182e5b9f7b8a61fd2c63c09d3ded066f44b5563,basis_eval,512,30,800,same_trained_model_and_neuron_coordinates,True,magnitude_sparsity,0.50,nan,unscaled,nan,0.5,0.5,False,0.0183559480681831,0.0796806838968695,279.31461099363975,2.138459744187512,0.5,0.5,1e-06,0.0818854123353958,0.1261696550304098,0.2947930861215135,0.0056515065700755,0.0,canonical epsilon=1e-12; zero-vector effects retained,"population, time axis then sample/feature mean",106,300,431,537,678,34.25132809906785,6.003294898000606,404.7602425075932,0.5059503031344914,tables/5_seed_review/gate_per_seed.csv,nan,nan
N-MNIST,SNN-DFA,20260901,H2,completed_epoch_100,results/experiment03_soft_spectral/experiment03_20260831_server/checkpoints/full_dense/seed_20260901/epoch_100.pt,554990a77b2d2e8f6498d66d6182e5b9f7b8a61fd2c63c09d3ded066f44b5563,basis_eval,512,30,800,same_trained_model_and_neuron_coordinates,True,magnitude_sparsity,0.50,nan,global_frobenius_norm_matched,nan,0.5,0.5,True,0.0183559480681831,0.0796806838968695,279.1363220214844,2.138459744187512,0.5,0.5,1e-06,0.0818854123353958,0.1261696550304098,0.2947930861215135,0.0056515065700755,0.0,canonical epsilon=1e-12; zero-vector effects retained,"population, time axis then sample/feature mean",106,300,431,537,678,34.25132809906785,6.003294898000606,404.7602425075932,0.5059503031344914,tables/5_seed_review/gate_per_seed.csv,nan,nan
N-MNIST,SNN-DFA,20260901,H2,completed_epoch_100,results/experiment03_soft_spectral/experiment03_20260831_server/checkpoints/full_dense/seed_20260901/epoch_100.pt,554990a77b2d2e8f6498d66d6182e5b9f7b8a61fd2c63c09d3ded066f44b5563,basis_eval,512,30,800,same_trained_model_and_neuron_coordinates,True,magnitude_sparsity,0.75,nan,unscaled,nan,0.75,0.75,False,0.0177010415512858,0.0796682719037437,279.271101690479,2.138075161959259,0.75,0.75,1e-06,0.076805979013443,0.12041447537106,0.2948719010494638,0.0056775607244575,0.0,canonical epsilon=1e-12; zero-vector effects retained,"population, time axis then sample/feature mean",107,301,432,538,678,35.55116246143482,6.013817065661641,409.04168315802656,0.5113021039475332,tables/5_seed_review/gate_per_seed.csv,nan,nan
N-MNIST,SNN-DFA,20260901,H2,completed_epoch_100,results/experiment03_soft_spectral/experiment03_20260831_server/checkpoints/full_dense/seed_20260901/epoch_100.pt,554990a77b2d2e8f6498d66d6182e5b9f7b8a61fd2c63c09d3ded066f44b5563,basis_eval,512,30,800,same_trained_model_and_neuron_coordinates,True,magnitude_sparsity,0.75,nan,global_frobenius_norm_matched,nan,0.75,0.75,True,0.0177011407261052,0.0796687182715077,279.1363525390625,2.1380871412158267,0.75,0.75,1e-06,0.076805979013443,0.12041447537106,0.2948719010494638,0.0056775607244575,0.0,canonical epsilon=1e-12; zero-vector effects retained,"population, time axis then sample/feature mean",107,301,432,538,678,35.55116246143482,6.013817065661641,409.04168315802656,0.5113021039475332,tables/5_seed_review/gate_per_seed.csv,nan,nan
N-MNIST,SNN-DFA,20260901,H2,completed_epoch_100,results/experiment03_soft_spectral/experiment03_20260831_server/checkpoints/full_dense/seed_20260901/epoch_100.pt,554990a77b2d2e8f6498d66d6182e5b9f7b8a61fd2c63c09d3ded066f44b5563,basis_eval,512,30,800,same_trained_model_and_neuron_coordinates,True,magnitude_sparsity,ann_matched,nan,unscaled,nan,0.7554581705729166,0.7554581705729166,False,0.017672818719154,0.079667355891488,279.267890678796,2.1380477430641025,0.7554581705729166,0.7554581705729166,1e-06,0.0765765458345413,0.1201070318164864,0.2948763521351352,0.0056787240087767,0.0,canonical epsilon=1e-12; zero-vector effects retained,"population, time axis then sample/feature mean",107,301,432,538,678,35.627492592470574,6.014397188723408,409.2790465149724,0.5115988081437155,tables/5_seed_review/gate_per_seed.csv,nan,nan
N-MNIST,SNN-DFA,20260901,H2,completed_epoch_100,results/experiment03_soft_spectral/experiment03_20260831_server/checkpoints/full_dense/seed_20260901/epoch_100.pt,554990a77b2d2e8f6498d66d6182e5b9f7b8a61fd2c63c09d3ded066f44b5563,basis_eval,512,30,800,same_trained_model_and_neuron_coordinates,True,magnitude_sparsity,ann_matched,nan,global_frobenius_norm_matched,nan,0.7554581705729166,0.7554581705729166,True,0.0176729261622848,0.0796678402392442,279.13629150390625,2.1380607416546504,0.7554581705729166,0.7554581705729166,1e-06,0.0765765458345413,0.1201070318164864,0.2948763521351352,0.0056787240087767,0.0,canonical epsilon=1e-12; zero-vector effects retained,"population, time axis then sample/feature mean",107,301,432,538,678,35.627492592470574,6.014397188723408,409.2790465149724,0.5115988081437155,tables/5_seed_review/gate_per_seed.csv,nan,nan
N-MNIST,SNN-DFA,20260901,H3,completed_epoch_100,results/experiment03_soft_spectral/experiment03_20260831_server/checkpoints/full_dense/seed_20260901/epoch_100.pt,554990a77b2d2e8f6498d66d6182e5b9f7b8a61fd2c63c09d3ded066f44b5563,basis_eval,512,30,800,same_trained_model_and_neuron_coordinates,True,magnitude_sparsity,0,nan,unscaled,nan,0.0,0.0,False,0.007992614992574,0.0506946907210867,177.70640418360176,1.2622161225251112,0.0,0.0,1e-06,0.0856544226408004,0.1364355746944233,0.4768006940193525,0.0023495129215,0.0,canonical epsilon=1e-12; zero-vector effects retained,"population, time axis then sample/feature mean",95,273,404,516,685,41.68307580580713,5.969187366391296,391.1876493187913,0.4889845616484891,tables/5_seed_review/gate_per_seed.csv,nan,nan
N-MNIST,SNN-DFA,20260901,H3,completed_epoch_100,results/experiment03_soft_spectral/experiment03_20260831_server/checkpoints/full_dense/seed_20260901/epoch_100.pt,554990a77b2d2e8f6498d66d6182e5b9f7b8a61fd2c63c09d3ded066f44b5563,basis_eval,512,30,800,same_trained_model_and_neuron_coordinates,True,magnitude_sparsity,0,nan,global_frobenius_norm_matched,nan,0.0,0.0,True,0.007992614992574,0.0506946907210867,177.63258361816406,1.2622161225251112,0.0,0.0,1e-06,0.0856544226408004,0.1364355746944233,0.4768006940193525,0.0023495129215,0.0,canonical epsilon=1e-12; zero-vector effects retained,"population, time axis then sample/feature mean",95,273,404,516,685,41.68307580580713,5.969187366391296,391.1876493187913,0.4889845616484891,tables/5_seed_review/gate_per_seed.csv,nan,nan
N-MNIST,SNN-DFA,20260901,H3,completed_epoch_100,results/experiment03_soft_spectral/experiment03_20260831_server/checkpoints/full_dense/seed_20260901/epoch_100.pt,554990a77b2d2e8f6498d66d6182e5b9f7b8a61fd2c63c09d3ded066f44b5563,basis_eval,512,30,800,same_trained_model_and_neuron_coordinates,True,magnitude_sparsity,0.25,nan,unscaled,nan,0.25,0.25,False,0.0079448794561297,0.0506945793226872,177.70601368493948,1.26221027276535,0.25,0.25,1e-06,0.0853892639279365,0.1363654239962551,0.4768069270872136,0.0023499672476287,0.0,canonical epsilon=1e-12; zero-vector effects retained,"population, time axis then sample/feature mean",95,273,404,516,685,41.72695198591075,5.969355347035157,391.2533667914717,0.4890667084893396,tables/5_seed_review/gate_per_seed.csv,nan,nan
N-MNIST,SNN-DFA,20260901,H3,completed_epoch_100,results/experiment03_soft_spectral/experiment03_20260831_server/checkpoints/full_dense/seed_20260901/epoch_100.pt,554990a77b2d2e8f6498d66d6182e5b9f7b8a61fd2c63c09d3ded066f44b5563,basis_eval,512,30,800,same_trained_model_and_neuron_coordinates,True,magnitude_sparsity,0.25,nan,global_frobenius_norm_matched,nan,0.25,0.25,True,0.0079448794561297,0.0506945793226872,177.63258361816406,1.26221027276535,0.25,0.25,1e-06,0.0853892639279365,0.1363654239962551,0.4768069270872136,0.0023499672476287,0.0,canonical epsilon=1e-12; zero-vector effects retained,"population, time axis then sample/feature mean",95,273,404,516,685,41.72695198591075,5.969355347035157,391.2533667914717,0.4890667084893396,tables/5_seed_review/gate_per_seed.csv,nan,nan
N-MNIST,SNN-DFA,20260901,H3,completed_epoch_100,results/experiment03_soft_spectral/experiment03_20260831_server/checkpoints/full_dense/seed_20260901/epoch_100.pt,554990a77b2d2e8f6498d66d6182e5b9f7b8a61fd2c63c09d3ded066f44b5563,basis_eval,512,30,800,same_trained_model_and_neuron_coordinates,True,magnitude_sparsity,0.50,nan,unscaled,nan,0.5,0.5,False,0.007831329883339,0.0506940547285014,177.70417475969816,1.2621807586344511,0.5,0.5,1e-06,0.0845875889062881,0.1359941215616791,0.4768404083973115,0.0023511412726004,0.0,canonical epsilon=1e-12; zero-vector effects retained,"population, time axis then sample/feature mean",95,273,404,516,685,41.83460779031277,5.969812295158234,391.43219013645887,0.4892902376705736,tables/5_seed_review/gate_per_seed.csv,nan,nan
N-MNIST,SNN-DFA,20260901,H3,completed_epoch_100,results/experiment03_soft_spectral/experiment03_20260831_server/checkpoints/full_dense/seed_20260901/epoch_100.pt,554990a77b2d2e8f6498d66d6182e5b9f7b8a61fd2c63c09d3ded066f44b5563,basis_eval,512,30,800,same_trained_model_and_neuron_coordinates,True,magnitude_sparsity,0.50,nan,global_frobenius_norm_matched,nan,0.5,0.5,True,0.007831329883339,0.0506940547285014,177.63258361816406,1.2621807586344511,0.5,0.5,1e-06,0.0845875889062881,0.1359941215616791,0.4768404083973115,0.0023511412726004,0.0,canonical epsilon=1e-12; zero-vector effects retained,"population, time axis then sample/feature mean",95,273,404,516,685,41.83460779031277,5.969812295158234,391.43219013645887,0.4892902376705736,tables/5_seed_review/gate_per_seed.csv,nan,nan
N-MNIST,SNN-DFA,20260901,H3,completed_epoch_100,results/experiment03_soft_spectral/experiment03_20260831_server/checkpoints/full_dense/seed_20260901/epoch_100.pt,554990a77b2d2e8f6498d66d6182e5b9f7b8a61fd2c63c09d3ded066f44b5563,basis_eval,512,30,800,same_trained_model_and_neuron_coordinates,True,magnitude_sparsity,0.75,nan,unscaled,nan,0.75,0.75,False,0.0076047656805864,0.0506919075281706,177.69664791133474,1.2620746116073585,0.75,0.75,1e-06,0.0824673995375633,0.1344099416272678,0.4769464230561682,0.0023542145713365,0.0,canonical epsilon=1e-12; zero-vector effects retained,"population, time axis then sample/feature mean",95,273,404,516,685,42.22425336214301,5.971626050454361,392.1427965826889,0.4901784957283611,tables/5_seed_review/gate_per_seed.csv,nan,nan
N-MNIST,SNN-DFA,20260901,H3,completed_epoch_100,results/experiment03_soft_spectral/experiment03_20260831_server/checkpoints/full_dense/seed_20260901/epoch_100.pt,554990a77b2d2e8f6498d66d6182e5b9f7b8a61fd2c63c09d3ded066f44b5563,basis_eval,512,30,800,same_trained_model_and_neuron_coordinates,True,magnitude_sparsity,0.75,nan,global_frobenius_norm_matched,nan,0.75,0.75,True,0.0076047665617531,0.050691913510323,177.632568359375,1.2620747599458964,0.75,0.75,1e-06,0.0824673995375633,0.1344099416272678,0.4769464230561682,0.0023542145713365,0.0,canonical epsilon=1e-12; zero-vector effects retained,"population, time axis then sample/feature mean",95,273,404,516,685,42.22425336214301,5.971626050454361,392.1427965826889,0.4901784957283611,tables/5_seed_review/gate_per_seed.csv,nan,nan
N-MNIST,SNN-DFA,20260901,H3,completed_epoch_100,results/experiment03_soft_spectral/experiment03_20260831_server/checkpoints/full_dense/seed_20260901/epoch_100.pt,554990a77b2d2e8f6498d66d6182e5b9f7b8a61fd2c63c09d3ded066f44b5563,basis_eval,512,30,800,same_trained_model_and_neuron_coordinates,True,magnitude_sparsity,ann_matched,nan,unscaled,nan,0.8770187174479167,0.8770187174479167,False,0.0073118641395564,0.0506846087383108,177.67106255550237,1.261795739112087,0.8770187174479167,0.8770187174479167,1e-06,0.0781670808792114,0.1294684905189748,0.4771413656561256,0.0023600370602194,0.0,canonical epsilon=1e-12; zero-vector effects retained,"population, time axis then sample/feature mean",95,274,405,517,685,43.46086536748315,5.977599131139847,394.4921064708424,0.493115133088553,tables/5_seed_review/gate_per_seed.csv,nan,nan
N-MNIST,SNN-DFA,20260901,H3,completed_epoch_100,results/experiment03_soft_spectral/experiment03_20260831_server/checkpoints/full_dense/seed_20260901/epoch_100.pt,554990a77b2d2e8f6498d66d6182e5b9f7b8a61fd2c63c09d3ded066f44b5563,basis_eval,512,30,800,same_trained_model_and_neuron_coordinates,True,magnitude_sparsity,ann_matched,nan,global_frobenius_norm_matched,nan,0.8770187174479167,0.8770187174479167,True,0.0073119242817339,0.0506850256327686,177.63255310058594,1.2618061177350013,0.8770187174479167,0.8770187174479167,1e-06,0.0781670808792114,0.1294684905189748,0.4771413656561256,0.0023600370602194,0.0,canonical epsilon=1e-12; zero-vector effects retained,"population, time axis then sample/feature mean",95,274,405,517,685,43.46086536748315,5.977599131139847,394.4921064708424,0.493115133088553,tables/5_seed_review/gate_per_seed.csv,nan,nan
N-MNIST,SNN-DFA,20260908,H1,completed_epoch_100,results/paper_v9_signal_processing/03_five_seed/checkpoints/dfa_trained/seed_20260908/epoch_100.pt,9aad88592135096912c2e9971ced9f74b63d546bdd69208e989abf481efd833e,basis_eval,512,30,800,same_trained_model_and_neuron_coordinates,True,magnitude_sparsity,0,nan,unscaled,nan,0.0,0.0,False,0.0127484654715901,0.0654185280154216,229.3197022261208,1.788884841525267,0.0,0.0,1e-06,0.0580960139632225,0.1067043914341143,0.2070840842017045,0.0038840226140507,0.0,canonical epsilon=1e-12; zero-vector effects retained,"population, time axis then sample/feature mean",128,331,459,557,683,54.376903728769086,6.149796433048668,468.62198112400233,0.5857774764050029,tables/5_seed_review/gate_per_seed.csv,nan,nan
N-MNIST,SNN-DFA,20260908,H1,completed_epoch_100,results/paper_v9_signal_processing/03_five_seed/checkpoints/dfa_trained/seed_20260908/epoch_100.pt,9aad88592135096912c2e9971ced9f74b63d546bdd69208e989abf481efd833e,basis_eval,512,30,800,same_trained_model_and_neuron_coordinates,True,magnitude_sparsity,0,nan,global_frobenius_norm_matched,nan,0.0,0.0,True,0.0127484654715901,0.0654185280154216,229.2097320556641,1.788884841525267,0.0,0.0,1e-06,0.0580960139632225,0.1067043914341143,0.2070840842017045,0.0038840226140507,0.0,canonical epsilon=1e-12; zero-vector effects retained,"population, time axis then sample/feature mean",128,331,459,557,683,54.376903728769086,6.149796433048668,468.62198112400233,0.5857774764050029,tables/5_seed_review/gate_per_seed.csv,nan,nan
N-MNIST,SNN-DFA,20260908,H1,completed_epoch_100,results/paper_v9_signal_processing/03_five_seed/checkpoints/dfa_trained/seed_20260908/epoch_100.pt,9aad88592135096912c2e9971ced9f74b63d546bdd69208e989abf481efd833e,basis_eval,512,30,800,same_trained_model_and_neuron_coordinates,True,magnitude_sparsity,0.25,nan,unscaled,nan,0.25,0.25,False,0.0127330642584161,0.0654185183428238,229.3196683195625,1.7888845151095532,0.25,0.25,1e-06,0.0580311864614486,0.106698535871419,0.2070841932981862,0.0038842236668905,0.0,canonical epsilon=1e-12; zero-vector effects retained,"population, time axis then sample/feature mean",128,331,459,557,683,54.4007299640104,6.14988477591886,468.66338236357495,0.5858292279544687,tables/5_seed_review/gate_per_seed.csv,nan,nan
N-MNIST,SNN-DFA,20260908,H1,completed_epoch_100,results/paper_v9_signal_processing/03_five_seed/checkpoints/dfa_trained/seed_20260908/epoch_100.pt,9aad88592135096912c2e9971ced9f74b63d546bdd69208e989abf481efd833e,basis_eval,512,30,800,same_trained_model_and_neuron_coordinates,True,magnitude_sparsity,0.25,nan,global_frobenius_norm_matched,nan,0.25,0.25,True,0.0127330642584161,0.0654185183428238,229.2097320556641,1.7888845151095532,0.25,0.25,1e-06,0.0580311864614486,0.106698535871419,0.2070841932981862,0.0038842236668905,0.0,canonical epsilon=1e-12; zero-vector effects retained,"population, time axis then sample/feature mean",128,331,459,557,683,54.4007299640104,6.14988477591886,468.66338236357495,0.5858292279544687,tables/5_seed_review/gate_per_seed.csv,nan,nan
N-MNIST,SNN-DFA,20260908,H1,completed_epoch_100,results/paper_v9_signal_processing/03_five_seed/checkpoints/dfa_trained/seed_20260908/epoch_100.pt,9aad88592135096912c2e9971ced9f74b63d546bdd69208e989abf481efd833e,basis_eval,512,30,800,same_trained_model_and_neuron_coordinates,True,magnitude_sparsity,0.50,nan,unscaled,nan,0.5,0.5,False,0.0126611514540036,0.0654183379760807,229.31903605758777,1.7888787226637866,0.5,0.5,1e-06,0.0575910434126853,0.1065149656382206,0.2070858501806842,0.0038857319009919,0.0,canonical epsilon=1e-12; zero-vector effects retained,"population, time axis then sample/feature mean",128,331,459,557,683,54.61649813559508,6.150624650211041,469.0102626599554,0.5862628283249443,tables/5_seed_review/gate_per_seed.csv,nan,nan
N-MNIST,SNN-DFA,20260908,H1,completed_epoch_100,results/paper_v9_signal_processing/03_five_seed/checkpoints/dfa_trained/seed_20260908/epoch_100.pt,9aad88592135096912c2e9971ced9f74b63d546bdd69208e989abf481efd833e,basis_eval,512,30,800,same_trained_model_and_neuron_coordinates,True,magnitude_sparsity,0.50,nan,global_frobenius_norm_matched,nan,0.5,0.5,True,0.0126611514540036,0.0654183379760807,229.2097320556641,1.7888787226637866,0.5,0.5,1e-06,0.0575910434126853,0.1065149656382206,0.2070858501806842,0.0038857319009919,0.0,canonical epsilon=1e-12; zero-vector effects retained,"population, time axis then sample/feature mean",128,331,459,557,683,54.61649813559508,6.150624650211041,469.0102626599554,0.5862628283249443,tables/5_seed_review/gate_per_seed.csv,nan,nan
N-MNIST,SNN-DFA,20260908,H1,completed_epoch_100,results/paper_v9_signal_processing/03_five_seed/checkpoints/dfa_trained/seed_20260908/epoch_100.pt,9aad88592135096912c2e9971ced9f74b63d546bdd69208e989abf481efd833e,basis_eval,512,30,800,same_trained_model_and_neuron_coordinates,True,magnitude_sparsity,0.75,nan,unscaled,nan,0.75,0.75,False,0.0123691801688241,0.0654152117550178,229.30807732609333,1.788783967762047,0.75,0.75,1e-06,0.0553656220436096,0.1040055235528994,0.2071078442339472,0.0038940158155674,0.0,canonical epsilon=1e-12; zero-vector effects retained,"population, time axis then sample/feature mean",129,331,459,557,683,56.06242942959224,6.15521386615465,471.167598488776,0.5889594981109699,tables/5_seed_review/gate_per_seed.csv,nan,nan
N-MNIST,SNN-DFA,20260908,H1,completed_epoch_100,results/paper_v9_signal_processing/03_five_seed/checkpoints/dfa_trained/seed_20260908/epoch_100.pt,9aad88592135096912c2e9971ced9f74b63d546bdd69208e989abf481efd833e,basis_eval,512,30,800,same_trained_model_and_neuron_coordinates,True,magnitude_sparsity,0.75,nan,global_frobenius_norm_matched,nan,0.75,0.75,True,0.0123691875322511,0.0654152507329234,229.209716796875,1.7887850335342332,0.75,0.75,1e-06,0.0553656220436096,0.1040055235528994,0.2071078442339472,0.0038940158155674,0.0,canonical epsilon=1e-12; zero-vector effects retained,"population, time axis then sample/feature mean",129,331,459,557,683,56.06242942959224,6.15521386615465,471.167598488776,0.5889594981109699,tables/5_seed_review/gate_per_seed.csv,nan,nan
N-MNIST,SNN-DFA,20260908,H1,completed_epoch_100,results/paper_v9_signal_processing/03_five_seed/checkpoints/dfa_trained/seed_20260908/epoch_100.pt,9aad88592135096912c2e9971ced9f74b63d546bdd69208e989abf481efd833e,basis_eval,512,30,800,same_trained_model_and_neuron_coordinates,True,magnitude_sparsity,ann_matched,nan,unscaled,nan,0.8660709635416667,0.8660709635416667,False,0.0118570055582987,0.0653958465332636,229.24019400586263,1.788210119143109,0.8660709635416667,0.8660709635416667,1e-06,0.0510743632912635,0.0969473028066788,0.2072273007628994,0.0039094767372944,0.0,canonical epsilon=1e-12; zero-vector effects retained,"population, time axis then sample/feature mean",130,332,460,558,684,59.475415110667456,6.165081522137447,475.8399328426388,0.5947999160532985,tables/5_seed_review/gate_per_seed.csv,nan,nan
N-MNIST,SNN-DFA,20260908,H1,completed_epoch_100,results/paper_v9_signal_processing/03_five_seed/checkpoints/dfa_trained/seed_20260908/epoch_100.pt,9aad88592135096912c2e9971ced9f74b63d546bdd69208e989abf481efd833e,basis_eval,512,30,800,same_trained_model_and_neuron_coordinates,True,magnitude_sparsity,ann_matched,nan,global_frobenius_norm_matched,nan,0.8660709635416667,0.8660709635416667,True,0.0118575059246225,0.0653986062418938,229.20982360839844,1.788285581671748,0.8660709635416667,0.8660709635416667,1e-06,0.0510743632912635,0.0969473028066788,0.2072273007628994,0.0039094767372944,0.0,canonical epsilon=1e-12; zero-vector effects retained,"population, time axis then sample/feature mean",130,332,460,558,684,59.475415110667456,6.165081522137447,475.8399328426388,0.5947999160532985,tables/5_seed_review/gate_per_seed.csv,nan,nan
N-MNIST,SNN-DFA,20260908,H2,completed_epoch_100,results/paper_v9_signal_processing/03_five_seed/checkpoints/dfa_trained/seed_20260908/epoch_100.pt,9aad88592135096912c2e9971ced9f74b63d546bdd69208e989abf481efd833e,basis_eval,512,30,800,same_trained_model_and_neuron_coordinates,True,magnitude_sparsity,0,nan,unscaled,nan,0.0,0.0,False,0.0180714903137724,0.0784339304263179,274.9442109970391,2.0978275386700624,0.0,0.0,1e-06,0.0834382772445678,0.1277970875771341,0.3060682971227998,0.0054703020651909,0.0,canonical epsilon=1e-12; zero-vector effects retained,"population, time axis then sample/feature mean",111,307,436,538,671,34.584512110157725,6.0325253402923344,416.76617799115337,0.5209577224889417,tables/5_seed_review/gate_per_seed.csv,nan,nan
N-MNIST,SNN-DFA,20260908,H2,completed_epoch_100,results/paper_v9_signal_processing/03_five_seed/checkpoints/dfa_trained/seed_20260908/epoch_100.pt,9aad88592135096912c2e9971ced9f74b63d546bdd69208e989abf481efd833e,basis_eval,512,30,800,same_trained_model_and_neuron_coordinates,True,magnitude_sparsity,0,nan,global_frobenius_norm_matched,nan,0.0,0.0,True,0.0180714903137724,0.0784339304263179,274.7684326171875,2.0978275386700624,0.0,0.0,1e-06,0.0834382772445678,0.1277970875771341,0.3060682971227998,0.0054703020651909,0.0,canonical epsilon=1e-12; zero-vector effects retained,"population, time axis then sample/feature mean",111,307,436,538,671,34.584512110157725,6.0325253402923344,416.76617799115337,0.5209577224889417,tables/5_seed_review/gate_per_seed.csv,nan,nan
N-MNIST,SNN-DFA,20260908,H2,completed_epoch_100,results/paper_v9_signal_processing/03_five_seed/checkpoints/dfa_trained/seed_20260908/epoch_100.pt,9aad88592135096912c2e9971ced9f74b63d546bdd69208e989abf481efd833e,basis_eval,512,30,800,same_trained_model_and_neuron_coordinates,True,magnitude_sparsity,0.25,nan,unscaled,nan,0.25,0.25,False,0.0180252461018162,0.0784338394446879,274.9438920678147,2.0978236533273606,0.25,0.25,1e-06,0.0831841304898262,0.1277567525014896,0.3060704467901599,0.0054713455557819,0.0,canonical epsilon=1e-12; zero-vector effects retained,"population, time axis then sample/feature mean",111,307,436,538,671,34.609236697004135,6.032664472188906,416.8241674939254,0.5210302093674067,tables/5_seed_review/gate_per_seed.csv,nan,nan
N-MNIST,SNN-DFA,20260908,H2,completed_epoch_100,results/paper_v9_signal_processing/03_five_seed/checkpoints/dfa_trained/seed_20260908/epoch_100.pt,9aad88592135096912c2e9971ced9f74b63d546bdd69208e989abf481efd833e,basis_eval,512,30,800,same_trained_model_and_neuron_coordinates,True,magnitude_sparsity,0.25,nan,global_frobenius_norm_matched,nan,0.25,0.25,True,0.0180252461018162,0.0784338394446879,274.7684326171875,2.0978236533273606,0.25,0.25,1e-06,0.0831841304898262,0.1277567525014896,0.3060704467901599,0.0054713455557819,0.0,canonical epsilon=1e-12; zero-vector effects retained,"population, time axis then sample/feature mean",111,307,436,538,671,34.609236697004135,6.032664472188906,416.8241674939254,0.5210302093674067,tables/5_seed_review/gate_per_seed.csv,nan,nan
N-MNIST,SNN-DFA,20260908,H2,completed_epoch_100,results/paper_v9_signal_processing/03_five_seed/checkpoints/dfa_trained/seed_20260908/epoch_100.pt,9aad88592135096912c2e9971ced9f74b63d546bdd69208e989abf481efd833e,basis_eval,512,30,800,same_trained_model_and_neuron_coordinates,True,magnitude_sparsity,0.50,nan,unscaled,nan,0.5,0.5,False,0.0178294509984661,0.0784327785538018,274.9401731950524,2.0977849008499603,0.5,0.5,1e-06,0.0818479433655738,0.1270490118441015,0.3060858143914929,0.0054774573005046,0.0,canonical epsilon=1e-12; zero-vector effects retained,"population, time axis then sample/feature mean",111,307,437,538,671,34.80206512077183,6.034036440294297,417.3964294300816,0.521745536787602,tables/5_seed_review/gate_per_seed.csv,nan,nan
N-MNIST,SNN-DFA,20260908,H2,completed_epoch_100,results/paper_v9_signal_processing/03_five_seed/checkpoints/dfa_trained/seed_20260908/epoch_100.pt,9aad88592135096912c2e9971ced9f74b63d546bdd69208e989abf481efd833e,basis_eval,512,30,800,same_trained_model_and_neuron_coordinates,True,magnitude_sparsity,0.50,nan,global_frobenius_norm_matched,nan,0.5,0.5,True,0.0178294509984661,0.0784327785538018,274.7684326171875,2.0977849008499603,0.5,0.5,1e-06,0.0818479433655738,0.1270490118441015,0.3060858143914929,0.0054774573005046,0.0,canonical epsilon=1e-12; zero-vector effects retained,"population, time axis then sample/feature mean",111,307,437,538,671,34.80206512077183,6.034036440294297,417.3964294300816,0.521745536787602,tables/5_seed_review/gate_per_seed.csv,nan,nan
N-MNIST,SNN-DFA,20260908,H2,completed_epoch_100,results/paper_v9_signal_processing/03_five_seed/checkpoints/dfa_trained/seed_20260908/epoch_100.pt,9aad88592135096912c2e9971ced9f74b63d546bdd69208e989abf481efd833e,basis_eval,512,30,800,same_trained_model_and_neuron_coordinates,True,magnitude_sparsity,0.75,nan,unscaled,nan,0.75,0.75,False,0.0172083615048798,0.0784214205084061,274.9003584259512,2.09742844461798,0.75,0.75,1e-06,0.0768757984042167,0.1215156483876545,0.3061655070625117,0.0055018518285973,0.0,canonical epsilon=1e-12; zero-vector effects retained,"population, time axis then sample/feature mean",112,308,437,539,671,36.13912577176664,6.0440745921826124,421.60741809848224,0.5270092726231028,tables/5_seed_review/gate_per_seed.csv,nan,nan
N-MNIST,SNN-DFA,20260908,H2,completed_epoch_100,results/paper_v9_signal_processing/03_five_seed/checkpoints/dfa_trained/seed_20260908/epoch_100.pt,9aad88592135096912c2e9971ced9f74b63d546bdd69208e989abf481efd833e,basis_eval,512,30,800,same_trained_model_and_neuron_coordinates,True,magnitude_sparsity,0.75,nan,global_frobenius_norm_matched,nan,0.75,0.75,True,0.017208441507356,0.0784217851000466,274.7684020996094,2.097438195855924,0.75,0.75,1e-06,0.0768757984042167,0.1215156483876545,0.3061655070625117,0.0055018518285973,0.0,canonical epsilon=1e-12; zero-vector effects retained,"population, time axis then sample/feature mean",112,308,437,539,671,36.13912577176664,6.0440745921826124,421.60741809848224,0.5270092726231028,tables/5_seed_review/gate_per_seed.csv,nan,nan
N-MNIST,SNN-DFA,20260908,H2,completed_epoch_100,results/paper_v9_signal_processing/03_five_seed/checkpoints/dfa_trained/seed_20260908/epoch_100.pt,9aad88592135096912c2e9971ced9f74b63d546bdd69208e989abf481efd833e,basis_eval,512,30,800,same_trained_model_and_neuron_coordinates,True,magnitude_sparsity,ann_matched,nan,unscaled,nan,0.803372802734375,0.803372802734375,False,0.0168879516852057,0.0784089577482135,274.8566711626798,2.097056655132544,0.803372802734375,0.803372802734375,1e-06,0.0741673782467842,0.1177271114536148,0.3062256665820732,0.0055148370354318,0.0,canonical epsilon=1e-12; zero-vector effects retained,"population, time axis then sample/feature mean",113,309,438,539,672,37.10382513909202,6.051115377690883,424.5863401675959,0.5307329252094949,tables/5_seed_review/gate_per_seed.csv,nan,nan
N-MNIST,SNN-DFA,20260908,H2,completed_epoch_100,results/paper_v9_signal_processing/03_five_seed/checkpoints/dfa_trained/seed_20260908/epoch_100.pt,9aad88592135096912c2e9971ced9f74b63d546bdd69208e989abf481efd833e,basis_eval,512,30,800,same_trained_model_and_neuron_coordinates,True,magnitude_sparsity,ann_matched,nan,global_frobenius_norm_matched,nan,0.803372802734375,0.803372802734375,True,0.0168883221136427,0.0784106776096756,274.76837158203125,2.0971026530095327,0.803372802734375,0.803372802734375,1e-06,0.0741673782467842,0.1177271114536148,0.3062256665820732,0.0055148370354318,0.0,canonical epsilon=1e-12; zero-vector effects retained,"population, time axis then sample/feature mean",113,309,438,539,672,37.10382513909202,6.051115377690883,424.5863401675959,0.5307329252094949,tables/5_seed_review/gate_per_seed.csv,nan,nan
N-MNIST,SNN-DFA,20260908,H3,completed_epoch_100,results/paper_v9_signal_processing/03_five_seed/checkpoints/dfa_trained/seed_20260908/epoch_100.pt,9aad88592135096912c2e9971ced9f74b63d546bdd69208e989abf481efd833e,basis_eval,512,30,800,same_trained_model_and_neuron_coordinates,True,magnitude_sparsity,0,nan,unscaled,nan,0.0,0.0,False,0.0080752498187902,0.0510966494466838,179.11544009525807,1.2686475287219816,0.0,0.0,1e-06,0.0864801332354545,0.1353426659684559,0.4808315073887553,0.002385791022067,0.0,canonical epsilon=1e-12; zero-vector effects retained,"population, time axis then sample/feature mean",95,276,408,522,694,44.877746430415456,5.975161818880248,393.5317768104556,0.4919147210130695,tables/5_seed_review/gate_per_seed.csv,nan,nan
N-MNIST,SNN-DFA,20260908,H3,completed_epoch_100,results/paper_v9_signal_processing/03_five_seed/checkpoints/dfa_trained/seed_20260908/epoch_100.pt,9aad88592135096912c2e9971ced9f74b63d546bdd69208e989abf481efd833e,basis_eval,512,30,800,same_trained_model_and_neuron_coordinates,True,magnitude_sparsity,0,nan,global_frobenius_norm_matched,nan,0.0,0.0,True,0.0080752498187902,0.0510966494466838,179.04067993164062,1.2686475287219816,0.0,0.0,1e-06,0.0864801332354545,0.1353426659684559,0.4808315073887553,0.002385791022067,0.0,canonical epsilon=1e-12; zero-vector effects retained,"population, time axis then sample/feature mean",95,276,408,522,694,44.877746430415456,5.975161818880248,393.5317768104556,0.4919147210130695,tables/5_seed_review/gate_per_seed.csv,nan,nan
N-MNIST,SNN-DFA,20260908,H3,completed_epoch_100,results/paper_v9_signal_processing/03_five_seed/checkpoints/dfa_trained/seed_20260908/epoch_100.pt,9aad88592135096912c2e9971ced9f74b63d546bdd69208e989abf481efd833e,basis_eval,512,30,800,same_trained_model_and_neuron_coordinates,True,magnitude_sparsity,0.25,nan,unscaled,nan,0.25,0.25,False,0.0080233729571496,0.0510965250863561,179.11500415953532,1.268640699971626,0.25,0.25,1e-06,0.0861920639872551,0.1352594971221963,0.4808390607004277,0.0023862718391537,0.0,canonical epsilon=1e-12; zero-vector effects retained,"population, time axis then sample/feature mean",95,276,408,522,694,44.94036256705191,5.9753444384673005,393.6036499835536,0.4920045624794419,tables/5_seed_review/gate_per_seed.csv,nan,nan
N-MNIST,SNN-DFA,20260908,H3,completed_epoch_100,results/paper_v9_signal_processing/03_five_seed/checkpoints/dfa_trained/seed_20260908/epoch_100.pt,9aad88592135096912c2e9971ced9f74b63d546bdd69208e989abf481efd833e,basis_eval,512,30,800,same_trained_model_and_neuron_coordinates,True,magnitude_sparsity,0.25,nan,global_frobenius_norm_matched,nan,0.25,0.25,True,0.0080233729571496,0.0510965250863561,179.04067993164062,1.268640699971626,0.25,0.25,1e-06,0.0861920639872551,0.1352594971221963,0.4808390607004277,0.0023862718391537,0.0,canonical epsilon=1e-12; zero-vector effects retained,"population, time axis then sample/feature mean",95,276,408,522,694,44.94036256705191,5.9753444384673005,393.6036499835536,0.4920045624794419,tables/5_seed_review/gate_per_seed.csv,nan,nan
N-MNIST,SNN-DFA,20260908,H3,completed_epoch_100,results/paper_v9_signal_processing/03_five_seed/checkpoints/dfa_trained/seed_20260908/epoch_100.pt,9aad88592135096912c2e9971ced9f74b63d546bdd69208e989abf481efd833e,basis_eval,512,30,800,same_trained_model_and_neuron_coordinates,True,magnitude_sparsity,0.50,nan,unscaled,nan,0.5,0.5,False,0.0079071124079436,0.0510959803661812,179.11309468415996,1.2686096014586117,0.5,0.5,1e-06,0.0853820741176605,0.1348807442688498,0.4808744531975492,0.0023874534167721,0.0,canonical epsilon=1e-12; zero-vector effects retained,"population, time axis then sample/feature mean",95,276,408,522,694,45.06610961254495,5.975789796973141,393.7789837572992,0.492223729696624,tables/5_seed_review/gate_per_seed.csv,nan,nan
N-MNIST,SNN-DFA,20260908,H3,completed_epoch_100,results/paper_v9_signal_processing/03_five_seed/checkpoints/dfa_trained/seed_20260908/epoch_100.pt,9aad88592135096912c2e9971ced9f74b63d546bdd69208e989abf481efd833e,basis_eval,512,30,800,same_trained_model_and_neuron_coordinates,True,magnitude_sparsity,0.50,nan,global_frobenius_norm_matched,nan,0.5,0.5,True,0.0079071124079436,0.0510959803661812,179.04067993164062,1.2686096014586117,0.5,0.5,1e-06,0.0853820741176605,0.1348807442688498,0.4808744531975492,0.0023874534167721,0.0,canonical epsilon=1e-12; zero-vector effects retained,"population, time axis then sample/feature mean",95,276,408,522,694,45.06610961254495,5.975789796973141,393.7789837572992,0.492223729696624,tables/5_seed_review/gate_per_seed.csv,nan,nan
N-MNIST,SNN-DFA,20260908,H3,completed_epoch_100,results/paper_v9_signal_processing/03_five_seed/checkpoints/dfa_trained/seed_20260908/epoch_100.pt,9aad88592135096912c2e9971ced9f74b63d546bdd69208e989abf481efd833e,basis_eval,512,30,800,same_trained_model_and_neuron_coordinates,True,magnitude_sparsity,0.75,nan,unscaled,nan,0.75,0.75,False,0.0076784054450508,0.0510938127057481,179.1054961144547,1.2685025581009446,0.75,0.75,1e-06,0.0832472741603851,0.1333025942689798,0.4809799043880318,0.0023905696917389,0.0,canonical epsilon=1e-12; zero-vector effects retained,"population, time axis then sample/feature mean",95,276,408,522,694,45.51511360606884,5.977569402447705,394.4803789107801,0.4931004736384751,tables/5_seed_review/gate_per_seed.csv,nan,nan
N-MNIST,SNN-DFA,20260908,H3,completed_epoch_100,results/paper_v9_signal_processing/03_five_seed/checkpoints/dfa_trained/seed_20260908/epoch_100.pt,9aad88592135096912c2e9971ced9f74b63d546bdd69208e989abf481efd833e,basis_eval,512,30,800,same_trained_model_and_neuron_coordinates,True,magnitude_sparsity,0.75,nan,global_frobenius_norm_matched,nan,0.75,0.75,True,0.0076784072613767,0.0510938248585119,179.0406951904297,1.268502859513018,0.75,0.75,1e-06,0.0832472741603851,0.1333025942689798,0.4809799043880318,0.0023905696917389,0.0,canonical epsilon=1e-12; zero-vector effects retained,"population, time axis then sample/feature mean",95,276,408,522,694,45.51511360606884,5.977569402447705,394.4803789107801,0.4931004736384751,tables/5_seed_review/gate_per_seed.csv,nan,nan
N-MNIST,SNN-DFA,20260908,H3,completed_epoch_100,results/paper_v9_signal_processing/03_five_seed/checkpoints/dfa_trained/seed_20260908/epoch_100.pt,9aad88592135096912c2e9971ced9f74b63d546bdd69208e989abf481efd833e,basis_eval,512,30,800,same_trained_model_and_neuron_coordinates,True,magnitude_sparsity,ann_matched,nan,unscaled,nan,0.8771907552083333,0.8771907552083333,False,0.0073824435323876,0.0510864220359083,179.07958868030056,1.2682238070947045,0.8771907552083333,0.8771907552083333,1e-06,0.0788789093494415,0.1282606740551486,0.4811682725504803,0.0023965960824661,0.0,canonical epsilon=1e-12; zero-vector effects retained,"population, time axis then sample/feature mean",95,277,409,523,694,46.90353044562387,5.983632539127324,396.8794329122777,0.4960992911403471,tables/5_seed_review/gate_per_seed.csv,nan,nan
N-MNIST,SNN-DFA,20260908,H3,completed_epoch_100,results/paper_v9_signal_processing/03_five_seed/checkpoints/dfa_trained/seed_20260908/epoch_100.pt,9aad88592135096912c2e9971ced9f74b63d546bdd69208e989abf481efd833e,basis_eval,512,30,800,same_trained_model_and_neuron_coordinates,True,magnitude_sparsity,ann_matched,nan,global_frobenius_norm_matched,nan,0.8771907552083333,0.8771907552083333,True,0.0073825068965426,0.0510868605165067,179.0406951904297,1.2682346924493606,0.8771907552083333,0.8771907552083333,1e-06,0.0788789093494415,0.1282606740551486,0.4811682725504803,0.0023965960824661,0.0,canonical epsilon=1e-12; zero-vector effects retained,"population, time axis then sample/feature mean",95,277,409,523,694,46.90353044562387,5.983632539127324,396.8794329122777,0.4960992911403471,tables/5_seed_review/gate_per_seed.csv,nan,nan
N-MNIST,SNN-DFA,20260909,H1,completed_epoch_100,results/paper_v9_signal_processing/03_five_seed/checkpoints/dfa_trained/seed_20260909/epoch_100.pt,0800c9e1ee7b4cf64c5099e83f65ae2c8adb1bf072ccdaa45be9f1911ae9bad7,basis_eval,512,30,800,same_trained_model_and_neuron_coordinates,True,magnitude_sparsity,0,nan,unscaled,nan,0.0,0.0,False,0.0125399515634074,0.0648233262756018,227.23326754345996,1.7708581180841363,0.0,0.0,1e-06,0.0577606633305549,0.10571942270405,0.2088612055919909,0.0038148680434816,0.0,canonical epsilon=1e-12; zero-vector effects retained,"population, time axis then sample/feature mean",126,325,451,550,683,52.49342029089328,6.1395231779636426,463.83235263569344,0.5797904407946168,tables/5_seed_review/gate_per_seed.csv,nan,nan
N-MNIST,SNN-DFA,20260909,H1,completed_epoch_100,results/paper_v9_signal_processing/03_five_seed/checkpoints/dfa_trained/seed_20260909/epoch_100.pt,0800c9e1ee7b4cf64c5099e83f65ae2c8adb1bf072ccdaa45be9f1911ae9bad7,basis_eval,512,30,800,same_trained_model_and_neuron_coordinates,True,magnitude_sparsity,0,nan,global_frobenius_norm_matched,nan,0.0,0.0,True,0.0125399515634074,0.0648233262756018,227.12503051757807,1.7708581180841363,0.0,0.0,1e-06,0.0577606633305549,0.10571942270405,0.2088612055919909,0.0038148680434816,0.0,canonical epsilon=1e-12; zero-vector effects retained,"population, time axis then sample/feature mean",126,325,451,550,683,52.49342029089328,6.1395231779636426,463.83235263569344,0.5797904407946168,tables/5_seed_review/gate_per_seed.csv,nan,nan
N-MNIST,SNN-DFA,20260909,H1,completed_epoch_100,results/paper_v9_signal_processing/03_five_seed/checkpoints/dfa_trained/seed_20260909/epoch_100.pt,0800c9e1ee7b4cf64c5099e83f65ae2c8adb1bf072ccdaa45be9f1911ae9bad7,basis_eval,512,30,800,same_trained_model_and_neuron_coordinates,True,magnitude_sparsity,0.25,nan,unscaled,nan,0.25,0.25,False,0.012524902967961,0.0648233170050331,227.23323504618395,1.7708578033077558,0.25,0.25,1e-06,0.0576985478401184,0.1057140543578175,0.2088613124230094,0.0038150548234873,0.0,canonical epsilon=1e-12; zero-vector effects retained,"population, time axis then sample/feature mean",126,325,451,550,683,52.50862241776763,6.139607830722209,463.8716189858354,0.5798395237322943,tables/5_seed_review/gate_per_seed.csv,nan,nan
N-MNIST,SNN-DFA,20260909,H1,completed_epoch_100,results/paper_v9_signal_processing/03_five_seed/checkpoints/dfa_trained/seed_20260909/epoch_100.pt,0800c9e1ee7b4cf64c5099e83f65ae2c8adb1bf072ccdaa45be9f1911ae9bad7,basis_eval,512,30,800,same_trained_model_and_neuron_coordinates,True,magnitude_sparsity,0.25,nan,global_frobenius_norm_matched,nan,0.25,0.25,True,0.012524902967961,0.0648233170050331,227.12503051757807,1.7708578033077558,0.25,0.25,1e-06,0.0576985478401184,0.1057140543578175,0.2088613124230094,0.0038150548234873,0.0,canonical epsilon=1e-12; zero-vector effects retained,"population, time axis then sample/feature mean",126,325,451,550,683,52.50862241776763,6.139607830722209,463.8716189858354,0.5798395237322943,tables/5_seed_review/gate_per_seed.csv,nan,nan
N-MNIST,SNN-DFA,20260909,H1,completed_epoch_100,results/paper_v9_signal_processing/03_five_seed/checkpoints/dfa_trained/seed_20260909/epoch_100.pt,0800c9e1ee7b4cf64c5099e83f65ae2c8adb1bf072ccdaa45be9f1911ae9bad7,basis_eval,512,30,800,same_trained_model_and_neuron_coordinates,True,magnitude_sparsity,0.50,nan,unscaled,nan,0.5,0.5,False,0.012454970667742,0.0648231447281786,227.2326311427008,1.770852257903138,0.5,0.5,1e-06,0.0572709143161773,0.1055388669391717,0.2088629286514558,0.0038164883162425,0.0,canonical epsilon=1e-12; zero-vector effects retained,"population, time axis then sample/feature mean",126,325,451,550,683,52.67483417734721,6.140326825588099,464.2052602271151,0.5802565752838938,tables/5_seed_review/gate_per_seed.csv,nan,nan
N-MNIST,SNN-DFA,20260909,H1,completed_epoch_100,results/paper_v9_signal_processing/03_five_seed/checkpoints/dfa_trained/seed_20260909/epoch_100.pt,0800c9e1ee7b4cf64c5099e83f65ae2c8adb1bf072ccdaa45be9f1911ae9bad7,basis_eval,512,30,800,same_trained_model_and_neuron_coordinates,True,magnitude_sparsity,0.50,nan,global_frobenius_norm_matched,nan,0.5,0.5,True,0.012454970667742,0.0648231447281786,227.12503051757807,1.770852257903138,0.5,0.5,1e-06,0.0572709143161773,0.1055388669391717,0.2088629286514558,0.0038164883162425,0.0,canonical epsilon=1e-12; zero-vector effects retained,"population, time axis then sample/feature mean",126,325,451,550,683,52.67483417734721,6.140326825588099,464.2052602271151,0.5802565752838938,tables/5_seed_review/gate_per_seed.csv,nan,nan
N-MNIST,SNN-DFA,20260909,H1,completed_epoch_100,results/paper_v9_signal_processing/03_five_seed/checkpoints/dfa_trained/seed_20260909/epoch_100.pt,0800c9e1ee7b4cf64c5099e83f65ae2c8adb1bf072ccdaa45be9f1911ae9bad7,basis_eval,512,30,800,same_trained_model_and_neuron_coordinates,True,magnitude_sparsity,0.75,nan,unscaled,nan,0.75,0.75,False,0.012169779447954,0.0648201335552596,227.22207570377387,1.7707609524886427,0.75,0.75,1e-06,0.0550831109285354,0.1030840267216815,0.2088844993897298,0.0038244932834408,0.0,canonical epsilon=1e-12; zero-vector effects retained,"population, time axis then sample/feature mean",127,326,452,550,683,53.98342489080717,6.144855008550756,466.31203290387344,0.5828900411298418,tables/5_seed_review/gate_per_seed.csv,nan,nan
N-MNIST,SNN-DFA,20260909,H1,completed_epoch_100,results/paper_v9_signal_processing/03_five_seed/checkpoints/dfa_trained/seed_20260909/epoch_100.pt,0800c9e1ee7b4cf64c5099e83f65ae2c8adb1bf072ccdaa45be9f1911ae9bad7,basis_eval,512,30,800,same_trained_model_and_neuron_coordinates,True,magnitude_sparsity,0.75,nan,global_frobenius_norm_matched,nan,0.75,0.75,True,0.0121697866922114,0.0648201721752493,227.1250457763672,1.7707620074036865,0.75,0.75,1e-06,0.0550831109285354,0.1030840267216815,0.2088844993897298,0.0038244932834408,0.0,canonical epsilon=1e-12; zero-vector effects retained,"population, time axis then sample/feature mean",127,326,452,550,683,53.98342489080717,6.144855008550756,466.31203290387344,0.5828900411298418,tables/5_seed_review/gate_per_seed.csv,nan,nan
N-MNIST,SNN-DFA,20260909,H1,completed_epoch_100,results/paper_v9_signal_processing/03_five_seed/checkpoints/dfa_trained/seed_20260909/epoch_100.pt,0800c9e1ee7b4cf64c5099e83f65ae2c8adb1bf072ccdaa45be9f1911ae9bad7,basis_eval,512,30,800,same_trained_model_and_neuron_coordinates,True,magnitude_sparsity,ann_matched,nan,unscaled,nan,0.8980546875,0.8980546875,False,0.0113523338311683,0.064776688467673,227.0697822350756,1.7694761586034262,0.8980546875,0.8980546875,1e-06,0.0481469333171844,0.09127295317886,0.2091536479898014,0.0038477671580788,0.0,canonical epsilon=1e-12; zero-vector effects retained,"population, time axis then sample/feature mean",129,328,453,551,684,59.72805673431943,6.160360773967713,473.5989061737166,0.5919986327171458,tables/5_seed_review/gate_per_seed.csv,nan,nan
N-MNIST,SNN-DFA,20260909,H1,completed_epoch_100,results/paper_v9_signal_processing/03_five_seed/checkpoints/dfa_trained/seed_20260909/epoch_100.pt,0800c9e1ee7b4cf64c5099e83f65ae2c8adb1bf072ccdaa45be9f1911ae9bad7,basis_eval,512,30,800,same_trained_model_and_neuron_coordinates,True,magnitude_sparsity,ann_matched,nan,global_frobenius_norm_matched,nan,0.8980546875,0.8980546875,True,0.0113551432894103,0.0647927193025203,227.1249084472656,1.769914065816494,0.8980546875,0.8980546875,1e-06,0.0481469333171844,0.09127295317886,0.2091536479898014,0.0038477671580788,0.0,canonical epsilon=1e-12; zero-vector effects retained,"population, time axis then sample/feature mean",129,328,453,551,684,59.72805673431943,6.160360773967713,473.5989061737166,0.5919986327171458,tables/5_seed_review/gate_per_seed.csv,nan,nan
N-MNIST,SNN-DFA,20260909,H2,completed_epoch_100,results/paper_v9_signal_processing/03_five_seed/checkpoints/dfa_trained/seed_20260909/epoch_100.pt,0800c9e1ee7b4cf64c5099e83f65ae2c8adb1bf072ccdaa45be9f1911ae9bad7,basis_eval,512,30,800,same_trained_model_and_neuron_coordinates,True,magnitude_sparsity,0,nan,unscaled,nan,0.0,0.0,False,0.0187023040796299,0.0798131234254295,279.7788677443478,2.1278719393064502,0.0,0.0,1e-06,0.0862229540944099,0.1306824314420197,0.3143915440178949,0.0056491428788165,0.0,canonical epsilon=1e-12; zero-vector effects retained,"population, time axis then sample/feature mean",104,300,432,536,674,33.98108993861835,5.992686556518867,400.4891025474471,0.5006113781843089,tables/5_seed_review/gate_per_seed.csv,nan,nan
N-MNIST,SNN-DFA,20260909,H2,completed_epoch_100,results/paper_v9_signal_processing/03_five_seed/checkpoints/dfa_trained/seed_20260909/epoch_100.pt,0800c9e1ee7b4cf64c5099e83f65ae2c8adb1bf072ccdaa45be9f1911ae9bad7,basis_eval,512,30,800,same_trained_model_and_neuron_coordinates,True,magnitude_sparsity,0,nan,global_frobenius_norm_matched,nan,0.0,0.0,True,0.0187023040796299,0.0798131234254295,279.59295654296875,2.1278719393064502,0.0,0.0,1e-06,0.0862229540944099,0.1306824314420197,0.3143915440178949,0.0056491428788165,0.0,canonical epsilon=1e-12; zero-vector effects retained,"population, time axis then sample/feature mean",104,300,432,536,674,33.98108993861835,5.992686556518867,400.4891025474471,0.5006113781843089,tables/5_seed_review/gate_per_seed.csv,nan,nan
N-MNIST,SNN-DFA,20260909,H2,completed_epoch_100,results/paper_v9_signal_processing/03_five_seed/checkpoints/dfa_trained/seed_20260909/epoch_100.pt,0800c9e1ee7b4cf64c5099e83f65ae2c8adb1bf072ccdaa45be9f1911ae9bad7,basis_eval,512,30,800,same_trained_model_and_neuron_coordinates,True,magnitude_sparsity,0.25,nan,unscaled,nan,0.25,0.25,False,0.0186488304995181,0.0798130103050897,279.77847120955295,2.127866872066969,0.25,0.25,1e-06,0.0859063640236854,0.1306257453828635,0.3143945021396173,0.0056504056995726,0.0,canonical epsilon=1e-12; zero-vector effects retained,"population, time axis then sample/feature mean",104,300,432,536,674,33.99387687546083,5.992844461719596,400.5523468527453,0.5006904335659317,tables/5_seed_review/gate_per_seed.csv,nan,nan
N-MNIST,SNN-DFA,20260909,H2,completed_epoch_100,results/paper_v9_signal_processing/03_five_seed/checkpoints/dfa_trained/seed_20260909/epoch_100.pt,0800c9e1ee7b4cf64c5099e83f65ae2c8adb1bf072ccdaa45be9f1911ae9bad7,basis_eval,512,30,800,same_trained_model_and_neuron_coordinates,True,magnitude_sparsity,0.25,nan,global_frobenius_norm_matched,nan,0.25,0.25,True,0.0186488304995181,0.0798130103050897,279.59295654296875,2.127866872066969,0.25,0.25,1e-06,0.0859063640236854,0.1306257453828635,0.3143945021396173,0.0056504056995726,0.0,canonical epsilon=1e-12; zero-vector effects retained,"population, time axis then sample/feature mean",104,300,432,536,674,33.99387687546083,5.992844461719596,400.5523468527453,0.5006904335659317,tables/5_seed_review/gate_per_seed.csv,nan,nan
N-MNIST,SNN-DFA,20260909,H2,completed_epoch_100,results/paper_v9_signal_processing/03_five_seed/checkpoints/dfa_trained/seed_20260909/epoch_100.pt,0800c9e1ee7b4cf64c5099e83f65ae2c8adb1bf072ccdaa45be9f1911ae9bad7,basis_eval,512,30,800,same_trained_model_and_neuron_coordinates,True,magnitude_sparsity,0.50,nan,unscaled,nan,0.5,0.5,False,0.0184363259075099,0.0798117852763889,279.7741769640936,2.127821709933297,0.5,0.5,1e-06,0.0844599604606628,0.1298110750338045,0.3144123981997194,0.0056571650436879,0.0,canonical epsilon=1e-12; zero-vector effects retained,"population, time axis then sample/feature mean",104,300,432,536,674,34.12590793026353,5.994286353517639,401.1303165811289,0.5014128957264111,tables/5_seed_review/gate_per_seed.csv,nan,nan
N-MNIST,SNN-DFA,20260909,H2,completed_epoch_100,results/paper_v9_signal_processing/03_five_seed/checkpoints/dfa_trained/seed_20260909/epoch_100.pt,0800c9e1ee7b4cf64c5099e83f65ae2c8adb1bf072ccdaa45be9f1911ae9bad7,basis_eval,512,30,800,same_trained_model_and_neuron_coordinates,True,magnitude_sparsity,0.50,nan,global_frobenius_norm_matched,nan,0.5,0.5,True,0.0184363259075099,0.0798117852763889,279.59295654296875,2.127821709933297,0.5,0.5,1e-06,0.0844599604606628,0.1298110750338045,0.3144123981997194,0.0056571650436879,0.0,canonical epsilon=1e-12; zero-vector effects retained,"population, time axis then sample/feature mean",104,300,432,536,674,34.12590793026353,5.994286353517639,401.1303165811289,0.5014128957264111,tables/5_seed_review/gate_per_seed.csv,nan,nan
N-MNIST,SNN-DFA,20260909,H2,completed_epoch_100,results/paper_v9_signal_processing/03_five_seed/checkpoints/dfa_trained/seed_20260909/epoch_100.pt,0800c9e1ee7b4cf64c5099e83f65ae2c8adb1bf072ccdaa45be9f1911ae9bad7,basis_eval,512,30,800,same_trained_model_and_neuron_coordinates,True,magnitude_sparsity,0.75,nan,unscaled,nan,0.75,0.75,False,0.0177709457446156,0.079799004246792,279.7293740314953,2.1274211389367874,0.75,0.75,1e-06,0.0792075395584106,0.1239154467944905,0.3144995420181077,0.0056837565592313,0.0,canonical epsilon=1e-12; zero-vector effects retained,"population, time axis then sample/feature mean",105,301,433,537,674,35.21058615528512,6.004900518449785,405.410655848727,0.5067633198109087,tables/5_seed_review/gate_per_seed.csv,nan,nan
N-MNIST,SNN-DFA,20260909,H2,completed_epoch_100,results/paper_v9_signal_processing/03_five_seed/checkpoints/dfa_trained/seed_20260909/epoch_100.pt,0800c9e1ee7b4cf64c5099e83f65ae2c8adb1bf072ccdaa45be9f1911ae9bad7,basis_eval,512,30,800,same_trained_model_and_neuron_coordinates,True,magnitude_sparsity,0.75,nan,global_frobenius_norm_matched,nan,0.75,0.75,True,0.0177710431929942,0.0797994418334239,279.59295654296875,2.1274328048980373,0.75,0.75,1e-06,0.0792075395584106,0.1239154467944905,0.3144995420181077,0.0056837565592313,0.0,canonical epsilon=1e-12; zero-vector effects retained,"population, time axis then sample/feature mean",105,301,433,537,674,35.21058615528512,6.004900518449785,405.410655848727,0.5067633198109087,tables/5_seed_review/gate_per_seed.csv,nan,nan
N-MNIST,SNN-DFA,20260909,H2,completed_epoch_100,results/paper_v9_signal_processing/03_five_seed/checkpoints/dfa_trained/seed_20260909/epoch_100.pt,0800c9e1ee7b4cf64c5099e83f65ae2c8adb1bf072ccdaa45be9f1911ae9bad7,basis_eval,512,30,800,same_trained_model_and_neuron_coordinates,True,magnitude_sparsity,ann_matched,nan,unscaled,nan,0.770538330078125,0.770538330078125,False,0.0176567780954359,0.0797950195406793,279.71540594558724,2.127301585400217,0.770538330078125,0.770538330078125,1e-06,0.0782602354884147,0.1226352207702408,0.314519500554233,0.0056885044378915,0.0,canonical epsilon=1e-12; zero-vector effects retained,"population, time axis then sample/feature mean",105,301,433,537,674,35.476981779881086,6.007324773849118,406.3946670854717,0.5079933338568396,tables/5_seed_review/gate_per_seed.csv,nan,nan
N-MNIST,SNN-DFA,20260909,H2,completed_epoch_100,results/paper_v9_signal_processing/03_five_seed/checkpoints/dfa_trained/seed_20260909/epoch_100.pt,0800c9e1ee7b4cf64c5099e83f65ae2c8adb1bf072ccdaa45be9f1911ae9bad7,basis_eval,512,30,800,same_trained_model_and_neuron_coordinates,True,magnitude_sparsity,ann_matched,nan,global_frobenius_norm_matched,nan,0.770538330078125,0.770538330078125,True,0.0176569612172739,0.0797958471130371,279.59295654296875,2.1273236481661613,0.770538330078125,0.770538330078125,1e-06,0.0782602354884147,0.1226352207702408,0.314519500554233,0.0056885044378915,0.0,canonical epsilon=1e-12; zero-vector effects retained,"population, time axis then sample/feature mean",105,301,433,537,674,35.476981779881086,6.007324773849118,406.3946670854717,0.5079933338568396,tables/5_seed_review/gate_per_seed.csv,nan,nan
N-MNIST,SNN-DFA,20260909,H3,completed_epoch_100,results/paper_v9_signal_processing/03_five_seed/checkpoints/dfa_trained/seed_20260909/epoch_100.pt,0800c9e1ee7b4cf64c5099e83f65ae2c8adb1bf072ccdaa45be9f1911ae9bad7,basis_eval,512,30,800,same_trained_model_and_neuron_coordinates,True,magnitude_sparsity,0,nan,unscaled,nan,0.0,0.0,False,0.0076949526751224,0.0496889647003527,174.18090768295752,1.2293457530347984,0.0,0.0,1e-06,0.085133671760559,0.1321142973336983,0.4941190481245318,0.0022607538422988,0.0,canonical epsilon=1e-12; zero-vector effects retained,"population, time axis then sample/feature mean",90,269,402,517,686,36.91713315621613,5.942550290120197,380.9051104307971,0.4761313880384963,tables/5_seed_review/gate_per_seed.csv,nan,nan
N-MNIST,SNN-DFA,20260909,H3,completed_epoch_100,results/paper_v9_signal_processing/03_five_seed/checkpoints/dfa_trained/seed_20260909/epoch_100.pt,0800c9e1ee7b4cf64c5099e83f65ae2c8adb1bf072ccdaa45be9f1911ae9bad7,basis_eval,512,30,800,same_trained_model_and_neuron_coordinates,True,magnitude_sparsity,0,nan,global_frobenius_norm_matched,nan,0.0,0.0,True,0.0076949526751224,0.0496889647003527,174.10935974121094,1.2293457530347984,0.0,0.0,1e-06,0.085133671760559,0.1321142973336983,0.4941190481245318,0.0022607538422988,0.0,canonical epsilon=1e-12; zero-vector effects retained,"population, time axis then sample/feature mean",90,269,402,517,686,36.91713315621613,5.942550290120197,380.9051104307971,0.4761313880384963,tables/5_seed_review/gate_per_seed.csv,nan,nan
N-MNIST,SNN-DFA,20260909,H3,completed_epoch_100,results/paper_v9_signal_processing/03_five_seed/checkpoints/dfa_trained/seed_20260909/epoch_100.pt,0800c9e1ee7b4cf64c5099e83f65ae2c8adb1bf072ccdaa45be9f1911ae9bad7,basis_eval,512,30,800,same_trained_model_and_neuron_coordinates,True,magnitude_sparsity,0.25,nan,unscaled,nan,0.25,0.25,False,0.0076484969814995,0.0496888574966708,174.18053188855947,1.229339747337886,0.25,0.25,1e-06,0.0848631933331489,0.1320373068978396,0.4941260796420638,0.0022611766575091,0.0,canonical epsilon=1e-12; zero-vector effects retained,"population, time axis then sample/feature mean",90,269,402,517,686,36.94491775271039,5.94272040745699,380.9699145057466,0.4762123931321833,tables/5_seed_review/gate_per_seed.csv,nan,nan
N-MNIST,SNN-DFA,20260909,H3,completed_epoch_100,results/paper_v9_signal_processing/03_five_seed/checkpoints/dfa_trained/seed_20260909/epoch_100.pt,0800c9e1ee7b4cf64c5099e83f65ae2c8adb1bf072ccdaa45be9f1911ae9bad7,basis_eval,512,30,800,same_trained_model_and_neuron_coordinates,True,magnitude_sparsity,0.25,nan,global_frobenius_norm_matched,nan,0.25,0.25,True,0.0076484969814995,0.0496888574966708,174.10935974121094,1.229339747337886,0.25,0.25,1e-06,0.0848631933331489,0.1320373068978396,0.4941260796420638,0.0022611766575091,0.0,canonical epsilon=1e-12; zero-vector effects retained,"population, time axis then sample/feature mean",90,269,402,517,686,36.94491775271039,5.94272040745699,380.9699145057466,0.4762123931321833,tables/5_seed_review/gate_per_seed.csv,nan,nan
N-MNIST,SNN-DFA,20260909,H3,completed_epoch_100,results/paper_v9_signal_processing/03_five_seed/checkpoints/dfa_trained/seed_20260909/epoch_100.pt,0800c9e1ee7b4cf64c5099e83f65ae2c8adb1bf072ccdaa45be9f1911ae9bad7,basis_eval,512,30,800,same_trained_model_and_neuron_coordinates,True,magnitude_sparsity,0.50,nan,unscaled,nan,0.5,0.5,False,0.0075385367523534,0.0496883558337286,174.1787733470565,1.229309986966425,0.5,0.5,1e-06,0.0840412303805351,0.1316545007021672,0.4941624233510669,0.0022622722742062,0.0,canonical epsilon=1e-12; zero-vector effects retained,"population, time axis then sample/feature mean",90,269,403,517,686,37.01160540843675,5.943158741959803,381.1369433683905,0.4764211792104881,tables/5_seed_review/gate_per_seed.csv,nan,nan
N-MNIST,SNN-DFA,20260909,H3,completed_epoch_100,results/paper_v9_signal_processing/03_five_seed/checkpoints/dfa_trained/seed_20260909/epoch_100.pt,0800c9e1ee7b4cf64c5099e83f65ae2c8adb1bf072ccdaa45be9f1911ae9bad7,basis_eval,512,30,800,same_trained_model_and_neuron_coordinates,True,magnitude_sparsity,0.50,nan,global_frobenius_norm_matched,nan,0.5,0.5,True,0.0075385367523534,0.0496883558337286,174.10935974121094,1.229309986966425,0.5,0.5,1e-06,0.0840412303805351,0.1316545007021672,0.4941624233510669,0.0022622722742062,0.0,canonical epsilon=1e-12; zero-vector effects retained,"population, time axis then sample/feature mean",90,269,403,517,686,37.01160540843675,5.943158741959803,381.1369433683905,0.4764211792104881,tables/5_seed_review/gate_per_seed.csv,nan,nan
N-MNIST,SNN-DFA,20260909,H3,completed_epoch_100,results/paper_v9_signal_processing/03_five_seed/checkpoints/dfa_trained/seed_20260909/epoch_100.pt,0800c9e1ee7b4cf64c5099e83f65ae2c8adb1bf072ccdaa45be9f1911ae9bad7,basis_eval,512,30,800,same_trained_model_and_neuron_coordinates,True,magnitude_sparsity,0.75,nan,unscaled,nan,0.75,0.75,False,0.0073214462000888,0.0496863493405292,174.1717397369005,1.2292075945793597,0.75,0.75,1e-06,0.0819085985422134,0.1300828895397189,0.4942706390601298,0.0022651112140113,0.0,canonical epsilon=1e-12; zero-vector effects retained,"population, time axis then sample/feature mean",90,270,403,517,686,37.24960103591599,5.944836920674501,381.7770962693848,0.4772213703367309,tables/5_seed_review/gate_per_seed.csv,nan,nan
N-MNIST,SNN-DFA,20260909,H3,completed_epoch_100,results/paper_v9_signal_processing/03_five_seed/checkpoints/dfa_trained/seed_20260909/epoch_100.pt,0800c9e1ee7b4cf64c5099e83f65ae2c8adb1bf072ccdaa45be9f1911ae9bad7,basis_eval,512,30,800,same_trained_model_and_neuron_coordinates,True,magnitude_sparsity,0.75,nan,global_frobenius_norm_matched,nan,0.75,0.75,True,0.0073214470487072,0.0496863552096182,174.10934448242188,1.2292077392079852,0.75,0.75,1e-06,0.0819085985422134,0.1300828895397189,0.4942706390601298,0.0022651112140113,0.0,canonical epsilon=1e-12; zero-vector effects retained,"population, time axis then sample/feature mean",90,270,403,517,686,37.24960103591599,5.944836920674501,381.7770962693848,0.4772213703367309,tables/5_seed_review/gate_per_seed.csv,nan,nan
N-MNIST,SNN-DFA,20260909,H3,completed_epoch_100,results/paper_v9_signal_processing/03_five_seed/checkpoints/dfa_trained/seed_20260909/epoch_100.pt,0800c9e1ee7b4cf64c5099e83f65ae2c8adb1bf072ccdaa45be9f1911ae9bad7,basis_eval,512,30,800,same_trained_model_and_neuron_coordinates,True,magnitude_sparsity,ann_matched,nan,unscaled,nan,0.881057861328125,0.881057861328125,False,0.0070300211218336,0.0496791544167018,174.14651847558946,1.2289289922628484,0.881057861328125,0.881057861328125,1e-06,0.0774337798357009,0.1249126434167601,0.4944758306534679,0.0022707303895232,0.0,canonical epsilon=1e-12; zero-vector effects retained,"population, time axis then sample/feature mean",91,270,403,518,687,38.01804559386021,5.950525831635383,383.95518176996393,0.4799439772124549,tables/5_seed_review/gate_per_seed.csv,nan,nan
N-MNIST,SNN-DFA,20260909,H3,completed_epoch_100,results/paper_v9_signal_processing/03_five_seed/checkpoints/dfa_trained/seed_20260909/epoch_100.pt,0800c9e1ee7b4cf64c5099e83f65ae2c8adb1bf072ccdaa45be9f1911ae9bad7,basis_eval,512,30,800,same_trained_model_and_neuron_coordinates,True,magnitude_sparsity,ann_matched,nan,global_frobenius_norm_matched,nan,0.881057861328125,0.881057861328125,True,0.0070300772707962,0.0496795512090855,174.10934448242188,1.228938807865011,0.881057861328125,0.881057861328125,1e-06,0.0774337798357009,0.1249126434167601,0.4944758306534679,0.0022707303895232,0.0,canonical epsilon=1e-12; zero-vector effects retained,"population, time axis then sample/feature mean",91,270,403,518,687,38.01804559386021,5.950525831635383,383.95518176996393,0.4799439772124549,tables/5_seed_review/gate_per_seed.csv,nan,nan
