dataset,source_model,seed,layer,checkpoint,checkpoint_file,checkpoint_sha256,probe_split,N,T,D,coordinate_system,offline_only,family,condition,alpha,scale_mode,mask_seed,target_zero_fraction,achieved_zero_fraction,spectrum_reused_by_scale_invariance,mean_abs_g,rms_g,l2_norm_all_T_N_D,mean_per_sample_timestep_l2,exact_zero_fraction,near_zero_fraction,near_zero_threshold,temporal_gate_cosine,adjacent_timestep_cosine,norm_cv_over_time,gate_temporal_variance,zero_norm_fraction,cosine_definition,variance_definition,r50,r80,r90,r95,r99,stable_rank,spectral_entropy,entropy_effective_rank,normalized_entropy_effective_rank,ann_target_source,mask_replicate,marginal_preservation_check
N-MNIST,SNN-DFA,20260830,H1,completed_epoch_100,results/experiment03_soft_spectral/experiment03_20260831_server/checkpoints/full_dense/seed_20260830/epoch_100.pt,b8f2c8c95c5944358405d35f2d38dcb293461fa1e8641e9e6cb29ab98e39a534,basis_eval,512,30,800,same_trained_model_and_neuron_coordinates,True,random_sparsity,0,nan,global_frobenius_norm_matched,204635183000.0,0.0,0.0,False,0.0127105540999767,0.0652341079733922,228.6732317168419,1.7826870602967266,0.0,0.0,1e-06,0.0579969622194767,0.1062942856767887,0.2095539911255044,0.0038617148578147,0.0,canonical epsilon=1e-12; zero-vector effects retained,"population, time axis then sample/feature mean",124,321,448,546,680,43.271599085746814,6.124434206395464,456.8861368711281,0.5711076710889101,tables/5_seed_review/gate_per_seed.csv,0.0,nan
N-MNIST,SNN-DFA,20260830,H1,completed_epoch_100,results/experiment03_soft_spectral/experiment03_20260831_server/checkpoints/full_dense/seed_20260830/epoch_100.pt,b8f2c8c95c5944358405d35f2d38dcb293461fa1e8641e9e6cb29ab98e39a534,basis_eval,512,30,800,same_trained_model_and_neuron_coordinates,True,random_sparsity,0.25,nan,global_frobenius_norm_matched,204635183000.0,0.25,0.25,False,0.0110061677412868,0.0652279237051095,228.65155323210237,1.7716688021901652,0.25,0.25,1e-06,0.0442021451890468,0.0810369313118738,0.2370393626874381,0.0039238500334939,0.0,canonical epsilon=1e-12; zero-vector effects retained,"population, time axis then sample/feature mean",126,323,449,547,679,55.49348201730131,6.151889211116179,469.603729860849,0.5870046623260613,tables/5_seed_review/gate_per_seed.csv,0.0,nan
N-MNIST,SNN-DFA,20260830,H1,completed_epoch_100,results/experiment03_soft_spectral/experiment03_20260831_server/checkpoints/full_dense/seed_20260830/epoch_100.pt,b8f2c8c95c5944358405d35f2d38dcb293461fa1e8641e9e6cb29ab98e39a534,basis_eval,512,30,800,same_trained_model_and_neuron_coordinates,True,random_sparsity,0.50,nan,global_frobenius_norm_matched,204635183000.0,0.5,0.5,False,0.0089837166886591,0.0652208716600301,228.62683282143536,1.7505532957286098,0.5,0.5,1e-06,0.0304758492857217,0.0558981422808893,0.2860549283192984,0.0039862371303482,0.0,canonical epsilon=1e-12; zero-vector effects retained,"population, time axis then sample/feature mean",125,317,442,540,675,71.70963126932006,6.149304506204697,468.3915100839056,0.585489387604882,tables/5_seed_review/gate_per_seed.csv,0.0,nan
N-MNIST,SNN-DFA,20260830,H1,completed_epoch_100,results/experiment03_soft_spectral/experiment03_20260831_server/checkpoints/full_dense/seed_20260830/epoch_100.pt,b8f2c8c95c5944358405d35f2d38dcb293461fa1e8641e9e6cb29ab98e39a534,basis_eval,512,30,800,same_trained_model_and_neuron_coordinates,True,random_sparsity,0.75,nan,global_frobenius_norm_matched,204635183000.0,0.75,0.75,False,0.0063503056900066,0.065213109160399,228.5996219660682,1.6870674516958637,0.75,0.75,1e-06,0.0169311147183179,0.0315885551469622,0.4060460893605683,0.0040489350665115,0.0,canonical epsilon=1e-12; zero-vector effects retained,"population, time axis then sample/feature mean",123,311,434,531,667,80.60114292385829,6.13623786525292,462.31101870912624,0.5778887733864078,tables/5_seed_review/gate_per_seed.csv,0.0,nan
N-MNIST,SNN-DFA,20260830,H1,completed_epoch_100,results/experiment03_soft_spectral/experiment03_20260831_server/checkpoints/full_dense/seed_20260830/epoch_100.pt,b8f2c8c95c5944358405d35f2d38dcb293461fa1e8641e9e6cb29ab98e39a534,basis_eval,512,30,800,same_trained_model_and_neuron_coordinates,True,random_sparsity,ann_matched,nan,global_frobenius_norm_matched,204635183000.0,0.8526092936197917,0.8526092936197917,False,0.0048741223731879,0.065209156706404,228.5857669375187,1.608758216604291,0.8526092936197917,0.8526092936197917,1e-06,0.0114638227969408,0.0205721837952095,0.5312458020578275,0.0040743319249879,0.0,canonical epsilon=1e-12; zero-vector effects retained,"population, time axis then sample/feature mean",109,293,415,513,655,56.00452825953848,6.0605405379409145,428.6070526287813,0.5357588157859766,tables/5_seed_review/gate_per_seed.csv,0.0,nan
N-MNIST,SNN-DFA,20260830,H1,completed_epoch_100,results/experiment03_soft_spectral/experiment03_20260831_server/checkpoints/full_dense/seed_20260830/epoch_100.pt,b8f2c8c95c5944358405d35f2d38dcb293461fa1e8641e9e6cb29ab98e39a534,basis_eval,512,30,800,same_trained_model_and_neuron_coordinates,True,random_sparsity,0,nan,global_frobenius_norm_matched,204635183001.0,0.0,0.0,False,0.0127105540999767,0.0652341079733922,228.6732317168419,1.7826870602967266,0.0,0.0,1e-06,0.0579969622194767,0.1062942856767887,0.2095539911255044,0.0038617148578147,0.0,canonical epsilon=1e-12; zero-vector effects retained,"population, time axis then sample/feature mean",124,321,448,546,680,43.271599085746814,6.124434206395464,456.8861368711281,0.5711076710889101,tables/5_seed_review/gate_per_seed.csv,1.0,nan
N-MNIST,SNN-DFA,20260830,H1,completed_epoch_100,results/experiment03_soft_spectral/experiment03_20260831_server/checkpoints/full_dense/seed_20260830/epoch_100.pt,b8f2c8c95c5944358405d35f2d38dcb293461fa1e8641e9e6cb29ab98e39a534,basis_eval,512,30,800,same_trained_model_and_neuron_coordinates,True,random_sparsity,0.25,nan,global_frobenius_norm_matched,204635183001.0,0.25,0.25,False,0.0110078074874392,0.0652278996519276,228.65146891548625,1.7718446589680446,0.25,0.25,1e-06,0.0443211533129215,0.0813702453613835,0.2374899320809259,0.0039236207229438,0.0,canonical epsilon=1e-12; zero-vector effects retained,"population, time axis then sample/feature mean",127,322,449,547,680,55.79592315669003,6.154278139729637,470.7269207253285,0.5884086509066606,tables/5_seed_review/gate_per_seed.csv,1.0,nan
N-MNIST,SNN-DFA,20260830,H1,completed_epoch_100,results/experiment03_soft_spectral/experiment03_20260831_server/checkpoints/full_dense/seed_20260830/epoch_100.pt,b8f2c8c95c5944358405d35f2d38dcb293461fa1e8641e9e6cb29ab98e39a534,basis_eval,512,30,800,same_trained_model_and_neuron_coordinates,True,random_sparsity,0.50,nan,global_frobenius_norm_matched,204635183001.0,0.5,0.5,False,0.0089826889596769,0.0652208941299522,228.62691158805004,1.7506276227404636,0.5,0.5,1e-06,0.030579887330532,0.0560766290460912,0.2870577702919907,0.0039861494246174,0.0,canonical epsilon=1e-12; zero-vector effects retained,"population, time axis then sample/feature mean",126,321,447,544,675,71.85522840327558,6.161409705361094,474.0959395656653,0.5926199244570816,tables/5_seed_review/gate_per_seed.csv,1.0,nan
N-MNIST,SNN-DFA,20260830,H1,completed_epoch_100,results/experiment03_soft_spectral/experiment03_20260831_server/checkpoints/full_dense/seed_20260830/epoch_100.pt,b8f2c8c95c5944358405d35f2d38dcb293461fa1e8641e9e6cb29ab98e39a534,basis_eval,512,30,800,same_trained_model_and_neuron_coordinates,True,random_sparsity,0.75,nan,global_frobenius_norm_matched,204635183001.0,0.75,0.75,False,0.006347629395082,0.0652131077661455,228.59961707861729,1.6895005126416625,0.75,0.75,1e-06,0.017067614942789,0.0309371228316583,0.4039185358090792,0.0040482908624737,0.0,canonical epsilon=1e-12; zero-vector effects retained,"population, time axis then sample/feature mean",119,310,434,532,667,67.73418940727743,6.1174375609181055,453.700623496831,0.5671257793710387,tables/5_seed_review/gate_per_seed.csv,1.0,nan
N-MNIST,SNN-DFA,20260830,H1,completed_epoch_100,results/experiment03_soft_spectral/experiment03_20260831_server/checkpoints/full_dense/seed_20260830/epoch_100.pt,b8f2c8c95c5944358405d35f2d38dcb293461fa1e8641e9e6cb29ab98e39a534,basis_eval,512,30,800,same_trained_model_and_neuron_coordinates,True,random_sparsity,ann_matched,nan,global_frobenius_norm_matched,204635183001.0,0.8526092936197917,0.8526092936197917,False,0.0048748678300544,0.0652092026085643,228.58592784407057,1.6090531772269798,0.8526092936197917,0.8526092936197917,1e-06,0.0118733244016766,0.0217641135623118,0.5351774154405705,0.0040732555391765,0.0,canonical epsilon=1e-12; zero-vector effects retained,"population, time axis then sample/feature mean",106,292,417,515,657,53.164286679367954,6.043251170520668,421.2604003081736,0.526575500385217,tables/5_seed_review/gate_per_seed.csv,1.0,nan
N-MNIST,SNN-DFA,20260830,H1,completed_epoch_100,results/experiment03_soft_spectral/experiment03_20260831_server/checkpoints/full_dense/seed_20260830/epoch_100.pt,b8f2c8c95c5944358405d35f2d38dcb293461fa1e8641e9e6cb29ab98e39a534,basis_eval,512,30,800,same_trained_model_and_neuron_coordinates,True,random_sparsity,0,nan,global_frobenius_norm_matched,204635183002.0,0.0,0.0,False,0.0127105540999767,0.0652341079733922,228.6732317168419,1.7826870602967266,0.0,0.0,1e-06,0.0579969622194767,0.1062942856767887,0.2095539911255044,0.0038617148578147,0.0,canonical epsilon=1e-12; zero-vector effects retained,"population, time axis then sample/feature mean",124,321,448,546,680,43.271599085746814,6.124434206395464,456.8861368711281,0.5711076710889101,tables/5_seed_review/gate_per_seed.csv,2.0,nan
N-MNIST,SNN-DFA,20260830,H1,completed_epoch_100,results/experiment03_soft_spectral/experiment03_20260831_server/checkpoints/full_dense/seed_20260830/epoch_100.pt,b8f2c8c95c5944358405d35f2d38dcb293461fa1e8641e9e6cb29ab98e39a534,basis_eval,512,30,800,same_trained_model_and_neuron_coordinates,True,random_sparsity,0.25,nan,global_frobenius_norm_matched,204635183002.0,0.25,0.25,False,0.0110113869583458,0.0652278333208757,228.6512363970069,1.7721529944223529,0.25,0.25,1e-06,0.0443073883652687,0.0811683712039122,0.2366551432778485,0.0039235928443328,0.0,canonical epsilon=1e-12; zero-vector effects retained,"population, time axis then sample/feature mean",127,323,449,547,680,53.466387371727365,6.152522146337471,469.9010526846458,0.5873763158558073,tables/5_seed_review/gate_per_seed.csv,2.0,nan
N-MNIST,SNN-DFA,20260830,H1,completed_epoch_100,results/experiment03_soft_spectral/experiment03_20260831_server/checkpoints/full_dense/seed_20260830/epoch_100.pt,b8f2c8c95c5944358405d35f2d38dcb293461fa1e8641e9e6cb29ab98e39a534,basis_eval,512,30,800,same_trained_model_and_neuron_coordinates,True,random_sparsity,0.50,nan,global_frobenius_norm_matched,204635183002.0,0.5,0.5,False,0.008996089015668,0.0652208928875915,228.62690723304823,1.7503030948657703,0.5,0.5,1e-06,0.0307172127068042,0.0559148825443468,0.2862489741189679,0.0039853182472281,0.0,canonical epsilon=1e-12; zero-vector effects retained,"population, time axis then sample/feature mean",126,320,446,544,679,70.4383076196662,6.158930789075895,472.9221508833494,0.5911526886041867,tables/5_seed_review/gate_per_seed.csv,2.0,nan
N-MNIST,SNN-DFA,20260830,H1,completed_epoch_100,results/experiment03_soft_spectral/experiment03_20260831_server/checkpoints/full_dense/seed_20260830/epoch_100.pt,b8f2c8c95c5944358405d35f2d38dcb293461fa1e8641e9e6cb29ab98e39a534,basis_eval,512,30,800,same_trained_model_and_neuron_coordinates,True,random_sparsity,0.75,nan,global_frobenius_norm_matched,204635183002.0,0.75,0.75,False,0.0063676875140138,0.065213128392049,228.5996893811612,1.6876288619910955,0.75,0.75,1e-06,0.0172644611448049,0.0306772888020682,0.404960348676163,0.0040472272816169,0.0,canonical epsilon=1e-12; zero-vector effects retained,"population, time axis then sample/feature mean",124,313,438,535,673,73.543164794006,6.144818781554909,466.2951401257829,0.5828689251572287,tables/5_seed_review/gate_per_seed.csv,2.0,nan
N-MNIST,SNN-DFA,20260830,H1,completed_epoch_100,results/experiment03_soft_spectral/experiment03_20260831_server/checkpoints/full_dense/seed_20260830/epoch_100.pt,b8f2c8c95c5944358405d35f2d38dcb293461fa1e8641e9e6cb29ab98e39a534,basis_eval,512,30,800,same_trained_model_and_neuron_coordinates,True,random_sparsity,ann_matched,nan,global_frobenius_norm_matched,204635183002.0,0.8526092936197917,0.8526092936197917,False,0.0048906949654646,0.0652091276159097,228.58566496299068,1.6095702410456374,0.8526092936197917,0.8526092936197917,1e-06,0.0117878355085849,0.0210370717389189,0.5303112675555287,0.0040726121584105,0.0,canonical epsilon=1e-12; zero-vector effects retained,"population, time axis then sample/feature mean",113,294,417,517,660,53.19133315950199,6.075949978667928,435.26279654665205,0.5440784956833151,tables/5_seed_review/gate_per_seed.csv,2.0,nan
N-MNIST,SNN-DFA,20260830,H1,completed_epoch_100,results/experiment03_soft_spectral/experiment03_20260831_server/checkpoints/full_dense/seed_20260830/epoch_100.pt,b8f2c8c95c5944358405d35f2d38dcb293461fa1e8641e9e6cb29ab98e39a534,basis_eval,512,30,800,same_trained_model_and_neuron_coordinates,True,random_sparsity,0,nan,global_frobenius_norm_matched,204635183003.0,0.0,0.0,False,0.0127105540999767,0.0652341079733922,228.6732317168419,1.7826870602967266,0.0,0.0,1e-06,0.0579969622194767,0.1062942856767887,0.2095539911255044,0.0038617148578147,0.0,canonical epsilon=1e-12; zero-vector effects retained,"population, time axis then sample/feature mean",124,321,448,546,680,43.271599085746814,6.124434206395464,456.8861368711281,0.5711076710889101,tables/5_seed_review/gate_per_seed.csv,3.0,nan
N-MNIST,SNN-DFA,20260830,H1,completed_epoch_100,results/experiment03_soft_spectral/experiment03_20260831_server/checkpoints/full_dense/seed_20260830/epoch_100.pt,b8f2c8c95c5944358405d35f2d38dcb293461fa1e8641e9e6cb29ab98e39a534,basis_eval,512,30,800,same_trained_model_and_neuron_coordinates,True,random_sparsity,0.25,nan,global_frobenius_norm_matched,204635183003.0,0.25,0.25,False,0.0110049684335003,0.0652278150652172,228.65117240317733,1.7721031300218455,0.25,0.25,1e-06,0.04414639249444,0.0810851747504397,0.2368444905626568,0.0039241317649844,0.0,canonical epsilon=1e-12; zero-vector effects retained,"population, time axis then sample/feature mean",127,323,448,546,680,53.43692129253985,6.149268442836378,468.37461861294383,0.5854682732661798,tables/5_seed_review/gate_per_seed.csv,3.0,nan
N-MNIST,SNN-DFA,20260830,H1,completed_epoch_100,results/experiment03_soft_spectral/experiment03_20260831_server/checkpoints/full_dense/seed_20260830/epoch_100.pt,b8f2c8c95c5944358405d35f2d38dcb293461fa1e8641e9e6cb29ab98e39a534,basis_eval,512,30,800,same_trained_model_and_neuron_coordinates,True,random_sparsity,0.50,nan,global_frobenius_norm_matched,204635183003.0,0.5,0.5,False,0.0089750229584476,0.0652208461108366,228.6267432606705,1.7510902660280123,0.5,0.5,1e-06,0.0302348360419273,0.0556970631973817,0.2848470081727439,0.0039870151472971,0.0,canonical epsilon=1e-12; zero-vector effects retained,"population, time axis then sample/feature mean",126,321,448,546,680,68.68755616420623,6.154121947711624,470.65340267926257,0.5883167533490782,tables/5_seed_review/gate_per_seed.csv,3.0,nan
N-MNIST,SNN-DFA,20260830,H1,completed_epoch_100,results/experiment03_soft_spectral/experiment03_20260831_server/checkpoints/full_dense/seed_20260830/epoch_100.pt,b8f2c8c95c5944358405d35f2d38dcb293461fa1e8641e9e6cb29ab98e39a534,basis_eval,512,30,800,same_trained_model_and_neuron_coordinates,True,random_sparsity,0.75,nan,global_frobenius_norm_matched,204635183003.0,0.75,0.75,False,0.0063417785311722,0.0652130986903649,228.59958526415355,1.6883458297154947,0.75,0.75,1e-06,0.0169549100100994,0.031267805772355,0.4051122972913524,0.0040484672987411,0.0,canonical epsilon=1e-12; zero-vector effects retained,"population, time axis then sample/feature mean",123,315,441,540,675,78.42857688426841,6.142374576410829,465.1568108674537,0.5814460135843171,tables/5_seed_review/gate_per_seed.csv,3.0,nan
N-MNIST,SNN-DFA,20260830,H1,completed_epoch_100,results/experiment03_soft_spectral/experiment03_20260831_server/checkpoints/full_dense/seed_20260830/epoch_100.pt,b8f2c8c95c5944358405d35f2d38dcb293461fa1e8641e9e6cb29ab98e39a534,basis_eval,512,30,800,same_trained_model_and_neuron_coordinates,True,random_sparsity,ann_matched,nan,global_frobenius_norm_matched,204635183003.0,0.8526092936197917,0.8526092936197917,False,0.0048787970358326,0.0652091902485419,228.58588451694467,1.610204675970149,0.8526092936197917,0.8526092936197917,1e-06,0.0117321992293,0.021581330389409,0.5298035350818072,0.0040733722850023,0.0,canonical epsilon=1e-12; zero-vector effects retained,"population, time axis then sample/feature mean",115,303,426,526,664,69.05699126645091,6.09883092377728,445.33683293174886,0.556671041164686,tables/5_seed_review/gate_per_seed.csv,3.0,nan
N-MNIST,SNN-DFA,20260830,H1,completed_epoch_100,results/experiment03_soft_spectral/experiment03_20260831_server/checkpoints/full_dense/seed_20260830/epoch_100.pt,b8f2c8c95c5944358405d35f2d38dcb293461fa1e8641e9e6cb29ab98e39a534,basis_eval,512,30,800,same_trained_model_and_neuron_coordinates,True,random_sparsity,0,nan,global_frobenius_norm_matched,204635183004.0,0.0,0.0,False,0.0127105540999767,0.0652341079733922,228.6732317168419,1.7826870602967266,0.0,0.0,1e-06,0.0579969622194767,0.1062942856767887,0.2095539911255044,0.0038617148578147,0.0,canonical epsilon=1e-12; zero-vector effects retained,"population, time axis then sample/feature mean",124,321,448,546,680,43.271599085746814,6.124434206395464,456.8861368711281,0.5711076710889101,tables/5_seed_review/gate_per_seed.csv,4.0,nan
N-MNIST,SNN-DFA,20260830,H1,completed_epoch_100,results/experiment03_soft_spectral/experiment03_20260831_server/checkpoints/full_dense/seed_20260830/epoch_100.pt,b8f2c8c95c5944358405d35f2d38dcb293461fa1e8641e9e6cb29ab98e39a534,basis_eval,512,30,800,same_trained_model_and_neuron_coordinates,True,random_sparsity,0.25,nan,global_frobenius_norm_matched,204635183004.0,0.25,0.25,False,0.0110023687840544,0.0652278983289443,228.65146427787383,1.771433697606335,0.25,0.25,1e-06,0.0441554710268974,0.0809265727513514,0.2391202733914308,0.0039246648130118,0.0,canonical epsilon=1e-12; zero-vector effects retained,"population, time axis then sample/feature mean",127,324,451,548,680,54.400329509484834,6.15455755555755,470.8584676548949,0.5885730845686187,tables/5_seed_review/gate_per_seed.csv,4.0,nan
N-MNIST,SNN-DFA,20260830,H1,completed_epoch_100,results/experiment03_soft_spectral/experiment03_20260831_server/checkpoints/full_dense/seed_20260830/epoch_100.pt,b8f2c8c95c5944358405d35f2d38dcb293461fa1e8641e9e6cb29ab98e39a534,basis_eval,512,30,800,same_trained_model_and_neuron_coordinates,True,random_sparsity,0.50,nan,global_frobenius_norm_matched,204635183004.0,0.5,0.5,False,0.0089894860363119,0.0652208395430882,228.6267202379197,1.7495486172471966,0.5,0.5,1e-06,0.0306187197566032,0.0556257557065453,0.2880083526901594,0.0039857672480907,0.0,canonical epsilon=1e-12; zero-vector effects retained,"population, time axis then sample/feature mean",127,322,447,545,679,72.21194815521714,6.166750370040498,476.6347003053023,0.5957933753816278,tables/5_seed_review/gate_per_seed.csv,4.0,nan
N-MNIST,SNN-DFA,20260830,H1,completed_epoch_100,results/experiment03_soft_spectral/experiment03_20260831_server/checkpoints/full_dense/seed_20260830/epoch_100.pt,b8f2c8c95c5944358405d35f2d38dcb293461fa1e8641e9e6cb29ab98e39a534,basis_eval,512,30,800,same_trained_model_and_neuron_coordinates,True,random_sparsity,0.75,nan,global_frobenius_norm_matched,204635183004.0,0.75,0.75,False,0.0063666420393685,0.0652130651960272,228.59946785228576,1.686849856758042,0.75,0.75,1e-06,0.017188511788845,0.0314210018404168,0.4053234221386463,0.0040471988729637,0.0,canonical epsilon=1e-12; zero-vector effects retained,"population, time axis then sample/feature mean",122,314,438,536,673,79.17030959602717,6.136701551158058,462.5254355194767,0.5781567943993459,tables/5_seed_review/gate_per_seed.csv,4.0,nan
N-MNIST,SNN-DFA,20260830,H1,completed_epoch_100,results/experiment03_soft_spectral/experiment03_20260831_server/checkpoints/full_dense/seed_20260830/epoch_100.pt,b8f2c8c95c5944358405d35f2d38dcb293461fa1e8641e9e6cb29ab98e39a534,basis_eval,512,30,800,same_trained_model_and_neuron_coordinates,True,random_sparsity,ann_matched,nan,global_frobenius_norm_matched,204635183004.0,0.8526092936197917,0.8526092936197917,False,0.004887262367878,0.0652091791616844,228.5858456528054,1.6095893782102717,0.8526092936197917,0.8526092936197917,1e-06,0.0117663033306598,0.0219173206805832,0.5292723865294084,0.0040728991172163,0.0,canonical epsilon=1e-12; zero-vector effects retained,"population, time axis then sample/feature mean",110,302,426,524,666,52.34067131968804,6.077232010441708,435.8211751348359,0.5447764689185449,tables/5_seed_review/gate_per_seed.csv,4.0,nan
N-MNIST,SNN-DFA,20260830,H1,completed_epoch_100,results/experiment03_soft_spectral/experiment03_20260831_server/checkpoints/full_dense/seed_20260830/epoch_100.pt,b8f2c8c95c5944358405d35f2d38dcb293461fa1e8641e9e6cb29ab98e39a534,basis_eval,512,30,800,same_trained_model_and_neuron_coordinates,True,random_sparsity,0,nan,global_frobenius_norm_matched,204635183005.0,0.0,0.0,False,0.0127105540999767,0.0652341079733922,228.6732317168419,1.7826870602967266,0.0,0.0,1e-06,0.0579969622194767,0.1062942856767887,0.2095539911255044,0.0038617148578147,0.0,canonical epsilon=1e-12; zero-vector effects retained,"population, time axis then sample/feature mean",124,321,448,546,680,43.271599085746814,6.124434206395464,456.8861368711281,0.5711076710889101,tables/5_seed_review/gate_per_seed.csv,5.0,nan
N-MNIST,SNN-DFA,20260830,H1,completed_epoch_100,results/experiment03_soft_spectral/experiment03_20260831_server/checkpoints/full_dense/seed_20260830/epoch_100.pt,b8f2c8c95c5944358405d35f2d38dcb293461fa1e8641e9e6cb29ab98e39a534,basis_eval,512,30,800,same_trained_model_and_neuron_coordinates,True,random_sparsity,0.25,nan,global_frobenius_norm_matched,204635183005.0,0.25,0.25,False,0.0110056262985222,0.0652278500504423,228.6512950412405,1.7716545783147906,0.25,0.25,1e-06,0.0441276207566261,0.0814474226553069,0.2373411326799475,0.0039238791286529,0.0,canonical epsilon=1e-12; zero-vector effects retained,"population, time axis then sample/feature mean",127,323,448,546,679,55.480854330553,6.151408285216276,469.3779395630205,0.5867224244537755,tables/5_seed_review/gate_per_seed.csv,5.0,nan
N-MNIST,SNN-DFA,20260830,H1,completed_epoch_100,results/experiment03_soft_spectral/experiment03_20260831_server/checkpoints/full_dense/seed_20260830/epoch_100.pt,b8f2c8c95c5944358405d35f2d38dcb293461fa1e8641e9e6cb29ab98e39a534,basis_eval,512,30,800,same_trained_model_and_neuron_coordinates,True,random_sparsity,0.50,nan,global_frobenius_norm_matched,204635183005.0,0.5,0.5,False,0.0089861990732181,0.0652208387144707,228.6267173332711,1.7507482519650617,0.5,0.5,1e-06,0.0304096788167953,0.0559185379384604,0.2849313628051345,0.0039863563158192,0.0,canonical epsilon=1e-12; zero-vector effects retained,"population, time axis then sample/feature mean",128,323,448,546,678,69.98094803260696,6.164604404729465,475.612955478998,0.5945161943487475,tables/5_seed_review/gate_per_seed.csv,5.0,nan
N-MNIST,SNN-DFA,20260830,H1,completed_epoch_100,results/experiment03_soft_spectral/experiment03_20260831_server/checkpoints/full_dense/seed_20260830/epoch_100.pt,b8f2c8c95c5944358405d35f2d38dcb293461fa1e8641e9e6cb29ab98e39a534,basis_eval,512,30,800,same_trained_model_and_neuron_coordinates,True,random_sparsity,0.75,nan,global_frobenius_norm_matched,204635183005.0,0.75,0.75,False,0.006354870861952,0.0652131004411658,228.5995914014561,1.6886662566774162,0.75,0.75,1e-06,0.0170650798827409,0.031264782113034,0.4018730911006485,0.0040474681404176,0.0,canonical epsilon=1e-12; zero-vector effects retained,"population, time axis then sample/feature mean",123,311,434,532,669,89.38700183973037,6.143194285560498,465.5382604788624,0.581922825598578,tables/5_seed_review/gate_per_seed.csv,5.0,nan
N-MNIST,SNN-DFA,20260830,H1,completed_epoch_100,results/experiment03_soft_spectral/experiment03_20260831_server/checkpoints/full_dense/seed_20260830/epoch_100.pt,b8f2c8c95c5944358405d35f2d38dcb293461fa1e8641e9e6cb29ab98e39a534,basis_eval,512,30,800,same_trained_model_and_neuron_coordinates,True,random_sparsity,ann_matched,nan,global_frobenius_norm_matched,204635183005.0,0.8526092936197917,0.8526092936197917,False,0.004873237416216,0.0652091138449562,228.58561668995628,1.610567925618343,0.8526092936197917,0.8526092936197917,1e-06,0.0116957854479551,0.0212346388121445,0.5275754311150984,0.004073208563585,0.0,canonical epsilon=1e-12; zero-vector effects retained,"population, time axis then sample/feature mean",118,301,421,519,662,88.93069444763138,6.110436513957079,450.5353372132158,0.5631691715165198,tables/5_seed_review/gate_per_seed.csv,5.0,nan
N-MNIST,SNN-DFA,20260830,H1,completed_epoch_100,results/experiment03_soft_spectral/experiment03_20260831_server/checkpoints/full_dense/seed_20260830/epoch_100.pt,b8f2c8c95c5944358405d35f2d38dcb293461fa1e8641e9e6cb29ab98e39a534,basis_eval,512,30,800,same_trained_model_and_neuron_coordinates,True,random_sparsity,0,nan,global_frobenius_norm_matched,204635183006.0,0.0,0.0,False,0.0127105540999767,0.0652341079733922,228.6732317168419,1.7826870602967266,0.0,0.0,1e-06,0.0579969622194767,0.1062942856767887,0.2095539911255044,0.0038617148578147,0.0,canonical epsilon=1e-12; zero-vector effects retained,"population, time axis then sample/feature mean",124,321,448,546,680,43.271599085746814,6.124434206395464,456.8861368711281,0.5711076710889101,tables/5_seed_review/gate_per_seed.csv,6.0,nan
N-MNIST,SNN-DFA,20260830,H1,completed_epoch_100,results/experiment03_soft_spectral/experiment03_20260831_server/checkpoints/full_dense/seed_20260830/epoch_100.pt,b8f2c8c95c5944358405d35f2d38dcb293461fa1e8641e9e6cb29ab98e39a534,basis_eval,512,30,800,same_trained_model_and_neuron_coordinates,True,random_sparsity,0.25,nan,global_frobenius_norm_matched,204635183006.0,0.25,0.25,False,0.0110054444686982,0.0652278111326911,228.6511586180076,1.77193817199841,0.25,0.25,1e-06,0.0442287400364875,0.0811299809812225,0.2373064893399824,0.003923769681287,0.0,canonical epsilon=1e-12; zero-vector effects retained,"population, time axis then sample/feature mean",125,320,447,545,679,54.48408425109345,6.144186767878672,466.0005283292097,0.5825006604115122,tables/5_seed_review/gate_per_seed.csv,6.0,nan
N-MNIST,SNN-DFA,20260830,H1,completed_epoch_100,results/experiment03_soft_spectral/experiment03_20260831_server/checkpoints/full_dense/seed_20260830/epoch_100.pt,b8f2c8c95c5944358405d35f2d38dcb293461fa1e8641e9e6cb29ab98e39a534,basis_eval,512,30,800,same_trained_model_and_neuron_coordinates,True,random_sparsity,0.50,nan,global_frobenius_norm_matched,204635183006.0,0.5,0.5,False,0.0089820380806373,0.0652208715525676,228.62683244473516,1.751292642914207,0.5,0.5,1e-06,0.0305241718888282,0.0563718594906954,0.2861315987839037,0.0039860218658476,0.0,canonical epsilon=1e-12; zero-vector effects retained,"population, time axis then sample/feature mean",126,319,444,542,676,72.1762737130363,6.156677489912855,471.857715492645,0.5898221443658063,tables/5_seed_review/gate_per_seed.csv,6.0,nan
N-MNIST,SNN-DFA,20260830,H1,completed_epoch_100,results/experiment03_soft_spectral/experiment03_20260831_server/checkpoints/full_dense/seed_20260830/epoch_100.pt,b8f2c8c95c5944358405d35f2d38dcb293461fa1e8641e9e6cb29ab98e39a534,basis_eval,512,30,800,same_trained_model_and_neuron_coordinates,True,random_sparsity,0.75,nan,global_frobenius_norm_matched,204635183006.0,0.75,0.75,False,0.006355343310206,0.0652129996053356,228.5992379290773,1.6893880075769308,0.75,0.75,1e-06,0.0170592684298753,0.032054587914537,0.4030660014918524,0.0040479923808065,0.0,canonical epsilon=1e-12; zero-vector effects retained,"population, time axis then sample/feature mean",120,311,435,533,671,61.40668554760176,6.125230919310119,457.2502889999898,0.5715628612499873,tables/5_seed_review/gate_per_seed.csv,6.0,nan
N-MNIST,SNN-DFA,20260830,H1,completed_epoch_100,results/experiment03_soft_spectral/experiment03_20260831_server/checkpoints/full_dense/seed_20260830/epoch_100.pt,b8f2c8c95c5944358405d35f2d38dcb293461fa1e8641e9e6cb29ab98e39a534,basis_eval,512,30,800,same_trained_model_and_neuron_coordinates,True,random_sparsity,ann_matched,nan,global_frobenius_norm_matched,204635183006.0,0.8526092936197917,0.8526092936197917,False,0.004881073762965,0.0652091159704974,228.5856241408784,1.6123372799971916,0.8526092936197917,0.8526092936197917,1e-06,0.0116768013685941,0.020583008939265,0.5263916827804239,0.0040735749718709,0.0,canonical epsilon=1e-12; zero-vector effects retained,"population, time axis then sample/feature mean",110,295,418,517,662,69.68608414750234,6.076987375740625,435.7145711919746,0.5446432139899682,tables/5_seed_review/gate_per_seed.csv,6.0,nan
N-MNIST,SNN-DFA,20260830,H1,completed_epoch_100,results/experiment03_soft_spectral/experiment03_20260831_server/checkpoints/full_dense/seed_20260830/epoch_100.pt,b8f2c8c95c5944358405d35f2d38dcb293461fa1e8641e9e6cb29ab98e39a534,basis_eval,512,30,800,same_trained_model_and_neuron_coordinates,True,random_sparsity,0,nan,global_frobenius_norm_matched,204635183007.0,0.0,0.0,False,0.0127105540999767,0.0652341079733922,228.6732317168419,1.7826870602967266,0.0,0.0,1e-06,0.0579969622194767,0.1062942856767887,0.2095539911255044,0.0038617148578147,0.0,canonical epsilon=1e-12; zero-vector effects retained,"population, time axis then sample/feature mean",124,321,448,546,680,43.271599085746814,6.124434206395464,456.8861368711281,0.5711076710889101,tables/5_seed_review/gate_per_seed.csv,7.0,nan
N-MNIST,SNN-DFA,20260830,H1,completed_epoch_100,results/experiment03_soft_spectral/experiment03_20260831_server/checkpoints/full_dense/seed_20260830/epoch_100.pt,b8f2c8c95c5944358405d35f2d38dcb293461fa1e8641e9e6cb29ab98e39a534,basis_eval,512,30,800,same_trained_model_and_neuron_coordinates,True,random_sparsity,0.25,nan,global_frobenius_norm_matched,204635183007.0,0.25,0.25,False,0.0110079111608858,0.0652278304660513,228.65122638963769,1.7717444374693292,0.25,0.25,1e-06,0.0441304259002208,0.0807258712794939,0.2374286872476417,0.0039240317851921,0.0,canonical epsilon=1e-12; zero-vector effects retained,"population, time axis then sample/feature mean",126,322,448,546,679,54.92194000037478,6.1493222905977625,468.3998402167026,0.5854998002708782,tables/5_seed_review/gate_per_seed.csv,7.0,nan
N-MNIST,SNN-DFA,20260830,H1,completed_epoch_100,results/experiment03_soft_spectral/experiment03_20260831_server/checkpoints/full_dense/seed_20260830/epoch_100.pt,b8f2c8c95c5944358405d35f2d38dcb293461fa1e8641e9e6cb29ab98e39a534,basis_eval,512,30,800,same_trained_model_and_neuron_coordinates,True,random_sparsity,0.50,nan,global_frobenius_norm_matched,204635183007.0,0.5,0.5,False,0.0089885781278153,0.0652208451596138,228.6267399262288,1.7497698654791307,0.5,0.5,1e-06,0.0304793715476989,0.0556656134263626,0.2880929254322082,0.0039862683264759,0.0,canonical epsilon=1e-12; zero-vector effects retained,"population, time axis then sample/feature mean",128,322,447,544,678,73.02481129276077,6.165592246565077,476.0830179894608,0.595103772486826,tables/5_seed_review/gate_per_seed.csv,7.0,nan
N-MNIST,SNN-DFA,20260830,H1,completed_epoch_100,results/experiment03_soft_spectral/experiment03_20260831_server/checkpoints/full_dense/seed_20260830/epoch_100.pt,b8f2c8c95c5944358405d35f2d38dcb293461fa1e8641e9e6cb29ab98e39a534,basis_eval,512,30,800,same_trained_model_and_neuron_coordinates,True,random_sparsity,0.75,nan,global_frobenius_norm_matched,204635183007.0,0.75,0.75,False,0.0063557209514769,0.0652130243710878,228.5993247435467,1.6861521675911677,0.75,0.75,1e-06,0.0170167498290538,0.0311342692474303,0.406586071931024,0.004048091369014,0.0,canonical epsilon=1e-12; zero-vector effects retained,"population, time axis then sample/feature mean",117,309,436,535,674,60.719099964728194,6.121693979096258,455.6358787842481,0.5695448484803102,tables/5_seed_review/gate_per_seed.csv,7.0,nan
N-MNIST,SNN-DFA,20260830,H1,completed_epoch_100,results/experiment03_soft_spectral/experiment03_20260831_server/checkpoints/full_dense/seed_20260830/epoch_100.pt,b8f2c8c95c5944358405d35f2d38dcb293461fa1e8641e9e6cb29ab98e39a534,basis_eval,512,30,800,same_trained_model_and_neuron_coordinates,True,random_sparsity,ann_matched,nan,global_frobenius_norm_matched,204635183007.0,0.8526092936197917,0.8526092936197917,False,0.0048830186287473,0.0652090384732561,228.5853524801593,1.610079047932341,0.8526092936197917,0.8526092936197917,1e-06,0.0116764474660158,0.0218165904972746,0.5291598870690901,0.0040731931323002,0.0,canonical epsilon=1e-12; zero-vector effects retained,"population, time axis then sample/feature mean",109,293,418,520,664,93.28033436716272,6.073233533028745,434.082033286757,0.5426025416084462,tables/5_seed_review/gate_per_seed.csv,7.0,nan
N-MNIST,SNN-DFA,20260830,H1,completed_epoch_100,results/experiment03_soft_spectral/experiment03_20260831_server/checkpoints/full_dense/seed_20260830/epoch_100.pt,b8f2c8c95c5944358405d35f2d38dcb293461fa1e8641e9e6cb29ab98e39a534,basis_eval,512,30,800,same_trained_model_and_neuron_coordinates,True,random_sparsity,0,nan,global_frobenius_norm_matched,204635183008.0,0.0,0.0,False,0.0127105540999767,0.0652341079733922,228.6732317168419,1.7826870602967266,0.0,0.0,1e-06,0.0579969622194767,0.1062942856767887,0.2095539911255044,0.0038617148578147,0.0,canonical epsilon=1e-12; zero-vector effects retained,"population, time axis then sample/feature mean",124,321,448,546,680,43.271599085746814,6.124434206395464,456.8861368711281,0.5711076710889101,tables/5_seed_review/gate_per_seed.csv,8.0,nan
N-MNIST,SNN-DFA,20260830,H1,completed_epoch_100,results/experiment03_soft_spectral/experiment03_20260831_server/checkpoints/full_dense/seed_20260830/epoch_100.pt,b8f2c8c95c5944358405d35f2d38dcb293461fa1e8641e9e6cb29ab98e39a534,basis_eval,512,30,800,same_trained_model_and_neuron_coordinates,True,random_sparsity,0.25,nan,global_frobenius_norm_matched,204635183008.0,0.25,0.25,False,0.0110100008110912,0.0652279320322958,228.65158242242651,1.7720277315874822,0.25,0.25,1e-06,0.0441486462950706,0.0813833172504133,0.2370353974053407,0.0039241973151713,0.0,canonical epsilon=1e-12; zero-vector effects retained,"population, time axis then sample/feature mean",126,323,449,547,680,54.03039047616806,6.1508572905231045,469.1193860465787,0.5863992325582233,tables/5_seed_review/gate_per_seed.csv,8.0,nan
N-MNIST,SNN-DFA,20260830,H1,completed_epoch_100,results/experiment03_soft_spectral/experiment03_20260831_server/checkpoints/full_dense/seed_20260830/epoch_100.pt,b8f2c8c95c5944358405d35f2d38dcb293461fa1e8641e9e6cb29ab98e39a534,basis_eval,512,30,800,same_trained_model_and_neuron_coordinates,True,random_sparsity,0.50,nan,global_frobenius_norm_matched,204635183008.0,0.5,0.5,False,0.0089828507686845,0.0652209233723644,228.62701409511408,1.75093314658639,0.5,0.5,1e-06,0.0303336437791585,0.056248808838775,0.2854683850545302,0.0039866229154399,0.0,canonical epsilon=1e-12; zero-vector effects retained,"population, time axis then sample/feature mean",125,320,445,543,677,67.06870822810603,6.148765627263535,468.1391717589138,0.5851739646986422,tables/5_seed_review/gate_per_seed.csv,8.0,nan
N-MNIST,SNN-DFA,20260830,H1,completed_epoch_100,results/experiment03_soft_spectral/experiment03_20260831_server/checkpoints/full_dense/seed_20260830/epoch_100.pt,b8f2c8c95c5944358405d35f2d38dcb293461fa1e8641e9e6cb29ab98e39a534,basis_eval,512,30,800,same_trained_model_and_neuron_coordinates,True,random_sparsity,0.75,nan,global_frobenius_norm_matched,204635183008.0,0.75,0.75,False,0.0063562678479002,0.0652131137702885,228.59963812568623,1.6895456159375162,0.75,0.75,1e-06,0.0169485658407211,0.0312737997579647,0.4021079840615601,0.0040481806744218,0.0,canonical epsilon=1e-12; zero-vector effects retained,"population, time axis then sample/feature mean",116,303,429,528,667,76.1554647242136,6.102166981694191,446.824983296676,0.558531229120845,tables/5_seed_review/gate_per_seed.csv,8.0,nan
N-MNIST,SNN-DFA,20260830,H1,completed_epoch_100,results/experiment03_soft_spectral/experiment03_20260831_server/checkpoints/full_dense/seed_20260830/epoch_100.pt,b8f2c8c95c5944358405d35f2d38dcb293461fa1e8641e9e6cb29ab98e39a534,basis_eval,512,30,800,same_trained_model_and_neuron_coordinates,True,random_sparsity,ann_matched,nan,global_frobenius_norm_matched,204635183008.0,0.8526092936197917,0.8526092936197917,False,0.0048834032367598,0.0652090730569341,228.5854737106268,1.611517547084382,0.8526092936197917,0.8526092936197917,1e-06,0.0115719540044665,0.0207019776942042,0.5276601542459437,0.004073289812715,0.0,canonical epsilon=1e-12; zero-vector effects retained,"population, time axis then sample/feature mean",107,284,407,508,656,59.974116541502525,6.036129649794323,418.2710426564536,0.522838803320567,tables/5_seed_review/gate_per_seed.csv,8.0,nan
N-MNIST,SNN-DFA,20260830,H1,completed_epoch_100,results/experiment03_soft_spectral/experiment03_20260831_server/checkpoints/full_dense/seed_20260830/epoch_100.pt,b8f2c8c95c5944358405d35f2d38dcb293461fa1e8641e9e6cb29ab98e39a534,basis_eval,512,30,800,same_trained_model_and_neuron_coordinates,True,random_sparsity,0,nan,global_frobenius_norm_matched,204635183009.0,0.0,0.0,False,0.0127105540999767,0.0652341079733922,228.6732317168419,1.7826870602967266,0.0,0.0,1e-06,0.0579969622194767,0.1062942856767887,0.2095539911255044,0.0038617148578147,0.0,canonical epsilon=1e-12; zero-vector effects retained,"population, time axis then sample/feature mean",124,321,448,546,680,43.271599085746814,6.124434206395464,456.8861368711281,0.5711076710889101,tables/5_seed_review/gate_per_seed.csv,9.0,nan
N-MNIST,SNN-DFA,20260830,H1,completed_epoch_100,results/experiment03_soft_spectral/experiment03_20260831_server/checkpoints/full_dense/seed_20260830/epoch_100.pt,b8f2c8c95c5944358405d35f2d38dcb293461fa1e8641e9e6cb29ab98e39a534,basis_eval,512,30,800,same_trained_model_and_neuron_coordinates,True,random_sparsity,0.25,nan,global_frobenius_norm_matched,204635183009.0,0.25,0.25,False,0.0110083248441975,0.0652278153554084,228.65117342041893,1.7725523549651114,0.25,0.25,1e-06,0.0442745834589004,0.0808973861309567,0.2361317290262,0.0039236864954314,0.0,canonical epsilon=1e-12; zero-vector effects retained,"population, time axis then sample/feature mean",127,323,448,546,679,54.15692959047293,6.152092615411412,469.6992589917485,0.5871240737396856,tables/5_seed_review/gate_per_seed.csv,9.0,nan
N-MNIST,SNN-DFA,20260830,H1,completed_epoch_100,results/experiment03_soft_spectral/experiment03_20260831_server/checkpoints/full_dense/seed_20260830/epoch_100.pt,b8f2c8c95c5944358405d35f2d38dcb293461fa1e8641e9e6cb29ab98e39a534,basis_eval,512,30,800,same_trained_model_and_neuron_coordinates,True,random_sparsity,0.50,nan,global_frobenius_norm_matched,204635183009.0,0.5,0.5,False,0.0089857931244192,0.0652209396831766,228.6270712714297,1.7514061699743328,0.5,0.5,1e-06,0.0304477401077747,0.0563160092887921,0.2840267042723559,0.0039860360576699,0.0,canonical epsilon=1e-12; zero-vector effects retained,"population, time axis then sample/feature mean",126,322,447,545,679,69.74749260916835,6.161064826294424,473.9324619921326,0.5924155774901657,tables/5_seed_review/gate_per_seed.csv,9.0,nan
N-MNIST,SNN-DFA,20260830,H1,completed_epoch_100,results/experiment03_soft_spectral/experiment03_20260831_server/checkpoints/full_dense/seed_20260830/epoch_100.pt,b8f2c8c95c5944358405d35f2d38dcb293461fa1e8641e9e6cb29ab98e39a534,basis_eval,512,30,800,same_trained_model_and_neuron_coordinates,True,random_sparsity,0.75,nan,global_frobenius_norm_matched,204635183009.0,0.75,0.75,False,0.0063554019298565,0.0652131308391049,228.5996979591312,1.6913293726747654,0.75,0.75,1e-06,0.0169999580830335,0.031762665636752,0.3999991253827453,0.0040480960992996,0.0,canonical epsilon=1e-12; zero-vector effects retained,"population, time axis then sample/feature mean",121,307,433,534,672,78.21012628175993,6.136035135425133,462.2173039756264,0.577771629969533,tables/5_seed_review/gate_per_seed.csv,9.0,nan
N-MNIST,SNN-DFA,20260830,H1,completed_epoch_100,results/experiment03_soft_spectral/experiment03_20260831_server/checkpoints/full_dense/seed_20260830/epoch_100.pt,b8f2c8c95c5944358405d35f2d38dcb293461fa1e8641e9e6cb29ab98e39a534,basis_eval,512,30,800,same_trained_model_and_neuron_coordinates,True,random_sparsity,ann_matched,nan,global_frobenius_norm_matched,204635183009.0,0.8526092936197917,0.8526092936197917,False,0.0048774111894104,0.0652090631735746,228.58543906525964,1.6136513521169855,0.8526092936197917,0.8526092936197917,1e-06,0.0116569101810455,0.0219474204425884,0.5252435689469471,0.0040733271157023,0.0,canonical epsilon=1e-12; zero-vector effects retained,"population, time axis then sample/feature mean",110,292,416,519,663,55.78911257053582,6.067335089128715,431.5291611534817,0.5394114514418521,tables/5_seed_review/gate_per_seed.csv,9.0,nan
N-MNIST,SNN-DFA,20260830,H2,completed_epoch_100,results/experiment03_soft_spectral/experiment03_20260831_server/checkpoints/full_dense/seed_20260830/epoch_100.pt,b8f2c8c95c5944358405d35f2d38dcb293461fa1e8641e9e6cb29ab98e39a534,basis_eval,512,30,800,same_trained_model_and_neuron_coordinates,True,random_sparsity,0,nan,global_frobenius_norm_matched,204635183010.0,0.0,0.0,False,0.017726797456581,0.0776460680027963,272.1824188589746,2.0700610027395823,0.0,0.0,1e-06,0.0840893238782882,0.1297228659402475,0.3152189431433105,0.0053612365318526,0.0,canonical epsilon=1e-12; zero-vector effects retained,"population, time axis then sample/feature mean",105,299,427,528,664,34.24198966823596,5.98992145561933,399.38323938594846,0.4992290492324355,tables/5_seed_review/gate_per_seed.csv,0.0,nan
N-MNIST,SNN-DFA,20260830,H2,completed_epoch_100,results/experiment03_soft_spectral/experiment03_20260831_server/checkpoints/full_dense/seed_20260830/epoch_100.pt,b8f2c8c95c5944358405d35f2d38dcb293461fa1e8641e9e6cb29ab98e39a534,basis_eval,512,30,800,same_trained_model_and_neuron_coordinates,True,random_sparsity,0.25,nan,global_frobenius_norm_matched,204635183010.0,0.25,0.25,False,0.015343853682205,0.0776364613814108,272.1487435742661,2.059472655205325,0.25,0.25,1e-06,0.0641464293003082,0.0994937077833376,0.3321514216369188,0.0054765314487155,0.0,canonical epsilon=1e-12; zero-vector effects retained,"population, time axis then sample/feature mean",110,303,431,531,665,43.420684104095855,6.041985361559658,420.7275024631325,0.5259093780789157,tables/5_seed_review/gate_per_seed.csv,0.0,nan
N-MNIST,SNN-DFA,20260830,H2,completed_epoch_100,results/experiment03_soft_spectral/experiment03_20260831_server/checkpoints/full_dense/seed_20260830/epoch_100.pt,b8f2c8c95c5944358405d35f2d38dcb293461fa1e8641e9e6cb29ab98e39a534,basis_eval,512,30,800,same_trained_model_and_neuron_coordinates,True,random_sparsity,0.50,nan,global_frobenius_norm_matched,204635183010.0,0.5,0.5,False,0.0125197159094161,0.07762634514975,272.1132818892885,2.039838112614693,0.5,0.5,1e-06,0.0440618805587291,0.0685743341011591,0.3634413174194391,0.0055916063036915,0.0,canonical epsilon=1e-12; zero-vector effects retained,"population, time axis then sample/feature mean",116,308,435,534,665,57.77729518280723,6.0944061448689375,443.3706690344608,0.554213336293076,tables/5_seed_review/gate_per_seed.csv,0.0,nan
N-MNIST,SNN-DFA,20260830,H2,completed_epoch_100,results/experiment03_soft_spectral/experiment03_20260831_server/checkpoints/full_dense/seed_20260830/epoch_100.pt,b8f2c8c95c5944358405d35f2d38dcb293461fa1e8641e9e6cb29ab98e39a534,basis_eval,512,30,800,same_trained_model_and_neuron_coordinates,True,random_sparsity,0.75,nan,global_frobenius_norm_matched,204635183010.0,0.75,0.75,False,0.0088379125217297,0.077614452304374,272.0715924193036,1.9824301404789115,0.75,0.75,1e-06,0.0247193276882171,0.0384796098978561,0.4473703534283353,0.0057064289912854,0.0,canonical epsilon=1e-12; zero-vector effects retained,"population, time axis then sample/feature mean",111,301,427,526,659,62.98236443911578,6.075838386628844,435.2142273936639,0.5440177842420798,tables/5_seed_review/gate_per_seed.csv,0.0,nan
N-MNIST,SNN-DFA,20260830,H2,completed_epoch_100,results/experiment03_soft_spectral/experiment03_20260831_server/checkpoints/full_dense/seed_20260830/epoch_100.pt,b8f2c8c95c5944358405d35f2d38dcb293461fa1e8641e9e6cb29ab98e39a534,basis_eval,512,30,800,same_trained_model_and_neuron_coordinates,True,random_sparsity,ann_matched,nan,global_frobenius_norm_matched,204635183010.0,0.83249462890625,0.83249462890625,False,0.007231054463994,0.0776101146912417,272.0563872445253,1.928801177844794,0.83249462890625,0.83249462890625,1e-06,0.0184965878725051,0.0286034733745728,0.5193165245418363,0.0057440216357705,0.0,canonical epsilon=1e-12; zero-vector effects retained,"population, time axis then sample/feature mean",106,291,416,516,654,45.81188794634643,6.035783733105108,418.1263807441105,0.5226579759301382,tables/5_seed_review/gate_per_seed.csv,0.0,nan
N-MNIST,SNN-DFA,20260830,H2,completed_epoch_100,results/experiment03_soft_spectral/experiment03_20260831_server/checkpoints/full_dense/seed_20260830/epoch_100.pt,b8f2c8c95c5944358405d35f2d38dcb293461fa1e8641e9e6cb29ab98e39a534,basis_eval,512,30,800,same_trained_model_and_neuron_coordinates,True,random_sparsity,0,nan,global_frobenius_norm_matched,204635183011.0,0.0,0.0,False,0.017726797456581,0.0776460680027963,272.1824188589746,2.0700610027395823,0.0,0.0,1e-06,0.0840893238782882,0.1297228659402475,0.3152189431433105,0.0053612365318526,0.0,canonical epsilon=1e-12; zero-vector effects retained,"population, time axis then sample/feature mean",105,299,427,528,664,34.24198966823596,5.98992145561933,399.38323938594846,0.4992290492324355,tables/5_seed_review/gate_per_seed.csv,1.0,nan
N-MNIST,SNN-DFA,20260830,H2,completed_epoch_100,results/experiment03_soft_spectral/experiment03_20260831_server/checkpoints/full_dense/seed_20260830/epoch_100.pt,b8f2c8c95c5944358405d35f2d38dcb293461fa1e8641e9e6cb29ab98e39a534,basis_eval,512,30,800,same_trained_model_and_neuron_coordinates,True,random_sparsity,0.25,nan,global_frobenius_norm_matched,204635183011.0,0.25,0.25,False,0.0153468691263522,0.0776363984710163,272.14852304663515,2.0591613590855915,0.25,0.25,1e-06,0.0641051456332206,0.0987396582894626,0.3332629031158138,0.0054769125695199,0.0,canonical epsilon=1e-12; zero-vector effects retained,"population, time axis then sample/feature mean",112,306,433,533,666,43.48181286287087,6.049281147435753,423.8082648593275,0.5297603310741593,tables/5_seed_review/gate_per_seed.csv,1.0,nan
N-MNIST,SNN-DFA,20260830,H2,completed_epoch_100,results/experiment03_soft_spectral/experiment03_20260831_server/checkpoints/full_dense/seed_20260830/epoch_100.pt,b8f2c8c95c5944358405d35f2d38dcb293461fa1e8641e9e6cb29ab98e39a534,basis_eval,512,30,800,same_trained_model_and_neuron_coordinates,True,random_sparsity,0.50,nan,global_frobenius_norm_matched,204635183011.0,0.5,0.5,False,0.01251980304645,0.0776263644434277,272.1133495218173,2.038544758438173,0.5,0.5,1e-06,0.0443730652332305,0.0686096878902812,0.3658130450942885,0.005591590837511,0.0,canonical epsilon=1e-12; zero-vector effects retained,"population, time axis then sample/feature mean",117,309,435,535,666,52.79276113443579,6.091132859645967,441.92176301023017,0.5524022037627877,tables/5_seed_review/gate_per_seed.csv,1.0,nan
N-MNIST,SNN-DFA,20260830,H2,completed_epoch_100,results/experiment03_soft_spectral/experiment03_20260831_server/checkpoints/full_dense/seed_20260830/epoch_100.pt,b8f2c8c95c5944358405d35f2d38dcb293461fa1e8641e9e6cb29ab98e39a534,basis_eval,512,30,800,same_trained_model_and_neuron_coordinates,True,random_sparsity,0.75,nan,global_frobenius_norm_matched,204635183011.0,0.75,0.75,False,0.0088481480386071,0.0776144237097153,272.07149218288447,1.9821529698755131,0.75,0.75,1e-06,0.0247295461595058,0.0375713655253668,0.4478410147974977,0.0057066396844216,0.0,canonical epsilon=1e-12; zero-vector effects retained,"population, time axis then sample/feature mean",118,305,430,529,664,86.01852486761695,6.1097855531175,450.24215178831184,0.5628026897353898,tables/5_seed_review/gate_per_seed.csv,1.0,nan
N-MNIST,SNN-DFA,20260830,H2,completed_epoch_100,results/experiment03_soft_spectral/experiment03_20260831_server/checkpoints/full_dense/seed_20260830/epoch_100.pt,b8f2c8c95c5944358405d35f2d38dcb293461fa1e8641e9e6cb29ab98e39a534,basis_eval,512,30,800,same_trained_model_and_neuron_coordinates,True,random_sparsity,ann_matched,nan,global_frobenius_norm_matched,204635183011.0,0.83249462890625,0.83249462890625,False,0.0072480638918497,0.0776099980364226,272.055978319879,1.92896390000908,0.83249462890625,0.83249462890625,1e-06,0.0184365715831518,0.0277276024121473,0.517669250140287,0.005743484883853,0.0,canonical epsilon=1e-12; zero-vector effects retained,"population, time axis then sample/feature mean",109,290,415,516,656,74.91651359419889,6.062114938124347,429.28238313179736,0.5366029789147467,tables/5_seed_review/gate_per_seed.csv,1.0,nan
N-MNIST,SNN-DFA,20260830,H2,completed_epoch_100,results/experiment03_soft_spectral/experiment03_20260831_server/checkpoints/full_dense/seed_20260830/epoch_100.pt,b8f2c8c95c5944358405d35f2d38dcb293461fa1e8641e9e6cb29ab98e39a534,basis_eval,512,30,800,same_trained_model_and_neuron_coordinates,True,random_sparsity,0,nan,global_frobenius_norm_matched,204635183012.0,0.0,0.0,False,0.017726797456581,0.0776460680027963,272.1824188589746,2.0700610027395823,0.0,0.0,1e-06,0.0840893238782882,0.1297228659402475,0.3152189431433105,0.0053612365318526,0.0,canonical epsilon=1e-12; zero-vector effects retained,"population, time axis then sample/feature mean",105,299,427,528,664,34.24198966823596,5.98992145561933,399.38323938594846,0.4992290492324355,tables/5_seed_review/gate_per_seed.csv,2.0,nan
N-MNIST,SNN-DFA,20260830,H2,completed_epoch_100,results/experiment03_soft_spectral/experiment03_20260831_server/checkpoints/full_dense/seed_20260830/epoch_100.pt,b8f2c8c95c5944358405d35f2d38dcb293461fa1e8641e9e6cb29ab98e39a534,basis_eval,512,30,800,same_trained_model_and_neuron_coordinates,True,random_sparsity,0.25,nan,global_frobenius_norm_matched,204635183012.0,0.25,0.25,False,0.0153532457387992,0.0776363698730165,272.1484227985144,2.059623665796742,0.25,0.25,1e-06,0.0641778856515884,0.0991135511215299,0.3320426693761068,0.0054765837492094,0.0,canonical epsilon=1e-12; zero-vector effects retained,"population, time axis then sample/feature mean",112,304,431,531,665,43.6318843977798,6.0509748370609024,424.5266727288154,0.5306583409110193,tables/5_seed_review/gate_per_seed.csv,2.0,nan
N-MNIST,SNN-DFA,20260830,H2,completed_epoch_100,results/experiment03_soft_spectral/experiment03_20260831_server/checkpoints/full_dense/seed_20260830/epoch_100.pt,b8f2c8c95c5944358405d35f2d38dcb293461fa1e8641e9e6cb29ab98e39a534,basis_eval,512,30,800,same_trained_model_and_neuron_coordinates,True,random_sparsity,0.50,nan,global_frobenius_norm_matched,204635183012.0,0.5,0.5,False,0.0125346053393763,0.077626337664556,272.1132556505069,2.0395306947642067,0.5,0.5,1e-06,0.0443736910820007,0.0684632749281149,0.3640162317481869,0.0055918659350392,0.0,canonical epsilon=1e-12; zero-vector effects retained,"population, time axis then sample/feature mean",118,309,435,533,665,57.81901217395352,6.100043632735487,445.8772245010852,0.5573465306263565,tables/5_seed_review/gate_per_seed.csv,2.0,nan
N-MNIST,SNN-DFA,20260830,H2,completed_epoch_100,results/experiment03_soft_spectral/experiment03_20260831_server/checkpoints/full_dense/seed_20260830/epoch_100.pt,b8f2c8c95c5944358405d35f2d38dcb293461fa1e8641e9e6cb29ab98e39a534,basis_eval,512,30,800,same_trained_model_and_neuron_coordinates,True,random_sparsity,0.75,nan,global_frobenius_norm_matched,204635183012.0,0.75,0.75,False,0.0088692269902908,0.0776143455092652,272.0712180571241,1.986919015094443,0.75,0.75,1e-06,0.024753114208579,0.0391419240616872,0.4410467910197636,0.0057062095554717,0.0,canonical epsilon=1e-12; zero-vector effects retained,"population, time axis then sample/feature mean",124,312,435,533,664,77.17077763010374,6.139241736324031,463.70182926608,0.5796272865826001,tables/5_seed_review/gate_per_seed.csv,2.0,nan
N-MNIST,SNN-DFA,20260830,H2,completed_epoch_100,results/experiment03_soft_spectral/experiment03_20260831_server/checkpoints/full_dense/seed_20260830/epoch_100.pt,b8f2c8c95c5944358405d35f2d38dcb293461fa1e8641e9e6cb29ab98e39a534,basis_eval,512,30,800,same_trained_model_and_neuron_coordinates,True,random_sparsity,ann_matched,nan,global_frobenius_norm_matched,204635183012.0,0.83249462890625,0.83249462890625,False,0.0072532986022951,0.0776100318893191,272.05609698865044,1.937500413401669,0.83249462890625,0.83249462890625,1e-06,0.018342949450016,0.0295728102955169,0.5085865613586183,0.0057441506999138,0.0,canonical epsilon=1e-12; zero-vector effects retained,"population, time axis then sample/feature mean",120,304,427,526,660,60.58964427657308,6.11026427122301,450.457742457698,0.5630721780721225,tables/5_seed_review/gate_per_seed.csv,2.0,nan
N-MNIST,SNN-DFA,20260830,H2,completed_epoch_100,results/experiment03_soft_spectral/experiment03_20260831_server/checkpoints/full_dense/seed_20260830/epoch_100.pt,b8f2c8c95c5944358405d35f2d38dcb293461fa1e8641e9e6cb29ab98e39a534,basis_eval,512,30,800,same_trained_model_and_neuron_coordinates,True,random_sparsity,0,nan,global_frobenius_norm_matched,204635183013.0,0.0,0.0,False,0.017726797456581,0.0776460680027963,272.1824188589746,2.0700610027395823,0.0,0.0,1e-06,0.0840893238782882,0.1297228659402475,0.3152189431433105,0.0053612365318526,0.0,canonical epsilon=1e-12; zero-vector effects retained,"population, time axis then sample/feature mean",105,299,427,528,664,34.24198966823596,5.98992145561933,399.38323938594846,0.4992290492324355,tables/5_seed_review/gate_per_seed.csv,3.0,nan
N-MNIST,SNN-DFA,20260830,H2,completed_epoch_100,results/experiment03_soft_spectral/experiment03_20260831_server/checkpoints/full_dense/seed_20260830/epoch_100.pt,b8f2c8c95c5944358405d35f2d38dcb293461fa1e8641e9e6cb29ab98e39a534,basis_eval,512,30,800,same_trained_model_and_neuron_coordinates,True,random_sparsity,0.25,nan,global_frobenius_norm_matched,204635183013.0,0.25,0.25,False,0.0153508139434106,0.0776364538389398,272.1487171347101,2.060684672885552,0.25,0.25,1e-06,0.0641391575336456,0.0988866159054408,0.3304805995914941,0.0054763795148107,0.0,canonical epsilon=1e-12; zero-vector effects retained,"population, time axis then sample/feature mean",109,304,432,532,666,43.13906077011534,6.040232089261481,419.99049886077614,0.5249881235759701,tables/5_seed_review/gate_per_seed.csv,3.0,nan
N-MNIST,SNN-DFA,20260830,H2,completed_epoch_100,results/experiment03_soft_spectral/experiment03_20260831_server/checkpoints/full_dense/seed_20260830/epoch_100.pt,b8f2c8c95c5944358405d35f2d38dcb293461fa1e8641e9e6cb29ab98e39a534,basis_eval,512,30,800,same_trained_model_and_neuron_coordinates,True,random_sparsity,0.50,nan,global_frobenius_norm_matched,204635183013.0,0.5,0.5,False,0.0125317187278667,0.0776263930721085,272.113449877495,2.0414620310012856,0.5,0.5,1e-06,0.0442726835608482,0.0688374532134198,0.3608675041654532,0.0055915684287573,0.0,canonical epsilon=1e-12; zero-vector effects retained,"population, time axis then sample/feature mean",111,304,431,531,665,51.36148952391133,6.062944174819576,429.6385074717838,0.5370481343397298,tables/5_seed_review/gate_per_seed.csv,3.0,nan
N-MNIST,SNN-DFA,20260830,H2,completed_epoch_100,results/experiment03_soft_spectral/experiment03_20260831_server/checkpoints/full_dense/seed_20260830/epoch_100.pt,b8f2c8c95c5944358405d35f2d38dcb293461fa1e8641e9e6cb29ab98e39a534,basis_eval,512,30,800,same_trained_model_and_neuron_coordinates,True,random_sparsity,0.75,nan,global_frobenius_norm_matched,204635183013.0,0.75,0.75,False,0.0088605013446543,0.077614329120725,272.0711606083356,1.9851007735085424,0.75,0.75,1e-06,0.0246498323976993,0.0378825483904291,0.442176749091901,0.0057064325609891,0.0,canonical epsilon=1e-12; zero-vector effects retained,"population, time axis then sample/feature mean",104,290,416,517,658,46.61599723302793,6.022800146380048,412.7326911055058,0.5159158638818823,tables/5_seed_review/gate_per_seed.csv,3.0,nan
N-MNIST,SNN-DFA,20260830,H2,completed_epoch_100,results/experiment03_soft_spectral/experiment03_20260831_server/checkpoints/full_dense/seed_20260830/epoch_100.pt,b8f2c8c95c5944358405d35f2d38dcb293461fa1e8641e9e6cb29ab98e39a534,basis_eval,512,30,800,same_trained_model_and_neuron_coordinates,True,random_sparsity,ann_matched,nan,global_frobenius_norm_matched,204635183013.0,0.83249462890625,0.83249462890625,False,0.007258901503585,0.0776100500518696,272.05616065609433,1.933417984261722,0.83249462890625,0.83249462890625,1e-06,0.0182908698916435,0.0282629209473433,0.5113469298533749,0.0057435366464467,0.0,canonical epsilon=1e-12; zero-vector effects retained,"population, time axis then sample/feature mean",94,276,403,507,653,34.58049855924231,5.9381519891816765,379.2334540448832,0.474041817556104,tables/5_seed_review/gate_per_seed.csv,3.0,nan
N-MNIST,SNN-DFA,20260830,H2,completed_epoch_100,results/experiment03_soft_spectral/experiment03_20260831_server/checkpoints/full_dense/seed_20260830/epoch_100.pt,b8f2c8c95c5944358405d35f2d38dcb293461fa1e8641e9e6cb29ab98e39a534,basis_eval,512,30,800,same_trained_model_and_neuron_coordinates,True,random_sparsity,0,nan,global_frobenius_norm_matched,204635183014.0,0.0,0.0,False,0.017726797456581,0.0776460680027963,272.1824188589746,2.0700610027395823,0.0,0.0,1e-06,0.0840893238782882,0.1297228659402475,0.3152189431433105,0.0053612365318526,0.0,canonical epsilon=1e-12; zero-vector effects retained,"population, time axis then sample/feature mean",105,299,427,528,664,34.24198966823596,5.98992145561933,399.38323938594846,0.4992290492324355,tables/5_seed_review/gate_per_seed.csv,4.0,nan
N-MNIST,SNN-DFA,20260830,H2,completed_epoch_100,results/experiment03_soft_spectral/experiment03_20260831_server/checkpoints/full_dense/seed_20260830/epoch_100.pt,b8f2c8c95c5944358405d35f2d38dcb293461fa1e8641e9e6cb29ab98e39a534,basis_eval,512,30,800,same_trained_model_and_neuron_coordinates,True,random_sparsity,0.25,nan,global_frobenius_norm_matched,204635183014.0,0.25,0.25,False,0.0153491158595901,0.0776362335638392,272.1479449769984,2.0600356474104147,0.25,0.25,1e-06,0.0640057846903801,0.0987452316800302,0.3312179938299127,0.0054768193665141,0.0,canonical epsilon=1e-12; zero-vector effects retained,"population, time axis then sample/feature mean",111,305,431,532,666,42.01937792109456,6.045035171563589,422.01260006473984,0.5275157500809248,tables/5_seed_review/gate_per_seed.csv,4.0,nan
N-MNIST,SNN-DFA,20260830,H2,completed_epoch_100,results/experiment03_soft_spectral/experiment03_20260831_server/checkpoints/full_dense/seed_20260830/epoch_100.pt,b8f2c8c95c5944358405d35f2d38dcb293461fa1e8641e9e6cb29ab98e39a534,basis_eval,512,30,800,same_trained_model_and_neuron_coordinates,True,random_sparsity,0.50,nan,global_frobenius_norm_matched,204635183014.0,0.5,0.5,False,0.0125263781931969,0.0776263528978472,272.1133090496543,2.0391728130619025,0.5,0.5,1e-06,0.0440990850329399,0.0673925226528079,0.363508573991382,0.0055924610951316,0.0,canonical epsilon=1e-12; zero-vector effects retained,"population, time axis then sample/feature mean",117,308,434,533,665,48.112649050501496,6.088509025434806,440.76375344670265,0.5509546918083783,tables/5_seed_review/gate_per_seed.csv,4.0,nan
N-MNIST,SNN-DFA,20260830,H2,completed_epoch_100,results/experiment03_soft_spectral/experiment03_20260831_server/checkpoints/full_dense/seed_20260830/epoch_100.pt,b8f2c8c95c5944358405d35f2d38dcb293461fa1e8641e9e6cb29ab98e39a534,basis_eval,512,30,800,same_trained_model_and_neuron_coordinates,True,random_sparsity,0.75,nan,global_frobenius_norm_matched,204635183014.0,0.75,0.75,False,0.0088505927300647,0.07761450189377,272.07176625117296,1.9803897658194591,0.75,0.75,1e-06,0.0245889909565448,0.0377759943191376,0.4486378000795991,0.0057070488402719,0.0,canonical epsilon=1e-12; zero-vector effects retained,"population, time axis then sample/feature mean",120,308,432,530,662,83.34879040487002,6.123302550729727,456.3693915297848,0.570461739412231,tables/5_seed_review/gate_per_seed.csv,4.0,nan
N-MNIST,SNN-DFA,20260830,H2,completed_epoch_100,results/experiment03_soft_spectral/experiment03_20260831_server/checkpoints/full_dense/seed_20260830/epoch_100.pt,b8f2c8c95c5944358405d35f2d38dcb293461fa1e8641e9e6cb29ab98e39a534,basis_eval,512,30,800,same_trained_model_and_neuron_coordinates,True,random_sparsity,ann_matched,nan,global_frobenius_norm_matched,204635183014.0,0.83249462890625,0.83249462890625,False,0.0072449182164824,0.0776100668678087,272.0562196031006,1.928870895581055,0.83249462890625,0.83249462890625,1e-06,0.0181884486228227,0.0276062251442872,0.5175969152454449,0.0057450408881443,0.0,canonical epsilon=1e-12; zero-vector effects retained,"population, time axis then sample/feature mean",112,297,422,522,658,69.35469925286804,6.077012486296183,435.7255123642906,0.5446568904553633,tables/5_seed_review/gate_per_seed.csv,4.0,nan
N-MNIST,SNN-DFA,20260830,H2,completed_epoch_100,results/experiment03_soft_spectral/experiment03_20260831_server/checkpoints/full_dense/seed_20260830/epoch_100.pt,b8f2c8c95c5944358405d35f2d38dcb293461fa1e8641e9e6cb29ab98e39a534,basis_eval,512,30,800,same_trained_model_and_neuron_coordinates,True,random_sparsity,0,nan,global_frobenius_norm_matched,204635183015.0,0.0,0.0,False,0.017726797456581,0.0776460680027963,272.1824188589746,2.0700610027395823,0.0,0.0,1e-06,0.0840893238782882,0.1297228659402475,0.3152189431433105,0.0053612365318526,0.0,canonical epsilon=1e-12; zero-vector effects retained,"population, time axis then sample/feature mean",105,299,427,528,664,34.24198966823596,5.98992145561933,399.38323938594846,0.4992290492324355,tables/5_seed_review/gate_per_seed.csv,5.0,nan
N-MNIST,SNN-DFA,20260830,H2,completed_epoch_100,results/experiment03_soft_spectral/experiment03_20260831_server/checkpoints/full_dense/seed_20260830/epoch_100.pt,b8f2c8c95c5944358405d35f2d38dcb293461fa1e8641e9e6cb29ab98e39a534,basis_eval,512,30,800,same_trained_model_and_neuron_coordinates,True,random_sparsity,0.25,nan,global_frobenius_norm_matched,204635183015.0,0.25,0.25,False,0.0153528513317286,0.0776363340370716,272.14829717831327,2.059796905883021,0.25,0.25,1e-06,0.0640973597764968,0.098708847939735,0.3314950779542536,0.005476408760151,0.0,canonical epsilon=1e-12; zero-vector effects retained,"population, time axis then sample/feature mean",112,305,433,533,666,42.928866470074624,6.048092472811495,423.30479402012526,0.5291309925251566,tables/5_seed_review/gate_per_seed.csv,5.0,nan
N-MNIST,SNN-DFA,20260830,H2,completed_epoch_100,results/experiment03_soft_spectral/experiment03_20260831_server/checkpoints/full_dense/seed_20260830/epoch_100.pt,b8f2c8c95c5944358405d35f2d38dcb293461fa1e8641e9e6cb29ab98e39a534,basis_eval,512,30,800,same_trained_model_and_neuron_coordinates,True,random_sparsity,0.50,nan,global_frobenius_norm_matched,204635183015.0,0.5,0.5,False,0.0125337791488619,0.0776263535237732,272.11331124379564,2.03896864292768,0.5,0.5,1e-06,0.0443456470966339,0.0687302307437213,0.3635065960702577,0.0055912110857334,0.0,canonical epsilon=1e-12; zero-vector effects retained,"population, time axis then sample/feature mean",115,308,434,533,666,54.72386273058267,6.081095069961121,437.5080343952824,0.546885042994103,tables/5_seed_review/gate_per_seed.csv,5.0,nan
N-MNIST,SNN-DFA,20260830,H2,completed_epoch_100,results/experiment03_soft_spectral/experiment03_20260831_server/checkpoints/full_dense/seed_20260830/epoch_100.pt,b8f2c8c95c5944358405d35f2d38dcb293461fa1e8641e9e6cb29ab98e39a534,basis_eval,512,30,800,same_trained_model_and_neuron_coordinates,True,random_sparsity,0.75,nan,global_frobenius_norm_matched,204635183015.0,0.75,0.75,False,0.0088629350860142,0.0776144191291612,272.0714761261024,1.9821508841404607,0.75,0.75,1e-06,0.0248254612088203,0.03842685178196,0.4459639694993048,0.0057058229292052,0.0,canonical epsilon=1e-12; zero-vector effects retained,"population, time axis then sample/feature mean",112,304,431,530,662,52.700087907895,6.075966924881289,435.2701726653691,0.5440877158317113,tables/5_seed_review/gate_per_seed.csv,5.0,nan
N-MNIST,SNN-DFA,20260830,H2,completed_epoch_100,results/experiment03_soft_spectral/experiment03_20260831_server/checkpoints/full_dense/seed_20260830/epoch_100.pt,b8f2c8c95c5944358405d35f2d38dcb293461fa1e8641e9e6cb29ab98e39a534,basis_eval,512,30,800,same_trained_model_and_neuron_coordinates,True,random_sparsity,ann_matched,nan,global_frobenius_norm_matched,204635183015.0,0.83249462890625,0.83249462890625,False,0.007244490442109,0.077610006098884,272.0560065822296,1.928929417597611,0.83249462890625,0.83249462890625,1e-06,0.0183876510709524,0.0275007804515275,0.5176648072007146,0.0057441940909038,0.0,canonical epsilon=1e-12; zero-vector effects retained,"population, time axis then sample/feature mean",105,294,422,523,660,37.76897052952679,6.027932559111065,414.85645096797583,0.5185705637099698,tables/5_seed_review/gate_per_seed.csv,5.0,nan
N-MNIST,SNN-DFA,20260830,H2,completed_epoch_100,results/experiment03_soft_spectral/experiment03_20260831_server/checkpoints/full_dense/seed_20260830/epoch_100.pt,b8f2c8c95c5944358405d35f2d38dcb293461fa1e8641e9e6cb29ab98e39a534,basis_eval,512,30,800,same_trained_model_and_neuron_coordinates,True,random_sparsity,0,nan,global_frobenius_norm_matched,204635183016.0,0.0,0.0,False,0.017726797456581,0.0776460680027963,272.1824188589746,2.0700610027395823,0.0,0.0,1e-06,0.0840893238782882,0.1297228659402475,0.3152189431433105,0.0053612365318526,0.0,canonical epsilon=1e-12; zero-vector effects retained,"population, time axis then sample/feature mean",105,299,427,528,664,34.24198966823596,5.98992145561933,399.38323938594846,0.4992290492324355,tables/5_seed_review/gate_per_seed.csv,6.0,nan
N-MNIST,SNN-DFA,20260830,H2,completed_epoch_100,results/experiment03_soft_spectral/experiment03_20260831_server/checkpoints/full_dense/seed_20260830/epoch_100.pt,b8f2c8c95c5944358405d35f2d38dcb293461fa1e8641e9e6cb29ab98e39a534,basis_eval,512,30,800,same_trained_model_and_neuron_coordinates,True,random_sparsity,0.25,nan,global_frobenius_norm_matched,204635183016.0,0.25,0.25,False,0.0153438388779971,0.0776363928843002,272.1485034628277,2.0598020513235373,0.25,0.25,1e-06,0.0640007480978965,0.0988184290054562,0.332470025123548,0.005477481866967,0.0,canonical epsilon=1e-12; zero-vector effects retained,"population, time axis then sample/feature mean",113,307,434,534,666,43.584314622706806,6.057006341070461,427.09494454248073,0.5338686806781009,tables/5_seed_review/gate_per_seed.csv,6.0,nan
N-MNIST,SNN-DFA,20260830,H2,completed_epoch_100,results/experiment03_soft_spectral/experiment03_20260831_server/checkpoints/full_dense/seed_20260830/epoch_100.pt,b8f2c8c95c5944358405d35f2d38dcb293461fa1e8641e9e6cb29ab98e39a534,basis_eval,512,30,800,same_trained_model_and_neuron_coordinates,True,random_sparsity,0.50,nan,global_frobenius_norm_matched,204635183016.0,0.5,0.5,False,0.0125255236851223,0.0776263333951284,272.11324068435266,2.0407950912492816,0.5,0.5,1e-06,0.0441323779523372,0.068183885676492,0.362726012445561,0.0055926416009043,0.0,canonical epsilon=1e-12; zero-vector effects retained,"population, time axis then sample/feature mean",115,308,435,534,666,53.62622107417255,6.083638132880162,438.6220607735392,0.548277575966924,tables/5_seed_review/gate_per_seed.csv,6.0,nan
N-MNIST,SNN-DFA,20260830,H2,completed_epoch_100,results/experiment03_soft_spectral/experiment03_20260831_server/checkpoints/full_dense/seed_20260830/epoch_100.pt,b8f2c8c95c5944358405d35f2d38dcb293461fa1e8641e9e6cb29ab98e39a534,basis_eval,512,30,800,same_trained_model_and_neuron_coordinates,True,random_sparsity,0.75,nan,global_frobenius_norm_matched,204635183016.0,0.75,0.75,False,0.0088527943108359,0.0776144869359128,272.071713817542,1.983889507827616,0.75,0.75,1e-06,0.024615179747343,0.0384113550513372,0.4453911713378201,0.0057074699924984,0.0,canonical epsilon=1e-12; zero-vector effects retained,"population, time axis then sample/feature mean",111,300,427,527,662,61.90760674217654,6.070432964476217,432.86805749977606,0.5410850718747201,tables/5_seed_review/gate_per_seed.csv,6.0,nan
N-MNIST,SNN-DFA,20260830,H2,completed_epoch_100,results/experiment03_soft_spectral/experiment03_20260831_server/checkpoints/full_dense/seed_20260830/epoch_100.pt,b8f2c8c95c5944358405d35f2d38dcb293461fa1e8641e9e6cb29ab98e39a534,basis_eval,512,30,800,same_trained_model_and_neuron_coordinates,True,random_sparsity,ann_matched,nan,global_frobenius_norm_matched,204635183016.0,0.83249462890625,0.83249462890625,False,0.0072482054534488,0.0776100323340741,272.05609854770404,1.9319475104868724,0.83249462890625,0.83249462890625,1e-06,0.0181303359568119,0.0280566711190154,0.5158484244259841,0.0057455091982662,0.0,canonical epsilon=1e-12; zero-vector effects retained,"population, time axis then sample/feature mean",107,293,417,517,657,86.62738075617915,6.057669091339773,427.3780956508704,0.534222619563588,tables/5_seed_review/gate_per_seed.csv,6.0,nan
N-MNIST,SNN-DFA,20260830,H2,completed_epoch_100,results/experiment03_soft_spectral/experiment03_20260831_server/checkpoints/full_dense/seed_20260830/epoch_100.pt,b8f2c8c95c5944358405d35f2d38dcb293461fa1e8641e9e6cb29ab98e39a534,basis_eval,512,30,800,same_trained_model_and_neuron_coordinates,True,random_sparsity,0,nan,global_frobenius_norm_matched,204635183017.0,0.0,0.0,False,0.017726797456581,0.0776460680027963,272.1824188589746,2.0700610027395823,0.0,0.0,1e-06,0.0840893238782882,0.1297228659402475,0.3152189431433105,0.0053612365318526,0.0,canonical epsilon=1e-12; zero-vector effects retained,"population, time axis then sample/feature mean",105,299,427,528,664,34.24198966823596,5.98992145561933,399.38323938594846,0.4992290492324355,tables/5_seed_review/gate_per_seed.csv,7.0,nan
N-MNIST,SNN-DFA,20260830,H2,completed_epoch_100,results/experiment03_soft_spectral/experiment03_20260831_server/checkpoints/full_dense/seed_20260830/epoch_100.pt,b8f2c8c95c5944358405d35f2d38dcb293461fa1e8641e9e6cb29ab98e39a534,basis_eval,512,30,800,same_trained_model_and_neuron_coordinates,True,random_sparsity,0.25,nan,global_frobenius_norm_matched,204635183017.0,0.25,0.25,False,0.0153523028977077,0.0776364293721185,272.14863136811266,2.060298123744185,0.25,0.25,1e-06,0.0640863999724388,0.0991911654516766,0.3314162017382357,0.0054763171265285,0.0,canonical epsilon=1e-12; zero-vector effects retained,"population, time axis then sample/feature mean",114,306,433,533,665,43.24820162890752,6.057111319175319,427.1397825138146,0.5339247281422683,tables/5_seed_review/gate_per_seed.csv,7.0,nan
N-MNIST,SNN-DFA,20260830,H2,completed_epoch_100,results/experiment03_soft_spectral/experiment03_20260831_server/checkpoints/full_dense/seed_20260830/epoch_100.pt,b8f2c8c95c5944358405d35f2d38dcb293461fa1e8641e9e6cb29ab98e39a534,basis_eval,512,30,800,same_trained_model_and_neuron_coordinates,True,random_sparsity,0.50,nan,global_frobenius_norm_matched,204635183017.0,0.5,0.5,False,0.0125398898721915,0.0776263203460481,272.11319494178576,2.040897406407552,0.5,0.5,1e-06,0.0442252494394779,0.0689104403131917,0.3611342699207329,0.005591757268908,0.0,canonical epsilon=1e-12; zero-vector effects retained,"population, time axis then sample/feature mean",117,308,434,534,666,51.60199526954076,6.094108006373022,443.2385028729513,0.5540481285911891,tables/5_seed_review/gate_per_seed.csv,7.0,nan
N-MNIST,SNN-DFA,20260830,H2,completed_epoch_100,results/experiment03_soft_spectral/experiment03_20260831_server/checkpoints/full_dense/seed_20260830/epoch_100.pt,b8f2c8c95c5944358405d35f2d38dcb293461fa1e8641e9e6cb29ab98e39a534,basis_eval,512,30,800,same_trained_model_and_neuron_coordinates,True,random_sparsity,0.75,nan,global_frobenius_norm_matched,204635183017.0,0.75,0.75,False,0.0088650310249135,0.0776143694867292,272.0713021083112,1.982163773486956,0.75,0.75,1e-06,0.024626899510622,0.0377359219272556,0.4462749651229767,0.0057072461597287,0.0,canonical epsilon=1e-12; zero-vector effects retained,"population, time axis then sample/feature mean",114,304,429,527,661,49.80088796298132,6.082745021950489,438.2304974978146,0.5477881218722682,tables/5_seed_review/gate_per_seed.csv,7.0,nan
N-MNIST,SNN-DFA,20260830,H2,completed_epoch_100,results/experiment03_soft_spectral/experiment03_20260831_server/checkpoints/full_dense/seed_20260830/epoch_100.pt,b8f2c8c95c5944358405d35f2d38dcb293461fa1e8641e9e6cb29ab98e39a534,basis_eval,512,30,800,same_trained_model_and_neuron_coordinates,True,random_sparsity,ann_matched,nan,global_frobenius_norm_matched,204635183017.0,0.83249462890625,0.83249462890625,False,0.0072538433812453,0.0776100120644563,272.0560274940906,1.930079235588382,0.83249462890625,0.83249462890625,1e-06,0.0181995294988155,0.0281873933833875,0.5155675353067277,0.0057450823880036,0.0,canonical epsilon=1e-12; zero-vector effects retained,"population, time axis then sample/feature mean",109,293,419,521,659,34.12518188225234,6.043349439992551,421.3017993793361,0.52662724922417,tables/5_seed_review/gate_per_seed.csv,7.0,nan
N-MNIST,SNN-DFA,20260830,H2,completed_epoch_100,results/experiment03_soft_spectral/experiment03_20260831_server/checkpoints/full_dense/seed_20260830/epoch_100.pt,b8f2c8c95c5944358405d35f2d38dcb293461fa1e8641e9e6cb29ab98e39a534,basis_eval,512,30,800,same_trained_model_and_neuron_coordinates,True,random_sparsity,0,nan,global_frobenius_norm_matched,204635183018.0,0.0,0.0,False,0.017726797456581,0.0776460680027963,272.1824188589746,2.0700610027395823,0.0,0.0,1e-06,0.0840893238782882,0.1297228659402475,0.3152189431433105,0.0053612365318526,0.0,canonical epsilon=1e-12; zero-vector effects retained,"population, time axis then sample/feature mean",105,299,427,528,664,34.24198966823596,5.98992145561933,399.38323938594846,0.4992290492324355,tables/5_seed_review/gate_per_seed.csv,8.0,nan
N-MNIST,SNN-DFA,20260830,H2,completed_epoch_100,results/experiment03_soft_spectral/experiment03_20260831_server/checkpoints/full_dense/seed_20260830/epoch_100.pt,b8f2c8c95c5944358405d35f2d38dcb293461fa1e8641e9e6cb29ab98e39a534,basis_eval,512,30,800,same_trained_model_and_neuron_coordinates,True,random_sparsity,0.25,nan,global_frobenius_norm_matched,204635183018.0,0.25,0.25,False,0.0153522901843626,0.0776363710962033,272.1484270863052,2.059260905161638,0.25,0.25,1e-06,0.0641971677541732,0.0984911440045759,0.3335561054360642,0.0054767053033637,0.0,canonical epsilon=1e-12; zero-vector effects retained,"population, time axis then sample/feature mean",113,306,434,534,666,43.29266018643907,6.057178416164192,427.1684432685634,0.5339605540857043,tables/5_seed_review/gate_per_seed.csv,8.0,nan
N-MNIST,SNN-DFA,20260830,H2,completed_epoch_100,results/experiment03_soft_spectral/experiment03_20260831_server/checkpoints/full_dense/seed_20260830/epoch_100.pt,b8f2c8c95c5944358405d35f2d38dcb293461fa1e8641e9e6cb29ab98e39a534,basis_eval,512,30,800,same_trained_model_and_neuron_coordinates,True,random_sparsity,0.50,nan,global_frobenius_norm_matched,204635183018.0,0.5,0.5,False,0.012523313260443,0.0776263790842499,272.1134008441145,2.0395585323740053,0.5,0.5,1e-06,0.0441953241825103,0.0679046734896713,0.3640132160962644,0.0055920450526119,0.0,canonical epsilon=1e-12; zero-vector effects retained,"population, time axis then sample/feature mean",117,308,433,532,664,59.21095547916815,6.09540228155363,443.81254687162544,0.5547656835895318,tables/5_seed_review/gate_per_seed.csv,8.0,nan
N-MNIST,SNN-DFA,20260830,H2,completed_epoch_100,results/experiment03_soft_spectral/experiment03_20260831_server/checkpoints/full_dense/seed_20260830/epoch_100.pt,b8f2c8c95c5944358405d35f2d38dcb293461fa1e8641e9e6cb29ab98e39a534,basis_eval,512,30,800,same_trained_model_and_neuron_coordinates,True,random_sparsity,0.75,nan,global_frobenius_norm_matched,204635183018.0,0.75,0.75,False,0.0088581278301288,0.0776145412915155,272.0719043569927,1.983139153294676,0.75,0.75,1e-06,0.0246528703719377,0.0385729058469166,0.4452389599017616,0.0057060277090998,0.0,canonical epsilon=1e-12; zero-vector effects retained,"population, time axis then sample/feature mean",115,301,426,526,662,69.99246993886719,6.090801325854987,441.77527529697824,0.5522190941212228,tables/5_seed_review/gate_per_seed.csv,8.0,nan
N-MNIST,SNN-DFA,20260830,H2,completed_epoch_100,results/experiment03_soft_spectral/experiment03_20260831_server/checkpoints/full_dense/seed_20260830/epoch_100.pt,b8f2c8c95c5944358405d35f2d38dcb293461fa1e8641e9e6cb29ab98e39a534,basis_eval,512,30,800,same_trained_model_and_neuron_coordinates,True,random_sparsity,ann_matched,nan,global_frobenius_norm_matched,204635183018.0,0.83249462890625,0.83249462890625,False,0.0072452784847592,0.0776101437572867,272.0564891333476,1.929950819053844,0.83249462890625,0.83249462890625,1e-06,0.0183011330664157,0.0288325429482489,0.5155688660190586,0.0057438034484713,0.0,canonical epsilon=1e-12; zero-vector effects retained,"population, time axis then sample/feature mean",111,293,419,521,659,66.37757924950425,6.065659112858624,430.8065342414632,0.538508167801829,tables/5_seed_review/gate_per_seed.csv,8.0,nan
N-MNIST,SNN-DFA,20260830,H2,completed_epoch_100,results/experiment03_soft_spectral/experiment03_20260831_server/checkpoints/full_dense/seed_20260830/epoch_100.pt,b8f2c8c95c5944358405d35f2d38dcb293461fa1e8641e9e6cb29ab98e39a534,basis_eval,512,30,800,same_trained_model_and_neuron_coordinates,True,random_sparsity,0,nan,global_frobenius_norm_matched,204635183019.0,0.0,0.0,False,0.017726797456581,0.0776460680027963,272.1824188589746,2.0700610027395823,0.0,0.0,1e-06,0.0840893238782882,0.1297228659402475,0.3152189431433105,0.0053612365318526,0.0,canonical epsilon=1e-12; zero-vector effects retained,"population, time axis then sample/feature mean",105,299,427,528,664,34.24198966823596,5.98992145561933,399.38323938594846,0.4992290492324355,tables/5_seed_review/gate_per_seed.csv,9.0,nan
N-MNIST,SNN-DFA,20260830,H2,completed_epoch_100,results/experiment03_soft_spectral/experiment03_20260831_server/checkpoints/full_dense/seed_20260830/epoch_100.pt,b8f2c8c95c5944358405d35f2d38dcb293461fa1e8641e9e6cb29ab98e39a534,basis_eval,512,30,800,same_trained_model_and_neuron_coordinates,True,random_sparsity,0.25,nan,global_frobenius_norm_matched,204635183019.0,0.25,0.25,False,0.0153463517560214,0.0776364252805117,272.1486170253054,2.060246786249461,0.25,0.25,1e-06,0.0640526413917541,0.0988456428459848,0.3314338398084778,0.0054769278059642,0.0,canonical epsilon=1e-12; zero-vector effects retained,"population, time axis then sample/feature mean",110,303,431,531,665,43.34636471710562,6.041148717878165,420.3756506643822,0.5254695633304778,tables/5_seed_review/gate_per_seed.csv,9.0,nan
N-MNIST,SNN-DFA,20260830,H2,completed_epoch_100,results/experiment03_soft_spectral/experiment03_20260831_server/checkpoints/full_dense/seed_20260830/epoch_100.pt,b8f2c8c95c5944358405d35f2d38dcb293461fa1e8641e9e6cb29ab98e39a534,basis_eval,512,30,800,same_trained_model_and_neuron_coordinates,True,random_sparsity,0.50,nan,global_frobenius_norm_matched,204635183019.0,0.5,0.5,False,0.0125318124372155,0.0776263545981761,272.1133150100346,2.040640198611457,0.5,0.5,1e-06,0.0442931354045867,0.0681513444932085,0.3625450916598171,0.0055918718849923,0.0,canonical epsilon=1e-12; zero-vector effects retained,"population, time axis then sample/feature mean",114,306,433,533,666,55.02964582369592,6.07838916727979,436.3257804852837,0.5454072256066046,tables/5_seed_review/gate_per_seed.csv,9.0,nan
N-MNIST,SNN-DFA,20260830,H2,completed_epoch_100,results/experiment03_soft_spectral/experiment03_20260831_server/checkpoints/full_dense/seed_20260830/epoch_100.pt,b8f2c8c95c5944358405d35f2d38dcb293461fa1e8641e9e6cb29ab98e39a534,basis_eval,512,30,800,same_trained_model_and_neuron_coordinates,True,random_sparsity,0.75,nan,global_frobenius_norm_matched,204635183019.0,0.75,0.75,False,0.0088601227784352,0.0776145096597809,272.0717934743428,1.9822542146377264,0.75,0.75,1e-06,0.0246329028159379,0.0375305609197362,0.4470235830131605,0.0057068545320214,0.0,canonical epsilon=1e-12; zero-vector effects retained,"population, time axis then sample/feature mean",116,304,428,527,661,51.21241363516929,6.079992692786819,437.0260012645669,0.5462825015807087,tables/5_seed_review/gate_per_seed.csv,9.0,nan
N-MNIST,SNN-DFA,20260830,H2,completed_epoch_100,results/experiment03_soft_spectral/experiment03_20260831_server/checkpoints/full_dense/seed_20260830/epoch_100.pt,b8f2c8c95c5944358405d35f2d38dcb293461fa1e8641e9e6cb29ab98e39a534,basis_eval,512,30,800,same_trained_model_and_neuron_coordinates,True,random_sparsity,ann_matched,nan,global_frobenius_norm_matched,204635183019.0,0.83249462890625,0.83249462890625,False,0.007248783771874,0.0776101067890709,272.05635954406193,1.9300618759154928,0.83249462890625,0.83249462890625,1e-06,0.0183202736079692,0.0285089603681545,0.5176590740239175,0.0057446954577615,0.0,canonical epsilon=1e-12; zero-vector effects retained,"population, time axis then sample/feature mean",110,293,417,517,656,49.79658216388526,6.046853901162513,422.78082525678457,0.5284760315709807,tables/5_seed_review/gate_per_seed.csv,9.0,nan
N-MNIST,SNN-DFA,20260830,H3,completed_epoch_100,results/experiment03_soft_spectral/experiment03_20260831_server/checkpoints/full_dense/seed_20260830/epoch_100.pt,b8f2c8c95c5944358405d35f2d38dcb293461fa1e8641e9e6cb29ab98e39a534,basis_eval,512,30,800,same_trained_model_and_neuron_coordinates,True,random_sparsity,0,nan,global_frobenius_norm_matched,204635183020.0,0.0,0.0,False,0.0079003907885253,0.0504234298643598,176.75551976633852,1.2573703594556866,0.0,0.0,1e-06,0.0880589932203292,0.1358324827874336,0.4743338399405651,0.0023232731747041,0.0,canonical epsilon=1e-12; zero-vector effects retained,"population, time axis then sample/feature mean",101,281,411,523,688,46.65953694403787,6.013041829297904,408.7247020544724,0.5109058775680905,tables/5_seed_review/gate_per_seed.csv,0.0,nan
N-MNIST,SNN-DFA,20260830,H3,completed_epoch_100,results/experiment03_soft_spectral/experiment03_20260831_server/checkpoints/full_dense/seed_20260830/epoch_100.pt,b8f2c8c95c5944358405d35f2d38dcb293461fa1e8641e9e6cb29ab98e39a534,basis_eval,512,30,800,same_trained_model_and_neuron_coordinates,True,random_sparsity,0.25,nan,global_frobenius_norm_matched,204635183020.0,0.25,0.25,False,0.0068406465397597,0.0504207973709768,176.74629175988457,1.2404966888268318,0.25,0.25,1e-06,0.0702604353427887,0.106794698474689,0.5113955695566424,0.0023570861887566,0.0,canonical epsilon=1e-12; zero-vector effects retained,"population, time axis then sample/feature mean",104,283,412,523,688,58.69026080825214,6.035163901250188,417.8672929976573,0.5223341162470717,tables/5_seed_review/gate_per_seed.csv,0.0,nan
N-MNIST,SNN-DFA,20260830,H3,completed_epoch_100,results/experiment03_soft_spectral/experiment03_20260831_server/checkpoints/full_dense/seed_20260830/epoch_100.pt,b8f2c8c95c5944358405d35f2d38dcb293461fa1e8641e9e6cb29ab98e39a534,basis_eval,512,30,800,same_trained_model_and_neuron_coordinates,True,random_sparsity,0.50,nan,global_frobenius_norm_matched,204635183020.0,0.5,0.5,False,0.0055834085174717,0.0504160948035959,176.7298072655927,1.2110522718652896,0.5,0.5,1e-06,0.0525026731193065,0.0791768314245015,0.57334345272162,0.0023901576700526,0.0,canonical epsilon=1e-12; zero-vector effects retained,"population, time axis then sample/feature mean",106,284,413,524,688,76.02338943381544,6.061647883750605,429.0819317316805,0.5363524146646007,tables/5_seed_review/gate_per_seed.csv,0.0,nan
N-MNIST,SNN-DFA,20260830,H3,completed_epoch_100,results/experiment03_soft_spectral/experiment03_20260831_server/checkpoints/full_dense/seed_20260830/epoch_100.pt,b8f2c8c95c5944358405d35f2d38dcb293461fa1e8641e9e6cb29ab98e39a534,basis_eval,512,30,800,same_trained_model_and_neuron_coordinates,True,random_sparsity,0.75,nan,global_frobenius_norm_matched,204635183020.0,0.75,0.75,False,0.0039524566961722,0.0504115559701323,176.7138967281656,1.1387558091641168,0.75,0.75,1e-06,0.0343997813761234,0.0515314821050483,0.7176300232453856,0.0024234006711219,0.0,canonical epsilon=1e-12; zero-vector effects retained,"population, time axis then sample/feature mean",100,270,398,509,679,81.21689450210977,6.019686737058905,411.449683598027,0.5143121044975337,tables/5_seed_review/gate_per_seed.csv,0.0,nan
N-MNIST,SNN-DFA,20260830,H3,completed_epoch_100,results/experiment03_soft_spectral/experiment03_20260831_server/checkpoints/full_dense/seed_20260830/epoch_100.pt,b8f2c8c95c5944358405d35f2d38dcb293461fa1e8641e9e6cb29ab98e39a534,basis_eval,512,30,800,same_trained_model_and_neuron_coordinates,True,random_sparsity,ann_matched,nan,global_frobenius_norm_matched,204635183020.0,0.8996985677083333,0.8996985677083333,False,0.0025028560520777,0.0504079640413967,176.70130549364723,0.9926161910949372,0.8996985677083333,0.8996985677083333,1e-06,0.0207528751343488,0.0310635190956902,1.010685557135219,0.0024433336516026,0.0,canonical epsilon=1e-12; zero-vector effects retained,"population, time axis then sample/feature mean",74,228,350,458,640,54.75251599825332,5.83126668406929,340.7900791544984,0.425987598943123,tables/5_seed_review/gate_per_seed.csv,0.0,nan
N-MNIST,SNN-DFA,20260830,H3,completed_epoch_100,results/experiment03_soft_spectral/experiment03_20260831_server/checkpoints/full_dense/seed_20260830/epoch_100.pt,b8f2c8c95c5944358405d35f2d38dcb293461fa1e8641e9e6cb29ab98e39a534,basis_eval,512,30,800,same_trained_model_and_neuron_coordinates,True,random_sparsity,0,nan,global_frobenius_norm_matched,204635183021.0,0.0,0.0,False,0.0079003907885253,0.0504234298643598,176.75551976633852,1.2573703594556866,0.0,0.0,1e-06,0.0880589932203292,0.1358324827874336,0.4743338399405651,0.0023232731747041,0.0,canonical epsilon=1e-12; zero-vector effects retained,"population, time axis then sample/feature mean",101,281,411,523,688,46.65953694403787,6.013041829297904,408.7247020544724,0.5109058775680905,tables/5_seed_review/gate_per_seed.csv,1.0,nan
N-MNIST,SNN-DFA,20260830,H3,completed_epoch_100,results/experiment03_soft_spectral/experiment03_20260831_server/checkpoints/full_dense/seed_20260830/epoch_100.pt,b8f2c8c95c5944358405d35f2d38dcb293461fa1e8641e9e6cb29ab98e39a534,basis_eval,512,30,800,same_trained_model_and_neuron_coordinates,True,random_sparsity,0.25,nan,global_frobenius_norm_matched,204635183021.0,0.25,0.25,False,0.0068424913316126,0.0504207868405738,176.74625484634834,1.2419960332715994,0.25,0.25,1e-06,0.0702290460467338,0.1075039536942436,0.5080146852882339,0.0023566720999007,0.0,canonical epsilon=1e-12; zero-vector effects retained,"population, time axis then sample/feature mean",105,282,411,521,687,57.62220759822388,6.042261507158743,420.8437005544092,0.5260546256930114,tables/5_seed_review/gate_per_seed.csv,1.0,nan
N-MNIST,SNN-DFA,20260830,H3,completed_epoch_100,results/experiment03_soft_spectral/experiment03_20260831_server/checkpoints/full_dense/seed_20260830/epoch_100.pt,b8f2c8c95c5944358405d35f2d38dcb293461fa1e8641e9e6cb29ab98e39a534,basis_eval,512,30,800,same_trained_model_and_neuron_coordinates,True,random_sparsity,0.50,nan,global_frobenius_norm_matched,204635183021.0,0.5,0.5,False,0.0055826579746774,0.0504160454639601,176.72963430923346,1.2109372347556662,0.5,0.5,1e-06,0.0528097003698349,0.0819132617822727,0.5719413516938535,0.0023896050989881,0.0,canonical epsilon=1e-12; zero-vector effects retained,"population, time axis then sample/feature mean",107,285,413,522,685,65.18535483330493,6.054909101517085,426.2001627455956,0.5327502034319945,tables/5_seed_review/gate_per_seed.csv,1.0,nan
N-MNIST,SNN-DFA,20260830,H3,completed_epoch_100,results/experiment03_soft_spectral/experiment03_20260831_server/checkpoints/full_dense/seed_20260830/epoch_100.pt,b8f2c8c95c5944358405d35f2d38dcb293461fa1e8641e9e6cb29ab98e39a534,basis_eval,512,30,800,same_trained_model_and_neuron_coordinates,True,random_sparsity,0.75,nan,global_frobenius_norm_matched,204635183021.0,0.75,0.75,False,0.0039510612221478,0.0504114285072355,176.71344991662264,1.1360547773097636,0.75,0.75,1e-06,0.034446083009243,0.0521424110883549,0.7230920557795222,0.0024232324242036,0.0,canonical epsilon=1e-12; zero-vector effects retained,"population, time axis then sample/feature mean",103,275,401,510,679,70.83522393568505,6.034371632597464,417.53636095127024,0.5219204511890878,tables/5_seed_review/gate_per_seed.csv,1.0,nan
N-MNIST,SNN-DFA,20260830,H3,completed_epoch_100,results/experiment03_soft_spectral/experiment03_20260831_server/checkpoints/full_dense/seed_20260830/epoch_100.pt,b8f2c8c95c5944358405d35f2d38dcb293461fa1e8641e9e6cb29ab98e39a534,basis_eval,512,30,800,same_trained_model_and_neuron_coordinates,True,random_sparsity,ann_matched,nan,global_frobenius_norm_matched,204635183021.0,0.8996985677083333,0.8996985677083333,False,0.0025031572664019,0.050407884256336,176.70102581315322,0.985303364316836,0.8996985677083333,0.8996985677083333,1e-06,0.0210398864001035,0.0306026986866428,1.0269566056613908,0.0024428912938155,0.0,canonical epsilon=1e-12; zero-vector effects retained,"population, time axis then sample/feature mean",76,227,349,461,645,53.25422680028223,5.822593443881937,337.84710595002144,0.4223088824375268,tables/5_seed_review/gate_per_seed.csv,1.0,nan
N-MNIST,SNN-DFA,20260830,H3,completed_epoch_100,results/experiment03_soft_spectral/experiment03_20260831_server/checkpoints/full_dense/seed_20260830/epoch_100.pt,b8f2c8c95c5944358405d35f2d38dcb293461fa1e8641e9e6cb29ab98e39a534,basis_eval,512,30,800,same_trained_model_and_neuron_coordinates,True,random_sparsity,0,nan,global_frobenius_norm_matched,204635183022.0,0.0,0.0,False,0.0079003907885253,0.0504234298643598,176.75551976633852,1.2573703594556866,0.0,0.0,1e-06,0.0880589932203292,0.1358324827874336,0.4743338399405651,0.0023232731747041,0.0,canonical epsilon=1e-12; zero-vector effects retained,"population, time axis then sample/feature mean",101,281,411,523,688,46.65953694403787,6.013041829297904,408.7247020544724,0.5109058775680905,tables/5_seed_review/gate_per_seed.csv,2.0,nan
N-MNIST,SNN-DFA,20260830,H3,completed_epoch_100,results/experiment03_soft_spectral/experiment03_20260831_server/checkpoints/full_dense/seed_20260830/epoch_100.pt,b8f2c8c95c5944358405d35f2d38dcb293461fa1e8641e9e6cb29ab98e39a534,basis_eval,512,30,800,same_trained_model_and_neuron_coordinates,True,random_sparsity,0.25,nan,global_frobenius_norm_matched,204635183022.0,0.25,0.25,False,0.0068412954779962,0.050420767384805,176.74618664563187,1.2414290223327065,0.25,0.25,1e-06,0.0703087896108627,0.1076240881060948,0.5099084928529862,0.002356271140295,0.0,canonical epsilon=1e-12; zero-vector effects retained,"population, time axis then sample/feature mean",101,281,411,523,688,55.68217325752895,6.024966744334037,413.6278863234819,0.5170348579043523,tables/5_seed_review/gate_per_seed.csv,2.0,nan
N-MNIST,SNN-DFA,20260830,H3,completed_epoch_100,results/experiment03_soft_spectral/experiment03_20260831_server/checkpoints/full_dense/seed_20260830/epoch_100.pt,b8f2c8c95c5944358405d35f2d38dcb293461fa1e8641e9e6cb29ab98e39a534,basis_eval,512,30,800,same_trained_model_and_neuron_coordinates,True,random_sparsity,0.50,nan,global_frobenius_norm_matched,204635183022.0,0.5,0.5,False,0.0055851813957528,0.0504160661932854,176.7297069743148,1.2098809111393416,0.5,0.5,1e-06,0.0527845732867717,0.0797913443607735,0.5761654508605094,0.0023897443175393,0.0,canonical epsilon=1e-12; zero-vector effects retained,"population, time axis then sample/feature mean",99,277,408,519,686,64.86052102807285,6.016136028681482,409.9913363746184,0.512489170468273,tables/5_seed_review/gate_per_seed.csv,2.0,nan
N-MNIST,SNN-DFA,20260830,H3,completed_epoch_100,results/experiment03_soft_spectral/experiment03_20260831_server/checkpoints/full_dense/seed_20260830/epoch_100.pt,b8f2c8c95c5944358405d35f2d38dcb293461fa1e8641e9e6cb29ab98e39a534,basis_eval,512,30,800,same_trained_model_and_neuron_coordinates,True,random_sparsity,0.75,nan,global_frobenius_norm_matched,204635183022.0,0.75,0.75,False,0.0039402755228822,0.0504113926384036,176.71332418114554,1.137475903399824,0.75,0.75,1e-06,0.0344444513320922,0.0506648517986896,0.7214574481918605,0.00242261940366,0.0,canonical epsilon=1e-12; zero-vector effects retained,"population, time axis then sample/feature mean",88,261,391,504,676,55.726580608150975,5.9485320385518445,383.19041722863057,0.4789880215357882,tables/5_seed_review/gate_per_seed.csv,2.0,nan
N-MNIST,SNN-DFA,20260830,H3,completed_epoch_100,results/experiment03_soft_spectral/experiment03_20260831_server/checkpoints/full_dense/seed_20260830/epoch_100.pt,b8f2c8c95c5944358405d35f2d38dcb293461fa1e8641e9e6cb29ab98e39a534,basis_eval,512,30,800,same_trained_model_and_neuron_coordinates,True,random_sparsity,ann_matched,nan,global_frobenius_norm_matched,204635183022.0,0.8996985677083333,0.8996985677083333,False,0.0024954539745508,0.0504078635201357,176.70095312397,0.9917768680869822,0.8996985677083333,0.8996985677083333,1e-06,0.0209535453468561,0.0301358962285744,1.016536035207665,0.0024427723264028,0.0,canonical epsilon=1e-12; zero-vector effects retained,"population, time axis then sample/feature mean",76,229,352,465,649,49.985312300117016,5.830201652166108,340.42732005720643,0.425534150071508,tables/5_seed_review/gate_per_seed.csv,2.0,nan
N-MNIST,SNN-DFA,20260830,H3,completed_epoch_100,results/experiment03_soft_spectral/experiment03_20260831_server/checkpoints/full_dense/seed_20260830/epoch_100.pt,b8f2c8c95c5944358405d35f2d38dcb293461fa1e8641e9e6cb29ab98e39a534,basis_eval,512,30,800,same_trained_model_and_neuron_coordinates,True,random_sparsity,0,nan,global_frobenius_norm_matched,204635183023.0,0.0,0.0,False,0.0079003907885253,0.0504234298643598,176.75551976633852,1.2573703594556866,0.0,0.0,1e-06,0.0880589932203292,0.1358324827874336,0.4743338399405651,0.0023232731747041,0.0,canonical epsilon=1e-12; zero-vector effects retained,"population, time axis then sample/feature mean",101,281,411,523,688,46.65953694403787,6.013041829297904,408.7247020544724,0.5109058775680905,tables/5_seed_review/gate_per_seed.csv,3.0,nan
N-MNIST,SNN-DFA,20260830,H3,completed_epoch_100,results/experiment03_soft_spectral/experiment03_20260831_server/checkpoints/full_dense/seed_20260830/epoch_100.pt,b8f2c8c95c5944358405d35f2d38dcb293461fa1e8641e9e6cb29ab98e39a534,basis_eval,512,30,800,same_trained_model_and_neuron_coordinates,True,random_sparsity,0.25,nan,global_frobenius_norm_matched,204635183023.0,0.25,0.25,False,0.0068404707917607,0.0504207409809089,176.74609408876785,1.240442705535792,0.25,0.25,1e-06,0.0704591423273086,0.1069013626404083,0.5101494355714182,0.0023566409340812,0.0,canonical epsilon=1e-12; zero-vector effects retained,"population, time axis then sample/feature mean",104,282,411,521,688,56.13162956021185,6.034060051229034,417.4062846662813,0.5217578558328515,tables/5_seed_review/gate_per_seed.csv,3.0,nan
N-MNIST,SNN-DFA,20260830,H3,completed_epoch_100,results/experiment03_soft_spectral/experiment03_20260831_server/checkpoints/full_dense/seed_20260830/epoch_100.pt,b8f2c8c95c5944358405d35f2d38dcb293461fa1e8641e9e6cb29ab98e39a534,basis_eval,512,30,800,same_trained_model_and_neuron_coordinates,True,random_sparsity,0.50,nan,global_frobenius_norm_matched,204635183023.0,0.5,0.5,False,0.0055860159084428,0.0504161039765994,176.729839420865,1.2109154317526367,0.5,0.5,1e-06,0.0527039915323257,0.0794590444424248,0.571518890598079,0.0023897490245004,0.0,canonical epsilon=1e-12; zero-vector effects retained,"population, time axis then sample/feature mean",103,279,408,519,685,62.2099808967263,6.033370463524664,417.118545646696,0.5213981820583701,tables/5_seed_review/gate_per_seed.csv,3.0,nan
N-MNIST,SNN-DFA,20260830,H3,completed_epoch_100,results/experiment03_soft_spectral/experiment03_20260831_server/checkpoints/full_dense/seed_20260830/epoch_100.pt,b8f2c8c95c5944358405d35f2d38dcb293461fa1e8641e9e6cb29ab98e39a534,basis_eval,512,30,800,same_trained_model_and_neuron_coordinates,True,random_sparsity,0.75,nan,global_frobenius_norm_matched,204635183023.0,0.75,0.75,False,0.0039464212251926,0.0504115404956062,176.71384248338575,1.134484415394491,0.75,0.75,1e-06,0.0344226844608783,0.0497566482135565,0.7232649154345131,0.0024227889653628,0.0,canonical epsilon=1e-12; zero-vector effects retained,"population, time axis then sample/feature mean",98,267,395,507,677,59.5902911295169,6.005694012959921,405.7324746423312,0.507165593302914,tables/5_seed_review/gate_per_seed.csv,3.0,nan
N-MNIST,SNN-DFA,20260830,H3,completed_epoch_100,results/experiment03_soft_spectral/experiment03_20260831_server/checkpoints/full_dense/seed_20260830/epoch_100.pt,b8f2c8c95c5944358405d35f2d38dcb293461fa1e8641e9e6cb29ab98e39a534,basis_eval,512,30,800,same_trained_model_and_neuron_coordinates,True,random_sparsity,ann_matched,nan,global_frobenius_norm_matched,204635183023.0,0.8996985677083333,0.8996985677083333,False,0.0024959269321738,0.0504079509835669,176.7012597204127,0.9885598111398062,0.8996985677083333,0.8996985677083333,1e-06,0.0207851622253656,0.0279563168774103,1.018425084986157,0.0024431680547417,0.0,canonical epsilon=1e-12; zero-vector effects retained,"population, time axis then sample/feature mean",79,232,353,466,649,36.51683210016956,5.846490670764629,346.01795638051453,0.4325224454756431,tables/5_seed_review/gate_per_seed.csv,3.0,nan
N-MNIST,SNN-DFA,20260830,H3,completed_epoch_100,results/experiment03_soft_spectral/experiment03_20260831_server/checkpoints/full_dense/seed_20260830/epoch_100.pt,b8f2c8c95c5944358405d35f2d38dcb293461fa1e8641e9e6cb29ab98e39a534,basis_eval,512,30,800,same_trained_model_and_neuron_coordinates,True,random_sparsity,0,nan,global_frobenius_norm_matched,204635183024.0,0.0,0.0,False,0.0079003907885253,0.0504234298643598,176.75551976633852,1.2573703594556866,0.0,0.0,1e-06,0.0880589932203292,0.1358324827874336,0.4743338399405651,0.0023232731747041,0.0,canonical epsilon=1e-12; zero-vector effects retained,"population, time axis then sample/feature mean",101,281,411,523,688,46.65953694403787,6.013041829297904,408.7247020544724,0.5109058775680905,tables/5_seed_review/gate_per_seed.csv,4.0,nan
N-MNIST,SNN-DFA,20260830,H3,completed_epoch_100,results/experiment03_soft_spectral/experiment03_20260831_server/checkpoints/full_dense/seed_20260830/epoch_100.pt,b8f2c8c95c5944358405d35f2d38dcb293461fa1e8641e9e6cb29ab98e39a534,basis_eval,512,30,800,same_trained_model_and_neuron_coordinates,True,random_sparsity,0.25,nan,global_frobenius_norm_matched,204635183024.0,0.25,0.25,False,0.0068411520718843,0.0504207805334432,176.74623273718592,1.241750122811825,0.25,0.25,1e-06,0.0701299607753753,0.1070626192947825,0.5077327746721825,0.0023569597862764,0.0,canonical epsilon=1e-12; zero-vector effects retained,"population, time axis then sample/feature mean",104,284,413,524,688,58.20341881197108,6.041939269361853,420.7081106547759,0.5258851383184698,tables/5_seed_review/gate_per_seed.csv,4.0,nan
N-MNIST,SNN-DFA,20260830,H3,completed_epoch_100,results/experiment03_soft_spectral/experiment03_20260831_server/checkpoints/full_dense/seed_20260830/epoch_100.pt,b8f2c8c95c5944358405d35f2d38dcb293461fa1e8641e9e6cb29ab98e39a534,basis_eval,512,30,800,same_trained_model_and_neuron_coordinates,True,random_sparsity,0.50,nan,global_frobenius_norm_matched,204635183024.0,0.5,0.5,False,0.0055891881469948,0.0504161555445753,176.73002018850212,1.211732954403927,0.5,0.5,1e-06,0.0521166995167732,0.0786542380343393,0.5696084384948972,0.0023903774487917,0.0,canonical epsilon=1e-12; zero-vector effects retained,"population, time axis then sample/feature mean",104,281,410,520,685,64.92550398232447,6.040275752255568,420.0088373037973,0.5250110466297465,tables/5_seed_review/gate_per_seed.csv,4.0,nan
N-MNIST,SNN-DFA,20260830,H3,completed_epoch_100,results/experiment03_soft_spectral/experiment03_20260831_server/checkpoints/full_dense/seed_20260830/epoch_100.pt,b8f2c8c95c5944358405d35f2d38dcb293461fa1e8641e9e6cb29ab98e39a534,basis_eval,512,30,800,same_trained_model_and_neuron_coordinates,True,random_sparsity,0.75,nan,global_frobenius_norm_matched,204635183024.0,0.75,0.75,False,0.0039474104850143,0.050411499555608,176.71369897131947,1.1403147751903802,0.75,0.75,1e-06,0.0341914221644401,0.0519616972654652,0.7130585924463521,0.0024230454804122,0.0,canonical epsilon=1e-12; zero-vector effects retained,"population, time axis then sample/feature mean",99,269,396,507,676,57.71821006542458,6.01646811324548,410.1275107782589,0.5126593884728237,tables/5_seed_review/gate_per_seed.csv,4.0,nan
N-MNIST,SNN-DFA,20260830,H3,completed_epoch_100,results/experiment03_soft_spectral/experiment03_20260831_server/checkpoints/full_dense/seed_20260830/epoch_100.pt,b8f2c8c95c5944358405d35f2d38dcb293461fa1e8641e9e6cb29ab98e39a534,basis_eval,512,30,800,same_trained_model_and_neuron_coordinates,True,random_sparsity,ann_matched,nan,global_frobenius_norm_matched,204635183024.0,0.8996985677083333,0.8996985677083333,False,0.0025005109233436,0.050407918729432,176.701146655983,0.9905405873734944,0.8996985677083333,0.8996985677083333,1e-06,0.0210306365042924,0.0301814868713362,1.01805199108137,0.0024425761531192,0.0,canonical epsilon=1e-12; zero-vector effects retained,"population, time axis then sample/feature mean",79,237,357,466,649,53.928433500716686,5.8664191801673535,352.9827469232628,0.4412284336540784,tables/5_seed_review/gate_per_seed.csv,4.0,nan
N-MNIST,SNN-DFA,20260830,H3,completed_epoch_100,results/experiment03_soft_spectral/experiment03_20260831_server/checkpoints/full_dense/seed_20260830/epoch_100.pt,b8f2c8c95c5944358405d35f2d38dcb293461fa1e8641e9e6cb29ab98e39a534,basis_eval,512,30,800,same_trained_model_and_neuron_coordinates,True,random_sparsity,0,nan,global_frobenius_norm_matched,204635183025.0,0.0,0.0,False,0.0079003907885253,0.0504234298643598,176.75551976633852,1.2573703594556866,0.0,0.0,1e-06,0.0880589932203292,0.1358324827874336,0.4743338399405651,0.0023232731747041,0.0,canonical epsilon=1e-12; zero-vector effects retained,"population, time axis then sample/feature mean",101,281,411,523,688,46.65953694403787,6.013041829297904,408.7247020544724,0.5109058775680905,tables/5_seed_review/gate_per_seed.csv,5.0,nan
N-MNIST,SNN-DFA,20260830,H3,completed_epoch_100,results/experiment03_soft_spectral/experiment03_20260831_server/checkpoints/full_dense/seed_20260830/epoch_100.pt,b8f2c8c95c5944358405d35f2d38dcb293461fa1e8641e9e6cb29ab98e39a534,basis_eval,512,30,800,same_trained_model_and_neuron_coordinates,True,random_sparsity,0.25,nan,global_frobenius_norm_matched,204635183025.0,0.25,0.25,False,0.0068394773315287,0.0504208284995442,176.7464008787248,1.2403836923068912,0.25,0.25,1e-06,0.0705306828022003,0.1080841289525984,0.5108273580835927,0.002356751737942,0.0,canonical epsilon=1e-12; zero-vector effects retained,"population, time axis then sample/feature mean",105,283,412,523,688,57.01023724856901,6.0419843697199545,420.7270851690981,0.5259088564613726,tables/5_seed_review/gate_per_seed.csv,5.0,nan
N-MNIST,SNN-DFA,20260830,H3,completed_epoch_100,results/experiment03_soft_spectral/experiment03_20260831_server/checkpoints/full_dense/seed_20260830/epoch_100.pt,b8f2c8c95c5944358405d35f2d38dcb293461fa1e8641e9e6cb29ab98e39a534,basis_eval,512,30,800,same_trained_model_and_neuron_coordinates,True,random_sparsity,0.50,nan,global_frobenius_norm_matched,204635183025.0,0.5,0.5,False,0.0055868876739943,0.0504161304797979,176.72993232582365,1.2105421342993787,0.5,0.5,1e-06,0.0525401160120964,0.0791195892800998,0.5727455431647561,0.0023898962155445,0.0,canonical epsilon=1e-12; zero-vector effects retained,"population, time axis then sample/feature mean",104,281,409,520,686,62.7112594982974,6.042992572427032,421.15147725598325,0.526439346569979,tables/5_seed_review/gate_per_seed.csv,5.0,nan
N-MNIST,SNN-DFA,20260830,H3,completed_epoch_100,results/experiment03_soft_spectral/experiment03_20260831_server/checkpoints/full_dense/seed_20260830/epoch_100.pt,b8f2c8c95c5944358405d35f2d38dcb293461fa1e8641e9e6cb29ab98e39a534,basis_eval,512,30,800,same_trained_model_and_neuron_coordinates,True,random_sparsity,0.75,nan,global_frobenius_norm_matched,204635183025.0,0.75,0.75,False,0.0039473562575557,0.0504115188055254,176.71376645044802,1.133968176907569,0.75,0.75,1e-06,0.0346067510545253,0.0519023266810434,0.72302871923755,0.0024229639921319,0.0,canonical epsilon=1e-12; zero-vector effects retained,"population, time axis then sample/feature mean",98,269,396,507,676,52.385728763299085,6.003144888508283,404.6995291830034,0.5058744114787542,tables/5_seed_review/gate_per_seed.csv,5.0,nan
N-MNIST,SNN-DFA,20260830,H3,completed_epoch_100,results/experiment03_soft_spectral/experiment03_20260831_server/checkpoints/full_dense/seed_20260830/epoch_100.pt,b8f2c8c95c5944358405d35f2d38dcb293461fa1e8641e9e6cb29ab98e39a534,basis_eval,512,30,800,same_trained_model_and_neuron_coordinates,True,random_sparsity,ann_matched,nan,global_frobenius_norm_matched,204635183025.0,0.8996985677083333,0.8996985677083333,False,0.0025011536564029,0.0504078811830424,176.70101503995338,0.9914341290637396,0.8996985677083333,0.8996985677083333,1e-06,0.0214451979845762,0.0308945874062549,1.0102571418075987,0.002442279857876,0.0,canonical epsilon=1e-12; zero-vector effects retained,"population, time axis then sample/feature mean",76,231,351,461,644,50.11408765101581,5.830593927206174,340.5608873936748,0.4257011092420935,tables/5_seed_review/gate_per_seed.csv,5.0,nan
N-MNIST,SNN-DFA,20260830,H3,completed_epoch_100,results/experiment03_soft_spectral/experiment03_20260831_server/checkpoints/full_dense/seed_20260830/epoch_100.pt,b8f2c8c95c5944358405d35f2d38dcb293461fa1e8641e9e6cb29ab98e39a534,basis_eval,512,30,800,same_trained_model_and_neuron_coordinates,True,random_sparsity,0,nan,global_frobenius_norm_matched,204635183026.0,0.0,0.0,False,0.0079003907885253,0.0504234298643598,176.75551976633852,1.2573703594556866,0.0,0.0,1e-06,0.0880589932203292,0.1358324827874336,0.4743338399405651,0.0023232731747041,0.0,canonical epsilon=1e-12; zero-vector effects retained,"population, time axis then sample/feature mean",101,281,411,523,688,46.65953694403787,6.013041829297904,408.7247020544724,0.5109058775680905,tables/5_seed_review/gate_per_seed.csv,6.0,nan
N-MNIST,SNN-DFA,20260830,H3,completed_epoch_100,results/experiment03_soft_spectral/experiment03_20260831_server/checkpoints/full_dense/seed_20260830/epoch_100.pt,b8f2c8c95c5944358405d35f2d38dcb293461fa1e8641e9e6cb29ab98e39a534,basis_eval,512,30,800,same_trained_model_and_neuron_coordinates,True,random_sparsity,0.25,nan,global_frobenius_norm_matched,204635183026.0,0.25,0.25,False,0.006846259679484,0.0504207962956518,176.74628799041014,1.2408326630740492,0.25,0.25,1e-06,0.0705060064792633,0.1081644706309782,0.509957926327345,0.0023563027906902,0.0,canonical epsilon=1e-12; zero-vector effects retained,"population, time axis then sample/feature mean",103,282,412,523,688,55.72739992454851,6.03075807941372,416.0302938703954,0.5200378673379943,tables/5_seed_review/gate_per_seed.csv,6.0,nan
N-MNIST,SNN-DFA,20260830,H3,completed_epoch_100,results/experiment03_soft_spectral/experiment03_20260831_server/checkpoints/full_dense/seed_20260830/epoch_100.pt,b8f2c8c95c5944358405d35f2d38dcb293461fa1e8641e9e6cb29ab98e39a534,basis_eval,512,30,800,same_trained_model_and_neuron_coordinates,True,random_sparsity,0.50,nan,global_frobenius_norm_matched,204635183026.0,0.5,0.5,False,0.0055832827640644,0.0504160998235393,176.72982486262643,1.2111287821767678,0.5,0.5,1e-06,0.0525131002068519,0.0788851296284332,0.5730142452662979,0.0023898989483823,0.0,canonical epsilon=1e-12; zero-vector effects retained,"population, time axis then sample/feature mean",101,278,408,519,686,56.96479776243132,6.024795335972647,413.5569931212794,0.5169462414015993,tables/5_seed_review/gate_per_seed.csv,6.0,nan
N-MNIST,SNN-DFA,20260830,H3,completed_epoch_100,results/experiment03_soft_spectral/experiment03_20260831_server/checkpoints/full_dense/seed_20260830/epoch_100.pt,b8f2c8c95c5944358405d35f2d38dcb293461fa1e8641e9e6cb29ab98e39a534,basis_eval,512,30,800,same_trained_model_and_neuron_coordinates,True,random_sparsity,0.75,nan,global_frobenius_norm_matched,204635183026.0,0.75,0.75,False,0.0039438771284295,0.050411495742025,176.71368560309077,1.136948575021537,0.75,0.75,1e-06,0.0344911068677902,0.0515222756785788,0.7181250446168246,0.0024231587764672,0.0,canonical epsilon=1e-12; zero-vector effects retained,"population, time axis then sample/feature mean",95,266,393,504,676,71.53806402507644,5.990336136888573,399.5488904784002,0.4994361130980003,tables/5_seed_review/gate_per_seed.csv,6.0,nan
N-MNIST,SNN-DFA,20260830,H3,completed_epoch_100,results/experiment03_soft_spectral/experiment03_20260831_server/checkpoints/full_dense/seed_20260830/epoch_100.pt,b8f2c8c95c5944358405d35f2d38dcb293461fa1e8641e9e6cb29ab98e39a534,basis_eval,512,30,800,same_trained_model_and_neuron_coordinates,True,random_sparsity,ann_matched,nan,global_frobenius_norm_matched,204635183026.0,0.8996985677083333,0.8996985677083333,False,0.0024951920298451,0.0504078584531496,176.7009353620331,0.9928997915631268,0.8996985677083333,0.8996985677083333,1e-06,0.0210689678788185,0.0296920091331247,1.0122180782677244,0.0024426298159231,0.0,canonical epsilon=1e-12; zero-vector effects retained,"population, time axis then sample/feature mean",78,234,355,464,646,51.57218323024934,5.856567205800704,349.5222443301831,0.4369028054127289,tables/5_seed_review/gate_per_seed.csv,6.0,nan
N-MNIST,SNN-DFA,20260830,H3,completed_epoch_100,results/experiment03_soft_spectral/experiment03_20260831_server/checkpoints/full_dense/seed_20260830/epoch_100.pt,b8f2c8c95c5944358405d35f2d38dcb293461fa1e8641e9e6cb29ab98e39a534,basis_eval,512,30,800,same_trained_model_and_neuron_coordinates,True,random_sparsity,0,nan,global_frobenius_norm_matched,204635183027.0,0.0,0.0,False,0.0079003907885253,0.0504234298643598,176.75551976633852,1.2573703594556866,0.0,0.0,1e-06,0.0880589932203292,0.1358324827874336,0.4743338399405651,0.0023232731747041,0.0,canonical epsilon=1e-12; zero-vector effects retained,"population, time axis then sample/feature mean",101,281,411,523,688,46.65953694403787,6.013041829297904,408.7247020544724,0.5109058775680905,tables/5_seed_review/gate_per_seed.csv,7.0,nan
N-MNIST,SNN-DFA,20260830,H3,completed_epoch_100,results/experiment03_soft_spectral/experiment03_20260831_server/checkpoints/full_dense/seed_20260830/epoch_100.pt,b8f2c8c95c5944358405d35f2d38dcb293461fa1e8641e9e6cb29ab98e39a534,basis_eval,512,30,800,same_trained_model_and_neuron_coordinates,True,random_sparsity,0.25,nan,global_frobenius_norm_matched,204635183027.0,0.25,0.25,False,0.0068436464895563,0.0504207406311298,176.74609286264328,1.2405781080888152,0.25,0.25,1e-06,0.070350781083107,0.1092232918567161,0.5096698813629013,0.002356730165124,0.0,canonical epsilon=1e-12; zero-vector effects retained,"population, time axis then sample/feature mean",106,287,416,526,689,58.51447504661148,6.051435876990584,424.7224416013241,0.5309030520016551,tables/5_seed_review/gate_per_seed.csv,7.0,nan
N-MNIST,SNN-DFA,20260830,H3,completed_epoch_100,results/experiment03_soft_spectral/experiment03_20260831_server/checkpoints/full_dense/seed_20260830/epoch_100.pt,b8f2c8c95c5944358405d35f2d38dcb293461fa1e8641e9e6cb29ab98e39a534,basis_eval,512,30,800,same_trained_model_and_neuron_coordinates,True,random_sparsity,0.50,nan,global_frobenius_norm_matched,204635183027.0,0.5,0.5,False,0.0055875905193012,0.050416043759476,176.72962833429233,1.21183500565018,0.5,0.5,1e-06,0.0525077059864997,0.0803457173292214,0.5705333172201388,0.0023896464298144,0.0,canonical epsilon=1e-12; zero-vector effects retained,"population, time axis then sample/feature mean",108,287,416,525,688,77.44320902950652,6.070900775688154,433.0706054037599,0.5413382567546998,tables/5_seed_review/gate_per_seed.csv,7.0,nan
N-MNIST,SNN-DFA,20260830,H3,completed_epoch_100,results/experiment03_soft_spectral/experiment03_20260831_server/checkpoints/full_dense/seed_20260830/epoch_100.pt,b8f2c8c95c5944358405d35f2d38dcb293461fa1e8641e9e6cb29ab98e39a534,basis_eval,512,30,800,same_trained_model_and_neuron_coordinates,True,random_sparsity,0.75,nan,global_frobenius_norm_matched,204635183027.0,0.75,0.75,False,0.0039484521029131,0.0504115353230704,176.71382435145503,1.1366333798154251,0.75,0.75,1e-06,0.0342827290296554,0.0514203225894356,0.7231495680753808,0.0024229267130834,0.0,canonical epsilon=1e-12; zero-vector effects retained,"population, time axis then sample/feature mean",97,273,402,512,680,63.51707838818536,6.014136226075983,409.1722539065049,0.5114653173831312,tables/5_seed_review/gate_per_seed.csv,7.0,nan
N-MNIST,SNN-DFA,20260830,H3,completed_epoch_100,results/experiment03_soft_spectral/experiment03_20260831_server/checkpoints/full_dense/seed_20260830/epoch_100.pt,b8f2c8c95c5944358405d35f2d38dcb293461fa1e8641e9e6cb29ab98e39a534,basis_eval,512,30,800,same_trained_model_and_neuron_coordinates,True,random_sparsity,ann_matched,nan,global_frobenius_norm_matched,204635183027.0,0.8996985677083333,0.8996985677083333,False,0.0024913035253964,0.0504079377214571,176.70121323108916,0.989045546831816,0.8996985677083333,0.8996985677083333,1e-06,0.0211866647005081,0.0295117204915321,1.0213473112462264,0.002442579737719,0.0,canonical epsilon=1e-12; zero-vector effects retained,"population, time axis then sample/feature mean",71,215,341,455,640,32.6690695243127,5.778378162583532,323.23453121926127,0.4040431640240766,tables/5_seed_review/gate_per_seed.csv,7.0,nan
N-MNIST,SNN-DFA,20260830,H3,completed_epoch_100,results/experiment03_soft_spectral/experiment03_20260831_server/checkpoints/full_dense/seed_20260830/epoch_100.pt,b8f2c8c95c5944358405d35f2d38dcb293461fa1e8641e9e6cb29ab98e39a534,basis_eval,512,30,800,same_trained_model_and_neuron_coordinates,True,random_sparsity,0,nan,global_frobenius_norm_matched,204635183028.0,0.0,0.0,False,0.0079003907885253,0.0504234298643598,176.75551976633852,1.2573703594556866,0.0,0.0,1e-06,0.0880589932203292,0.1358324827874336,0.4743338399405651,0.0023232731747041,0.0,canonical epsilon=1e-12; zero-vector effects retained,"population, time axis then sample/feature mean",101,281,411,523,688,46.65953694403787,6.013041829297904,408.7247020544724,0.5109058775680905,tables/5_seed_review/gate_per_seed.csv,8.0,nan
N-MNIST,SNN-DFA,20260830,H3,completed_epoch_100,results/experiment03_soft_spectral/experiment03_20260831_server/checkpoints/full_dense/seed_20260830/epoch_100.pt,b8f2c8c95c5944358405d35f2d38dcb293461fa1e8641e9e6cb29ab98e39a534,basis_eval,512,30,800,same_trained_model_and_neuron_coordinates,True,random_sparsity,0.25,nan,global_frobenius_norm_matched,204635183028.0,0.25,0.25,False,0.0068494291676248,0.0504207892887765,176.74626342834316,1.241317008914019,0.25,0.25,1e-06,0.0705982521176338,0.1088692777082737,0.5090860089578142,0.0023563520553459,0.0,canonical epsilon=1e-12; zero-vector effects retained,"population, time axis then sample/feature mean",104,281,411,522,688,56.84319404361319,6.036151875540655,418.2803391458561,0.5228504239323201,tables/5_seed_review/gate_per_seed.csv,8.0,nan
N-MNIST,SNN-DFA,20260830,H3,completed_epoch_100,results/experiment03_soft_spectral/experiment03_20260831_server/checkpoints/full_dense/seed_20260830/epoch_100.pt,b8f2c8c95c5944358405d35f2d38dcb293461fa1e8641e9e6cb29ab98e39a534,basis_eval,512,30,800,same_trained_model_and_neuron_coordinates,True,random_sparsity,0.50,nan,global_frobenius_norm_matched,204635183028.0,0.5,0.5,False,0.0055888159852128,0.0504160973797087,176.7298162959654,1.212749004992009,0.5,0.5,1e-06,0.0525919273495674,0.08115531263082,0.5695723244124975,0.0023891217701369,0.0,canonical epsilon=1e-12; zero-vector effects retained,"population, time axis then sample/feature mean",102,277,406,518,685,59.6262294203743,6.033051597381454,416.98556186792354,0.5212319523349044,tables/5_seed_review/gate_per_seed.csv,8.0,nan
N-MNIST,SNN-DFA,20260830,H3,completed_epoch_100,results/experiment03_soft_spectral/experiment03_20260831_server/checkpoints/full_dense/seed_20260830/epoch_100.pt,b8f2c8c95c5944358405d35f2d38dcb293461fa1e8641e9e6cb29ab98e39a534,basis_eval,512,30,800,same_trained_model_and_neuron_coordinates,True,random_sparsity,0.75,nan,global_frobenius_norm_matched,204635183028.0,0.75,0.75,False,0.0039518712931993,0.0504115002995197,176.7137015790451,1.1378892015244702,0.75,0.75,1e-06,0.0346864312887191,0.0522847152534663,0.7185147970965143,0.0024225572079737,0.0,canonical epsilon=1e-12; zero-vector effects retained,"population, time axis then sample/feature mean",97,267,397,509,679,68.39115420694635,6.004875773972248,405.4006242979736,0.506750780372467,tables/5_seed_review/gate_per_seed.csv,8.0,nan
N-MNIST,SNN-DFA,20260830,H3,completed_epoch_100,results/experiment03_soft_spectral/experiment03_20260831_server/checkpoints/full_dense/seed_20260830/epoch_100.pt,b8f2c8c95c5944358405d35f2d38dcb293461fa1e8641e9e6cb29ab98e39a534,basis_eval,512,30,800,same_trained_model_and_neuron_coordinates,True,random_sparsity,ann_matched,nan,global_frobenius_norm_matched,204635183028.0,0.8996985677083333,0.8996985677083333,False,0.0025049183082261,0.0504078719341533,176.7009826186721,0.9928291550314804,0.8996985677083333,0.8996985677083333,1e-06,0.0211784746497869,0.0307300742696607,1.0109920389587306,0.0024425958063437,0.0,canonical epsilon=1e-12; zero-vector effects retained,"population, time axis then sample/feature mean",77,230,347,459,644,45.01667050361016,5.8109260144511214,333.9282048899366,0.4174102561124207,tables/5_seed_review/gate_per_seed.csv,8.0,nan
N-MNIST,SNN-DFA,20260830,H3,completed_epoch_100,results/experiment03_soft_spectral/experiment03_20260831_server/checkpoints/full_dense/seed_20260830/epoch_100.pt,b8f2c8c95c5944358405d35f2d38dcb293461fa1e8641e9e6cb29ab98e39a534,basis_eval,512,30,800,same_trained_model_and_neuron_coordinates,True,random_sparsity,0,nan,global_frobenius_norm_matched,204635183029.0,0.0,0.0,False,0.0079003907885253,0.0504234298643598,176.75551976633852,1.2573703594556866,0.0,0.0,1e-06,0.0880589932203292,0.1358324827874336,0.4743338399405651,0.0023232731747041,0.0,canonical epsilon=1e-12; zero-vector effects retained,"population, time axis then sample/feature mean",101,281,411,523,688,46.65953694403787,6.013041829297904,408.7247020544724,0.5109058775680905,tables/5_seed_review/gate_per_seed.csv,9.0,nan
N-MNIST,SNN-DFA,20260830,H3,completed_epoch_100,results/experiment03_soft_spectral/experiment03_20260831_server/checkpoints/full_dense/seed_20260830/epoch_100.pt,b8f2c8c95c5944358405d35f2d38dcb293461fa1e8641e9e6cb29ab98e39a534,basis_eval,512,30,800,same_trained_model_and_neuron_coordinates,True,random_sparsity,0.25,nan,global_frobenius_norm_matched,204635183029.0,0.25,0.25,False,0.0068399346028988,0.0504207929680655,176.74627632581326,1.2400372723393474,0.25,0.25,1e-06,0.0702746585011482,0.1087826265789058,0.5116005218671019,0.0023565215925963,0.0,canonical epsilon=1e-12; zero-vector effects retained,"population, time axis then sample/feature mean",103,282,412,523,688,57.71126136223003,6.035079918887568,417.832200988705,0.5222902512358812,tables/5_seed_review/gate_per_seed.csv,9.0,nan
N-MNIST,SNN-DFA,20260830,H3,completed_epoch_100,results/experiment03_soft_spectral/experiment03_20260831_server/checkpoints/full_dense/seed_20260830/epoch_100.pt,b8f2c8c95c5944358405d35f2d38dcb293461fa1e8641e9e6cb29ab98e39a534,basis_eval,512,30,800,same_trained_model_and_neuron_coordinates,True,random_sparsity,0.50,nan,global_frobenius_norm_matched,204635183029.0,0.5,0.5,False,0.0055807686531031,0.0504160196713534,176.72954389520257,1.2111304580007736,0.5,0.5,1e-06,0.0522072724997997,0.0805909270354762,0.5725541588653522,0.0023898707016306,0.0,canonical epsilon=1e-12; zero-vector effects retained,"population, time axis then sample/feature mean",101,278,408,519,685,66.99784152461214,6.030611892133214,415.9694799783436,0.5199618499729295,tables/5_seed_review/gate_per_seed.csv,9.0,nan
N-MNIST,SNN-DFA,20260830,H3,completed_epoch_100,results/experiment03_soft_spectral/experiment03_20260831_server/checkpoints/full_dense/seed_20260830/epoch_100.pt,b8f2c8c95c5944358405d35f2d38dcb293461fa1e8641e9e6cb29ab98e39a534,basis_eval,512,30,800,same_trained_model_and_neuron_coordinates,True,random_sparsity,0.75,nan,global_frobenius_norm_matched,204635183029.0,0.75,0.75,False,0.0039560922819825,0.0504114008073347,176.7133528167182,1.1361596588344658,0.75,0.75,1e-06,0.0340939834713935,0.0509502244035822,0.7225130066829458,0.0024230782236227,0.0,canonical epsilon=1e-12; zero-vector effects retained,"population, time axis then sample/feature mean",89,262,391,503,675,47.45765163388341,5.949409743056034,383.5268928252669,0.4794086160315836,tables/5_seed_review/gate_per_seed.csv,9.0,nan
N-MNIST,SNN-DFA,20260830,H3,completed_epoch_100,results/experiment03_soft_spectral/experiment03_20260831_server/checkpoints/full_dense/seed_20260830/epoch_100.pt,b8f2c8c95c5944358405d35f2d38dcb293461fa1e8641e9e6cb29ab98e39a534,basis_eval,512,30,800,same_trained_model_and_neuron_coordinates,True,random_sparsity,ann_matched,nan,global_frobenius_norm_matched,204635183029.0,0.8996985677083333,0.8996985677083333,False,0.0025026847882041,0.0504077971331826,176.70072040952718,0.9942248943412716,0.8996985677083333,0.8996985677083333,1e-06,0.0210112817585468,0.0297869740808364,1.0111591069024648,0.0024425406451335,0.0,canonical epsilon=1e-12; zero-vector effects retained,"population, time axis then sample/feature mean",62,211,333,445,634,21.98060765651955,5.659503688315874,287.00616268980855,0.3587577033622607,tables/5_seed_review/gate_per_seed.csv,9.0,nan
N-MNIST,SNN-DFA,20260831,H1,completed_epoch_100,results/experiment03_soft_spectral/experiment03_20260831_server/checkpoints/full_dense/seed_20260831/epoch_100.pt,b486ef7efe077a5e11dbfa4148cfa5a8ec90514c3508227a9bf491bde631d58a,basis_eval,512,30,800,same_trained_model_and_neuron_coordinates,True,random_sparsity,0,nan,global_frobenius_norm_matched,204635183100.0,0.0,0.0,False,0.0124539867610056,0.0645126198267627,226.14410958639056,1.7610448009369934,0.0,0.0,1e-06,0.0575211085379123,0.1057598228333332,0.2122817748212079,0.0037789468628002,0.0,canonical epsilon=1e-12; zero-vector effects retained,"population, time axis then sample/feature mean",130,331,457,554,682,49.9820209564572,6.159079688863601,472.9925741340908,0.5912407176676135,tables/5_seed_review/gate_per_seed.csv,0.0,nan
N-MNIST,SNN-DFA,20260831,H1,completed_epoch_100,results/experiment03_soft_spectral/experiment03_20260831_server/checkpoints/full_dense/seed_20260831/epoch_100.pt,b486ef7efe077a5e11dbfa4148cfa5a8ec90514c3508227a9bf491bde631d58a,basis_eval,512,30,800,same_trained_model_and_neuron_coordinates,True,random_sparsity,0.25,nan,global_frobenius_norm_matched,204635183100.0,0.25,0.25,False,0.0107867954225045,0.0645063932353782,226.12228274122103,1.7506736445020938,0.25,0.25,1e-06,0.0438315272331237,0.0811713858203517,0.2388832267760772,0.0038394670794842,0.0,canonical epsilon=1e-12; zero-vector effects retained,"population, time axis then sample/feature mean",133,332,458,554,681,64.08793218910229,6.183949882906537,484.9034907083718,0.6061293633854647,tables/5_seed_review/gate_per_seed.csv,0.0,nan
N-MNIST,SNN-DFA,20260831,H1,completed_epoch_100,results/experiment03_soft_spectral/experiment03_20260831_server/checkpoints/full_dense/seed_20260831/epoch_100.pt,b486ef7efe077a5e11dbfa4148cfa5a8ec90514c3508227a9bf491bde631d58a,basis_eval,512,30,800,same_trained_model_and_neuron_coordinates,True,random_sparsity,0.50,nan,global_frobenius_norm_matched,204635183100.0,0.5,0.5,False,0.0088116454286648,0.0644999875805065,226.0998282025435,1.7287137670292858,0.5,0.5,1e-06,0.0303027052432298,0.0559360927408779,0.2890484025369706,0.0038995378381218,0.0,canonical epsilon=1e-12; zero-vector effects retained,"population, time axis then sample/feature mean",133,330,454,550,677,84.33172215323701,6.190970399717827,488.3197417089613,0.6103996771362017,tables/5_seed_review/gate_per_seed.csv,0.0,nan
N-MNIST,SNN-DFA,20260831,H1,completed_epoch_100,results/experiment03_soft_spectral/experiment03_20260831_server/checkpoints/full_dense/seed_20260831/epoch_100.pt,b486ef7efe077a5e11dbfa4148cfa5a8ec90514c3508227a9bf491bde631d58a,basis_eval,512,30,800,same_trained_model_and_neuron_coordinates,True,random_sparsity,0.75,nan,global_frobenius_norm_matched,204635183100.0,0.75,0.75,False,0.0062359089513594,0.0644923642146926,226.07310507025164,1.6642975001729912,0.75,0.75,1e-06,0.0168969202786684,0.030938799020737,0.4128312354306623,0.0039600395717942,0.0,canonical epsilon=1e-12; zero-vector effects retained,"population, time axis then sample/feature mean",125,319,444,540,670,89.33970483148337,6.15634556246083,471.70111895420575,0.5896263986927572,tables/5_seed_review/gate_per_seed.csv,0.0,nan
N-MNIST,SNN-DFA,20260831,H1,completed_epoch_100,results/experiment03_soft_spectral/experiment03_20260831_server/checkpoints/full_dense/seed_20260831/epoch_100.pt,b486ef7efe077a5e11dbfa4148cfa5a8ec90514c3508227a9bf491bde631d58a,basis_eval,512,30,800,same_trained_model_and_neuron_coordinates,True,random_sparsity,ann_matched,nan,global_frobenius_norm_matched,204635183100.0,0.87854638671875,0.87854638671875,False,0.0043485364397476,0.0644878191578879,226.0571727173728,1.5503581419286567,0.87854638671875,0.87854638671875,1e-06,0.0103017576038837,0.0179491322098848,0.5946531303205312,0.0039908123494948,0.0,canonical epsilon=1e-12; zero-vector effects retained,"population, time axis then sample/feature mean",116,298,419,516,655,68.83770510591974,6.093417854298027,442.9327064356362,0.5536658830445452,tables/5_seed_review/gate_per_seed.csv,0.0,nan
N-MNIST,SNN-DFA,20260831,H1,completed_epoch_100,results/experiment03_soft_spectral/experiment03_20260831_server/checkpoints/full_dense/seed_20260831/epoch_100.pt,b486ef7efe077a5e11dbfa4148cfa5a8ec90514c3508227a9bf491bde631d58a,basis_eval,512,30,800,same_trained_model_and_neuron_coordinates,True,random_sparsity,0,nan,global_frobenius_norm_matched,204635183101.0,0.0,0.0,False,0.0124539867610056,0.0645126198267627,226.14410958639056,1.7610448009369934,0.0,0.0,1e-06,0.0575211085379123,0.1057598228333332,0.2122817748212079,0.0037789468628002,0.0,canonical epsilon=1e-12; zero-vector effects retained,"population, time axis then sample/feature mean",130,331,457,554,682,49.9820209564572,6.159079688863601,472.9925741340908,0.5912407176676135,tables/5_seed_review/gate_per_seed.csv,1.0,nan
N-MNIST,SNN-DFA,20260831,H1,completed_epoch_100,results/experiment03_soft_spectral/experiment03_20260831_server/checkpoints/full_dense/seed_20260831/epoch_100.pt,b486ef7efe077a5e11dbfa4148cfa5a8ec90514c3508227a9bf491bde631d58a,basis_eval,512,30,800,same_trained_model_and_neuron_coordinates,True,random_sparsity,0.25,nan,global_frobenius_norm_matched,204635183101.0,0.25,0.25,False,0.0107805832444722,0.0645063067284361,226.121979497683,1.750661348715398,0.25,0.25,1e-06,0.0438089333474636,0.0808382405313167,0.2400190973482353,0.0038394726474352,0.0,canonical epsilon=1e-12; zero-vector effects retained,"population, time axis then sample/feature mean",133,333,458,554,682,64.27122052709407,6.184190982531916,485.0204148529435,0.6062755185661793,tables/5_seed_review/gate_per_seed.csv,1.0,nan
N-MNIST,SNN-DFA,20260831,H1,completed_epoch_100,results/experiment03_soft_spectral/experiment03_20260831_server/checkpoints/full_dense/seed_20260831/epoch_100.pt,b486ef7efe077a5e11dbfa4148cfa5a8ec90514c3508227a9bf491bde631d58a,basis_eval,512,30,800,same_trained_model_and_neuron_coordinates,True,random_sparsity,0.50,nan,global_frobenius_norm_matched,204635183101.0,0.5,0.5,False,0.0088107323888951,0.0644999778786422,226.0997941933936,1.7292352965353293,0.5,0.5,1e-06,0.030229527503252,0.055183342659025,0.2895256498871958,0.0038996802373482,0.0,canonical epsilon=1e-12; zero-vector effects retained,"population, time axis then sample/feature mean",133,332,457,553,681,83.20016781409356,6.193199714714956,489.4095745715612,0.6117619682144515,tables/5_seed_review/gate_per_seed.csv,1.0,nan
N-MNIST,SNN-DFA,20260831,H1,completed_epoch_100,results/experiment03_soft_spectral/experiment03_20260831_server/checkpoints/full_dense/seed_20260831/epoch_100.pt,b486ef7efe077a5e11dbfa4148cfa5a8ec90514c3508227a9bf491bde631d58a,basis_eval,512,30,800,same_trained_model_and_neuron_coordinates,True,random_sparsity,0.75,nan,global_frobenius_norm_matched,204635183101.0,0.75,0.75,False,0.0062287904906541,0.0644923586065043,226.07308541117337,1.6661546691399924,0.75,0.75,1e-06,0.0169657655060291,0.0308706331253698,0.4099968081077408,0.0039597211868519,0.0,canonical epsilon=1e-12; zero-vector effects retained,"population, time axis then sample/feature mean",122,317,442,539,673,90.25621371774412,6.144165042224651,465.990404272934,0.5824880053411675,tables/5_seed_review/gate_per_seed.csv,1.0,nan
N-MNIST,SNN-DFA,20260831,H1,completed_epoch_100,results/experiment03_soft_spectral/experiment03_20260831_server/checkpoints/full_dense/seed_20260831/epoch_100.pt,b486ef7efe077a5e11dbfa4148cfa5a8ec90514c3508227a9bf491bde631d58a,basis_eval,512,30,800,same_trained_model_and_neuron_coordinates,True,random_sparsity,ann_matched,nan,global_frobenius_norm_matched,204635183101.0,0.87854638671875,0.87854638671875,False,0.004340375879082,0.0644876849258272,226.05670217703755,1.5509088972903946,0.87854638671875,0.87854638671875,1e-06,0.0103218834847211,0.0192125690716208,0.5913170197962492,0.0039906653998629,0.0,canonical epsilon=1e-12; zero-vector effects retained,"population, time axis then sample/feature mean",112,296,419,516,657,79.94780909399799,6.076644166334325,435.565055511741,0.5444563193896763,tables/5_seed_review/gate_per_seed.csv,1.0,nan
N-MNIST,SNN-DFA,20260831,H1,completed_epoch_100,results/experiment03_soft_spectral/experiment03_20260831_server/checkpoints/full_dense/seed_20260831/epoch_100.pt,b486ef7efe077a5e11dbfa4148cfa5a8ec90514c3508227a9bf491bde631d58a,basis_eval,512,30,800,same_trained_model_and_neuron_coordinates,True,random_sparsity,0,nan,global_frobenius_norm_matched,204635183102.0,0.0,0.0,False,0.0124539867610056,0.0645126198267627,226.14410958639056,1.7610448009369934,0.0,0.0,1e-06,0.0575211085379123,0.1057598228333332,0.2122817748212079,0.0037789468628002,0.0,canonical epsilon=1e-12; zero-vector effects retained,"population, time axis then sample/feature mean",130,331,457,554,682,49.9820209564572,6.159079688863601,472.9925741340908,0.5912407176676135,tables/5_seed_review/gate_per_seed.csv,2.0,nan
N-MNIST,SNN-DFA,20260831,H1,completed_epoch_100,results/experiment03_soft_spectral/experiment03_20260831_server/checkpoints/full_dense/seed_20260831/epoch_100.pt,b486ef7efe077a5e11dbfa4148cfa5a8ec90514c3508227a9bf491bde631d58a,basis_eval,512,30,800,same_trained_model_and_neuron_coordinates,True,random_sparsity,0.25,nan,global_frobenius_norm_matched,204635183102.0,0.25,0.25,False,0.0107881492558915,0.0645063061819407,226.12197758198667,1.7505268195451713,0.25,0.25,1e-06,0.0438439399003982,0.0809975063665183,0.2398577891322511,0.0038393307405037,0.0,canonical epsilon=1e-12; zero-vector effects retained,"population, time axis then sample/feature mean",133,331,456,552,681,62.78774107556216,6.179814307941146,482.9022769086385,0.6036278461357981,tables/5_seed_review/gate_per_seed.csv,2.0,nan
N-MNIST,SNN-DFA,20260831,H1,completed_epoch_100,results/experiment03_soft_spectral/experiment03_20260831_server/checkpoints/full_dense/seed_20260831/epoch_100.pt,b486ef7efe077a5e11dbfa4148cfa5a8ec90514c3508227a9bf491bde631d58a,basis_eval,512,30,800,same_trained_model_and_neuron_coordinates,True,random_sparsity,0.50,nan,global_frobenius_norm_matched,204635183102.0,0.5,0.5,False,0.0088005575863775,0.0644999744876241,226.09978230643569,1.7291039122337155,0.5,0.5,1e-06,0.030219716951251,0.0557280140001997,0.2881753048256571,0.003899697005858,0.0,canonical epsilon=1e-12; zero-vector effects retained,"population, time axis then sample/feature mean",133,329,454,551,681,81.76654429077601,6.188143137302144,486.9410834890248,0.6086763543612811,tables/5_seed_review/gate_per_seed.csv,2.0,nan
N-MNIST,SNN-DFA,20260831,H1,completed_epoch_100,results/experiment03_soft_spectral/experiment03_20260831_server/checkpoints/full_dense/seed_20260831/epoch_100.pt,b486ef7efe077a5e11dbfa4148cfa5a8ec90514c3508227a9bf491bde631d58a,basis_eval,512,30,800,same_trained_model_and_neuron_coordinates,True,random_sparsity,0.75,nan,global_frobenius_norm_matched,204635183102.0,0.75,0.75,False,0.0062200605555041,0.0644923560911089,226.07307659364488,1.6694904715519023,0.75,0.75,1e-06,0.0169214643537998,0.0315938504350297,0.4034217575922199,0.0039599431544883,0.0,canonical epsilon=1e-12; zero-vector effects retained,"population, time axis then sample/feature mean",126,318,442,539,672,83.5419128832661,6.156086041843156,471.5787186718426,0.5894733983398033,tables/5_seed_review/gate_per_seed.csv,2.0,nan
N-MNIST,SNN-DFA,20260831,H1,completed_epoch_100,results/experiment03_soft_spectral/experiment03_20260831_server/checkpoints/full_dense/seed_20260831/epoch_100.pt,b486ef7efe077a5e11dbfa4148cfa5a8ec90514c3508227a9bf491bde631d58a,basis_eval,512,30,800,same_trained_model_and_neuron_coordinates,True,random_sparsity,ann_matched,nan,global_frobenius_norm_matched,204635183102.0,0.87854638671875,0.87854638671875,False,0.0043336942440573,0.0644878074075562,226.05713152747367,1.5509107994054463,0.87854638671875,0.87854638671875,1e-06,0.0103920754045248,0.0188751562952842,0.5912204786056143,0.0039907957762829,0.0,canonical epsilon=1e-12; zero-vector effects retained,"population, time axis then sample/feature mean",115,297,418,516,659,66.52223012603082,6.084079416697807,438.815660304049,0.5485195753800612,tables/5_seed_review/gate_per_seed.csv,2.0,nan
N-MNIST,SNN-DFA,20260831,H1,completed_epoch_100,results/experiment03_soft_spectral/experiment03_20260831_server/checkpoints/full_dense/seed_20260831/epoch_100.pt,b486ef7efe077a5e11dbfa4148cfa5a8ec90514c3508227a9bf491bde631d58a,basis_eval,512,30,800,same_trained_model_and_neuron_coordinates,True,random_sparsity,0,nan,global_frobenius_norm_matched,204635183103.0,0.0,0.0,False,0.0124539867610056,0.0645126198267627,226.14410958639056,1.7610448009369934,0.0,0.0,1e-06,0.0575211085379123,0.1057598228333332,0.2122817748212079,0.0037789468628002,0.0,canonical epsilon=1e-12; zero-vector effects retained,"population, time axis then sample/feature mean",130,331,457,554,682,49.9820209564572,6.159079688863601,472.9925741340908,0.5912407176676135,tables/5_seed_review/gate_per_seed.csv,3.0,nan
N-MNIST,SNN-DFA,20260831,H1,completed_epoch_100,results/experiment03_soft_spectral/experiment03_20260831_server/checkpoints/full_dense/seed_20260831/epoch_100.pt,b486ef7efe077a5e11dbfa4148cfa5a8ec90514c3508227a9bf491bde631d58a,basis_eval,512,30,800,same_trained_model_and_neuron_coordinates,True,random_sparsity,0.25,nan,global_frobenius_norm_matched,204635183103.0,0.25,0.25,False,0.0107880853290315,0.0645064031696839,226.1223175651844,1.7499562590815931,0.25,0.25,1e-06,0.0439157597720623,0.0808960620528917,0.2410420906493962,0.0038390958547763,0.0,canonical epsilon=1e-12; zero-vector effects retained,"population, time axis then sample/feature mean",132,331,456,553,681,62.90588869360663,6.179032436108097,482.5248567865168,0.603156070983146,tables/5_seed_review/gate_per_seed.csv,3.0,nan
N-MNIST,SNN-DFA,20260831,H1,completed_epoch_100,results/experiment03_soft_spectral/experiment03_20260831_server/checkpoints/full_dense/seed_20260831/epoch_100.pt,b486ef7efe077a5e11dbfa4148cfa5a8ec90514c3508227a9bf491bde631d58a,basis_eval,512,30,800,same_trained_model_and_neuron_coordinates,True,random_sparsity,0.50,nan,global_frobenius_norm_matched,204635183103.0,0.5,0.5,False,0.0088092290786549,0.0644999251365728,226.0996093100561,1.7281801049013203,0.5,0.5,1e-06,0.0303226187825202,0.0555981046906514,0.2907309742980676,0.0038991307855935,0.0,canonical epsilon=1e-12; zero-vector effects retained,"population, time axis then sample/feature mean",134,331,455,550,679,82.91831844767886,6.193086648506835,489.3542420149266,0.6116928025186583,tables/5_seed_review/gate_per_seed.csv,3.0,nan
N-MNIST,SNN-DFA,20260831,H1,completed_epoch_100,results/experiment03_soft_spectral/experiment03_20260831_server/checkpoints/full_dense/seed_20260831/epoch_100.pt,b486ef7efe077a5e11dbfa4148cfa5a8ec90514c3508227a9bf491bde631d58a,basis_eval,512,30,800,same_trained_model_and_neuron_coordinates,True,random_sparsity,0.75,nan,global_frobenius_norm_matched,204635183103.0,0.75,0.75,False,0.0062253475788827,0.0644923506415132,226.07305749049797,1.6656793028050292,0.75,0.75,1e-06,0.0170288830995559,0.0312899278964282,0.4096441324672841,0.0039590728809842,0.0,canonical epsilon=1e-12; zero-vector effects retained,"population, time axis then sample/feature mean",127,322,445,540,670,93.56437431067694,6.163860491876836,475.2592724595232,0.594074090574404,tables/5_seed_review/gate_per_seed.csv,3.0,nan
N-MNIST,SNN-DFA,20260831,H1,completed_epoch_100,results/experiment03_soft_spectral/experiment03_20260831_server/checkpoints/full_dense/seed_20260831/epoch_100.pt,b486ef7efe077a5e11dbfa4148cfa5a8ec90514c3508227a9bf491bde631d58a,basis_eval,512,30,800,same_trained_model_and_neuron_coordinates,True,random_sparsity,ann_matched,nan,global_frobenius_norm_matched,204635183103.0,0.87854638671875,0.87854638671875,False,0.0043378390355866,0.0644876922357549,226.05672780143635,1.5511849752306686,0.87854638671875,0.87854638671875,1e-06,0.0105732027441263,0.0199439516562719,0.5914744743622284,0.0039898426175209,0.0,canonical epsilon=1e-12; zero-vector effects retained,"population, time axis then sample/feature mean",113,299,423,521,657,61.80876077809612,6.083566974754046,438.59085036007184,0.5482385629500898,tables/5_seed_review/gate_per_seed.csv,3.0,nan
N-MNIST,SNN-DFA,20260831,H1,completed_epoch_100,results/experiment03_soft_spectral/experiment03_20260831_server/checkpoints/full_dense/seed_20260831/epoch_100.pt,b486ef7efe077a5e11dbfa4148cfa5a8ec90514c3508227a9bf491bde631d58a,basis_eval,512,30,800,same_trained_model_and_neuron_coordinates,True,random_sparsity,0,nan,global_frobenius_norm_matched,204635183104.0,0.0,0.0,False,0.0124539867610056,0.0645126198267627,226.14410958639056,1.7610448009369934,0.0,0.0,1e-06,0.0575211085379123,0.1057598228333332,0.2122817748212079,0.0037789468628002,0.0,canonical epsilon=1e-12; zero-vector effects retained,"population, time axis then sample/feature mean",130,331,457,554,682,49.9820209564572,6.159079688863601,472.9925741340908,0.5912407176676135,tables/5_seed_review/gate_per_seed.csv,4.0,nan
N-MNIST,SNN-DFA,20260831,H1,completed_epoch_100,results/experiment03_soft_spectral/experiment03_20260831_server/checkpoints/full_dense/seed_20260831/epoch_100.pt,b486ef7efe077a5e11dbfa4148cfa5a8ec90514c3508227a9bf491bde631d58a,basis_eval,512,30,800,same_trained_model_and_neuron_coordinates,True,random_sparsity,0.25,nan,global_frobenius_norm_matched,204635183104.0,0.25,0.25,False,0.0107829553563707,0.0645063869397325,226.12226067231668,1.7502659526470836,0.25,0.25,1e-06,0.0438559055328369,0.0803426492966584,0.2400199648279382,0.0038393976449242,0.0,canonical epsilon=1e-12; zero-vector effects retained,"population, time axis then sample/feature mean",133,332,457,553,682,63.10673396568588,6.182360405545426,484.13335980252754,0.6051666997531594,tables/5_seed_review/gate_per_seed.csv,4.0,nan
N-MNIST,SNN-DFA,20260831,H1,completed_epoch_100,results/experiment03_soft_spectral/experiment03_20260831_server/checkpoints/full_dense/seed_20260831/epoch_100.pt,b486ef7efe077a5e11dbfa4148cfa5a8ec90514c3508227a9bf491bde631d58a,basis_eval,512,30,800,same_trained_model_and_neuron_coordinates,True,random_sparsity,0.50,nan,global_frobenius_norm_matched,204635183104.0,0.5,0.5,False,0.008802637533945,0.0644999303348228,226.0996275321301,1.728756344331155,0.5,0.5,1e-06,0.0301615484058856,0.0556939707222966,0.2888262670212045,0.0038997640477678,0.0,canonical epsilon=1e-12; zero-vector effects retained,"population, time axis then sample/feature mean",135,333,458,554,681,84.14705092046471,6.199957006236227,492.727856412792,0.61590982051599,tables/5_seed_review/gate_per_seed.csv,4.0,nan
N-MNIST,SNN-DFA,20260831,H1,completed_epoch_100,results/experiment03_soft_spectral/experiment03_20260831_server/checkpoints/full_dense/seed_20260831/epoch_100.pt,b486ef7efe077a5e11dbfa4148cfa5a8ec90514c3508227a9bf491bde631d58a,basis_eval,512,30,800,same_trained_model_and_neuron_coordinates,True,random_sparsity,0.75,nan,global_frobenius_norm_matched,204635183104.0,0.75,0.75,False,0.0062327215383134,0.0644923588138091,226.0730861378624,1.6672800811325896,0.75,0.75,1e-06,0.0169613268226385,0.0315275608265309,0.4068237283465397,0.0039595811576959,0.0,canonical epsilon=1e-12; zero-vector effects retained,"population, time axis then sample/feature mean",133,330,453,548,677,84.03435379154945,6.189880984896454,487.7880486145288,0.609735060768161,tables/5_seed_review/gate_per_seed.csv,4.0,nan
N-MNIST,SNN-DFA,20260831,H1,completed_epoch_100,results/experiment03_soft_spectral/experiment03_20260831_server/checkpoints/full_dense/seed_20260831/epoch_100.pt,b486ef7efe077a5e11dbfa4148cfa5a8ec90514c3508227a9bf491bde631d58a,basis_eval,512,30,800,same_trained_model_and_neuron_coordinates,True,random_sparsity,ann_matched,nan,global_frobenius_norm_matched,204635183104.0,0.87854638671875,0.87854638671875,False,0.0043454244753682,0.0644877522486179,226.0569381719857,1.549273675520067,0.87854638671875,0.87854638671875,1e-06,0.0104191154241561,0.0196660468160435,0.5929279264661014,0.0039910459081844,0.0,canonical epsilon=1e-12; zero-vector effects retained,"population, time axis then sample/feature mean",113,297,422,521,660,55.20475592704432,6.073167667470308,434.0534431727895,0.5425668039659868,tables/5_seed_review/gate_per_seed.csv,4.0,nan
N-MNIST,SNN-DFA,20260831,H1,completed_epoch_100,results/experiment03_soft_spectral/experiment03_20260831_server/checkpoints/full_dense/seed_20260831/epoch_100.pt,b486ef7efe077a5e11dbfa4148cfa5a8ec90514c3508227a9bf491bde631d58a,basis_eval,512,30,800,same_trained_model_and_neuron_coordinates,True,random_sparsity,0,nan,global_frobenius_norm_matched,204635183105.0,0.0,0.0,False,0.0124539867610056,0.0645126198267627,226.14410958639056,1.7610448009369934,0.0,0.0,1e-06,0.0575211085379123,0.1057598228333332,0.2122817748212079,0.0037789468628002,0.0,canonical epsilon=1e-12; zero-vector effects retained,"population, time axis then sample/feature mean",130,331,457,554,682,49.9820209564572,6.159079688863601,472.9925741340908,0.5912407176676135,tables/5_seed_review/gate_per_seed.csv,5.0,nan
N-MNIST,SNN-DFA,20260831,H1,completed_epoch_100,results/experiment03_soft_spectral/experiment03_20260831_server/checkpoints/full_dense/seed_20260831/epoch_100.pt,b486ef7efe077a5e11dbfa4148cfa5a8ec90514c3508227a9bf491bde631d58a,basis_eval,512,30,800,same_trained_model_and_neuron_coordinates,True,random_sparsity,0.25,nan,global_frobenius_norm_matched,204635183105.0,0.25,0.25,False,0.0107858921377984,0.064506440383051,226.12244801382425,1.7503740152405092,0.25,0.25,1e-06,0.0438375882804393,0.0804655788195075,0.2402489117188437,0.0038394914442958,0.0,canonical epsilon=1e-12; zero-vector effects retained,"population, time axis then sample/feature mean",134,333,458,553,681,62.92774712412532,6.186814343802916,486.2944690464549,0.6078680863080687,tables/5_seed_review/gate_per_seed.csv,5.0,nan
N-MNIST,SNN-DFA,20260831,H1,completed_epoch_100,results/experiment03_soft_spectral/experiment03_20260831_server/checkpoints/full_dense/seed_20260831/epoch_100.pt,b486ef7efe077a5e11dbfa4148cfa5a8ec90514c3508227a9bf491bde631d58a,basis_eval,512,30,800,same_trained_model_and_neuron_coordinates,True,random_sparsity,0.50,nan,global_frobenius_norm_matched,204635183105.0,0.5,0.5,False,0.0088032304656433,0.064499860701535,226.09938343790395,1.728222557343848,0.5,0.5,1e-06,0.030197151005268,0.0558879712143374,0.2900945819874185,0.0038997861182993,0.0,canonical epsilon=1e-12; zero-vector effects retained,"population, time axis then sample/feature mean",133,332,456,552,679,79.96718478617201,6.1922051988669615,488.9230909414266,0.6111538636767833,tables/5_seed_review/gate_per_seed.csv,5.0,nan
N-MNIST,SNN-DFA,20260831,H1,completed_epoch_100,results/experiment03_soft_spectral/experiment03_20260831_server/checkpoints/full_dense/seed_20260831/epoch_100.pt,b486ef7efe077a5e11dbfa4148cfa5a8ec90514c3508227a9bf491bde631d58a,basis_eval,512,30,800,same_trained_model_and_neuron_coordinates,True,random_sparsity,0.75,nan,global_frobenius_norm_matched,204635183105.0,0.75,0.75,False,0.0062286578994146,0.0644922985989548,226.072875059246,1.667087513856984,0.75,0.75,1e-06,0.0168252736330032,0.0308385958824393,0.4075720047605699,0.0039600713959446,0.0,canonical epsilon=1e-12; zero-vector effects retained,"population, time axis then sample/feature mean",129,324,448,543,672,78.80695190453622,6.171491772475731,478.89998329940073,0.5986249791242509,tables/5_seed_review/gate_per_seed.csv,5.0,nan
N-MNIST,SNN-DFA,20260831,H1,completed_epoch_100,results/experiment03_soft_spectral/experiment03_20260831_server/checkpoints/full_dense/seed_20260831/epoch_100.pt,b486ef7efe077a5e11dbfa4148cfa5a8ec90514c3508227a9bf491bde631d58a,basis_eval,512,30,800,same_trained_model_and_neuron_coordinates,True,random_sparsity,ann_matched,nan,global_frobenius_norm_matched,204635183105.0,0.87854638671875,0.87854638671875,False,0.0043409896480119,0.064487721432149,226.05683014718488,1.555324386892348,0.87854638671875,0.87854638671875,1e-06,0.0101809296756982,0.0183686197709121,0.5849577774794369,0.0039903727855444,0.0,canonical epsilon=1e-12; zero-vector effects retained,"population, time axis then sample/feature mean",115,296,418,517,656,50.95765518629512,6.087942357553247,440.51405753827646,0.5506425719228456,tables/5_seed_review/gate_per_seed.csv,5.0,nan
N-MNIST,SNN-DFA,20260831,H1,completed_epoch_100,results/experiment03_soft_spectral/experiment03_20260831_server/checkpoints/full_dense/seed_20260831/epoch_100.pt,b486ef7efe077a5e11dbfa4148cfa5a8ec90514c3508227a9bf491bde631d58a,basis_eval,512,30,800,same_trained_model_and_neuron_coordinates,True,random_sparsity,0,nan,global_frobenius_norm_matched,204635183106.0,0.0,0.0,False,0.0124539867610056,0.0645126198267627,226.14410958639056,1.7610448009369934,0.0,0.0,1e-06,0.0575211085379123,0.1057598228333332,0.2122817748212079,0.0037789468628002,0.0,canonical epsilon=1e-12; zero-vector effects retained,"population, time axis then sample/feature mean",130,331,457,554,682,49.9820209564572,6.159079688863601,472.9925741340908,0.5912407176676135,tables/5_seed_review/gate_per_seed.csv,6.0,nan
N-MNIST,SNN-DFA,20260831,H1,completed_epoch_100,results/experiment03_soft_spectral/experiment03_20260831_server/checkpoints/full_dense/seed_20260831/epoch_100.pt,b486ef7efe077a5e11dbfa4148cfa5a8ec90514c3508227a9bf491bde631d58a,basis_eval,512,30,800,same_trained_model_and_neuron_coordinates,True,random_sparsity,0.25,nan,global_frobenius_norm_matched,204635183106.0,0.25,0.25,False,0.0107805248198863,0.0645064043098537,226.1223215619678,1.7502764541045157,0.25,0.25,1e-06,0.0438813380897045,0.0810395573505766,0.2407768104968479,0.0038396599532859,0.0,canonical epsilon=1e-12; zero-vector effects retained,"population, time axis then sample/feature mean",133,333,459,554,682,63.00678663509363,6.183910920972316,484.884598298508,0.606105747873135,tables/5_seed_review/gate_per_seed.csv,6.0,nan
N-MNIST,SNN-DFA,20260831,H1,completed_epoch_100,results/experiment03_soft_spectral/experiment03_20260831_server/checkpoints/full_dense/seed_20260831/epoch_100.pt,b486ef7efe077a5e11dbfa4148cfa5a8ec90514c3508227a9bf491bde631d58a,basis_eval,512,30,800,same_trained_model_and_neuron_coordinates,True,random_sparsity,0.50,nan,global_frobenius_norm_matched,204635183106.0,0.5,0.5,False,0.0088011742135685,0.064499867736978,226.0994081001183,1.7277271521528994,0.5,0.5,1e-06,0.0303196646273136,0.055467714568928,0.2913811429812327,0.0038998476170326,0.0,canonical epsilon=1e-12; zero-vector effects retained,"population, time axis then sample/feature mean",134,331,456,552,681,86.18944312056722,6.195297173825583,490.43716843390166,0.6130464605423771,tables/5_seed_review/gate_per_seed.csv,6.0,nan
N-MNIST,SNN-DFA,20260831,H1,completed_epoch_100,results/experiment03_soft_spectral/experiment03_20260831_server/checkpoints/full_dense/seed_20260831/epoch_100.pt,b486ef7efe077a5e11dbfa4148cfa5a8ec90514c3508227a9bf491bde631d58a,basis_eval,512,30,800,same_trained_model_and_neuron_coordinates,True,random_sparsity,0.75,nan,global_frobenius_norm_matched,204635183106.0,0.75,0.75,False,0.0062279618009507,0.0644923280667336,226.07297835631468,1.666970900882882,0.75,0.75,1e-06,0.016948752105236,0.0306833599921344,0.4078312585075044,0.0039596981672104,0.0,canonical epsilon=1e-12; zero-vector effects retained,"population, time axis then sample/feature mean",129,320,444,540,673,98.7446427024023,6.171398547768801,478.8553400697671,0.5985691750872089,tables/5_seed_review/gate_per_seed.csv,6.0,nan
N-MNIST,SNN-DFA,20260831,H1,completed_epoch_100,results/experiment03_soft_spectral/experiment03_20260831_server/checkpoints/full_dense/seed_20260831/epoch_100.pt,b486ef7efe077a5e11dbfa4148cfa5a8ec90514c3508227a9bf491bde631d58a,basis_eval,512,30,800,same_trained_model_and_neuron_coordinates,True,random_sparsity,ann_matched,nan,global_frobenius_norm_matched,204635183106.0,0.87854638671875,0.87854638671875,False,0.0043436964505474,0.0644877232860094,226.05683664575443,1.5507268255404736,0.87854638671875,0.87854638671875,1e-06,0.0103078270331025,0.0182164021827383,0.5916953518529291,0.0039901148366545,0.0,canonical epsilon=1e-12; zero-vector effects retained,"population, time axis then sample/feature mean",122,305,429,528,664,87.5113717810884,6.132558744246529,460.6132456001402,0.5757665570001752,tables/5_seed_review/gate_per_seed.csv,6.0,nan
N-MNIST,SNN-DFA,20260831,H1,completed_epoch_100,results/experiment03_soft_spectral/experiment03_20260831_server/checkpoints/full_dense/seed_20260831/epoch_100.pt,b486ef7efe077a5e11dbfa4148cfa5a8ec90514c3508227a9bf491bde631d58a,basis_eval,512,30,800,same_trained_model_and_neuron_coordinates,True,random_sparsity,0,nan,global_frobenius_norm_matched,204635183107.0,0.0,0.0,False,0.0124539867610056,0.0645126198267627,226.14410958639056,1.7610448009369934,0.0,0.0,1e-06,0.0575211085379123,0.1057598228333332,0.2122817748212079,0.0037789468628002,0.0,canonical epsilon=1e-12; zero-vector effects retained,"population, time axis then sample/feature mean",130,331,457,554,682,49.9820209564572,6.159079688863601,472.9925741340908,0.5912407176676135,tables/5_seed_review/gate_per_seed.csv,7.0,nan
N-MNIST,SNN-DFA,20260831,H1,completed_epoch_100,results/experiment03_soft_spectral/experiment03_20260831_server/checkpoints/full_dense/seed_20260831/epoch_100.pt,b486ef7efe077a5e11dbfa4148cfa5a8ec90514c3508227a9bf491bde631d58a,basis_eval,512,30,800,same_trained_model_and_neuron_coordinates,True,random_sparsity,0.25,nan,global_frobenius_norm_matched,204635183107.0,0.25,0.25,False,0.0107866736032234,0.0645063337265456,226.12207413751605,1.749666103569076,0.25,0.25,1e-06,0.0438956171274185,0.0806724589238212,0.2417985076906612,0.0038393844685825,0.0,canonical epsilon=1e-12; zero-vector effects retained,"population, time axis then sample/feature mean",135,334,458,554,680,64.81566073349792,6.189065401804044,487.3903791177013,0.6092379738971266,tables/5_seed_review/gate_per_seed.csv,7.0,nan
N-MNIST,SNN-DFA,20260831,H1,completed_epoch_100,results/experiment03_soft_spectral/experiment03_20260831_server/checkpoints/full_dense/seed_20260831/epoch_100.pt,b486ef7efe077a5e11dbfa4148cfa5a8ec90514c3508227a9bf491bde631d58a,basis_eval,512,30,800,same_trained_model_and_neuron_coordinates,True,random_sparsity,0.50,nan,global_frobenius_norm_matched,204635183107.0,0.5,0.5,False,0.0087977694367487,0.0644998902754315,226.09948710696224,1.727633184223,0.5,0.5,1e-06,0.0303634665906429,0.0559122221737451,0.2914485455602726,0.0038996049309652,0.0,canonical epsilon=1e-12; zero-vector effects retained,"population, time axis then sample/feature mean",135,332,455,551,678,87.73984370968466,6.197495408287917,491.516450141673,0.6143955626770912,tables/5_seed_review/gate_per_seed.csv,7.0,nan
N-MNIST,SNN-DFA,20260831,H1,completed_epoch_100,results/experiment03_soft_spectral/experiment03_20260831_server/checkpoints/full_dense/seed_20260831/epoch_100.pt,b486ef7efe077a5e11dbfa4148cfa5a8ec90514c3508227a9bf491bde631d58a,basis_eval,512,30,800,same_trained_model_and_neuron_coordinates,True,random_sparsity,0.75,nan,global_frobenius_norm_matched,204635183107.0,0.75,0.75,False,0.0062201517985333,0.0644922907800842,226.07284765078867,1.6671744640504906,0.75,0.75,1e-06,0.0170795861631631,0.0317410584146614,0.4081633551546787,0.0039595233789916,0.0,canonical epsilon=1e-12; zero-vector effects retained,"population, time axis then sample/feature mean",124,318,442,538,669,85.36734447079719,6.145247126368156,466.4949180143549,0.5831186475179436,tables/5_seed_review/gate_per_seed.csv,7.0,nan
N-MNIST,SNN-DFA,20260831,H1,completed_epoch_100,results/experiment03_soft_spectral/experiment03_20260831_server/checkpoints/full_dense/seed_20260831/epoch_100.pt,b486ef7efe077a5e11dbfa4148cfa5a8ec90514c3508227a9bf491bde631d58a,basis_eval,512,30,800,same_trained_model_and_neuron_coordinates,True,random_sparsity,ann_matched,nan,global_frobenius_norm_matched,204635183107.0,0.87854638671875,0.87854638671875,False,0.004340767354769,0.0644878062263821,226.05712738695647,1.5521591615727937,0.87854638671875,0.87854638671875,1e-06,0.0102505069226026,0.0193930222820078,0.5908569694668754,0.0039906165896498,0.0,canonical epsilon=1e-12; zero-vector effects retained,"population, time axis then sample/feature mean",116,298,419,515,655,62.432492462596095,6.0833321611153455,438.4878753370412,0.5481098441713015,tables/5_seed_review/gate_per_seed.csv,7.0,nan
N-MNIST,SNN-DFA,20260831,H1,completed_epoch_100,results/experiment03_soft_spectral/experiment03_20260831_server/checkpoints/full_dense/seed_20260831/epoch_100.pt,b486ef7efe077a5e11dbfa4148cfa5a8ec90514c3508227a9bf491bde631d58a,basis_eval,512,30,800,same_trained_model_and_neuron_coordinates,True,random_sparsity,0,nan,global_frobenius_norm_matched,204635183108.0,0.0,0.0,False,0.0124539867610056,0.0645126198267627,226.14410958639056,1.7610448009369934,0.0,0.0,1e-06,0.0575211085379123,0.1057598228333332,0.2122817748212079,0.0037789468628002,0.0,canonical epsilon=1e-12; zero-vector effects retained,"population, time axis then sample/feature mean",130,331,457,554,682,49.9820209564572,6.159079688863601,472.9925741340908,0.5912407176676135,tables/5_seed_review/gate_per_seed.csv,8.0,nan
N-MNIST,SNN-DFA,20260831,H1,completed_epoch_100,results/experiment03_soft_spectral/experiment03_20260831_server/checkpoints/full_dense/seed_20260831/epoch_100.pt,b486ef7efe077a5e11dbfa4148cfa5a8ec90514c3508227a9bf491bde631d58a,basis_eval,512,30,800,same_trained_model_and_neuron_coordinates,True,random_sparsity,0.25,nan,global_frobenius_norm_matched,204635183108.0,0.25,0.25,False,0.0107798066370949,0.0645064306680686,226.12241395869407,1.750301430856546,0.25,0.25,1e-06,0.043906319886446,0.080724917670336,0.2404786693189406,0.0038393699359278,0.0,canonical epsilon=1e-12; zero-vector effects retained,"population, time axis then sample/feature mean",132,332,458,554,682,62.181044532710736,6.177277180093243,481.6786450057442,0.6020983062571803,tables/5_seed_review/gate_per_seed.csv,8.0,nan
N-MNIST,SNN-DFA,20260831,H1,completed_epoch_100,results/experiment03_soft_spectral/experiment03_20260831_server/checkpoints/full_dense/seed_20260831/epoch_100.pt,b486ef7efe077a5e11dbfa4148cfa5a8ec90514c3508227a9bf491bde631d58a,basis_eval,512,30,800,same_trained_model_and_neuron_coordinates,True,random_sparsity,0.50,nan,global_frobenius_norm_matched,204635183108.0,0.5,0.5,False,0.0088027698936255,0.0644999574998213,226.0997227569779,1.7291357691656486,0.5,0.5,1e-06,0.0302496068179607,0.0552413125041975,0.289954957359192,0.0038998252633955,0.0,canonical epsilon=1e-12; zero-vector effects retained,"population, time axis then sample/feature mean",132,332,457,552,681,83.55002760457393,6.191285886880859,488.4738246232384,0.610592280779048,tables/5_seed_review/gate_per_seed.csv,8.0,nan
N-MNIST,SNN-DFA,20260831,H1,completed_epoch_100,results/experiment03_soft_spectral/experiment03_20260831_server/checkpoints/full_dense/seed_20260831/epoch_100.pt,b486ef7efe077a5e11dbfa4148cfa5a8ec90514c3508227a9bf491bde631d58a,basis_eval,512,30,800,same_trained_model_and_neuron_coordinates,True,random_sparsity,0.75,nan,global_frobenius_norm_matched,204635183108.0,0.75,0.75,False,0.006223183586405,0.0644922440364356,226.07268379446108,1.6682401672884148,0.75,0.75,1e-06,0.0170714203268289,0.0313269874873917,0.4058379231624877,0.0039590332479518,0.0,canonical epsilon=1e-12; zero-vector effects retained,"population, time axis then sample/feature mean",125,321,447,545,676,80.82466865590766,6.157310278262626,472.1563960485798,0.5901954950607248,tables/5_seed_review/gate_per_seed.csv,8.0,nan
N-MNIST,SNN-DFA,20260831,H1,completed_epoch_100,results/experiment03_soft_spectral/experiment03_20260831_server/checkpoints/full_dense/seed_20260831/epoch_100.pt,b486ef7efe077a5e11dbfa4148cfa5a8ec90514c3508227a9bf491bde631d58a,basis_eval,512,30,800,same_trained_model_and_neuron_coordinates,True,random_sparsity,ann_matched,nan,global_frobenius_norm_matched,204635183108.0,0.87854638671875,0.87854638671875,False,0.0043403093286045,0.064487676414601,226.0566723415762,1.5548582152009651,0.87854638671875,0.87854638671875,1e-06,0.010327068157494,0.0191842390648134,0.5891752392340007,0.0039901407051594,0.0,canonical epsilon=1e-12; zero-vector effects retained,"population, time axis then sample/feature mean",111,298,422,522,660,56.31800475711143,6.065746737448756,430.84428514138176,0.5385553564267272,tables/5_seed_review/gate_per_seed.csv,8.0,nan
N-MNIST,SNN-DFA,20260831,H1,completed_epoch_100,results/experiment03_soft_spectral/experiment03_20260831_server/checkpoints/full_dense/seed_20260831/epoch_100.pt,b486ef7efe077a5e11dbfa4148cfa5a8ec90514c3508227a9bf491bde631d58a,basis_eval,512,30,800,same_trained_model_and_neuron_coordinates,True,random_sparsity,0,nan,global_frobenius_norm_matched,204635183109.0,0.0,0.0,False,0.0124539867610056,0.0645126198267627,226.14410958639056,1.7610448009369934,0.0,0.0,1e-06,0.0575211085379123,0.1057598228333332,0.2122817748212079,0.0037789468628002,0.0,canonical epsilon=1e-12; zero-vector effects retained,"population, time axis then sample/feature mean",130,331,457,554,682,49.9820209564572,6.159079688863601,472.9925741340908,0.5912407176676135,tables/5_seed_review/gate_per_seed.csv,9.0,nan
N-MNIST,SNN-DFA,20260831,H1,completed_epoch_100,results/experiment03_soft_spectral/experiment03_20260831_server/checkpoints/full_dense/seed_20260831/epoch_100.pt,b486ef7efe077a5e11dbfa4148cfa5a8ec90514c3508227a9bf491bde631d58a,basis_eval,512,30,800,same_trained_model_and_neuron_coordinates,True,random_sparsity,0.25,nan,global_frobenius_norm_matched,204635183109.0,0.25,0.25,False,0.0107822642485893,0.0645063909050623,226.12227457248096,1.750827578757289,0.25,0.25,1e-06,0.0437908992171287,0.0810364143555872,0.2390541251188526,0.0038394170990067,0.0,canonical epsilon=1e-12; zero-vector effects retained,"population, time axis then sample/feature mean",132,332,457,554,682,62.44518406420469,6.180072647757301,483.02704590978254,0.6037838073872281,tables/5_seed_review/gate_per_seed.csv,9.0,nan
N-MNIST,SNN-DFA,20260831,H1,completed_epoch_100,results/experiment03_soft_spectral/experiment03_20260831_server/checkpoints/full_dense/seed_20260831/epoch_100.pt,b486ef7efe077a5e11dbfa4148cfa5a8ec90514c3508227a9bf491bde631d58a,basis_eval,512,30,800,same_trained_model_and_neuron_coordinates,True,random_sparsity,0.50,nan,global_frobenius_norm_matched,204635183109.0,0.5,0.5,False,0.0088045599187038,0.0645000156915294,226.0999267436044,1.728530256567732,0.5,0.5,1e-06,0.0301791708916425,0.0563489976218494,0.2891485148556406,0.0038996134926336,0.0,canonical epsilon=1e-12; zero-vector effects retained,"population, time axis then sample/feature mean",132,331,457,552,679,81.68733108497062,6.1872157198533895,486.4896951767335,0.6081121189709169,tables/5_seed_review/gate_per_seed.csv,9.0,nan
N-MNIST,SNN-DFA,20260831,H1,completed_epoch_100,results/experiment03_soft_spectral/experiment03_20260831_server/checkpoints/full_dense/seed_20260831/epoch_100.pt,b486ef7efe077a5e11dbfa4148cfa5a8ec90514c3508227a9bf491bde631d58a,basis_eval,512,30,800,same_trained_model_and_neuron_coordinates,True,random_sparsity,0.75,nan,global_frobenius_norm_matched,204635183109.0,0.75,0.75,False,0.00622231951815,0.0644923065525535,226.07290293998483,1.6659501793652547,0.75,0.75,1e-06,0.0168516207486391,0.0318751145724528,0.4100422028919228,0.0039594941441308,0.0,canonical epsilon=1e-12; zero-vector effects retained,"population, time axis then sample/feature mean",123,318,444,541,673,90.2378727208972,6.152400570344316,469.84392747007865,0.5873049093375983,tables/5_seed_review/gate_per_seed.csv,9.0,nan
N-MNIST,SNN-DFA,20260831,H1,completed_epoch_100,results/experiment03_soft_spectral/experiment03_20260831_server/checkpoints/full_dense/seed_20260831/epoch_100.pt,b486ef7efe077a5e11dbfa4148cfa5a8ec90514c3508227a9bf491bde631d58a,basis_eval,512,30,800,same_trained_model_and_neuron_coordinates,True,random_sparsity,ann_matched,nan,global_frobenius_norm_matched,204635183109.0,0.87854638671875,0.87854638671875,False,0.0043339620103425,0.0644877599247855,226.0569650802115,1.548458864985151,0.87854638671875,0.87854638671875,1e-06,0.0103372372686862,0.0195400704589254,0.597829353243444,0.0039908583726371,0.0,canonical epsilon=1e-12; zero-vector effects retained,"population, time axis then sample/feature mean",106,293,417,517,658,51.35870388294988,6.043182759636596,421.2315824975011,0.5265394781218764,tables/5_seed_review/gate_per_seed.csv,9.0,nan
N-MNIST,SNN-DFA,20260831,H2,completed_epoch_100,results/experiment03_soft_spectral/experiment03_20260831_server/checkpoints/full_dense/seed_20260831/epoch_100.pt,b486ef7efe077a5e11dbfa4148cfa5a8ec90514c3508227a9bf491bde631d58a,basis_eval,512,30,800,same_trained_model_and_neuron_coordinates,True,random_sparsity,0,nan,global_frobenius_norm_matched,204635183110.0,0.0,0.0,False,0.0180047823872433,0.0783120073876308,274.51681900620235,2.0919281814342443,0.0,0.0,1e-06,0.0853692144155502,0.1299682950537547,0.3097452987717276,0.0054420940085068,0.0,canonical epsilon=1e-12; zero-vector effects retained,"population, time axis then sample/feature mean",107,296,424,526,660,35.1249940063122,5.999893953740518,403.3860136465792,0.504232517058224,tables/5_seed_review/gate_per_seed.csv,0.0,nan
N-MNIST,SNN-DFA,20260831,H2,completed_epoch_100,results/experiment03_soft_spectral/experiment03_20260831_server/checkpoints/full_dense/seed_20260831/epoch_100.pt,b486ef7efe077a5e11dbfa4148cfa5a8ec90514c3508227a9bf491bde631d58a,basis_eval,512,30,800,same_trained_model_and_neuron_coordinates,True,random_sparsity,0.25,nan,global_frobenius_norm_matched,204635183110.0,0.25,0.25,False,0.0155823021139998,0.0783016541244738,274.48052642523777,2.081825090952361,0.25,0.25,1e-06,0.0649183019995689,0.0986061302177908,0.3264106718811023,0.0055626286251745,0.0,canonical epsilon=1e-12; zero-vector effects retained,"population, time axis then sample/feature mean",112,301,428,528,660,45.31228810334718,6.052727860233099,425.2715305090476,0.5315894131363095,tables/5_seed_review/gate_per_seed.csv,0.0,nan
N-MNIST,SNN-DFA,20260831,H2,completed_epoch_100,results/experiment03_soft_spectral/experiment03_20260831_server/checkpoints/full_dense/seed_20260831/epoch_100.pt,b486ef7efe077a5e11dbfa4148cfa5a8ec90514c3508227a9bf491bde631d58a,basis_eval,512,30,800,same_trained_model_and_neuron_coordinates,True,random_sparsity,0.50,nan,global_frobenius_norm_matched,204635183110.0,0.5,0.5,False,0.0127236776414588,0.0782915061230405,274.4449533737284,2.0623092906816645,0.5,0.5,1e-06,0.0446867421269416,0.0673539481464202,0.3574381218137932,0.005682900336072,0.0,canonical epsilon=1e-12; zero-vector effects retained,"population, time axis then sample/feature mean",115,303,429,528,659,62.05620801907776,6.089409545137733,441.16084866021424,0.5514510608252678,tables/5_seed_review/gate_per_seed.csv,0.0,nan
N-MNIST,SNN-DFA,20260831,H2,completed_epoch_100,results/experiment03_soft_spectral/experiment03_20260831_server/checkpoints/full_dense/seed_20260831/epoch_100.pt,b486ef7efe077a5e11dbfa4148cfa5a8ec90514c3508227a9bf491bde631d58a,basis_eval,512,30,800,same_trained_model_and_neuron_coordinates,True,random_sparsity,0.75,nan,global_frobenius_norm_matched,204635183110.0,0.75,0.75,False,0.0089948193061446,0.0782791979452888,274.4018079875063,2.0063913606123327,0.75,0.75,1e-06,0.0250440929085016,0.038471595173374,0.4397599685901453,0.0058019312613955,0.0,canonical epsilon=1e-12; zero-vector effects retained,"population, time axis then sample/feature mean",110,293,418,519,653,68.10255431564958,6.07500674660701,434.8524362849267,0.5435655453561583,tables/5_seed_review/gate_per_seed.csv,0.0,nan
N-MNIST,SNN-DFA,20260831,H2,completed_epoch_100,results/experiment03_soft_spectral/experiment03_20260831_server/checkpoints/full_dense/seed_20260831/epoch_100.pt,b486ef7efe077a5e11dbfa4148cfa5a8ec90514c3508227a9bf491bde631d58a,basis_eval,512,30,800,same_trained_model_and_neuron_coordinates,True,random_sparsity,ann_matched,nan,global_frobenius_norm_matched,204635183110.0,0.7827268880208333,0.7827268880208333,False,0.0083908390674054,0.0782768215010201,274.39347754185303,1.988433594471301,0.7827268880208333,0.7827268880208333,1e-06,0.022672040387988,0.0347156849917532,0.4640308748193396,0.0058168436499482,0.0,canonical epsilon=1e-12; zero-vector effects retained,"population, time axis then sample/feature mean",107,287,412,513,650,62.13304910514361,6.0546880573192325,426.10596408391433,0.5326324551048929,tables/5_seed_review/gate_per_seed.csv,0.0,nan
N-MNIST,SNN-DFA,20260831,H2,completed_epoch_100,results/experiment03_soft_spectral/experiment03_20260831_server/checkpoints/full_dense/seed_20260831/epoch_100.pt,b486ef7efe077a5e11dbfa4148cfa5a8ec90514c3508227a9bf491bde631d58a,basis_eval,512,30,800,same_trained_model_and_neuron_coordinates,True,random_sparsity,0,nan,global_frobenius_norm_matched,204635183111.0,0.0,0.0,False,0.0180047823872433,0.0783120073876308,274.51681900620235,2.0919281814342443,0.0,0.0,1e-06,0.0853692144155502,0.1299682950537547,0.3097452987717276,0.0054420940085068,0.0,canonical epsilon=1e-12; zero-vector effects retained,"population, time axis then sample/feature mean",107,296,424,526,660,35.1249940063122,5.999893953740518,403.3860136465792,0.504232517058224,tables/5_seed_review/gate_per_seed.csv,1.0,nan
N-MNIST,SNN-DFA,20260831,H2,completed_epoch_100,results/experiment03_soft_spectral/experiment03_20260831_server/checkpoints/full_dense/seed_20260831/epoch_100.pt,b486ef7efe077a5e11dbfa4148cfa5a8ec90514c3508227a9bf491bde631d58a,basis_eval,512,30,800,same_trained_model_and_neuron_coordinates,True,random_sparsity,0.25,nan,global_frobenius_norm_matched,204635183111.0,0.25,0.25,False,0.0155918941652865,0.078301611138404,274.48037574082184,2.081711182876202,0.25,0.25,1e-06,0.065004713833332,0.0984225102806133,0.3261730955621563,0.0055623430996514,0.0,canonical epsilon=1e-12; zero-vector effects retained,"population, time axis then sample/feature mean",114,304,430,529,660,44.31828345045204,6.060687922877529,428.6702275074638,0.5358377843843297,tables/5_seed_review/gate_per_seed.csv,1.0,nan
N-MNIST,SNN-DFA,20260831,H2,completed_epoch_100,results/experiment03_soft_spectral/experiment03_20260831_server/checkpoints/full_dense/seed_20260831/epoch_100.pt,b486ef7efe077a5e11dbfa4148cfa5a8ec90514c3508227a9bf491bde631d58a,basis_eval,512,30,800,same_trained_model_and_neuron_coordinates,True,random_sparsity,0.50,nan,global_frobenius_norm_matched,204635183111.0,0.5,0.5,False,0.0127286714976198,0.0782913871546423,274.4445363390098,2.06284077213321,0.5,0.5,1e-06,0.0447783507406711,0.0681789368741736,0.3560082965484145,0.0056822643421246,0.0,canonical epsilon=1e-12; zero-vector effects retained,"population, time axis then sample/feature mean",115,304,429,528,658,56.92711585501976,6.086212848808714,439.752843076953,0.5496910538461913,tables/5_seed_review/gate_per_seed.csv,1.0,nan
N-MNIST,SNN-DFA,20260831,H2,completed_epoch_100,results/experiment03_soft_spectral/experiment03_20260831_server/checkpoints/full_dense/seed_20260831/epoch_100.pt,b486ef7efe077a5e11dbfa4148cfa5a8ec90514c3508227a9bf491bde631d58a,basis_eval,512,30,800,same_trained_model_and_neuron_coordinates,True,random_sparsity,0.75,nan,global_frobenius_norm_matched,204635183111.0,0.75,0.75,False,0.0089995871145548,0.0782792598871098,274.40202511987366,2.0051462522032275,0.75,0.75,1e-06,0.025166843086481,0.0381399769288372,0.439264448516121,0.0058011845668349,0.0,canonical epsilon=1e-12; zero-vector effects retained,"population, time axis then sample/feature mean",113,299,423,522,655,68.83782820076365,6.083715568677752,438.656027137745,0.5483200339221813,tables/5_seed_review/gate_per_seed.csv,1.0,nan
N-MNIST,SNN-DFA,20260831,H2,completed_epoch_100,results/experiment03_soft_spectral/experiment03_20260831_server/checkpoints/full_dense/seed_20260831/epoch_100.pt,b486ef7efe077a5e11dbfa4148cfa5a8ec90514c3508227a9bf491bde631d58a,basis_eval,512,30,800,same_trained_model_and_neuron_coordinates,True,random_sparsity,ann_matched,nan,global_frobenius_norm_matched,204635183111.0,0.7827268880208333,0.7827268880208333,False,0.0083837446191163,0.0782768644145711,274.3936279720652,1.9889836049156395,0.7827268880208333,0.7827268880208333,1e-06,0.0224882140755653,0.0340305208733935,0.4610845160402824,0.0058172769611183,0.0,canonical epsilon=1e-12; zero-vector effects retained,"population, time axis then sample/feature mean",111,296,419,518,652,63.252096236246224,6.067209170823918,431.474827153933,0.5393435339424163,tables/5_seed_review/gate_per_seed.csv,1.0,nan
N-MNIST,SNN-DFA,20260831,H2,completed_epoch_100,results/experiment03_soft_spectral/experiment03_20260831_server/checkpoints/full_dense/seed_20260831/epoch_100.pt,b486ef7efe077a5e11dbfa4148cfa5a8ec90514c3508227a9bf491bde631d58a,basis_eval,512,30,800,same_trained_model_and_neuron_coordinates,True,random_sparsity,0,nan,global_frobenius_norm_matched,204635183112.0,0.0,0.0,False,0.0180047823872433,0.0783120073876308,274.51681900620235,2.0919281814342443,0.0,0.0,1e-06,0.0853692144155502,0.1299682950537547,0.3097452987717276,0.0054420940085068,0.0,canonical epsilon=1e-12; zero-vector effects retained,"population, time axis then sample/feature mean",107,296,424,526,660,35.1249940063122,5.999893953740518,403.3860136465792,0.504232517058224,tables/5_seed_review/gate_per_seed.csv,2.0,nan
N-MNIST,SNN-DFA,20260831,H2,completed_epoch_100,results/experiment03_soft_spectral/experiment03_20260831_server/checkpoints/full_dense/seed_20260831/epoch_100.pt,b486ef7efe077a5e11dbfa4148cfa5a8ec90514c3508227a9bf491bde631d58a,basis_eval,512,30,800,same_trained_model_and_neuron_coordinates,True,random_sparsity,0.25,nan,global_frobenius_norm_matched,204635183112.0,0.25,0.25,False,0.0155961308648764,0.0783016563015503,274.4805340568138,2.082577567191845,0.25,0.25,1e-06,0.0651357620954513,0.099032692831304,0.3249176891887584,0.0055615227063547,0.0,canonical epsilon=1e-12; zero-vector effects retained,"population, time axis then sample/feature mean",112,302,429,530,661,44.7413842564637,6.054656646038788,426.092579760188,0.532615724700235,tables/5_seed_review/gate_per_seed.csv,2.0,nan
N-MNIST,SNN-DFA,20260831,H2,completed_epoch_100,results/experiment03_soft_spectral/experiment03_20260831_server/checkpoints/full_dense/seed_20260831/epoch_100.pt,b486ef7efe077a5e11dbfa4148cfa5a8ec90514c3508227a9bf491bde631d58a,basis_eval,512,30,800,same_trained_model_and_neuron_coordinates,True,random_sparsity,0.50,nan,global_frobenius_norm_matched,204635183112.0,0.5,0.5,False,0.0127308607180477,0.0782913814221792,274.44451624428336,2.0633902373787216,0.5,0.5,1e-06,0.0446520745754241,0.0681902719388928,0.3549314497306016,0.0056824878289253,0.0,canonical epsilon=1e-12; zero-vector effects retained,"population, time axis then sample/feature mean",114,303,431,531,661,56.52556366061012,6.0836578519637055,438.63071008387766,0.5482883876048471,tables/5_seed_review/gate_per_seed.csv,2.0,nan
N-MNIST,SNN-DFA,20260831,H2,completed_epoch_100,results/experiment03_soft_spectral/experiment03_20260831_server/checkpoints/full_dense/seed_20260831/epoch_100.pt,b486ef7efe077a5e11dbfa4148cfa5a8ec90514c3508227a9bf491bde631d58a,basis_eval,512,30,800,same_trained_model_and_neuron_coordinates,True,random_sparsity,0.75,nan,global_frobenius_norm_matched,204635183112.0,0.75,0.75,False,0.0090045724674048,0.0782792762637585,274.40208252697715,2.004010346409974,0.75,0.75,1e-06,0.0249510947614908,0.0379291590661547,0.4414341003166426,0.0058018519090231,0.0,canonical epsilon=1e-12; zero-vector effects retained,"population, time axis then sample/feature mean",111,297,422,523,657,74.87559632550884,6.07677174447555,435.62062763672446,0.5445257845459056,tables/5_seed_review/gate_per_seed.csv,2.0,nan
N-MNIST,SNN-DFA,20260831,H2,completed_epoch_100,results/experiment03_soft_spectral/experiment03_20260831_server/checkpoints/full_dense/seed_20260831/epoch_100.pt,b486ef7efe077a5e11dbfa4148cfa5a8ec90514c3508227a9bf491bde631d58a,basis_eval,512,30,800,same_trained_model_and_neuron_coordinates,True,random_sparsity,ann_matched,nan,global_frobenius_norm_matched,204635183112.0,0.7827268880208333,0.7827268880208333,False,0.0083938081530551,0.0782767962935034,274.3933891788136,1.9888729705246933,0.7827268880208333,0.7827268880208333,1e-06,0.0223127454519271,0.0337608600208456,0.462498757142107,0.0058175405097527,0.0,canonical epsilon=1e-12; zero-vector effects retained,"population, time axis then sample/feature mean",111,296,421,521,656,69.86024300666938,6.076771220641121,435.6203994437018,0.5445254993046272,tables/5_seed_review/gate_per_seed.csv,2.0,nan
N-MNIST,SNN-DFA,20260831,H2,completed_epoch_100,results/experiment03_soft_spectral/experiment03_20260831_server/checkpoints/full_dense/seed_20260831/epoch_100.pt,b486ef7efe077a5e11dbfa4148cfa5a8ec90514c3508227a9bf491bde631d58a,basis_eval,512,30,800,same_trained_model_and_neuron_coordinates,True,random_sparsity,0,nan,global_frobenius_norm_matched,204635183113.0,0.0,0.0,False,0.0180047823872433,0.0783120073876308,274.51681900620235,2.0919281814342443,0.0,0.0,1e-06,0.0853692144155502,0.1299682950537547,0.3097452987717276,0.0054420940085068,0.0,canonical epsilon=1e-12; zero-vector effects retained,"population, time axis then sample/feature mean",107,296,424,526,660,35.1249940063122,5.999893953740518,403.3860136465792,0.504232517058224,tables/5_seed_review/gate_per_seed.csv,3.0,nan
N-MNIST,SNN-DFA,20260831,H2,completed_epoch_100,results/experiment03_soft_spectral/experiment03_20260831_server/checkpoints/full_dense/seed_20260831/epoch_100.pt,b486ef7efe077a5e11dbfa4148cfa5a8ec90514c3508227a9bf491bde631d58a,basis_eval,512,30,800,same_trained_model_and_neuron_coordinates,True,random_sparsity,0.25,nan,global_frobenius_norm_matched,204635183113.0,0.25,0.25,False,0.0155920374273915,0.0783016198529926,274.4804062891531,2.081253624845038,0.25,0.25,1e-06,0.0651337057352066,0.0992069577321995,0.3266287800168448,0.005561712836561,0.0,canonical epsilon=1e-12; zero-vector effects retained,"population, time axis then sample/feature mean",112,301,428,529,660,45.080078506910425,6.053864382910389,425.75513600973056,0.5321939200121633,tables/5_seed_review/gate_per_seed.csv,3.0,nan
N-MNIST,SNN-DFA,20260831,H2,completed_epoch_100,results/experiment03_soft_spectral/experiment03_20260831_server/checkpoints/full_dense/seed_20260831/epoch_100.pt,b486ef7efe077a5e11dbfa4148cfa5a8ec90514c3508227a9bf491bde631d58a,basis_eval,512,30,800,same_trained_model_and_neuron_coordinates,True,random_sparsity,0.50,nan,global_frobenius_norm_matched,204635183113.0,0.5,0.5,False,0.0127338589903579,0.0782914377411692,274.4447136662509,2.0608173174949496,0.5,0.5,1e-06,0.0450000204145908,0.0678517153132408,0.3583697143477445,0.0056809859312654,0.0,canonical epsilon=1e-12; zero-vector effects retained,"population, time axis then sample/feature mean",116,306,431,530,660,56.95528492218767,6.09554250268649,443.8747831330427,0.5548434789163034,tables/5_seed_review/gate_per_seed.csv,3.0,nan
N-MNIST,SNN-DFA,20260831,H2,completed_epoch_100,results/experiment03_soft_spectral/experiment03_20260831_server/checkpoints/full_dense/seed_20260831/epoch_100.pt,b486ef7efe077a5e11dbfa4148cfa5a8ec90514c3508227a9bf491bde631d58a,basis_eval,512,30,800,same_trained_model_and_neuron_coordinates,True,random_sparsity,0.75,nan,global_frobenius_norm_matched,204635183113.0,0.75,0.75,False,0.0090008733736362,0.0782793810592591,274.40244987968265,2.0034928462258703,0.75,0.75,1e-06,0.0250191465020179,0.0376939612767167,0.441837928614318,0.0058014960399038,0.0,canonical epsilon=1e-12; zero-vector effects retained,"population, time axis then sample/feature mean",115,301,426,524,657,66.5561570315849,6.095646385739767,443.9208965959493,0.5549011207449367,tables/5_seed_review/gate_per_seed.csv,3.0,nan
N-MNIST,SNN-DFA,20260831,H2,completed_epoch_100,results/experiment03_soft_spectral/experiment03_20260831_server/checkpoints/full_dense/seed_20260831/epoch_100.pt,b486ef7efe077a5e11dbfa4148cfa5a8ec90514c3508227a9bf491bde631d58a,basis_eval,512,30,800,same_trained_model_and_neuron_coordinates,True,random_sparsity,ann_matched,nan,global_frobenius_norm_matched,204635183113.0,0.7827268880208333,0.7827268880208333,False,0.0083939802834028,0.0782769803039606,274.3940342135554,1.98768182256332,0.7827268880208333,0.7827268880208333,1e-06,0.0224365256726741,0.0339105648066747,0.4629566813084041,0.0058170662894149,0.0,canonical epsilon=1e-12; zero-vector effects retained,"population, time axis then sample/feature mean",112,295,419,519,654,61.2103801481707,6.07829774536296,436.2858925694121,0.5453573657117652,tables/5_seed_review/gate_per_seed.csv,3.0,nan
N-MNIST,SNN-DFA,20260831,H2,completed_epoch_100,results/experiment03_soft_spectral/experiment03_20260831_server/checkpoints/full_dense/seed_20260831/epoch_100.pt,b486ef7efe077a5e11dbfa4148cfa5a8ec90514c3508227a9bf491bde631d58a,basis_eval,512,30,800,same_trained_model_and_neuron_coordinates,True,random_sparsity,0,nan,global_frobenius_norm_matched,204635183114.0,0.0,0.0,False,0.0180047823872433,0.0783120073876308,274.51681900620235,2.0919281814342443,0.0,0.0,1e-06,0.0853692144155502,0.1299682950537547,0.3097452987717276,0.0054420940085068,0.0,canonical epsilon=1e-12; zero-vector effects retained,"population, time axis then sample/feature mean",107,296,424,526,660,35.1249940063122,5.999893953740518,403.3860136465792,0.504232517058224,tables/5_seed_review/gate_per_seed.csv,4.0,nan
N-MNIST,SNN-DFA,20260831,H2,completed_epoch_100,results/experiment03_soft_spectral/experiment03_20260831_server/checkpoints/full_dense/seed_20260831/epoch_100.pt,b486ef7efe077a5e11dbfa4148cfa5a8ec90514c3508227a9bf491bde631d58a,basis_eval,512,30,800,same_trained_model_and_neuron_coordinates,True,random_sparsity,0.25,nan,global_frobenius_norm_matched,204635183114.0,0.25,0.25,False,0.0155822149724203,0.0783017009595492,274.480690602054,2.08191237934209,0.25,0.25,1e-06,0.0650802254676818,0.098969533117469,0.3261792163149087,0.0055621013929764,0.0,canonical epsilon=1e-12; zero-vector effects retained,"population, time axis then sample/feature mean",111,300,427,528,661,43.71524957362584,6.048877965866334,423.637427619496,0.52954678452437,tables/5_seed_review/gate_per_seed.csv,4.0,nan
N-MNIST,SNN-DFA,20260831,H2,completed_epoch_100,results/experiment03_soft_spectral/experiment03_20260831_server/checkpoints/full_dense/seed_20260831/epoch_100.pt,b486ef7efe077a5e11dbfa4148cfa5a8ec90514c3508227a9bf491bde631d58a,basis_eval,512,30,800,same_trained_model_and_neuron_coordinates,True,random_sparsity,0.50,nan,global_frobenius_norm_matched,204635183114.0,0.5,0.5,False,0.0127247639269777,0.0782914423239687,274.44472973090745,2.0621957245492504,0.5,0.5,1e-06,0.0450203716754913,0.0687201778603464,0.3574942240078511,0.0056818048113378,0.0,canonical epsilon=1e-12; zero-vector effects retained,"population, time axis then sample/feature mean",115,302,428,528,660,60.94302776142205,6.08569205996661,439.5238843277511,0.5494048554096889,tables/5_seed_review/gate_per_seed.csv,4.0,nan
N-MNIST,SNN-DFA,20260831,H2,completed_epoch_100,results/experiment03_soft_spectral/experiment03_20260831_server/checkpoints/full_dense/seed_20260831/epoch_100.pt,b486ef7efe077a5e11dbfa4148cfa5a8ec90514c3508227a9bf491bde631d58a,basis_eval,512,30,800,same_trained_model_and_neuron_coordinates,True,random_sparsity,0.75,nan,global_frobenius_norm_matched,204635183114.0,0.75,0.75,False,0.0089967743368429,0.078279294748292,274.4021473231115,2.005032161929989,0.75,0.75,1e-06,0.0248917695134878,0.0392143579926183,0.4403471402296733,0.0058029682525385,0.0,canonical epsilon=1e-12; zero-vector effects retained,"population, time axis then sample/feature mean",113,298,423,523,655,64.92310893901731,6.082432337751285,438.09349116661184,0.5476168639582648,tables/5_seed_review/gate_per_seed.csv,4.0,nan
N-MNIST,SNN-DFA,20260831,H2,completed_epoch_100,results/experiment03_soft_spectral/experiment03_20260831_server/checkpoints/full_dense/seed_20260831/epoch_100.pt,b486ef7efe077a5e11dbfa4148cfa5a8ec90514c3508227a9bf491bde631d58a,basis_eval,512,30,800,same_trained_model_and_neuron_coordinates,True,random_sparsity,ann_matched,nan,global_frobenius_norm_matched,204635183114.0,0.7827268880208333,0.7827268880208333,False,0.0083886410953564,0.078276832413648,274.3935157952465,1.9893399347723744,0.7827268880208333,0.7827268880208333,1e-06,0.0223703347146511,0.0351657643694761,0.4617620796383075,0.0058180016794525,0.0,canonical epsilon=1e-12; zero-vector effects retained,"population, time axis then sample/feature mean",111,295,420,519,653,57.16896600410494,6.0668242425825145,431.3087722691647,0.5391359653364558,tables/5_seed_review/gate_per_seed.csv,4.0,nan
N-MNIST,SNN-DFA,20260831,H2,completed_epoch_100,results/experiment03_soft_spectral/experiment03_20260831_server/checkpoints/full_dense/seed_20260831/epoch_100.pt,b486ef7efe077a5e11dbfa4148cfa5a8ec90514c3508227a9bf491bde631d58a,basis_eval,512,30,800,same_trained_model_and_neuron_coordinates,True,random_sparsity,0,nan,global_frobenius_norm_matched,204635183115.0,0.0,0.0,False,0.0180047823872433,0.0783120073876308,274.51681900620235,2.0919281814342443,0.0,0.0,1e-06,0.0853692144155502,0.1299682950537547,0.3097452987717276,0.0054420940085068,0.0,canonical epsilon=1e-12; zero-vector effects retained,"population, time axis then sample/feature mean",107,296,424,526,660,35.1249940063122,5.999893953740518,403.3860136465792,0.504232517058224,tables/5_seed_review/gate_per_seed.csv,5.0,nan
N-MNIST,SNN-DFA,20260831,H2,completed_epoch_100,results/experiment03_soft_spectral/experiment03_20260831_server/checkpoints/full_dense/seed_20260831/epoch_100.pt,b486ef7efe077a5e11dbfa4148cfa5a8ec90514c3508227a9bf491bde631d58a,basis_eval,512,30,800,same_trained_model_and_neuron_coordinates,True,random_sparsity,0.25,nan,global_frobenius_norm_matched,204635183115.0,0.25,0.25,False,0.0155876665567199,0.0783015643559152,274.4802117483446,2.0820133342869127,0.25,0.25,1e-06,0.0649751424789428,0.099007723727064,0.3260966888307964,0.00556249840374,0.0,canonical epsilon=1e-12; zero-vector effects retained,"population, time axis then sample/feature mean",111,301,428,528,661,44.126850866146754,6.052495298976248,425.1726403268676,0.5314658004085845,tables/5_seed_review/gate_per_seed.csv,5.0,nan
N-MNIST,SNN-DFA,20260831,H2,completed_epoch_100,results/experiment03_soft_spectral/experiment03_20260831_server/checkpoints/full_dense/seed_20260831/epoch_100.pt,b486ef7efe077a5e11dbfa4148cfa5a8ec90514c3508227a9bf491bde631d58a,basis_eval,512,30,800,same_trained_model_and_neuron_coordinates,True,random_sparsity,0.50,nan,global_frobenius_norm_matched,204635183115.0,0.5,0.5,False,0.0127143536680713,0.0782914385759483,274.4447165925044,2.063267082395559,0.5,0.5,1e-06,0.0448255725204944,0.0682841782804365,0.3567596300566214,0.005682585282058,0.0,canonical epsilon=1e-12; zero-vector effects retained,"population, time axis then sample/feature mean",116,305,431,531,662,59.53197799147768,6.092559625312113,442.5527318240994,0.5531909147801243,tables/5_seed_review/gate_per_seed.csv,5.0,nan
N-MNIST,SNN-DFA,20260831,H2,completed_epoch_100,results/experiment03_soft_spectral/experiment03_20260831_server/checkpoints/full_dense/seed_20260831/epoch_100.pt,b486ef7efe077a5e11dbfa4148cfa5a8ec90514c3508227a9bf491bde631d58a,basis_eval,512,30,800,same_trained_model_and_neuron_coordinates,True,random_sparsity,0.75,nan,global_frobenius_norm_matched,204635183115.0,0.75,0.75,False,0.0090065435229667,0.0782792472225457,274.4019807252011,2.0065813946156963,0.75,0.75,1e-06,0.0249123182147741,0.0389978868986794,0.4389954423162919,0.0058020786935721,0.0,canonical epsilon=1e-12; zero-vector effects retained,"population, time axis then sample/feature mean",112,300,426,526,658,66.68015380745453,6.079510573601697,436.815353427722,0.5460191917846525,tables/5_seed_review/gate_per_seed.csv,5.0,nan
N-MNIST,SNN-DFA,20260831,H2,completed_epoch_100,results/experiment03_soft_spectral/experiment03_20260831_server/checkpoints/full_dense/seed_20260831/epoch_100.pt,b486ef7efe077a5e11dbfa4148cfa5a8ec90514c3508227a9bf491bde631d58a,basis_eval,512,30,800,same_trained_model_and_neuron_coordinates,True,random_sparsity,ann_matched,nan,global_frobenius_norm_matched,204635183115.0,0.7827268880208333,0.7827268880208333,False,0.0083955567979066,0.0782769164906331,274.3938105207602,1.9901631049596176,0.7827268880208333,0.7827268880208333,1e-06,0.0223568007349967,0.034869528661029,0.4610146534383832,0.0058174857849212,0.0,canonical epsilon=1e-12; zero-vector effects retained,"population, time axis then sample/feature mean",112,298,424,524,657,66.0380241902612,6.07894093914726,436.5665992083959,0.5457082490104949,tables/5_seed_review/gate_per_seed.csv,5.0,nan
N-MNIST,SNN-DFA,20260831,H2,completed_epoch_100,results/experiment03_soft_spectral/experiment03_20260831_server/checkpoints/full_dense/seed_20260831/epoch_100.pt,b486ef7efe077a5e11dbfa4148cfa5a8ec90514c3508227a9bf491bde631d58a,basis_eval,512,30,800,same_trained_model_and_neuron_coordinates,True,random_sparsity,0,nan,global_frobenius_norm_matched,204635183116.0,0.0,0.0,False,0.0180047823872433,0.0783120073876308,274.51681900620235,2.0919281814342443,0.0,0.0,1e-06,0.0853692144155502,0.1299682950537547,0.3097452987717276,0.0054420940085068,0.0,canonical epsilon=1e-12; zero-vector effects retained,"population, time axis then sample/feature mean",107,296,424,526,660,35.1249940063122,5.999893953740518,403.3860136465792,0.504232517058224,tables/5_seed_review/gate_per_seed.csv,6.0,nan
N-MNIST,SNN-DFA,20260831,H2,completed_epoch_100,results/experiment03_soft_spectral/experiment03_20260831_server/checkpoints/full_dense/seed_20260831/epoch_100.pt,b486ef7efe077a5e11dbfa4148cfa5a8ec90514c3508227a9bf491bde631d58a,basis_eval,512,30,800,same_trained_model_and_neuron_coordinates,True,random_sparsity,0.25,nan,global_frobenius_norm_matched,204635183116.0,0.25,0.25,False,0.0155935031967164,0.0783015816269045,274.4802722904967,2.08272227135304,0.25,0.25,1e-06,0.0648548305034637,0.098442351916602,0.3249204091365613,0.0055625048822638,0.0,canonical epsilon=1e-12; zero-vector effects retained,"population, time axis then sample/feature mean",113,303,430,530,661,45.59172634649799,6.060640695529247,428.6499830273815,0.5358124787842269,tables/5_seed_review/gate_per_seed.csv,6.0,nan
N-MNIST,SNN-DFA,20260831,H2,completed_epoch_100,results/experiment03_soft_spectral/experiment03_20260831_server/checkpoints/full_dense/seed_20260831/epoch_100.pt,b486ef7efe077a5e11dbfa4148cfa5a8ec90514c3508227a9bf491bde631d58a,basis_eval,512,30,800,same_trained_model_and_neuron_coordinates,True,random_sparsity,0.50,nan,global_frobenius_norm_matched,204635183116.0,0.5,0.5,False,0.0127377518813182,0.0782913860843651,274.44453258722814,2.0625260351015218,0.5,0.5,1e-06,0.0447047129273414,0.0675944703235266,0.3559925211139415,0.0056827041163518,0.0,canonical epsilon=1e-12; zero-vector effects retained,"population, time axis then sample/feature mean",117,306,432,531,661,62.48766414475512,6.099189610807614,445.49659812899074,0.5568707476612385,tables/5_seed_review/gate_per_seed.csv,6.0,nan
N-MNIST,SNN-DFA,20260831,H2,completed_epoch_100,results/experiment03_soft_spectral/experiment03_20260831_server/checkpoints/full_dense/seed_20260831/epoch_100.pt,b486ef7efe077a5e11dbfa4148cfa5a8ec90514c3508227a9bf491bde631d58a,basis_eval,512,30,800,same_trained_model_and_neuron_coordinates,True,random_sparsity,0.75,nan,global_frobenius_norm_matched,204635183116.0,0.75,0.75,False,0.0090010935920546,0.0782793028890322,274.4021758598602,2.00625107955082,0.75,0.75,1e-06,0.024919444695115,0.0374978660292698,0.4381895807954779,0.0058020116929205,0.0,canonical epsilon=1e-12; zero-vector effects retained,"population, time axis then sample/feature mean",117,303,426,523,655,87.848715082193,6.108729032824702,449.76671301785433,0.5622083912723179,tables/5_seed_review/gate_per_seed.csv,6.0,nan
N-MNIST,SNN-DFA,20260831,H2,completed_epoch_100,results/experiment03_soft_spectral/experiment03_20260831_server/checkpoints/full_dense/seed_20260831/epoch_100.pt,b486ef7efe077a5e11dbfa4148cfa5a8ec90514c3508227a9bf491bde631d58a,basis_eval,512,30,800,same_trained_model_and_neuron_coordinates,True,random_sparsity,ann_matched,nan,global_frobenius_norm_matched,204635183116.0,0.7827268880208333,0.7827268880208333,False,0.0083882797326921,0.0782769049210139,274.39376996433765,1.9904107336045809,0.7827268880208333,0.7827268880208333,1e-06,0.02234473451972,0.0336146487030759,0.4604326966031075,0.0058176449599396,0.0,canonical epsilon=1e-12; zero-vector effects retained,"population, time axis then sample/feature mean",114,300,423,521,655,89.22744819139514,6.096772509809514,444.42108818870594,0.5555263602358824,tables/5_seed_review/gate_per_seed.csv,6.0,nan
N-MNIST,SNN-DFA,20260831,H2,completed_epoch_100,results/experiment03_soft_spectral/experiment03_20260831_server/checkpoints/full_dense/seed_20260831/epoch_100.pt,b486ef7efe077a5e11dbfa4148cfa5a8ec90514c3508227a9bf491bde631d58a,basis_eval,512,30,800,same_trained_model_and_neuron_coordinates,True,random_sparsity,0,nan,global_frobenius_norm_matched,204635183117.0,0.0,0.0,False,0.0180047823872433,0.0783120073876308,274.51681900620235,2.0919281814342443,0.0,0.0,1e-06,0.0853692144155502,0.1299682950537547,0.3097452987717276,0.0054420940085068,0.0,canonical epsilon=1e-12; zero-vector effects retained,"population, time axis then sample/feature mean",107,296,424,526,660,35.1249940063122,5.999893953740518,403.3860136465792,0.504232517058224,tables/5_seed_review/gate_per_seed.csv,7.0,nan
N-MNIST,SNN-DFA,20260831,H2,completed_epoch_100,results/experiment03_soft_spectral/experiment03_20260831_server/checkpoints/full_dense/seed_20260831/epoch_100.pt,b486ef7efe077a5e11dbfa4148cfa5a8ec90514c3508227a9bf491bde631d58a,basis_eval,512,30,800,same_trained_model_and_neuron_coordinates,True,random_sparsity,0.25,nan,global_frobenius_norm_matched,204635183117.0,0.25,0.25,False,0.0156013225649369,0.0783016336458133,274.48045463884534,2.081668435783937,0.25,0.25,1e-06,0.0650431364774704,0.0990067227192577,0.3266224501976475,0.0055624072789694,0.0,canonical epsilon=1e-12; zero-vector effects retained,"population, time axis then sample/feature mean",114,305,431,531,662,45.00115303753462,6.067990467506361,431.8120687306536,0.539765085913317,tables/5_seed_review/gate_per_seed.csv,7.0,nan
N-MNIST,SNN-DFA,20260831,H2,completed_epoch_100,results/experiment03_soft_spectral/experiment03_20260831_server/checkpoints/full_dense/seed_20260831/epoch_100.pt,b486ef7efe077a5e11dbfa4148cfa5a8ec90514c3508227a9bf491bde631d58a,basis_eval,512,30,800,same_trained_model_and_neuron_coordinates,True,random_sparsity,0.50,nan,global_frobenius_norm_matched,204635183117.0,0.5,0.5,False,0.0127332351347743,0.0782914944696522,274.4449125236582,2.060824743842852,0.5,0.5,1e-06,0.0450080893933773,0.0684538957034572,0.3590501399153188,0.0056820002550942,0.0,canonical epsilon=1e-12; zero-vector effects retained,"population, time axis then sample/feature mean",118,308,434,532,661,60.533622086868014,6.105696299218119,448.4047566614484,0.5605059458268105,tables/5_seed_review/gate_per_seed.csv,7.0,nan
N-MNIST,SNN-DFA,20260831,H2,completed_epoch_100,results/experiment03_soft_spectral/experiment03_20260831_server/checkpoints/full_dense/seed_20260831/epoch_100.pt,b486ef7efe077a5e11dbfa4148cfa5a8ec90514c3508227a9bf491bde631d58a,basis_eval,512,30,800,same_trained_model_and_neuron_coordinates,True,random_sparsity,0.75,nan,global_frobenius_norm_matched,204635183117.0,0.75,0.75,False,0.0090012945815518,0.0782793977686685,274.4025084532534,2.002641420147927,0.75,0.75,1e-06,0.0250685960054397,0.0377639020652426,0.4434432907106375,0.0058026620593041,0.0,canonical epsilon=1e-12; zero-vector effects retained,"population, time axis then sample/feature mean",114,299,425,524,657,66.53792350263568,6.090168312825427,441.4957142837948,0.5518696428547435,tables/5_seed_review/gate_per_seed.csv,7.0,nan
N-MNIST,SNN-DFA,20260831,H2,completed_epoch_100,results/experiment03_soft_spectral/experiment03_20260831_server/checkpoints/full_dense/seed_20260831/epoch_100.pt,b486ef7efe077a5e11dbfa4148cfa5a8ec90514c3508227a9bf491bde631d58a,basis_eval,512,30,800,same_trained_model_and_neuron_coordinates,True,random_sparsity,ann_matched,nan,global_frobenius_norm_matched,204635183117.0,0.7827268880208333,0.7827268880208333,False,0.0083897184281728,0.0782768468291654,274.39356632775514,1.9868454351321616,0.7827268880208333,0.7827268880208333,1e-06,0.0225951485335826,0.0342490281253328,0.464908931316829,0.0058178361114785,0.0,canonical epsilon=1e-12; zero-vector effects retained,"population, time axis then sample/feature mean",112,297,421,521,655,58.34377242478426,6.07769999368701,436.0251798744235,0.5450314748430294,tables/5_seed_review/gate_per_seed.csv,7.0,nan
N-MNIST,SNN-DFA,20260831,H2,completed_epoch_100,results/experiment03_soft_spectral/experiment03_20260831_server/checkpoints/full_dense/seed_20260831/epoch_100.pt,b486ef7efe077a5e11dbfa4148cfa5a8ec90514c3508227a9bf491bde631d58a,basis_eval,512,30,800,same_trained_model_and_neuron_coordinates,True,random_sparsity,0,nan,global_frobenius_norm_matched,204635183118.0,0.0,0.0,False,0.0180047823872433,0.0783120073876308,274.51681900620235,2.0919281814342443,0.0,0.0,1e-06,0.0853692144155502,0.1299682950537547,0.3097452987717276,0.0054420940085068,0.0,canonical epsilon=1e-12; zero-vector effects retained,"population, time axis then sample/feature mean",107,296,424,526,660,35.1249940063122,5.999893953740518,403.3860136465792,0.504232517058224,tables/5_seed_review/gate_per_seed.csv,8.0,nan
N-MNIST,SNN-DFA,20260831,H2,completed_epoch_100,results/experiment03_soft_spectral/experiment03_20260831_server/checkpoints/full_dense/seed_20260831/epoch_100.pt,b486ef7efe077a5e11dbfa4148cfa5a8ec90514c3508227a9bf491bde631d58a,basis_eval,512,30,800,same_trained_model_and_neuron_coordinates,True,random_sparsity,0.25,nan,global_frobenius_norm_matched,204635183118.0,0.25,0.25,False,0.0155863351649419,0.0783016987008636,274.48068268440056,2.0816912159732177,0.25,0.25,1e-06,0.0650283098220825,0.099278862254537,0.3267151919107568,0.0055625290476182,0.0,canonical epsilon=1e-12; zero-vector effects retained,"population, time axis then sample/feature mean",111,300,427,528,660,44.090281633025725,6.047320076776653,422.9779613140863,0.5287224516426078,tables/5_seed_review/gate_per_seed.csv,8.0,nan
N-MNIST,SNN-DFA,20260831,H2,completed_epoch_100,results/experiment03_soft_spectral/experiment03_20260831_server/checkpoints/full_dense/seed_20260831/epoch_100.pt,b486ef7efe077a5e11dbfa4148cfa5a8ec90514c3508227a9bf491bde631d58a,basis_eval,512,30,800,same_trained_model_and_neuron_coordinates,True,random_sparsity,0.50,nan,global_frobenius_norm_matched,204635183118.0,0.5,0.5,False,0.0127220282925048,0.0782914587314753,274.44478724617693,2.061869097110492,0.5,0.5,1e-06,0.0448922514915466,0.0685191269928199,0.3572710930556153,0.0056824826621452,0.0,canonical epsilon=1e-12; zero-vector effects retained,"population, time axis then sample/feature mean",114,305,431,531,661,59.1616486301817,6.0862219978951,439.756866432108,0.549696083040135,tables/5_seed_review/gate_per_seed.csv,8.0,nan
N-MNIST,SNN-DFA,20260831,H2,completed_epoch_100,results/experiment03_soft_spectral/experiment03_20260831_server/checkpoints/full_dense/seed_20260831/epoch_100.pt,b486ef7efe077a5e11dbfa4148cfa5a8ec90514c3508227a9bf491bde631d58a,basis_eval,512,30,800,same_trained_model_and_neuron_coordinates,True,random_sparsity,0.75,nan,global_frobenius_norm_matched,204635183118.0,0.75,0.75,False,0.008995774825868,0.0782793201939597,274.4022365209746,2.003571532419185,0.75,0.75,1e-06,0.0252757221460342,0.0382929026825634,0.4418980810447781,0.005800814850766,0.0,canonical epsilon=1e-12; zero-vector effects retained,"population, time axis then sample/feature mean",112,298,424,524,658,64.97426346049835,6.081809913800152,437.8208961285149,0.5472761201606435,tables/5_seed_review/gate_per_seed.csv,8.0,nan
N-MNIST,SNN-DFA,20260831,H2,completed_epoch_100,results/experiment03_soft_spectral/experiment03_20260831_server/checkpoints/full_dense/seed_20260831/epoch_100.pt,b486ef7efe077a5e11dbfa4148cfa5a8ec90514c3508227a9bf491bde631d58a,basis_eval,512,30,800,same_trained_model_and_neuron_coordinates,True,random_sparsity,ann_matched,nan,global_frobenius_norm_matched,204635183118.0,0.7827268880208333,0.7827268880208333,False,0.0083862567182197,0.0782768519884894,274.3935844133728,1.9871063526319872,0.7827268880208333,0.7827268880208333,1e-06,0.0226616691797971,0.0343710004375819,0.4640694780726879,0.0058162133270169,0.0,canonical epsilon=1e-12; zero-vector effects retained,"population, time axis then sample/feature mean",113,299,424,524,657,78.1808655743009,6.090123912876766,441.4761123319127,0.5518451404148909,tables/5_seed_review/gate_per_seed.csv,8.0,nan
N-MNIST,SNN-DFA,20260831,H2,completed_epoch_100,results/experiment03_soft_spectral/experiment03_20260831_server/checkpoints/full_dense/seed_20260831/epoch_100.pt,b486ef7efe077a5e11dbfa4148cfa5a8ec90514c3508227a9bf491bde631d58a,basis_eval,512,30,800,same_trained_model_and_neuron_coordinates,True,random_sparsity,0,nan,global_frobenius_norm_matched,204635183119.0,0.0,0.0,False,0.0180047823872433,0.0783120073876308,274.51681900620235,2.0919281814342443,0.0,0.0,1e-06,0.0853692144155502,0.1299682950537547,0.3097452987717276,0.0054420940085068,0.0,canonical epsilon=1e-12; zero-vector effects retained,"population, time axis then sample/feature mean",107,296,424,526,660,35.1249940063122,5.999893953740518,403.3860136465792,0.504232517058224,tables/5_seed_review/gate_per_seed.csv,9.0,nan
N-MNIST,SNN-DFA,20260831,H2,completed_epoch_100,results/experiment03_soft_spectral/experiment03_20260831_server/checkpoints/full_dense/seed_20260831/epoch_100.pt,b486ef7efe077a5e11dbfa4148cfa5a8ec90514c3508227a9bf491bde631d58a,basis_eval,512,30,800,same_trained_model_and_neuron_coordinates,True,random_sparsity,0.25,nan,global_frobenius_norm_matched,204635183119.0,0.25,0.25,False,0.0155920695349972,0.0783016151264247,274.48038972052655,2.0828075563753314,0.25,0.25,1e-06,0.0650828555226326,0.0993854161979795,0.324608723613685,0.0055619497911888,0.0,canonical epsilon=1e-12; zero-vector effects retained,"population, time axis then sample/feature mean",114,305,432,531,662,45.26316757205716,6.062328868489242,429.3742294926762,0.5367177868658453,tables/5_seed_review/gate_per_seed.csv,9.0,nan
N-MNIST,SNN-DFA,20260831,H2,completed_epoch_100,results/experiment03_soft_spectral/experiment03_20260831_server/checkpoints/full_dense/seed_20260831/epoch_100.pt,b486ef7efe077a5e11dbfa4148cfa5a8ec90514c3508227a9bf491bde631d58a,basis_eval,512,30,800,same_trained_model_and_neuron_coordinates,True,random_sparsity,0.50,nan,global_frobenius_norm_matched,204635183119.0,0.5,0.5,False,0.0127282743458017,0.0782913813551336,274.444516009266,2.061493718798137,0.5,0.5,1e-06,0.044994331896305,0.0684688342237178,0.3588896046857981,0.0056822813441187,0.0,canonical epsilon=1e-12; zero-vector effects retained,"population, time axis then sample/feature mean",119,310,435,533,662,62.027788474631855,6.106618073156421,448.8182750359004,0.5610228437948755,tables/5_seed_review/gate_per_seed.csv,9.0,nan
N-MNIST,SNN-DFA,20260831,H2,completed_epoch_100,results/experiment03_soft_spectral/experiment03_20260831_server/checkpoints/full_dense/seed_20260831/epoch_100.pt,b486ef7efe077a5e11dbfa4148cfa5a8ec90514c3508227a9bf491bde631d58a,basis_eval,512,30,800,same_trained_model_and_neuron_coordinates,True,random_sparsity,0.75,nan,global_frobenius_norm_matched,204635183119.0,0.75,0.75,False,0.0089994011460083,0.078279169321164,274.4017076478051,2.003076210081292,0.75,0.75,1e-06,0.0250199493020772,0.0380298554441074,0.4432786768372035,0.0058019788337689,0.0,canonical epsilon=1e-12; zero-vector effects retained,"population, time axis then sample/feature mean",112,298,423,523,656,67.92546168622926,6.078579126807812,436.4086725974325,0.5455108407467907,tables/5_seed_review/gate_per_seed.csv,9.0,nan
N-MNIST,SNN-DFA,20260831,H2,completed_epoch_100,results/experiment03_soft_spectral/experiment03_20260831_server/checkpoints/full_dense/seed_20260831/epoch_100.pt,b486ef7efe077a5e11dbfa4148cfa5a8ec90514c3508227a9bf491bde631d58a,basis_eval,512,30,800,same_trained_model_and_neuron_coordinates,True,random_sparsity,ann_matched,nan,global_frobenius_norm_matched,204635183119.0,0.7827268880208333,0.7827268880208333,False,0.0083880273128008,0.0782768416259342,274.39354808822355,1.98650203730416,0.7827268880208333,0.7827268880208333,1e-06,0.0222096126526594,0.033916585443176,0.4658227796166354,0.0058181779432924,0.0,canonical epsilon=1e-12; zero-vector effects retained,"population, time axis then sample/feature mean",109,295,421,521,655,60.69066416418854,6.060592321935994,428.62924818896806,0.5357865602362101,tables/5_seed_review/gate_per_seed.csv,9.0,nan
N-MNIST,SNN-DFA,20260831,H3,completed_epoch_100,results/experiment03_soft_spectral/experiment03_20260831_server/checkpoints/full_dense/seed_20260831/epoch_100.pt,b486ef7efe077a5e11dbfa4148cfa5a8ec90514c3508227a9bf491bde631d58a,basis_eval,512,30,800,same_trained_model_and_neuron_coordinates,True,random_sparsity,0,nan,global_frobenius_norm_matched,204635183120.0,0.0,0.0,False,0.007846313947869,0.0502430080245254,176.12306465245896,1.238705116132313,0.0,0.0,1e-06,0.0901928320527076,0.1404726173028493,0.5016102864536154,0.0023065750222065,0.0,canonical epsilon=1e-12; zero-vector effects retained,"population, time axis then sample/feature mean",92,271,402,516,686,33.2442588043034,5.9484272707822825,383.1502733262303,0.4789378416577878,tables/5_seed_review/gate_per_seed.csv,0.0,nan
N-MNIST,SNN-DFA,20260831,H3,completed_epoch_100,results/experiment03_soft_spectral/experiment03_20260831_server/checkpoints/full_dense/seed_20260831/epoch_100.pt,b486ef7efe077a5e11dbfa4148cfa5a8ec90514c3508227a9bf491bde631d58a,basis_eval,512,30,800,same_trained_model_and_neuron_coordinates,True,random_sparsity,0.25,nan,global_frobenius_norm_matched,204635183120.0,0.25,0.25,False,0.0067924310270946,0.0502403441258905,176.1137265572666,1.2221029015589333,0.25,0.25,1e-06,0.0721890330314636,0.1115541185745386,0.5373262995828211,0.0023399504432548,0.0,canonical epsilon=1e-12; zero-vector effects retained,"population, time axis then sample/feature mean",96,273,403,515,684,43.36976180969666,5.984214380305719,397.1104209018496,0.496388026127312,tables/5_seed_review/gate_per_seed.csv,0.0,nan
N-MNIST,SNN-DFA,20260831,H3,completed_epoch_100,results/experiment03_soft_spectral/experiment03_20260831_server/checkpoints/full_dense/seed_20260831/epoch_100.pt,b486ef7efe077a5e11dbfa4148cfa5a8ec90514c3508227a9bf491bde631d58a,basis_eval,512,30,800,same_trained_model_and_neuron_coordinates,True,random_sparsity,0.50,nan,global_frobenius_norm_matched,204635183120.0,0.5,0.5,False,0.0055391239627948,0.0502356265321589,176.09718938924266,1.1918710221440658,0.5,0.5,1e-06,0.0540158040821552,0.0826290476127893,0.601831456249316,0.0023728937446794,0.0,canonical epsilon=1e-12; zero-vector effects retained,"population, time axis then sample/feature mean",97,274,403,514,683,49.56128582399396,5.998840814668024,402.9614156939011,0.5037017696173763,tables/5_seed_review/gate_per_seed.csv,0.0,nan
N-MNIST,SNN-DFA,20260831,H3,completed_epoch_100,results/experiment03_soft_spectral/experiment03_20260831_server/checkpoints/full_dense/seed_20260831/epoch_100.pt,b486ef7efe077a5e11dbfa4148cfa5a8ec90514c3508227a9bf491bde631d58a,basis_eval,512,30,800,same_trained_model_and_neuron_coordinates,True,random_sparsity,0.75,nan,global_frobenius_norm_matched,204635183120.0,0.75,0.75,False,0.0039189893826245,0.0502309400763544,176.08076137286355,1.1173531872491516,0.75,0.75,1e-06,0.0355049669742584,0.0531176766409993,0.7517725465442142,0.0024061532729418,0.0,canonical epsilon=1e-12; zero-vector effects retained,"population, time axis then sample/feature mean",88,253,379,491,667,62.65444722610896,5.931526662738782,376.7292134796737,0.4709115168495921,tables/5_seed_review/gate_per_seed.csv,0.0,nan
N-MNIST,SNN-DFA,20260831,H3,completed_epoch_100,results/experiment03_soft_spectral/experiment03_20260831_server/checkpoints/full_dense/seed_20260831/epoch_100.pt,b486ef7efe077a5e11dbfa4148cfa5a8ec90514c3508227a9bf491bde631d58a,basis_eval,512,30,800,same_trained_model_and_neuron_coordinates,True,random_sparsity,ann_matched,nan,global_frobenius_norm_matched,204635183120.0,0.9024095052083332,0.9024095052083332,False,0.0024534000098357,0.0502273233659167,176.06808326796252,0.9699630461478476,0.9024095052083332,0.9024095052083332,1e-06,0.0218698792159557,0.0307124781083809,1.0516619793052118,0.0024255962780578,0.0,canonical epsilon=1e-12; zero-vector effects retained,"population, time axis then sample/feature mean",64,212,330,439,631,50.55803475144151,5.72235608776626,305.62415266720785,0.3820301908340098,tables/5_seed_review/gate_per_seed.csv,0.0,nan
N-MNIST,SNN-DFA,20260831,H3,completed_epoch_100,results/experiment03_soft_spectral/experiment03_20260831_server/checkpoints/full_dense/seed_20260831/epoch_100.pt,b486ef7efe077a5e11dbfa4148cfa5a8ec90514c3508227a9bf491bde631d58a,basis_eval,512,30,800,same_trained_model_and_neuron_coordinates,True,random_sparsity,0,nan,global_frobenius_norm_matched,204635183121.0,0.0,0.0,False,0.007846313947869,0.0502430080245254,176.12306465245896,1.238705116132313,0.0,0.0,1e-06,0.0901928320527076,0.1404726173028493,0.5016102864536154,0.0023065750222065,0.0,canonical epsilon=1e-12; zero-vector effects retained,"population, time axis then sample/feature mean",92,271,402,516,686,33.2442588043034,5.9484272707822825,383.1502733262303,0.4789378416577878,tables/5_seed_review/gate_per_seed.csv,1.0,nan
N-MNIST,SNN-DFA,20260831,H3,completed_epoch_100,results/experiment03_soft_spectral/experiment03_20260831_server/checkpoints/full_dense/seed_20260831/epoch_100.pt,b486ef7efe077a5e11dbfa4148cfa5a8ec90514c3508227a9bf491bde631d58a,basis_eval,512,30,800,same_trained_model_and_neuron_coordinates,True,random_sparsity,0.25,nan,global_frobenius_norm_matched,204635183121.0,0.25,0.25,False,0.0067942219511064,0.0502403508770056,176.11375022279205,1.222846456992518,0.25,0.25,1e-06,0.072367675602436,0.1130597498120879,0.5348999573248356,0.0023399109351056,0.0,canonical epsilon=1e-12; zero-vector effects retained,"population, time axis then sample/feature mean",96,275,407,519,688,38.22566258046304,5.983114373597775,396.6738369417283,0.4958422961771604,tables/5_seed_review/gate_per_seed.csv,1.0,nan
N-MNIST,SNN-DFA,20260831,H3,completed_epoch_100,results/experiment03_soft_spectral/experiment03_20260831_server/checkpoints/full_dense/seed_20260831/epoch_100.pt,b486ef7efe077a5e11dbfa4148cfa5a8ec90514c3508227a9bf491bde631d58a,basis_eval,512,30,800,same_trained_model_and_neuron_coordinates,True,random_sparsity,0.50,nan,global_frobenius_norm_matched,204635183121.0,0.5,0.5,False,0.0055482842605775,0.0502357061359108,176.0974684341727,1.1917745358985892,0.5,0.5,1e-06,0.0546964257955551,0.0854220861179057,0.6010206856751843,0.0023732441248308,0.0,canonical epsilon=1e-12; zero-vector effects retained,"population, time axis then sample/feature mean",99,276,405,517,686,40.56721766085454,5.9981122009398256,402.6679194101872,0.5033348992627339,tables/5_seed_review/gate_per_seed.csv,1.0,nan
N-MNIST,SNN-DFA,20260831,H3,completed_epoch_100,results/experiment03_soft_spectral/experiment03_20260831_server/checkpoints/full_dense/seed_20260831/epoch_100.pt,b486ef7efe077a5e11dbfa4148cfa5a8ec90514c3508227a9bf491bde631d58a,basis_eval,512,30,800,same_trained_model_and_neuron_coordinates,True,random_sparsity,0.75,nan,global_frobenius_norm_matched,204635183121.0,0.75,0.75,False,0.0039198428235238,0.0502310213912733,176.0810464161628,1.1166074638559818,0.75,0.75,1e-06,0.0361775048077106,0.0539372732714041,0.7536867776918711,0.0024059483855595,0.0,canonical epsilon=1e-12; zero-vector effects retained,"population, time axis then sample/feature mean",92,263,390,502,676,53.22434346053864,5.957651609458291,386.7009322749007,0.4833761653436258,tables/5_seed_review/gate_per_seed.csv,1.0,nan
N-MNIST,SNN-DFA,20260831,H3,completed_epoch_100,results/experiment03_soft_spectral/experiment03_20260831_server/checkpoints/full_dense/seed_20260831/epoch_100.pt,b486ef7efe077a5e11dbfa4148cfa5a8ec90514c3508227a9bf491bde631d58a,basis_eval,512,30,800,same_trained_model_and_neuron_coordinates,True,random_sparsity,ann_matched,nan,global_frobenius_norm_matched,204635183121.0,0.9024095052083332,0.9024095052083332,False,0.0024476115989374,0.050227306550856,176.0680243240393,0.9690386736610112,0.9024095052083332,0.9024095052083332,1e-06,0.0216903667896986,0.0300030645952145,1.0614505727196342,0.0024256515177417,0.0,canonical epsilon=1e-12; zero-vector effects retained,"population, time axis then sample/feature mean",70,221,343,455,644,37.35731735968296,5.7733518366077865,321.6139253573138,0.4020174066966422,tables/5_seed_review/gate_per_seed.csv,1.0,nan
N-MNIST,SNN-DFA,20260831,H3,completed_epoch_100,results/experiment03_soft_spectral/experiment03_20260831_server/checkpoints/full_dense/seed_20260831/epoch_100.pt,b486ef7efe077a5e11dbfa4148cfa5a8ec90514c3508227a9bf491bde631d58a,basis_eval,512,30,800,same_trained_model_and_neuron_coordinates,True,random_sparsity,0,nan,global_frobenius_norm_matched,204635183122.0,0.0,0.0,False,0.007846313947869,0.0502430080245254,176.12306465245896,1.238705116132313,0.0,0.0,1e-06,0.0901928320527076,0.1404726173028493,0.5016102864536154,0.0023065750222065,0.0,canonical epsilon=1e-12; zero-vector effects retained,"population, time axis then sample/feature mean",92,271,402,516,686,33.2442588043034,5.9484272707822825,383.1502733262303,0.4789378416577878,tables/5_seed_review/gate_per_seed.csv,2.0,nan
N-MNIST,SNN-DFA,20260831,H3,completed_epoch_100,results/experiment03_soft_spectral/experiment03_20260831_server/checkpoints/full_dense/seed_20260831/epoch_100.pt,b486ef7efe077a5e11dbfa4148cfa5a8ec90514c3508227a9bf491bde631d58a,basis_eval,512,30,800,same_trained_model_and_neuron_coordinates,True,random_sparsity,0.25,nan,global_frobenius_norm_matched,204635183122.0,0.25,0.25,False,0.0067965463549241,0.05024037110915,176.11382114504426,1.2228661570611492,0.25,0.25,1e-06,0.0721396282315254,0.1124966498997178,0.5362168379443518,0.0023401104060945,0.0,canonical epsilon=1e-12; zero-vector effects retained,"population, time axis then sample/feature mean",95,273,404,517,686,41.91394221663674,5.979343483794573,395.18084034677776,0.4939760504334722,tables/5_seed_review/gate_per_seed.csv,2.0,nan
N-MNIST,SNN-DFA,20260831,H3,completed_epoch_100,results/experiment03_soft_spectral/experiment03_20260831_server/checkpoints/full_dense/seed_20260831/epoch_100.pt,b486ef7efe077a5e11dbfa4148cfa5a8ec90514c3508227a9bf491bde631d58a,basis_eval,512,30,800,same_trained_model_and_neuron_coordinates,True,random_sparsity,0.50,nan,global_frobenius_norm_matched,204635183122.0,0.5,0.5,False,0.0055472780064423,0.0502356920306028,176.09741898908572,1.1920853558361169,0.5,0.5,1e-06,0.0548600628972053,0.0859323387708377,0.6010515355777984,0.0023727068856143,0.0,canonical epsilon=1e-12; zero-vector effects retained,"population, time axis then sample/feature mean",95,272,403,515,685,52.184794013051736,5.986771081141328,398.1270124532686,0.4976587655665858,tables/5_seed_review/gate_per_seed.csv,2.0,nan
N-MNIST,SNN-DFA,20260831,H3,completed_epoch_100,results/experiment03_soft_spectral/experiment03_20260831_server/checkpoints/full_dense/seed_20260831/epoch_100.pt,b486ef7efe077a5e11dbfa4148cfa5a8ec90514c3508227a9bf491bde631d58a,basis_eval,512,30,800,same_trained_model_and_neuron_coordinates,True,random_sparsity,0.75,nan,global_frobenius_norm_matched,204635183122.0,0.75,0.75,False,0.0039225341398192,0.050230995149985,176.08095442931037,1.1177091998978823,0.75,0.75,1e-06,0.035658124834299,0.0533546668017726,0.7493170637204218,0.0024055924600538,0.0,canonical epsilon=1e-12; zero-vector effects retained,"population, time axis then sample/feature mean",87,255,383,496,672,37.75376780218819,5.918770379550405,371.9540702387807,0.4649425877984758,tables/5_seed_review/gate_per_seed.csv,2.0,nan
N-MNIST,SNN-DFA,20260831,H3,completed_epoch_100,results/experiment03_soft_spectral/experiment03_20260831_server/checkpoints/full_dense/seed_20260831/epoch_100.pt,b486ef7efe077a5e11dbfa4148cfa5a8ec90514c3508227a9bf491bde631d58a,basis_eval,512,30,800,same_trained_model_and_neuron_coordinates,True,random_sparsity,ann_matched,nan,global_frobenius_norm_matched,204635183122.0,0.9024095052083332,0.9024095052083332,False,0.0024451204128602,0.0502273465285247,176.06816446273334,0.9682714116507604,0.9024095052083332,0.9024095052083332,1e-06,0.0209497325122356,0.0274620802656392,1.0580030694737494,0.0024254349224926,0.0,canonical epsilon=1e-12; zero-vector effects retained,"population, time axis then sample/feature mean",58,207,328,440,631,25.26881127579981,5.626024702678942,277.5565517957253,0.3469456897446566,tables/5_seed_review/gate_per_seed.csv,2.0,nan
N-MNIST,SNN-DFA,20260831,H3,completed_epoch_100,results/experiment03_soft_spectral/experiment03_20260831_server/checkpoints/full_dense/seed_20260831/epoch_100.pt,b486ef7efe077a5e11dbfa4148cfa5a8ec90514c3508227a9bf491bde631d58a,basis_eval,512,30,800,same_trained_model_and_neuron_coordinates,True,random_sparsity,0,nan,global_frobenius_norm_matched,204635183123.0,0.0,0.0,False,0.007846313947869,0.0502430080245254,176.12306465245896,1.238705116132313,0.0,0.0,1e-06,0.0901928320527076,0.1404726173028493,0.5016102864536154,0.0023065750222065,0.0,canonical epsilon=1e-12; zero-vector effects retained,"population, time axis then sample/feature mean",92,271,402,516,686,33.2442588043034,5.9484272707822825,383.1502733262303,0.4789378416577878,tables/5_seed_review/gate_per_seed.csv,3.0,nan
N-MNIST,SNN-DFA,20260831,H3,completed_epoch_100,results/experiment03_soft_spectral/experiment03_20260831_server/checkpoints/full_dense/seed_20260831/epoch_100.pt,b486ef7efe077a5e11dbfa4148cfa5a8ec90514c3508227a9bf491bde631d58a,basis_eval,512,30,800,same_trained_model_and_neuron_coordinates,True,random_sparsity,0.25,nan,global_frobenius_norm_matched,204635183123.0,0.25,0.25,False,0.0067919017758419,0.050240362756539,176.11379186560106,1.2204658666939925,0.25,0.25,1e-06,0.0728546977043151,0.1143622392259248,0.5406800285670276,0.002339562528752,0.0,canonical epsilon=1e-12; zero-vector effects retained,"population, time axis then sample/feature mean",93,272,402,515,685,40.443970131566495,5.968795099225304,391.0342293409991,0.4887927866762488,tables/5_seed_review/gate_per_seed.csv,3.0,nan
N-MNIST,SNN-DFA,20260831,H3,completed_epoch_100,results/experiment03_soft_spectral/experiment03_20260831_server/checkpoints/full_dense/seed_20260831/epoch_100.pt,b486ef7efe077a5e11dbfa4148cfa5a8ec90514c3508227a9bf491bde631d58a,basis_eval,512,30,800,same_trained_model_and_neuron_coordinates,True,random_sparsity,0.50,nan,global_frobenius_norm_matched,204635183123.0,0.5,0.5,False,0.0055449504725059,0.0502357456339812,176.09760689167553,1.1891054621557031,0.5,0.5,1e-06,0.0549370869994163,0.0845006919251954,0.606008240651479,0.0023729013603699,0.0,canonical epsilon=1e-12; zero-vector effects retained,"population, time axis then sample/feature mean",91,269,399,511,681,48.45879001338698,5.959734811582004,387.507348150254,0.4843841851878175,tables/5_seed_review/gate_per_seed.csv,3.0,nan
N-MNIST,SNN-DFA,20260831,H3,completed_epoch_100,results/experiment03_soft_spectral/experiment03_20260831_server/checkpoints/full_dense/seed_20260831/epoch_100.pt,b486ef7efe077a5e11dbfa4148cfa5a8ec90514c3508227a9bf491bde631d58a,basis_eval,512,30,800,same_trained_model_and_neuron_coordinates,True,random_sparsity,0.75,nan,global_frobenius_norm_matched,204635183123.0,0.75,0.75,False,0.0039157443428079,0.0502310128357211,176.08101642532353,1.1151151918019229,0.75,0.75,1e-06,0.0361482053995132,0.0540032387625934,0.7562466718888246,0.0024057031734943,0.0,canonical epsilon=1e-12; zero-vector effects retained,"population, time axis then sample/feature mean",88,257,383,495,669,45.71784501259829,5.918437181661488,371.83015657283534,0.4647876957160441,tables/5_seed_review/gate_per_seed.csv,3.0,nan
N-MNIST,SNN-DFA,20260831,H3,completed_epoch_100,results/experiment03_soft_spectral/experiment03_20260831_server/checkpoints/full_dense/seed_20260831/epoch_100.pt,b486ef7efe077a5e11dbfa4148cfa5a8ec90514c3508227a9bf491bde631d58a,basis_eval,512,30,800,same_trained_model_and_neuron_coordinates,True,random_sparsity,ann_matched,nan,global_frobenius_norm_matched,204635183123.0,0.9024095052083332,0.9024095052083332,False,0.0024416989352894,0.0502273370896892,176.0681313756095,0.9648576900933352,0.9024095052083332,0.9024095052083332,1e-06,0.0213050749152898,0.0295981980610218,1.0664164235811897,0.0024261061799346,0.0,canonical epsilon=1e-12; zero-vector effects retained,"population, time axis then sample/feature mean",57,204,329,442,629,23.84391356246478,5.607851394051383,272.55798870505095,0.3406974858813136,tables/5_seed_review/gate_per_seed.csv,3.0,nan
N-MNIST,SNN-DFA,20260831,H3,completed_epoch_100,results/experiment03_soft_spectral/experiment03_20260831_server/checkpoints/full_dense/seed_20260831/epoch_100.pt,b486ef7efe077a5e11dbfa4148cfa5a8ec90514c3508227a9bf491bde631d58a,basis_eval,512,30,800,same_trained_model_and_neuron_coordinates,True,random_sparsity,0,nan,global_frobenius_norm_matched,204635183124.0,0.0,0.0,False,0.007846313947869,0.0502430080245254,176.12306465245896,1.238705116132313,0.0,0.0,1e-06,0.0901928320527076,0.1404726173028493,0.5016102864536154,0.0023065750222065,0.0,canonical epsilon=1e-12; zero-vector effects retained,"population, time axis then sample/feature mean",92,271,402,516,686,33.2442588043034,5.9484272707822825,383.1502733262303,0.4789378416577878,tables/5_seed_review/gate_per_seed.csv,4.0,nan
N-MNIST,SNN-DFA,20260831,H3,completed_epoch_100,results/experiment03_soft_spectral/experiment03_20260831_server/checkpoints/full_dense/seed_20260831/epoch_100.pt,b486ef7efe077a5e11dbfa4148cfa5a8ec90514c3508227a9bf491bde631d58a,basis_eval,512,30,800,same_trained_model_and_neuron_coordinates,True,random_sparsity,0.25,nan,global_frobenius_norm_matched,204635183124.0,0.25,0.25,False,0.006796027295647,0.0502402900012882,176.1135368275699,1.2236604006493077,0.25,0.25,1e-06,0.0724316239356994,0.1112180282490745,0.5349905461962854,0.0023395308890682,0.0,canonical epsilon=1e-12; zero-vector effects retained,"population, time axis then sample/feature mean",95,274,404,517,685,42.38607293849486,5.978258796212995,394.75242498719047,0.493440531233988,tables/5_seed_review/gate_per_seed.csv,4.0,nan
N-MNIST,SNN-DFA,20260831,H3,completed_epoch_100,results/experiment03_soft_spectral/experiment03_20260831_server/checkpoints/full_dense/seed_20260831/epoch_100.pt,b486ef7efe077a5e11dbfa4148cfa5a8ec90514c3508227a9bf491bde631d58a,basis_eval,512,30,800,same_trained_model_and_neuron_coordinates,True,random_sparsity,0.50,nan,global_frobenius_norm_matched,204635183124.0,0.5,0.5,False,0.0055476836004472,0.0502355892715612,176.0970587750346,1.1944725590525411,0.5,0.5,1e-06,0.0541441291570663,0.0818484316162223,0.5955348256007856,0.0023723167551384,0.0,canonical epsilon=1e-12; zero-vector effects retained,"population, time axis then sample/feature mean",96,271,398,510,680,49.01822809391564,5.982212972697688,396.3164358930812,0.4953955448663514,tables/5_seed_review/gate_per_seed.csv,4.0,nan
N-MNIST,SNN-DFA,20260831,H3,completed_epoch_100,results/experiment03_soft_spectral/experiment03_20260831_server/checkpoints/full_dense/seed_20260831/epoch_100.pt,b486ef7efe077a5e11dbfa4148cfa5a8ec90514c3508227a9bf491bde631d58a,basis_eval,512,30,800,same_trained_model_and_neuron_coordinates,True,random_sparsity,0.75,nan,global_frobenius_norm_matched,204635183124.0,0.75,0.75,False,0.0039241415235838,0.0502309122669905,176.08066388924166,1.1215462342842104,0.75,0.75,1e-06,0.0362221263349056,0.0533143710525965,0.7437870476664536,0.0024050843677088,0.0,canonical epsilon=1e-12; zero-vector effects retained,"population, time axis then sample/feature mean",89,255,381,492,668,39.21955966677748,5.909968195926176,368.6944292380419,0.4608680365475524,tables/5_seed_review/gate_per_seed.csv,4.0,nan
N-MNIST,SNN-DFA,20260831,H3,completed_epoch_100,results/experiment03_soft_spectral/experiment03_20260831_server/checkpoints/full_dense/seed_20260831/epoch_100.pt,b486ef7efe077a5e11dbfa4148cfa5a8ec90514c3508227a9bf491bde631d58a,basis_eval,512,30,800,same_trained_model_and_neuron_coordinates,True,random_sparsity,ann_matched,nan,global_frobenius_norm_matched,204635183124.0,0.9024095052083332,0.9024095052083332,False,0.0024471263229536,0.0502272119780233,176.0676928061261,0.9711742633243488,0.9024095052083332,0.9024095052083332,1e-06,0.0215135142207145,0.0301601807462045,1.0545336788628554,0.002425302431051,0.0,canonical epsilon=1e-12; zero-vector effects retained,"population, time axis then sample/feature mean",63,208,328,437,625,26.86840327570947,5.670646878142571,290.2222120883788,0.3627777651104735,tables/5_seed_review/gate_per_seed.csv,4.0,nan
N-MNIST,SNN-DFA,20260831,H3,completed_epoch_100,results/experiment03_soft_spectral/experiment03_20260831_server/checkpoints/full_dense/seed_20260831/epoch_100.pt,b486ef7efe077a5e11dbfa4148cfa5a8ec90514c3508227a9bf491bde631d58a,basis_eval,512,30,800,same_trained_model_and_neuron_coordinates,True,random_sparsity,0,nan,global_frobenius_norm_matched,204635183125.0,0.0,0.0,False,0.007846313947869,0.0502430080245254,176.12306465245896,1.238705116132313,0.0,0.0,1e-06,0.0901928320527076,0.1404726173028493,0.5016102864536154,0.0023065750222065,0.0,canonical epsilon=1e-12; zero-vector effects retained,"population, time axis then sample/feature mean",92,271,402,516,686,33.2442588043034,5.9484272707822825,383.1502733262303,0.4789378416577878,tables/5_seed_review/gate_per_seed.csv,5.0,nan
N-MNIST,SNN-DFA,20260831,H3,completed_epoch_100,results/experiment03_soft_spectral/experiment03_20260831_server/checkpoints/full_dense/seed_20260831/epoch_100.pt,b486ef7efe077a5e11dbfa4148cfa5a8ec90514c3508227a9bf491bde631d58a,basis_eval,512,30,800,same_trained_model_and_neuron_coordinates,True,random_sparsity,0.25,nan,global_frobenius_norm_matched,204635183125.0,0.25,0.25,False,0.0067923646580098,0.0502402935428695,176.11354924231625,1.2212898369277752,0.25,0.25,1e-06,0.0726861730217933,0.1131342644050468,0.5393948556551582,0.0023396928944185,0.0,canonical epsilon=1e-12; zero-vector effects retained,"population, time axis then sample/feature mean",95,274,405,518,687,40.42151696916844,5.98366999142374,396.89429723679007,0.4961178715459876,tables/5_seed_review/gate_per_seed.csv,5.0,nan
N-MNIST,SNN-DFA,20260831,H3,completed_epoch_100,results/experiment03_soft_spectral/experiment03_20260831_server/checkpoints/full_dense/seed_20260831/epoch_100.pt,b486ef7efe077a5e11dbfa4148cfa5a8ec90514c3508227a9bf491bde631d58a,basis_eval,512,30,800,same_trained_model_and_neuron_coordinates,True,random_sparsity,0.50,nan,global_frobenius_norm_matched,204635183125.0,0.5,0.5,False,0.0055505698700501,0.0502357182719983,176.09751097631292,1.1902461879109762,0.5,0.5,1e-06,0.0545139014720916,0.0837081775951434,0.6030141123593203,0.0023727102880769,0.0,canonical epsilon=1e-12; zero-vector effects retained,"population, time axis then sample/feature mean",95,271,401,514,684,48.06254151930625,5.98645263014676,398.0002486952818,0.4975003108691023,tables/5_seed_review/gate_per_seed.csv,5.0,nan
N-MNIST,SNN-DFA,20260831,H3,completed_epoch_100,results/experiment03_soft_spectral/experiment03_20260831_server/checkpoints/full_dense/seed_20260831/epoch_100.pt,b486ef7efe077a5e11dbfa4148cfa5a8ec90514c3508227a9bf491bde631d58a,basis_eval,512,30,800,same_trained_model_and_neuron_coordinates,True,random_sparsity,0.75,nan,global_frobenius_norm_matched,204635183125.0,0.75,0.75,False,0.0039240672026218,0.0502310268714916,176.0810656266549,1.115710044425021,0.75,0.75,1e-06,0.0362241007387638,0.0541446087733387,0.7549436150962756,0.0024051692172401,0.0,canonical epsilon=1e-12; zero-vector effects retained,"population, time axis then sample/feature mean",94,263,390,502,675,61.78760331437391,5.974442029685177,393.24861880885055,0.4915607735110632,tables/5_seed_review/gate_per_seed.csv,5.0,nan
N-MNIST,SNN-DFA,20260831,H3,completed_epoch_100,results/experiment03_soft_spectral/experiment03_20260831_server/checkpoints/full_dense/seed_20260831/epoch_100.pt,b486ef7efe077a5e11dbfa4148cfa5a8ec90514c3508227a9bf491bde631d58a,basis_eval,512,30,800,same_trained_model_and_neuron_coordinates,True,random_sparsity,ann_matched,nan,global_frobenius_norm_matched,204635183125.0,0.9024095052083332,0.9024095052083332,False,0.0024445477550692,0.0502272586988831,176.0678565825678,0.9657009234070124,0.9024095052083332,0.9024095052083332,1e-06,0.0220554154366254,0.030863325276045,1.0686949212682455,0.0024251296263004,0.0,canonical epsilon=1e-12; zero-vector effects retained,"population, time axis then sample/feature mean",68,219,338,449,638,38.81266182690752,5.752663793770886,315.0287151164974,0.3937858938956217,tables/5_seed_review/gate_per_seed.csv,5.0,nan
N-MNIST,SNN-DFA,20260831,H3,completed_epoch_100,results/experiment03_soft_spectral/experiment03_20260831_server/checkpoints/full_dense/seed_20260831/epoch_100.pt,b486ef7efe077a5e11dbfa4148cfa5a8ec90514c3508227a9bf491bde631d58a,basis_eval,512,30,800,same_trained_model_and_neuron_coordinates,True,random_sparsity,0,nan,global_frobenius_norm_matched,204635183126.0,0.0,0.0,False,0.007846313947869,0.0502430080245254,176.12306465245896,1.238705116132313,0.0,0.0,1e-06,0.0901928320527076,0.1404726173028493,0.5016102864536154,0.0023065750222065,0.0,canonical epsilon=1e-12; zero-vector effects retained,"population, time axis then sample/feature mean",92,271,402,516,686,33.2442588043034,5.9484272707822825,383.1502733262303,0.4789378416577878,tables/5_seed_review/gate_per_seed.csv,6.0,nan
N-MNIST,SNN-DFA,20260831,H3,completed_epoch_100,results/experiment03_soft_spectral/experiment03_20260831_server/checkpoints/full_dense/seed_20260831/epoch_100.pt,b486ef7efe077a5e11dbfa4148cfa5a8ec90514c3508227a9bf491bde631d58a,basis_eval,512,30,800,same_trained_model_and_neuron_coordinates,True,random_sparsity,0.25,nan,global_frobenius_norm_matched,204635183126.0,0.25,0.25,False,0.0067955296076205,0.0502403211724862,176.11364609584408,1.2215956581692278,0.25,0.25,1e-06,0.0726166516542434,0.1122779612275568,0.5389310363422548,0.0023399685322224,0.0,canonical epsilon=1e-12; zero-vector effects retained,"population, time axis then sample/feature mean",97,275,406,519,687,43.11402230952177,5.994844813714247,401.3543944600565,0.5016929930750706,tables/5_seed_review/gate_per_seed.csv,6.0,nan
N-MNIST,SNN-DFA,20260831,H3,completed_epoch_100,results/experiment03_soft_spectral/experiment03_20260831_server/checkpoints/full_dense/seed_20260831/epoch_100.pt,b486ef7efe077a5e11dbfa4148cfa5a8ec90514c3508227a9bf491bde631d58a,basis_eval,512,30,800,same_trained_model_and_neuron_coordinates,True,random_sparsity,0.50,nan,global_frobenius_norm_matched,204635183126.0,0.5,0.5,False,0.0055519746348333,0.0502356421378006,176.09724409363983,1.1899829110249522,0.5,0.5,1e-06,0.0551858879625797,0.0843096006545275,0.6059690645876853,0.0023725807018915,0.0,canonical epsilon=1e-12; zero-vector effects retained,"population, time axis then sample/feature mean",96,271,400,513,683,50.40213165355354,5.989230724449339,399.1074681865786,0.4988843352332233,tables/5_seed_review/gate_per_seed.csv,6.0,nan
N-MNIST,SNN-DFA,20260831,H3,completed_epoch_100,results/experiment03_soft_spectral/experiment03_20260831_server/checkpoints/full_dense/seed_20260831/epoch_100.pt,b486ef7efe077a5e11dbfa4148cfa5a8ec90514c3508227a9bf491bde631d58a,basis_eval,512,30,800,same_trained_model_and_neuron_coordinates,True,random_sparsity,0.75,nan,global_frobenius_norm_matched,204635183126.0,0.75,0.75,False,0.0039325851628651,0.0502310886326324,176.08128212566007,1.1183647079948174,0.75,0.75,1e-06,0.035774603486061,0.0523333103990744,0.7506150387166894,0.0024056682028842,0.0,canonical epsilon=1e-12; zero-vector effects retained,"population, time axis then sample/feature mean",98,267,393,503,675,59.53210457148887,5.995896325952732,401.7766454799525,0.5022208068499405,tables/5_seed_review/gate_per_seed.csv,6.0,nan
N-MNIST,SNN-DFA,20260831,H3,completed_epoch_100,results/experiment03_soft_spectral/experiment03_20260831_server/checkpoints/full_dense/seed_20260831/epoch_100.pt,b486ef7efe077a5e11dbfa4148cfa5a8ec90514c3508227a9bf491bde631d58a,basis_eval,512,30,800,same_trained_model_and_neuron_coordinates,True,random_sparsity,ann_matched,nan,global_frobenius_norm_matched,204635183126.0,0.9024095052083332,0.9024095052083332,False,0.0024541011670705,0.0502272820137688,176.06793831113484,0.968941314224022,0.9024095052083332,0.9024095052083332,1e-06,0.0214638039469718,0.0301935071611533,1.056696799128027,0.0024252570258263,0.0,canonical epsilon=1e-12; zero-vector effects retained,"population, time axis then sample/feature mean",73,222,344,455,639,39.27219423458285,5.775416154528175,322.27852448280703,0.4028481556035088,tables/5_seed_review/gate_per_seed.csv,6.0,nan
N-MNIST,SNN-DFA,20260831,H3,completed_epoch_100,results/experiment03_soft_spectral/experiment03_20260831_server/checkpoints/full_dense/seed_20260831/epoch_100.pt,b486ef7efe077a5e11dbfa4148cfa5a8ec90514c3508227a9bf491bde631d58a,basis_eval,512,30,800,same_trained_model_and_neuron_coordinates,True,random_sparsity,0,nan,global_frobenius_norm_matched,204635183127.0,0.0,0.0,False,0.007846313947869,0.0502430080245254,176.12306465245896,1.238705116132313,0.0,0.0,1e-06,0.0901928320527076,0.1404726173028493,0.5016102864536154,0.0023065750222065,0.0,canonical epsilon=1e-12; zero-vector effects retained,"population, time axis then sample/feature mean",92,271,402,516,686,33.2442588043034,5.9484272707822825,383.1502733262303,0.4789378416577878,tables/5_seed_review/gate_per_seed.csv,7.0,nan
N-MNIST,SNN-DFA,20260831,H3,completed_epoch_100,results/experiment03_soft_spectral/experiment03_20260831_server/checkpoints/full_dense/seed_20260831/epoch_100.pt,b486ef7efe077a5e11dbfa4148cfa5a8ec90514c3508227a9bf491bde631d58a,basis_eval,512,30,800,same_trained_model_and_neuron_coordinates,True,random_sparsity,0.25,nan,global_frobenius_norm_matched,204635183127.0,0.25,0.25,False,0.0067910773236519,0.0502403078498938,176.11359939450742,1.2220095645415654,0.25,0.25,1e-06,0.0721738263964653,0.1129191719206354,0.5375598007612092,0.0023399280324179,0.0,canonical epsilon=1e-12; zero-vector effects retained,"population, time axis then sample/feature mean",93,273,404,517,686,38.73410931497967,5.964632576677412,389.40992349453154,0.4867624043681644,tables/5_seed_review/gate_per_seed.csv,7.0,nan
N-MNIST,SNN-DFA,20260831,H3,completed_epoch_100,results/experiment03_soft_spectral/experiment03_20260831_server/checkpoints/full_dense/seed_20260831/epoch_100.pt,b486ef7efe077a5e11dbfa4148cfa5a8ec90514c3508227a9bf491bde631d58a,basis_eval,512,30,800,same_trained_model_and_neuron_coordinates,True,random_sparsity,0.50,nan,global_frobenius_norm_matched,204635183127.0,0.5,0.5,False,0.0055408976457182,0.0502356720347205,176.09734889503056,1.191185905928489,0.5,0.5,1e-06,0.0540939271450042,0.0844917151754846,0.6022252164296502,0.0023729458280884,0.0,canonical epsilon=1e-12; zero-vector effects retained,"population, time axis then sample/feature mean",91,268,398,512,683,41.21517805513922,5.952059530433882,384.5445051777045,0.4806806314721307,tables/5_seed_review/gate_per_seed.csv,7.0,nan
N-MNIST,SNN-DFA,20260831,H3,completed_epoch_100,results/experiment03_soft_spectral/experiment03_20260831_server/checkpoints/full_dense/seed_20260831/epoch_100.pt,b486ef7efe077a5e11dbfa4148cfa5a8ec90514c3508227a9bf491bde631d58a,basis_eval,512,30,800,same_trained_model_and_neuron_coordinates,True,random_sparsity,0.75,nan,global_frobenius_norm_matched,204635183127.0,0.75,0.75,False,0.0039146276520125,0.0502310358541479,176.08109711467736,1.1145879597262989,0.75,0.75,1e-06,0.0354207530617713,0.0544957625382515,0.7561099258080499,0.0024060643644209,0.0,canonical epsilon=1e-12; zero-vector effects retained,"population, time axis then sample/feature mean",83,252,381,495,670,43.17131365952234,5.891125042371905,361.8121094354416,0.4522651367943019,tables/5_seed_review/gate_per_seed.csv,7.0,nan
N-MNIST,SNN-DFA,20260831,H3,completed_epoch_100,results/experiment03_soft_spectral/experiment03_20260831_server/checkpoints/full_dense/seed_20260831/epoch_100.pt,b486ef7efe077a5e11dbfa4148cfa5a8ec90514c3508227a9bf491bde631d58a,basis_eval,512,30,800,same_trained_model_and_neuron_coordinates,True,random_sparsity,ann_matched,nan,global_frobenius_norm_matched,204635183127.0,0.9024095052083332,0.9024095052083332,False,0.0024397547627405,0.050227299713417,176.0680003559145,0.9687615550508132,0.9024095052083332,0.9024095052083332,1e-06,0.0215964578092098,0.0300092956344576,1.0589473428637637,0.0024254953542251,0.0,canonical epsilon=1e-12; zero-vector effects retained,"population, time axis then sample/feature mean",62,217,342,453,634,21.06001130794665,5.669180421419188,289.7969256824562,0.3622461571030703,tables/5_seed_review/gate_per_seed.csv,7.0,nan
N-MNIST,SNN-DFA,20260831,H3,completed_epoch_100,results/experiment03_soft_spectral/experiment03_20260831_server/checkpoints/full_dense/seed_20260831/epoch_100.pt,b486ef7efe077a5e11dbfa4148cfa5a8ec90514c3508227a9bf491bde631d58a,basis_eval,512,30,800,same_trained_model_and_neuron_coordinates,True,random_sparsity,0,nan,global_frobenius_norm_matched,204635183128.0,0.0,0.0,False,0.007846313947869,0.0502430080245254,176.12306465245896,1.238705116132313,0.0,0.0,1e-06,0.0901928320527076,0.1404726173028493,0.5016102864536154,0.0023065750222065,0.0,canonical epsilon=1e-12; zero-vector effects retained,"population, time axis then sample/feature mean",92,271,402,516,686,33.2442588043034,5.9484272707822825,383.1502733262303,0.4789378416577878,tables/5_seed_review/gate_per_seed.csv,8.0,nan
N-MNIST,SNN-DFA,20260831,H3,completed_epoch_100,results/experiment03_soft_spectral/experiment03_20260831_server/checkpoints/full_dense/seed_20260831/epoch_100.pt,b486ef7efe077a5e11dbfa4148cfa5a8ec90514c3508227a9bf491bde631d58a,basis_eval,512,30,800,same_trained_model_and_neuron_coordinates,True,random_sparsity,0.25,nan,global_frobenius_norm_matched,204635183128.0,0.25,0.25,False,0.0067928295573494,0.0502403279628923,176.1136698991015,1.2223544275901037,0.25,0.25,1e-06,0.0725708380341529,0.1122361413952536,0.5370728162933287,0.0023397916555529,0.0,canonical epsilon=1e-12; zero-vector effects retained,"population, time axis then sample/feature mean",94,274,405,518,686,37.76762638310469,5.967238438390998,390.42599520126527,0.4880324940015816,tables/5_seed_review/gate_per_seed.csv,8.0,nan
N-MNIST,SNN-DFA,20260831,H3,completed_epoch_100,results/experiment03_soft_spectral/experiment03_20260831_server/checkpoints/full_dense/seed_20260831/epoch_100.pt,b486ef7efe077a5e11dbfa4148cfa5a8ec90514c3508227a9bf491bde631d58a,basis_eval,512,30,800,same_trained_model_and_neuron_coordinates,True,random_sparsity,0.50,nan,global_frobenius_norm_matched,204635183128.0,0.5,0.5,False,0.0055432756578701,0.0502356838361705,176.09739026412225,1.1921656883052083,0.5,0.5,1e-06,0.0546808876097202,0.0849385301221791,0.5997260819294006,0.0023724000180341,0.0,canonical epsilon=1e-12; zero-vector effects retained,"population, time axis then sample/feature mean",93,270,401,513,683,45.26867325486777,5.967203925593928,390.412520740644,0.488015650925805,tables/5_seed_review/gate_per_seed.csv,8.0,nan
N-MNIST,SNN-DFA,20260831,H3,completed_epoch_100,results/experiment03_soft_spectral/experiment03_20260831_server/checkpoints/full_dense/seed_20260831/epoch_100.pt,b486ef7efe077a5e11dbfa4148cfa5a8ec90514c3508227a9bf491bde631d58a,basis_eval,512,30,800,same_trained_model_and_neuron_coordinates,True,random_sparsity,0.75,nan,global_frobenius_norm_matched,204635183128.0,0.75,0.75,False,0.003923971451396,0.0502310128041875,176.08101631478385,1.1182898423260246,0.75,0.75,1e-06,0.0361985154449939,0.0559992888528369,0.7509811110582926,0.0024055542110013,0.0,canonical epsilon=1e-12; zero-vector effects retained,"population, time axis then sample/feature mean",83,251,380,493,671,43.19661489081725,5.897961617999308,364.2941399117919,0.4553676748897398,tables/5_seed_review/gate_per_seed.csv,8.0,nan
N-MNIST,SNN-DFA,20260831,H3,completed_epoch_100,results/experiment03_soft_spectral/experiment03_20260831_server/checkpoints/full_dense/seed_20260831/epoch_100.pt,b486ef7efe077a5e11dbfa4148cfa5a8ec90514c3508227a9bf491bde631d58a,basis_eval,512,30,800,same_trained_model_and_neuron_coordinates,True,random_sparsity,ann_matched,nan,global_frobenius_norm_matched,204635183128.0,0.9024095052083332,0.9024095052083332,False,0.0024527378276614,0.0502273404631373,176.06814320097644,0.9702974520253428,0.9024095052083332,0.9024095052083332,1e-06,0.0217423699796199,0.0305302107345903,1.050346976208813,0.0024255049596613,0.0,canonical epsilon=1e-12; zero-vector effects retained,"population, time axis then sample/feature mean",66,211,332,442,631,35.79006064496121,5.721978314345493,305.5087177910726,0.3818858972388408,tables/5_seed_review/gate_per_seed.csv,8.0,nan
N-MNIST,SNN-DFA,20260831,H3,completed_epoch_100,results/experiment03_soft_spectral/experiment03_20260831_server/checkpoints/full_dense/seed_20260831/epoch_100.pt,b486ef7efe077a5e11dbfa4148cfa5a8ec90514c3508227a9bf491bde631d58a,basis_eval,512,30,800,same_trained_model_and_neuron_coordinates,True,random_sparsity,0,nan,global_frobenius_norm_matched,204635183129.0,0.0,0.0,False,0.007846313947869,0.0502430080245254,176.12306465245896,1.238705116132313,0.0,0.0,1e-06,0.0901928320527076,0.1404726173028493,0.5016102864536154,0.0023065750222065,0.0,canonical epsilon=1e-12; zero-vector effects retained,"population, time axis then sample/feature mean",92,271,402,516,686,33.2442588043034,5.9484272707822825,383.1502733262303,0.4789378416577878,tables/5_seed_review/gate_per_seed.csv,9.0,nan
N-MNIST,SNN-DFA,20260831,H3,completed_epoch_100,results/experiment03_soft_spectral/experiment03_20260831_server/checkpoints/full_dense/seed_20260831/epoch_100.pt,b486ef7efe077a5e11dbfa4148cfa5a8ec90514c3508227a9bf491bde631d58a,basis_eval,512,30,800,same_trained_model_and_neuron_coordinates,True,random_sparsity,0.25,nan,global_frobenius_norm_matched,204635183129.0,0.25,0.25,False,0.0067921642734204,0.0502402451022862,176.11337943751295,1.2222515479046654,0.25,0.25,1e-06,0.0722252279520034,0.1113712793883416,0.5365281330641392,0.0023400386354288,0.0,canonical epsilon=1e-12; zero-vector effects retained,"population, time axis then sample/feature mean",94,272,403,515,685,44.55782170633965,5.979563043194606,395.2676155407949,0.4940845194259936,tables/5_seed_review/gate_per_seed.csv,9.0,nan
N-MNIST,SNN-DFA,20260831,H3,completed_epoch_100,results/experiment03_soft_spectral/experiment03_20260831_server/checkpoints/full_dense/seed_20260831/epoch_100.pt,b486ef7efe077a5e11dbfa4148cfa5a8ec90514c3508227a9bf491bde631d58a,basis_eval,512,30,800,same_trained_model_and_neuron_coordinates,True,random_sparsity,0.50,nan,global_frobenius_norm_matched,204635183129.0,0.5,0.5,False,0.0055494149908488,0.0502356708052174,176.09734458510124,1.192629758694262,0.5,0.5,1e-06,0.0544723942875862,0.0834729697367941,0.5988054597718016,0.0023725976639352,0.0,canonical epsilon=1e-12; zero-vector effects retained,"population, time axis then sample/feature mean",94,270,400,512,683,52.518588858149066,5.979163474729311,395.1097106152876,0.4938871382691094,tables/5_seed_review/gate_per_seed.csv,9.0,nan
N-MNIST,SNN-DFA,20260831,H3,completed_epoch_100,results/experiment03_soft_spectral/experiment03_20260831_server/checkpoints/full_dense/seed_20260831/epoch_100.pt,b486ef7efe077a5e11dbfa4148cfa5a8ec90514c3508227a9bf491bde631d58a,basis_eval,512,30,800,same_trained_model_and_neuron_coordinates,True,random_sparsity,0.75,nan,global_frobenius_norm_matched,204635183129.0,0.75,0.75,False,0.0039283152915234,0.050231019343365,176.0810392373752,1.1189250129584063,0.75,0.75,1e-06,0.0362052395939827,0.0541241589775606,0.7485758655467107,0.0024053850471768,0.0,canonical epsilon=1e-12; zero-vector effects retained,"population, time axis then sample/feature mean",94,263,388,497,671,40.28624754678162,5.963668186496866,389.0345614149504,0.4862932017686879,tables/5_seed_review/gate_per_seed.csv,9.0,nan
N-MNIST,SNN-DFA,20260831,H3,completed_epoch_100,results/experiment03_soft_spectral/experiment03_20260831_server/checkpoints/full_dense/seed_20260831/epoch_100.pt,b486ef7efe077a5e11dbfa4148cfa5a8ec90514c3508227a9bf491bde631d58a,basis_eval,512,30,800,same_trained_model_and_neuron_coordinates,True,random_sparsity,ann_matched,nan,global_frobenius_norm_matched,204635183129.0,0.9024095052083332,0.9024095052083332,False,0.0024541716037404,0.0502274052010479,176.0683701348267,0.9696862479913694,0.9024095052083332,0.9024095052083332,1e-06,0.0217929892241954,0.0311710109963196,1.0535150104168156,0.0024251956762208,0.0,canonical epsilon=1e-12; zero-vector effects retained,"population, time axis then sample/feature mean",69,211,332,443,629,30.228236760298,5.734141597095521,309.24739792668623,0.3865592474083578,tables/5_seed_review/gate_per_seed.csv,9.0,nan
N-MNIST,SNN-DFA,20260901,H1,completed_epoch_100,results/experiment03_soft_spectral/experiment03_20260831_server/checkpoints/full_dense/seed_20260901/epoch_100.pt,554990a77b2d2e8f6498d66d6182e5b9f7b8a61fd2c63c09d3ded066f44b5563,basis_eval,512,30,800,same_trained_model_and_neuron_coordinates,True,random_sparsity,0,nan,global_frobenius_norm_matched,204635190100.0,0.0,0.0,False,0.0129845715701086,0.0659849421825243,231.3052242498822,1.805772473569588,0.0,0.0,1e-06,0.0581362098455429,0.1064368299023559,0.2044666218221333,0.0039513325854116,0.0,canonical epsilon=1e-12; zero-vector effects retained,"population, time axis then sample/feature mean",128,333,463,562,692,49.5920722082469,6.156307662460865,471.6832418205877,0.5896040522757346,tables/5_seed_review/gate_per_seed.csv,0.0,nan
N-MNIST,SNN-DFA,20260901,H1,completed_epoch_100,results/experiment03_soft_spectral/experiment03_20260831_server/checkpoints/full_dense/seed_20260901/epoch_100.pt,554990a77b2d2e8f6498d66d6182e5b9f7b8a61fd2c63c09d3ded066f44b5563,basis_eval,512,30,800,same_trained_model_and_neuron_coordinates,True,random_sparsity,0.25,nan,global_frobenius_norm_matched,204635190100.0,0.25,0.25,False,0.0112390110063746,0.0659789152388535,231.28409725467304,1.7956088773000036,0.25,0.25,1e-06,0.0442705601453781,0.0807457077096234,0.2313338908667767,0.0040149242889323,0.0,canonical epsilon=1e-12; zero-vector effects retained,"population, time axis then sample/feature mean",131,333,462,561,691,62.78187134915802,6.181219174283653,483.5811668273284,0.6044764585341604,tables/5_seed_review/gate_per_seed.csv,0.0,nan
N-MNIST,SNN-DFA,20260901,H1,completed_epoch_100,results/experiment03_soft_spectral/experiment03_20260831_server/checkpoints/full_dense/seed_20260901/epoch_100.pt,554990a77b2d2e8f6498d66d6182e5b9f7b8a61fd2c63c09d3ded066f44b5563,basis_eval,512,30,800,same_trained_model_and_neuron_coordinates,True,random_sparsity,0.50,nan,global_frobenius_norm_matched,204635190100.0,0.5,0.5,False,0.009170552942981,0.0659715521212543,231.258286402814,1.7741459455026645,0.5,0.5,1e-06,0.0304183326661586,0.0557144365232435,0.2797118694795662,0.0040786049607217,0.0,canonical epsilon=1e-12; zero-vector effects retained,"population, time axis then sample/feature mean",130,330,458,558,688,79.76002376931848,6.185068398190335,485.4461661126856,0.606807707640857,tables/5_seed_review/gate_per_seed.csv,0.0,nan
N-MNIST,SNN-DFA,20260901,H1,completed_epoch_100,results/experiment03_soft_spectral/experiment03_20260831_server/checkpoints/full_dense/seed_20260901/epoch_100.pt,554990a77b2d2e8f6498d66d6182e5b9f7b8a61fd2c63c09d3ded066f44b5563,basis_eval,512,30,800,same_trained_model_and_neuron_coordinates,True,random_sparsity,0.75,nan,global_frobenius_norm_matched,204635190100.0,0.75,0.75,False,0.0064825316262593,0.0659636700991304,231.23065657039004,1.7123894157237278,0.75,0.75,1e-06,0.0169622842222452,0.0318751445118815,0.3973756686693727,0.004141793012554,0.0,canonical epsilon=1e-12; zero-vector effects retained,"population, time axis then sample/feature mean",122,314,441,541,680,61.61151330290885,6.1384379438874985,463.3292589975508,0.5791615737469384,tables/5_seed_review/gate_per_seed.csv,0.0,nan
N-MNIST,SNN-DFA,20260901,H1,completed_epoch_100,results/experiment03_soft_spectral/experiment03_20260831_server/checkpoints/full_dense/seed_20260901/epoch_100.pt,554990a77b2d2e8f6498d66d6182e5b9f7b8a61fd2c63c09d3ded066f44b5563,basis_eval,512,30,800,same_trained_model_and_neuron_coordinates,True,random_sparsity,ann_matched,nan,global_frobenius_norm_matched,204635190100.0,0.8905414225260416,0.8905414225260416,False,0.0042910781848335,0.0659583671274672,231.21206740429696,1.575142564340311,0.8905414225260416,0.8905414225260416,1e-06,0.0096884714439511,0.0176800562235383,0.6096913156513808,0.0041775501348154,0.0,canonical epsilon=1e-12; zero-vector effects retained,"population, time axis then sample/feature mean",104,286,413,519,665,41.96370693368681,6.0340860939542695,417.4171552050132,0.5217714440062664,tables/5_seed_review/gate_per_seed.csv,0.0,nan
N-MNIST,SNN-DFA,20260901,H1,completed_epoch_100,results/experiment03_soft_spectral/experiment03_20260831_server/checkpoints/full_dense/seed_20260901/epoch_100.pt,554990a77b2d2e8f6498d66d6182e5b9f7b8a61fd2c63c09d3ded066f44b5563,basis_eval,512,30,800,same_trained_model_and_neuron_coordinates,True,random_sparsity,0,nan,global_frobenius_norm_matched,204635190101.0,0.0,0.0,False,0.0129845715701086,0.0659849421825243,231.3052242498822,1.805772473569588,0.0,0.0,1e-06,0.0581362098455429,0.1064368299023559,0.2044666218221333,0.0039513325854116,0.0,canonical epsilon=1e-12; zero-vector effects retained,"population, time axis then sample/feature mean",128,333,463,562,692,49.5920722082469,6.156307662460865,471.6832418205877,0.5896040522757346,tables/5_seed_review/gate_per_seed.csv,1.0,nan
N-MNIST,SNN-DFA,20260901,H1,completed_epoch_100,results/experiment03_soft_spectral/experiment03_20260831_server/checkpoints/full_dense/seed_20260901/epoch_100.pt,554990a77b2d2e8f6498d66d6182e5b9f7b8a61fd2c63c09d3ded066f44b5563,basis_eval,512,30,800,same_trained_model_and_neuron_coordinates,True,random_sparsity,0.25,nan,global_frobenius_norm_matched,204635190101.0,0.25,0.25,False,0.0112476583568345,0.0659789799456158,231.28432407933423,1.7952872101614803,0.25,0.25,1e-06,0.0443099774420261,0.0814072899000576,0.2321829340816888,0.0040149369608191,0.0,canonical epsilon=1e-12; zero-vector effects retained,"population, time axis then sample/feature mean",132,336,464,562,691,61.273625520812864,6.181493946922946,483.7140599577119,0.6046425749471399,tables/5_seed_review/gate_per_seed.csv,1.0,nan
N-MNIST,SNN-DFA,20260901,H1,completed_epoch_100,results/experiment03_soft_spectral/experiment03_20260831_server/checkpoints/full_dense/seed_20260901/epoch_100.pt,554990a77b2d2e8f6498d66d6182e5b9f7b8a61fd2c63c09d3ded066f44b5563,basis_eval,512,30,800,same_trained_model_and_neuron_coordinates,True,random_sparsity,0.50,nan,global_frobenius_norm_matched,204635190101.0,0.5,0.5,False,0.0091810749979687,0.0659715543185754,231.2582941053596,1.7746535615382228,0.5,0.5,1e-06,0.0306051671504974,0.0562796298953359,0.2791721571069581,0.004077901117509,0.0,canonical epsilon=1e-12; zero-vector effects retained,"population, time axis then sample/feature mean",130,333,462,560,689,61.809102284457126,6.176269479840288,481.19350179385134,0.6014918772423141,tables/5_seed_review/gate_per_seed.csv,1.0,nan
N-MNIST,SNN-DFA,20260901,H1,completed_epoch_100,results/experiment03_soft_spectral/experiment03_20260831_server/checkpoints/full_dense/seed_20260901/epoch_100.pt,554990a77b2d2e8f6498d66d6182e5b9f7b8a61fd2c63c09d3ded066f44b5563,basis_eval,512,30,800,same_trained_model_and_neuron_coordinates,True,random_sparsity,0.75,nan,global_frobenius_norm_matched,204635190101.0,0.75,0.75,False,0.0064898658625744,0.0659637009918145,231.23076486235595,1.7141619801425492,0.75,0.75,1e-06,0.0170234516263008,0.0310304796537083,0.3953867056292354,0.0041417394996826,0.0,canonical epsilon=1e-12; zero-vector effects retained,"population, time axis then sample/feature mean",124,320,448,547,682,100.24055610850344,6.164480361661279,475.553962647633,0.5944424533095413,tables/5_seed_review/gate_per_seed.csv,1.0,nan
N-MNIST,SNN-DFA,20260901,H1,completed_epoch_100,results/experiment03_soft_spectral/experiment03_20260831_server/checkpoints/full_dense/seed_20260901/epoch_100.pt,554990a77b2d2e8f6498d66d6182e5b9f7b8a61fd2c63c09d3ded066f44b5563,basis_eval,512,30,800,same_trained_model_and_neuron_coordinates,True,random_sparsity,ann_matched,nan,global_frobenius_norm_matched,204635190101.0,0.8905414225260416,0.8905414225260416,False,0.0042956472247342,0.0659583769750285,231.2121019241789,1.5772600261446064,0.8905414225260416,0.8905414225260416,1e-06,0.0097450744360685,0.0175550854550773,0.6085551888844252,0.0041773261487142,0.0,canonical epsilon=1e-12; zero-vector effects retained,"population, time axis then sample/feature mean",108,289,413,517,667,75.70545421149619,6.060505508764884,428.5920391398432,0.535740048924804,tables/5_seed_review/gate_per_seed.csv,1.0,nan
N-MNIST,SNN-DFA,20260901,H1,completed_epoch_100,results/experiment03_soft_spectral/experiment03_20260831_server/checkpoints/full_dense/seed_20260901/epoch_100.pt,554990a77b2d2e8f6498d66d6182e5b9f7b8a61fd2c63c09d3ded066f44b5563,basis_eval,512,30,800,same_trained_model_and_neuron_coordinates,True,random_sparsity,0,nan,global_frobenius_norm_matched,204635190102.0,0.0,0.0,False,0.0129845715701086,0.0659849421825243,231.3052242498822,1.805772473569588,0.0,0.0,1e-06,0.0581362098455429,0.1064368299023559,0.2044666218221333,0.0039513325854116,0.0,canonical epsilon=1e-12; zero-vector effects retained,"population, time axis then sample/feature mean",128,333,463,562,692,49.5920722082469,6.156307662460865,471.6832418205877,0.5896040522757346,tables/5_seed_review/gate_per_seed.csv,2.0,nan
N-MNIST,SNN-DFA,20260901,H1,completed_epoch_100,results/experiment03_soft_spectral/experiment03_20260831_server/checkpoints/full_dense/seed_20260901/epoch_100.pt,554990a77b2d2e8f6498d66d6182e5b9f7b8a61fd2c63c09d3ded066f44b5563,basis_eval,512,30,800,same_trained_model_and_neuron_coordinates,True,random_sparsity,0.25,nan,global_frobenius_norm_matched,204635190102.0,0.25,0.25,False,0.0112460015449242,0.0659788531449446,231.28387958917511,1.7947419349499427,0.25,0.25,1e-06,0.0441935323178768,0.0810639481445833,0.2334001030306474,0.0040154438547299,0.0,canonical epsilon=1e-12; zero-vector effects retained,"population, time axis then sample/feature mean",131,335,464,563,692,59.99676185673628,6.182414912952916,484.1597493760568,0.605199686720071,tables/5_seed_review/gate_per_seed.csv,2.0,nan
N-MNIST,SNN-DFA,20260901,H1,completed_epoch_100,results/experiment03_soft_spectral/experiment03_20260831_server/checkpoints/full_dense/seed_20260901/epoch_100.pt,554990a77b2d2e8f6498d66d6182e5b9f7b8a61fd2c63c09d3ded066f44b5563,basis_eval,512,30,800,same_trained_model_and_neuron_coordinates,True,random_sparsity,0.50,nan,global_frobenius_norm_matched,204635190102.0,0.5,0.5,False,0.0091804778950539,0.0659715459446605,231.25826475123355,1.773897116408919,0.5,0.5,1e-06,0.030473742634058,0.0565044178725918,0.2815527781543033,0.0040786080580894,0.0,canonical epsilon=1e-12; zero-vector effects retained,"population, time axis then sample/feature mean",133,335,463,561,690,77.10181139678575,6.19753324545188,491.5350480820319,0.6144188101025398,tables/5_seed_review/gate_per_seed.csv,2.0,nan
N-MNIST,SNN-DFA,20260901,H1,completed_epoch_100,results/experiment03_soft_spectral/experiment03_20260831_server/checkpoints/full_dense/seed_20260901/epoch_100.pt,554990a77b2d2e8f6498d66d6182e5b9f7b8a61fd2c63c09d3ded066f44b5563,basis_eval,512,30,800,same_trained_model_and_neuron_coordinates,True,random_sparsity,0.75,nan,global_frobenius_norm_matched,204635190102.0,0.75,0.75,False,0.0064805847361683,0.065963606763792,231.23043455315147,1.711569409622962,0.75,0.75,1e-06,0.0170526802539825,0.0323851467890491,0.3997899951262643,0.0041418405221095,0.0,canonical epsilon=1e-12; zero-vector effects retained,"population, time axis then sample/feature mean",128,324,450,549,684,80.59148482302874,6.172307302097759,479.2906997205228,0.5991133746506534,tables/5_seed_review/gate_per_seed.csv,2.0,nan
N-MNIST,SNN-DFA,20260901,H1,completed_epoch_100,results/experiment03_soft_spectral/experiment03_20260831_server/checkpoints/full_dense/seed_20260901/epoch_100.pt,554990a77b2d2e8f6498d66d6182e5b9f7b8a61fd2c63c09d3ded066f44b5563,basis_eval,512,30,800,same_trained_model_and_neuron_coordinates,True,random_sparsity,ann_matched,nan,global_frobenius_norm_matched,204635190102.0,0.8905414225260416,0.8905414225260416,False,0.0042853816951069,0.0659583705549246,231.21207941899,1.575505617513571,0.8905414225260416,0.8905414225260416,1e-06,0.0098895551636815,0.0180207046371577,0.6110987415358048,0.0041767223009688,0.0,canonical epsilon=1e-12; zero-vector effects retained,"population, time axis then sample/feature mean",111,294,418,519,666,44.34292942811644,6.066812182326914,431.3035706064951,0.5391294632581188,tables/5_seed_review/gate_per_seed.csv,2.0,nan
N-MNIST,SNN-DFA,20260901,H1,completed_epoch_100,results/experiment03_soft_spectral/experiment03_20260831_server/checkpoints/full_dense/seed_20260901/epoch_100.pt,554990a77b2d2e8f6498d66d6182e5b9f7b8a61fd2c63c09d3ded066f44b5563,basis_eval,512,30,800,same_trained_model_and_neuron_coordinates,True,random_sparsity,0,nan,global_frobenius_norm_matched,204635190103.0,0.0,0.0,False,0.0129845715701086,0.0659849421825243,231.3052242498822,1.805772473569588,0.0,0.0,1e-06,0.0581362098455429,0.1064368299023559,0.2044666218221333,0.0039513325854116,0.0,canonical epsilon=1e-12; zero-vector effects retained,"population, time axis then sample/feature mean",128,333,463,562,692,49.5920722082469,6.156307662460865,471.6832418205877,0.5896040522757346,tables/5_seed_review/gate_per_seed.csv,3.0,nan
N-MNIST,SNN-DFA,20260901,H1,completed_epoch_100,results/experiment03_soft_spectral/experiment03_20260831_server/checkpoints/full_dense/seed_20260901/epoch_100.pt,554990a77b2d2e8f6498d66d6182e5b9f7b8a61fd2c63c09d3ded066f44b5563,basis_eval,512,30,800,same_trained_model_and_neuron_coordinates,True,random_sparsity,0.25,nan,global_frobenius_norm_matched,204635190103.0,0.25,0.25,False,0.0112416962963272,0.0659789115297915,231.28408425283985,1.7952112474790964,0.25,0.25,1e-06,0.0441885814070701,0.0812016539609285,0.2319568281076565,0.0040154213689352,0.0,canonical epsilon=1e-12; zero-vector effects retained,"population, time axis then sample/feature mean",131,334,463,562,691,60.309135816350405,6.17812271792001,482.08609475325454,0.6026076184415682,tables/5_seed_review/gate_per_seed.csv,3.0,nan
N-MNIST,SNN-DFA,20260901,H1,completed_epoch_100,results/experiment03_soft_spectral/experiment03_20260831_server/checkpoints/full_dense/seed_20260901/epoch_100.pt,554990a77b2d2e8f6498d66d6182e5b9f7b8a61fd2c63c09d3ded066f44b5563,basis_eval,512,30,800,same_trained_model_and_neuron_coordinates,True,random_sparsity,0.50,nan,global_frobenius_norm_matched,204635190103.0,0.5,0.5,False,0.0091803205361309,0.065971620547696,231.25852626653293,1.774108338050947,0.5,0.5,1e-06,0.0305763147771358,0.0561492799727437,0.2809383417365289,0.0040785765095356,0.0,canonical epsilon=1e-12; zero-vector effects retained,"population, time axis then sample/feature mean",130,334,462,561,690,70.89100726504857,6.186543271801748,486.1626660964252,0.6077033326205314,tables/5_seed_review/gate_per_seed.csv,3.0,nan
N-MNIST,SNN-DFA,20260901,H1,completed_epoch_100,results/experiment03_soft_spectral/experiment03_20260831_server/checkpoints/full_dense/seed_20260901/epoch_100.pt,554990a77b2d2e8f6498d66d6182e5b9f7b8a61fd2c63c09d3ded066f44b5563,basis_eval,512,30,800,same_trained_model_and_neuron_coordinates,True,random_sparsity,0.75,nan,global_frobenius_norm_matched,204635190103.0,0.75,0.75,False,0.0064919019061818,0.0659636787955967,231.23068705519452,1.7111991920047875,0.75,0.75,1e-06,0.0170802697539329,0.0318942881527743,0.3991328444215734,0.0041417089480874,0.0,canonical epsilon=1e-12; zero-vector effects retained,"population, time axis then sample/feature mean",125,324,451,549,684,47.71983752705671,6.156039339549217,471.5566953781811,0.5894458692227263,tables/5_seed_review/gate_per_seed.csv,3.0,nan
N-MNIST,SNN-DFA,20260901,H1,completed_epoch_100,results/experiment03_soft_spectral/experiment03_20260831_server/checkpoints/full_dense/seed_20260901/epoch_100.pt,554990a77b2d2e8f6498d66d6182e5b9f7b8a61fd2c63c09d3ded066f44b5563,basis_eval,512,30,800,same_trained_model_and_neuron_coordinates,True,random_sparsity,ann_matched,nan,global_frobenius_norm_matched,204635190103.0,0.8905414225260416,0.8905414225260416,False,0.0042945809247276,0.0659584838400657,231.2124765314842,1.5728228896305605,0.8905414225260416,0.8905414225260416,1e-06,0.0096427071839571,0.0172297529474318,0.613202864043461,0.0041776338726817,0.0,canonical epsilon=1e-12; zero-vector effects retained,"population, time axis then sample/feature mean",109,296,422,521,664,30.55022498054317,6.032290908446783,416.66848617836695,0.5208356077229587,tables/5_seed_review/gate_per_seed.csv,3.0,nan
N-MNIST,SNN-DFA,20260901,H1,completed_epoch_100,results/experiment03_soft_spectral/experiment03_20260831_server/checkpoints/full_dense/seed_20260901/epoch_100.pt,554990a77b2d2e8f6498d66d6182e5b9f7b8a61fd2c63c09d3ded066f44b5563,basis_eval,512,30,800,same_trained_model_and_neuron_coordinates,True,random_sparsity,0,nan,global_frobenius_norm_matched,204635190104.0,0.0,0.0,False,0.0129845715701086,0.0659849421825243,231.3052242498822,1.805772473569588,0.0,0.0,1e-06,0.0581362098455429,0.1064368299023559,0.2044666218221333,0.0039513325854116,0.0,canonical epsilon=1e-12; zero-vector effects retained,"population, time axis then sample/feature mean",128,333,463,562,692,49.5920722082469,6.156307662460865,471.6832418205877,0.5896040522757346,tables/5_seed_review/gate_per_seed.csv,4.0,nan
N-MNIST,SNN-DFA,20260901,H1,completed_epoch_100,results/experiment03_soft_spectral/experiment03_20260831_server/checkpoints/full_dense/seed_20260901/epoch_100.pt,554990a77b2d2e8f6498d66d6182e5b9f7b8a61fd2c63c09d3ded066f44b5563,basis_eval,512,30,800,same_trained_model_and_neuron_coordinates,True,random_sparsity,0.25,nan,global_frobenius_norm_matched,204635190104.0,0.25,0.25,False,0.0112440213990358,0.0659788890327692,231.28400539123209,1.795394492591605,0.25,0.25,1e-06,0.0442456230521202,0.0812237298764018,0.2315219864390712,0.0040150089325697,0.0,canonical epsilon=1e-12; zero-vector effects retained,"population, time axis then sample/feature mean",129,332,461,561,692,61.82914804611993,6.172108916169373,479.19562462118455,0.5989945307764807,tables/5_seed_review/gate_per_seed.csv,4.0,nan
N-MNIST,SNN-DFA,20260901,H1,completed_epoch_100,results/experiment03_soft_spectral/experiment03_20260831_server/checkpoints/full_dense/seed_20260901/epoch_100.pt,554990a77b2d2e8f6498d66d6182e5b9f7b8a61fd2c63c09d3ded066f44b5563,basis_eval,512,30,800,same_trained_model_and_neuron_coordinates,True,random_sparsity,0.50,nan,global_frobenius_norm_matched,204635190104.0,0.5,0.5,False,0.0091818772267221,0.0659715049284443,231.25812097198616,1.7739196201689689,0.5,0.5,1e-06,0.030594166368246,0.0561841066787048,0.2809469851769026,0.00407845102016,0.0,canonical epsilon=1e-12; zero-vector effects retained,"population, time axis then sample/feature mean",131,334,462,561,691,80.92769730504585,6.192186213097939,488.91380844867007,0.6111422605608375,tables/5_seed_review/gate_per_seed.csv,4.0,nan
N-MNIST,SNN-DFA,20260901,H1,completed_epoch_100,results/experiment03_soft_spectral/experiment03_20260831_server/checkpoints/full_dense/seed_20260901/epoch_100.pt,554990a77b2d2e8f6498d66d6182e5b9f7b8a61fd2c63c09d3ded066f44b5563,basis_eval,512,30,800,same_trained_model_and_neuron_coordinates,True,random_sparsity,0.75,nan,global_frobenius_norm_matched,204635190104.0,0.75,0.75,False,0.006498149844231,0.0659635849337937,231.23035802974292,1.7139344750866707,0.75,0.75,1e-06,0.0170269608497619,0.0309850455920926,0.3928971074766284,0.0041416535083152,0.0,canonical epsilon=1e-12; zero-vector effects retained,"population, time axis then sample/feature mean",122,319,446,546,683,70.91370594354856,6.14067438220539,464.3666258773136,0.5804582823466419,tables/5_seed_review/gate_per_seed.csv,4.0,nan
N-MNIST,SNN-DFA,20260901,H1,completed_epoch_100,results/experiment03_soft_spectral/experiment03_20260831_server/checkpoints/full_dense/seed_20260901/epoch_100.pt,554990a77b2d2e8f6498d66d6182e5b9f7b8a61fd2c63c09d3ded066f44b5563,basis_eval,512,30,800,same_trained_model_and_neuron_coordinates,True,random_sparsity,ann_matched,nan,global_frobenius_norm_matched,204635190104.0,0.8905414225260416,0.8905414225260416,False,0.0043013689465884,0.0659584113262023,231.21222233962,1.5791967167247307,0.8905414225260416,0.8905414225260416,1e-06,0.0096077844500541,0.017208456081247,0.6015725281862223,0.004177115163796,0.0,canonical epsilon=1e-12; zero-vector effects retained,"population, time axis then sample/feature mean",108,293,419,522,667,63.507069092496685,6.064444911110743,430.28376563209423,0.5378547070401178,tables/5_seed_review/gate_per_seed.csv,4.0,nan
N-MNIST,SNN-DFA,20260901,H1,completed_epoch_100,results/experiment03_soft_spectral/experiment03_20260831_server/checkpoints/full_dense/seed_20260901/epoch_100.pt,554990a77b2d2e8f6498d66d6182e5b9f7b8a61fd2c63c09d3ded066f44b5563,basis_eval,512,30,800,same_trained_model_and_neuron_coordinates,True,random_sparsity,0,nan,global_frobenius_norm_matched,204635190105.0,0.0,0.0,False,0.0129845715701086,0.0659849421825243,231.3052242498822,1.805772473569588,0.0,0.0,1e-06,0.0581362098455429,0.1064368299023559,0.2044666218221333,0.0039513325854116,0.0,canonical epsilon=1e-12; zero-vector effects retained,"population, time axis then sample/feature mean",128,333,463,562,692,49.5920722082469,6.156307662460865,471.6832418205877,0.5896040522757346,tables/5_seed_review/gate_per_seed.csv,5.0,nan
N-MNIST,SNN-DFA,20260901,H1,completed_epoch_100,results/experiment03_soft_spectral/experiment03_20260831_server/checkpoints/full_dense/seed_20260901/epoch_100.pt,554990a77b2d2e8f6498d66d6182e5b9f7b8a61fd2c63c09d3ded066f44b5563,basis_eval,512,30,800,same_trained_model_and_neuron_coordinates,True,random_sparsity,0.25,nan,global_frobenius_norm_matched,204635190105.0,0.25,0.25,False,0.0112450451960692,0.0659789441733977,231.28419868253067,1.794845496320417,0.25,0.25,1e-06,0.0442476384341716,0.0811474090346087,0.2324028112510457,0.0040153105343994,0.0,canonical epsilon=1e-12; zero-vector effects retained,"population, time axis then sample/feature mean",131,335,464,562,692,62.26882716537876,6.184825131416717,485.32808755296736,0.6066601094412092,tables/5_seed_review/gate_per_seed.csv,5.0,nan
N-MNIST,SNN-DFA,20260901,H1,completed_epoch_100,results/experiment03_soft_spectral/experiment03_20260831_server/checkpoints/full_dense/seed_20260901/epoch_100.pt,554990a77b2d2e8f6498d66d6182e5b9f7b8a61fd2c63c09d3ded066f44b5563,basis_eval,512,30,800,same_trained_model_and_neuron_coordinates,True,random_sparsity,0.50,nan,global_frobenius_norm_matched,204635190105.0,0.5,0.5,False,0.0091858186170685,0.0659714414210433,231.25789835159875,1.7739439973173352,0.5,0.5,1e-06,0.0304535869508981,0.0561965232634101,0.2799516755272724,0.0040786894896782,0.0,canonical epsilon=1e-12; zero-vector effects retained,"population, time axis then sample/feature mean",131,332,460,559,690,81.35669260938087,6.191492831057031,488.5749218968416,0.610718652371052,tables/5_seed_review/gate_per_seed.csv,5.0,nan
N-MNIST,SNN-DFA,20260901,H1,completed_epoch_100,results/experiment03_soft_spectral/experiment03_20260831_server/checkpoints/full_dense/seed_20260901/epoch_100.pt,554990a77b2d2e8f6498d66d6182e5b9f7b8a61fd2c63c09d3ded066f44b5563,basis_eval,512,30,800,same_trained_model_and_neuron_coordinates,True,random_sparsity,0.75,nan,global_frobenius_norm_matched,204635190105.0,0.75,0.75,False,0.0064753285880903,0.0659635605841133,231.23027267378012,1.7099354010538466,0.75,0.75,1e-06,0.0169722270220518,0.0307323559662546,0.4017899636128656,0.0041422652288567,0.0,canonical epsilon=1e-12; zero-vector effects retained,"population, time axis then sample/feature mean",126,323,450,548,683,83.80505930492004,6.168443852347003,477.4425565890269,0.5968031957362837,tables/5_seed_review/gate_per_seed.csv,5.0,nan
N-MNIST,SNN-DFA,20260901,H1,completed_epoch_100,results/experiment03_soft_spectral/experiment03_20260831_server/checkpoints/full_dense/seed_20260901/epoch_100.pt,554990a77b2d2e8f6498d66d6182e5b9f7b8a61fd2c63c09d3ded066f44b5563,basis_eval,512,30,800,same_trained_model_and_neuron_coordinates,True,random_sparsity,ann_matched,nan,global_frobenius_norm_matched,204635190105.0,0.8905414225260416,0.8905414225260416,False,0.0042818635842897,0.0659583506717111,231.2120097198888,1.574460326819911,0.8905414225260416,0.8905414225260416,1e-06,0.0095224771648645,0.0180418092350934,0.6103521290687677,0.0041781245683239,0.0,canonical epsilon=1e-12; zero-vector effects retained,"population, time axis then sample/feature mean",113,303,427,527,671,62.48524780274682,6.095858673293866,444.0151454808798,0.5550189318510997,tables/5_seed_review/gate_per_seed.csv,5.0,nan
N-MNIST,SNN-DFA,20260901,H1,completed_epoch_100,results/experiment03_soft_spectral/experiment03_20260831_server/checkpoints/full_dense/seed_20260901/epoch_100.pt,554990a77b2d2e8f6498d66d6182e5b9f7b8a61fd2c63c09d3ded066f44b5563,basis_eval,512,30,800,same_trained_model_and_neuron_coordinates,True,random_sparsity,0,nan,global_frobenius_norm_matched,204635190106.0,0.0,0.0,False,0.0129845715701086,0.0659849421825243,231.3052242498822,1.805772473569588,0.0,0.0,1e-06,0.0581362098455429,0.1064368299023559,0.2044666218221333,0.0039513325854116,0.0,canonical epsilon=1e-12; zero-vector effects retained,"population, time axis then sample/feature mean",128,333,463,562,692,49.5920722082469,6.156307662460865,471.6832418205877,0.5896040522757346,tables/5_seed_review/gate_per_seed.csv,6.0,nan
N-MNIST,SNN-DFA,20260901,H1,completed_epoch_100,results/experiment03_soft_spectral/experiment03_20260831_server/checkpoints/full_dense/seed_20260901/epoch_100.pt,554990a77b2d2e8f6498d66d6182e5b9f7b8a61fd2c63c09d3ded066f44b5563,basis_eval,512,30,800,same_trained_model_and_neuron_coordinates,True,random_sparsity,0.25,nan,global_frobenius_norm_matched,204635190106.0,0.25,0.25,False,0.011246830663955,0.0659787876042133,231.2836498410976,1.794595638942256,0.25,0.25,1e-06,0.044401079416275,0.0815124730363659,0.2328766206988479,0.0040146323581788,0.0,canonical epsilon=1e-12; zero-vector effects retained,"population, time axis then sample/feature mean",132,335,463,562,693,61.99209532225756,6.181247033209122,483.5946390666733,0.6044932988333417,tables/5_seed_review/gate_per_seed.csv,6.0,nan
N-MNIST,SNN-DFA,20260901,H1,completed_epoch_100,results/experiment03_soft_spectral/experiment03_20260831_server/checkpoints/full_dense/seed_20260901/epoch_100.pt,554990a77b2d2e8f6498d66d6182e5b9f7b8a61fd2c63c09d3ded066f44b5563,basis_eval,512,30,800,same_trained_model_and_neuron_coordinates,True,random_sparsity,0.50,nan,global_frobenius_norm_matched,204635190106.0,0.5,0.5,False,0.0091864375991245,0.0659714583295634,231.2579576231369,1.7744875816396146,0.5,0.5,1e-06,0.0306461900472641,0.0559212328763672,0.2800531354188127,0.0040782296416274,0.0,canonical epsilon=1e-12; zero-vector effects retained,"population, time axis then sample/feature mean",135,336,464,562,691,81.95005737214831,6.200135132415618,492.8156319606639,0.6160195399508299,tables/5_seed_review/gate_per_seed.csv,6.0,nan
N-MNIST,SNN-DFA,20260901,H1,completed_epoch_100,results/experiment03_soft_spectral/experiment03_20260831_server/checkpoints/full_dense/seed_20260901/epoch_100.pt,554990a77b2d2e8f6498d66d6182e5b9f7b8a61fd2c63c09d3ded066f44b5563,basis_eval,512,30,800,same_trained_model_and_neuron_coordinates,True,random_sparsity,0.75,nan,global_frobenius_norm_matched,204635190106.0,0.75,0.75,False,0.0064909711919003,0.0659636660146423,231.2306422525297,1.713528992504941,0.75,0.75,1e-06,0.0169890597462654,0.0308295993519503,0.3954488071563631,0.0041414379356596,0.0,canonical epsilon=1e-12; zero-vector effects retained,"population, time axis then sample/feature mean",128,325,453,552,686,102.69324721120188,6.177938058086896,481.9970810343328,0.602496351292916,tables/5_seed_review/gate_per_seed.csv,6.0,nan
N-MNIST,SNN-DFA,20260901,H1,completed_epoch_100,results/experiment03_soft_spectral/experiment03_20260831_server/checkpoints/full_dense/seed_20260901/epoch_100.pt,554990a77b2d2e8f6498d66d6182e5b9f7b8a61fd2c63c09d3ded066f44b5563,basis_eval,512,30,800,same_trained_model_and_neuron_coordinates,True,random_sparsity,ann_matched,nan,global_frobenius_norm_matched,204635190106.0,0.8905414225260416,0.8905414225260416,False,0.0042923104068276,0.065958372010416,231.21208452110432,1.5784812472016,0.8905414225260416,0.8905414225260416,1e-06,0.0095771150663495,0.0170527810849267,0.6043191519039508,0.0041767806307559,0.0,canonical epsilon=1e-12; zero-vector effects retained,"population, time axis then sample/feature mean",109,300,428,528,670,51.1964729141764,6.070536398723807,432.9128331972393,0.5411410414965492,tables/5_seed_review/gate_per_seed.csv,6.0,nan
N-MNIST,SNN-DFA,20260901,H1,completed_epoch_100,results/experiment03_soft_spectral/experiment03_20260831_server/checkpoints/full_dense/seed_20260901/epoch_100.pt,554990a77b2d2e8f6498d66d6182e5b9f7b8a61fd2c63c09d3ded066f44b5563,basis_eval,512,30,800,same_trained_model_and_neuron_coordinates,True,random_sparsity,0,nan,global_frobenius_norm_matched,204635190107.0,0.0,0.0,False,0.0129845715701086,0.0659849421825243,231.3052242498822,1.805772473569588,0.0,0.0,1e-06,0.0581362098455429,0.1064368299023559,0.2044666218221333,0.0039513325854116,0.0,canonical epsilon=1e-12; zero-vector effects retained,"population, time axis then sample/feature mean",128,333,463,562,692,49.5920722082469,6.156307662460865,471.6832418205877,0.5896040522757346,tables/5_seed_review/gate_per_seed.csv,7.0,nan
N-MNIST,SNN-DFA,20260901,H1,completed_epoch_100,results/experiment03_soft_spectral/experiment03_20260831_server/checkpoints/full_dense/seed_20260901/epoch_100.pt,554990a77b2d2e8f6498d66d6182e5b9f7b8a61fd2c63c09d3ded066f44b5563,basis_eval,512,30,800,same_trained_model_and_neuron_coordinates,True,random_sparsity,0.25,nan,global_frobenius_norm_matched,204635190107.0,0.25,0.25,False,0.0112365650168591,0.0659788481000396,231.28386190463868,1.7958834634743883,0.25,0.25,1e-06,0.044110856950283,0.0802790361553141,0.2305484445278252,0.004015522488443,0.0,canonical epsilon=1e-12; zero-vector effects retained,"population, time axis then sample/feature mean",130,334,463,563,693,62.44726104941664,6.17847856074115,482.25767215472666,0.6028220901934084,tables/5_seed_review/gate_per_seed.csv,7.0,nan
N-MNIST,SNN-DFA,20260901,H1,completed_epoch_100,results/experiment03_soft_spectral/experiment03_20260831_server/checkpoints/full_dense/seed_20260901/epoch_100.pt,554990a77b2d2e8f6498d66d6182e5b9f7b8a61fd2c63c09d3ded066f44b5563,basis_eval,512,30,800,same_trained_model_and_neuron_coordinates,True,random_sparsity,0.50,nan,global_frobenius_norm_matched,204635190107.0,0.5,0.5,False,0.009170870883873,0.0659714313239941,231.2578629571545,1.774312874094295,0.5,0.5,1e-06,0.0303318947553634,0.0556424097044332,0.2796035948961114,0.0040789598777527,0.0,canonical epsilon=1e-12; zero-vector effects retained,"population, time axis then sample/feature mean",132,333,462,561,690,77.69398069211337,6.193689676751994,489.6494254377756,0.6120617817972195,tables/5_seed_review/gate_per_seed.csv,7.0,nan
N-MNIST,SNN-DFA,20260901,H1,completed_epoch_100,results/experiment03_soft_spectral/experiment03_20260831_server/checkpoints/full_dense/seed_20260901/epoch_100.pt,554990a77b2d2e8f6498d66d6182e5b9f7b8a61fd2c63c09d3ded066f44b5563,basis_eval,512,30,800,same_trained_model_and_neuron_coordinates,True,random_sparsity,0.75,nan,global_frobenius_norm_matched,204635190107.0,0.75,0.75,False,0.0064838924172951,0.0659636390540855,231.23054774433223,1.714036967840851,0.75,0.75,1e-06,0.0167062971740961,0.03076714616172,0.3953946827226145,0.0041428670721386,0.0,canonical epsilon=1e-12; zero-vector effects retained,"population, time axis then sample/feature mean",125,323,451,551,685,51.285311142951606,6.152294561304862,469.7941224065742,0.5872426530082178,tables/5_seed_review/gate_per_seed.csv,7.0,nan
N-MNIST,SNN-DFA,20260901,H1,completed_epoch_100,results/experiment03_soft_spectral/experiment03_20260831_server/checkpoints/full_dense/seed_20260901/epoch_100.pt,554990a77b2d2e8f6498d66d6182e5b9f7b8a61fd2c63c09d3ded066f44b5563,basis_eval,512,30,800,same_trained_model_and_neuron_coordinates,True,random_sparsity,ann_matched,nan,global_frobenius_norm_matched,204635190107.0,0.8905414225260416,0.8905414225260416,False,0.0042915138552565,0.0659583985486789,231.21217754897847,1.580522540160694,0.8905414225260416,0.8905414225260416,1e-06,0.0095777017995715,0.0177889335795215,0.6039543617946272,0.0041775578558753,0.0,canonical epsilon=1e-12; zero-vector effects retained,"population, time axis then sample/feature mean",124,315,438,536,671,85.72122709905136,6.149455942394235,468.46244688046846,0.5855780586005855,tables/5_seed_review/gate_per_seed.csv,7.0,nan
N-MNIST,SNN-DFA,20260901,H1,completed_epoch_100,results/experiment03_soft_spectral/experiment03_20260831_server/checkpoints/full_dense/seed_20260901/epoch_100.pt,554990a77b2d2e8f6498d66d6182e5b9f7b8a61fd2c63c09d3ded066f44b5563,basis_eval,512,30,800,same_trained_model_and_neuron_coordinates,True,random_sparsity,0,nan,global_frobenius_norm_matched,204635190108.0,0.0,0.0,False,0.0129845715701086,0.0659849421825243,231.3052242498822,1.805772473569588,0.0,0.0,1e-06,0.0581362098455429,0.1064368299023559,0.2044666218221333,0.0039513325854116,0.0,canonical epsilon=1e-12; zero-vector effects retained,"population, time axis then sample/feature mean",128,333,463,562,692,49.5920722082469,6.156307662460865,471.6832418205877,0.5896040522757346,tables/5_seed_review/gate_per_seed.csv,8.0,nan
N-MNIST,SNN-DFA,20260901,H1,completed_epoch_100,results/experiment03_soft_spectral/experiment03_20260831_server/checkpoints/full_dense/seed_20260901/epoch_100.pt,554990a77b2d2e8f6498d66d6182e5b9f7b8a61fd2c63c09d3ded066f44b5563,basis_eval,512,30,800,same_trained_model_and_neuron_coordinates,True,random_sparsity,0.25,nan,global_frobenius_norm_matched,204635190108.0,0.25,0.25,False,0.0112422342487119,0.0659788272117021,231.28378868215137,1.795723403823238,0.25,0.25,1e-06,0.0443712510168552,0.081297822653278,0.2306746255362244,0.0040144808407861,0.0,canonical epsilon=1e-12; zero-vector effects retained,"population, time axis then sample/feature mean",131,335,464,563,692,60.56815219873098,6.178031639537161,482.04218913080734,0.6025527364135091,tables/5_seed_review/gate_per_seed.csv,8.0,nan
N-MNIST,SNN-DFA,20260901,H1,completed_epoch_100,results/experiment03_soft_spectral/experiment03_20260831_server/checkpoints/full_dense/seed_20260901/epoch_100.pt,554990a77b2d2e8f6498d66d6182e5b9f7b8a61fd2c63c09d3ded066f44b5563,basis_eval,512,30,800,same_trained_model_and_neuron_coordinates,True,random_sparsity,0.50,nan,global_frobenius_norm_matched,204635190108.0,0.5,0.5,False,0.0091839001464638,0.0659715993472346,231.2584519499203,1.7743070472310154,0.5,0.5,1e-06,0.0306347329169511,0.0560234988338547,0.2806000654556938,0.0040777696087913,0.0,canonical epsilon=1e-12; zero-vector effects retained,"population, time axis then sample/feature mean",129,329,457,557,690,62.89916999104486,6.175179971617733,480.66952300843593,0.6008369037605449,tables/5_seed_review/gate_per_seed.csv,8.0,nan
N-MNIST,SNN-DFA,20260901,H1,completed_epoch_100,results/experiment03_soft_spectral/experiment03_20260831_server/checkpoints/full_dense/seed_20260901/epoch_100.pt,554990a77b2d2e8f6498d66d6182e5b9f7b8a61fd2c63c09d3ded066f44b5563,basis_eval,512,30,800,same_trained_model_and_neuron_coordinates,True,random_sparsity,0.75,nan,global_frobenius_norm_matched,204635190108.0,0.75,0.75,False,0.0064927906422021,0.0659635463474572,231.2302227682601,1.7135929351560424,0.75,0.75,1e-06,0.0169628020375967,0.0312501376583389,0.3952971989216906,0.0041420680693941,0.0,canonical epsilon=1e-12; zero-vector effects retained,"population, time axis then sample/feature mean",124,318,446,547,682,63.37578535537573,6.148619663757312,468.0708455106941,0.5850885568883677,tables/5_seed_review/gate_per_seed.csv,8.0,nan
N-MNIST,SNN-DFA,20260901,H1,completed_epoch_100,results/experiment03_soft_spectral/experiment03_20260831_server/checkpoints/full_dense/seed_20260901/epoch_100.pt,554990a77b2d2e8f6498d66d6182e5b9f7b8a61fd2c63c09d3ded066f44b5563,basis_eval,512,30,800,same_trained_model_and_neuron_coordinates,True,random_sparsity,ann_matched,nan,global_frobenius_norm_matched,204635190108.0,0.8905414225260416,0.8905414225260416,False,0.0042980721885663,0.0659583581764219,231.2120360270841,1.575556512353478,0.8905414225260416,0.8905414225260416,1e-06,0.0095205949619412,0.0178265841409149,0.6113240064227518,0.004177789964583,0.0,canonical epsilon=1e-12; zero-vector effects retained,"population, time axis then sample/feature mean",110,294,421,524,667,54.38312589423174,6.065102794721485,430.566935405635,0.5382086692570437,tables/5_seed_review/gate_per_seed.csv,8.0,nan
N-MNIST,SNN-DFA,20260901,H1,completed_epoch_100,results/experiment03_soft_spectral/experiment03_20260831_server/checkpoints/full_dense/seed_20260901/epoch_100.pt,554990a77b2d2e8f6498d66d6182e5b9f7b8a61fd2c63c09d3ded066f44b5563,basis_eval,512,30,800,same_trained_model_and_neuron_coordinates,True,random_sparsity,0,nan,global_frobenius_norm_matched,204635190109.0,0.0,0.0,False,0.0129845715701086,0.0659849421825243,231.3052242498822,1.805772473569588,0.0,0.0,1e-06,0.0581362098455429,0.1064368299023559,0.2044666218221333,0.0039513325854116,0.0,canonical epsilon=1e-12; zero-vector effects retained,"population, time axis then sample/feature mean",128,333,463,562,692,49.5920722082469,6.156307662460865,471.6832418205877,0.5896040522757346,tables/5_seed_review/gate_per_seed.csv,9.0,nan
N-MNIST,SNN-DFA,20260901,H1,completed_epoch_100,results/experiment03_soft_spectral/experiment03_20260831_server/checkpoints/full_dense/seed_20260901/epoch_100.pt,554990a77b2d2e8f6498d66d6182e5b9f7b8a61fd2c63c09d3ded066f44b5563,basis_eval,512,30,800,same_trained_model_and_neuron_coordinates,True,random_sparsity,0.25,nan,global_frobenius_norm_matched,204635190109.0,0.25,0.25,False,0.0112414890694328,0.0659789039846101,231.2840578037753,1.7954456099026266,0.25,0.25,1e-06,0.0442240759730339,0.0809225572512789,0.2318467302919511,0.004015265370905,0.0,canonical epsilon=1e-12; zero-vector effects retained,"population, time axis then sample/feature mean",131,335,464,563,692,62.23153822639502,6.183111941934239,484.497340394656,0.60562167549332,tables/5_seed_review/gate_per_seed.csv,9.0,nan
N-MNIST,SNN-DFA,20260901,H1,completed_epoch_100,results/experiment03_soft_spectral/experiment03_20260831_server/checkpoints/full_dense/seed_20260901/epoch_100.pt,554990a77b2d2e8f6498d66d6182e5b9f7b8a61fd2c63c09d3ded066f44b5563,basis_eval,512,30,800,same_trained_model_and_neuron_coordinates,True,random_sparsity,0.50,nan,global_frobenius_norm_matched,204635190109.0,0.5,0.5,False,0.0091787540793098,0.0659714738156676,231.25801190850345,1.7743886945274856,0.5,0.5,1e-06,0.0304865799844265,0.0557865799043692,0.2798641623916153,0.004078631814821,0.0,canonical epsilon=1e-12; zero-vector effects retained,"population, time axis then sample/feature mean",132,333,461,560,690,82.90948398386148,6.193964995132702,489.7842534841697,0.6122303168552121,tables/5_seed_review/gate_per_seed.csv,9.0,nan
N-MNIST,SNN-DFA,20260901,H1,completed_epoch_100,results/experiment03_soft_spectral/experiment03_20260831_server/checkpoints/full_dense/seed_20260901/epoch_100.pt,554990a77b2d2e8f6498d66d6182e5b9f7b8a61fd2c63c09d3ded066f44b5563,basis_eval,512,30,800,same_trained_model_and_neuron_coordinates,True,random_sparsity,0.75,nan,global_frobenius_norm_matched,204635190109.0,0.75,0.75,False,0.0064774510645565,0.0659635676782537,231.23029754175275,1.7135381559647758,0.75,0.75,1e-06,0.0169568751007318,0.0309149776840124,0.3946655478324443,0.004141949028721,0.0,canonical epsilon=1e-12; zero-vector effects retained,"population, time axis then sample/feature mean",125,322,449,547,682,88.86090810933965,6.166141507279281,476.3445835152,0.5954307293940001,tables/5_seed_review/gate_per_seed.csv,9.0,nan
N-MNIST,SNN-DFA,20260901,H1,completed_epoch_100,results/experiment03_soft_spectral/experiment03_20260831_server/checkpoints/full_dense/seed_20260901/epoch_100.pt,554990a77b2d2e8f6498d66d6182e5b9f7b8a61fd2c63c09d3ded066f44b5563,basis_eval,512,30,800,same_trained_model_and_neuron_coordinates,True,random_sparsity,ann_matched,nan,global_frobenius_norm_matched,204635190109.0,0.8905414225260416,0.8905414225260416,False,0.0042882590118957,0.0659583911529685,231.21215162387503,1.5770284268438644,0.8905414225260416,0.8905414225260416,1e-06,0.0095658851787447,0.0172497850690466,0.6053298645717361,0.0041775268192337,0.0,canonical epsilon=1e-12; zero-vector effects retained,"population, time axis then sample/feature mean",113,296,421,523,668,54.49092663001208,6.084218165408103,438.8765496350344,0.5485956870437929,tables/5_seed_review/gate_per_seed.csv,9.0,nan
N-MNIST,SNN-DFA,20260901,H2,completed_epoch_100,results/experiment03_soft_spectral/experiment03_20260831_server/checkpoints/full_dense/seed_20260901/epoch_100.pt,554990a77b2d2e8f6498d66d6182e5b9f7b8a61fd2c63c09d3ded066f44b5563,basis_eval,512,30,800,same_trained_model_and_neuron_coordinates,True,random_sparsity,0,nan,global_frobenius_norm_matched,204635190110.0,0.0,0.0,False,0.0186192920542552,0.0796819855352072,279.3191737883867,2.138506678302862,0.0,0.0,1e-06,0.0835643112659454,0.1270122363172993,0.294775340090343,0.0056435348699137,0.0,canonical epsilon=1e-12; zero-vector effects retained,"population, time axis then sample/feature mean",106,300,431,537,678,34.045276655207715,6.001673610192041,404.1045413448045,0.5051306766810056,tables/5_seed_review/gate_per_seed.csv,0.0,nan
N-MNIST,SNN-DFA,20260901,H2,completed_epoch_100,results/experiment03_soft_spectral/experiment03_20260831_server/checkpoints/full_dense/seed_20260901/epoch_100.pt,554990a77b2d2e8f6498d66d6182e5b9f7b8a61fd2c63c09d3ded066f44b5563,basis_eval,512,30,800,same_trained_model_and_neuron_coordinates,True,random_sparsity,0.25,nan,global_frobenius_norm_matched,204635190110.0,0.25,0.25,False,0.0161183007493207,0.07967052769947,279.2790092117836,2.1277656322270118,0.25,0.25,1e-06,0.0635662078857421,0.0966913203298911,0.3124046075091388,0.0057658661142731,0.0,canonical epsilon=1e-12; zero-vector effects retained,"population, time axis then sample/feature mean",111,305,436,540,678,42.959319546371184,6.058163302357357,427.5893628153954,0.5344867035192443,tables/5_seed_review/gate_per_seed.csv,0.0,nan
N-MNIST,SNN-DFA,20260901,H2,completed_epoch_100,results/experiment03_soft_spectral/experiment03_20260831_server/checkpoints/full_dense/seed_20260901/epoch_100.pt,554990a77b2d2e8f6498d66d6182e5b9f7b8a61fd2c63c09d3ded066f44b5563,basis_eval,512,30,800,same_trained_model_and_neuron_coordinates,True,random_sparsity,0.50,nan,global_frobenius_norm_matched,204635190110.0,0.5,0.5,False,0.0131641403569574,0.0796605162612043,279.2439148721311,2.108461074919868,0.5,0.5,1e-06,0.0437374822795391,0.0662593108783301,0.3426751377829883,0.0058872925478019,0.0,canonical epsilon=1e-12; zero-vector effects retained,"population, time axis then sample/feature mean",116,309,439,542,678,59.40179793580662,6.107614490994682,449.2657084495819,0.5615821355619773,tables/5_seed_review/gate_per_seed.csv,0.0,nan
N-MNIST,SNN-DFA,20260901,H2,completed_epoch_100,results/experiment03_soft_spectral/experiment03_20260831_server/checkpoints/full_dense/seed_20260901/epoch_100.pt,554990a77b2d2e8f6498d66d6182e5b9f7b8a61fd2c63c09d3ded066f44b5563,basis_eval,512,30,800,same_trained_model_and_neuron_coordinates,True,random_sparsity,0.75,nan,global_frobenius_norm_matched,204635190110.0,0.75,0.75,False,0.0093021158742682,0.0796478797524992,279.19961854658294,2.053685875578482,0.75,0.75,1e-06,0.0242422074079513,0.0368281853630274,0.4220204543643007,0.0060091220989208,0.0,canonical epsilon=1e-12; zero-vector effects retained,"population, time axis then sample/feature mean",115,304,434,537,675,89.07790608831833,6.112744784535137,451.57649585212295,0.5644706198151537,tables/5_seed_review/gate_per_seed.csv,0.0,nan
N-MNIST,SNN-DFA,20260901,H2,completed_epoch_100,results/experiment03_soft_spectral/experiment03_20260831_server/checkpoints/full_dense/seed_20260901/epoch_100.pt,554990a77b2d2e8f6498d66d6182e5b9f7b8a61fd2c63c09d3ded066f44b5563,basis_eval,512,30,800,same_trained_model_and_neuron_coordinates,True,random_sparsity,ann_matched,nan,global_frobenius_norm_matched,204635190110.0,0.7554581705729166,0.7554581705729166,False,0.0091985503444237,0.0796474163178954,279.1979940116332,2.050875006935017,0.7554581705729166,0.7554581705729166,1e-06,0.0237830877304077,0.0361618002453249,0.4261518772613827,0.0060120604266751,0.0,canonical epsilon=1e-12; zero-vector effects retained,"population, time axis then sample/feature mean",115,304,434,537,675,88.93975425088225,6.111971811353978,451.2275742024996,0.5640344677531245,tables/5_seed_review/gate_per_seed.csv,0.0,nan
N-MNIST,SNN-DFA,20260901,H2,completed_epoch_100,results/experiment03_soft_spectral/experiment03_20260831_server/checkpoints/full_dense/seed_20260901/epoch_100.pt,554990a77b2d2e8f6498d66d6182e5b9f7b8a61fd2c63c09d3ded066f44b5563,basis_eval,512,30,800,same_trained_model_and_neuron_coordinates,True,random_sparsity,0,nan,global_frobenius_norm_matched,204635190111.0,0.0,0.0,False,0.0186192920542552,0.0796819855352072,279.3191737883867,2.138506678302862,0.0,0.0,1e-06,0.0835643112659454,0.1270122363172993,0.294775340090343,0.0056435348699137,0.0,canonical epsilon=1e-12; zero-vector effects retained,"population, time axis then sample/feature mean",106,300,431,537,678,34.045276655207715,6.001673610192041,404.1045413448045,0.5051306766810056,tables/5_seed_review/gate_per_seed.csv,1.0,nan
N-MNIST,SNN-DFA,20260901,H2,completed_epoch_100,results/experiment03_soft_spectral/experiment03_20260831_server/checkpoints/full_dense/seed_20260901/epoch_100.pt,554990a77b2d2e8f6498d66d6182e5b9f7b8a61fd2c63c09d3ded066f44b5563,basis_eval,512,30,800,same_trained_model_and_neuron_coordinates,True,random_sparsity,0.25,nan,global_frobenius_norm_matched,204635190111.0,0.25,0.25,False,0.0161230673236249,0.079670401905228,279.2785682495864,2.1292506134996887,0.25,0.25,1e-06,0.0634756758809089,0.0960494577770021,0.3104889176661137,0.0057658756700924,0.0,canonical epsilon=1e-12; zero-vector effects retained,"population, time axis then sample/feature mean",111,304,436,540,679,43.80306075461564,6.057632441240068,427.3624324880832,0.534203040610104,tables/5_seed_review/gate_per_seed.csv,1.0,nan
N-MNIST,SNN-DFA,20260901,H2,completed_epoch_100,results/experiment03_soft_spectral/experiment03_20260831_server/checkpoints/full_dense/seed_20260901/epoch_100.pt,554990a77b2d2e8f6498d66d6182e5b9f7b8a61fd2c63c09d3ded066f44b5563,basis_eval,512,30,800,same_trained_model_and_neuron_coordinates,True,random_sparsity,0.50,nan,global_frobenius_norm_matched,204635190111.0,0.5,0.5,False,0.0131626596436366,0.079660646046475,279.2443698245808,2.1102221439280155,0.5,0.5,1e-06,0.0437891148030757,0.0663398461347407,0.341255935738291,0.0058872751967031,0.0,canonical epsilon=1e-12; zero-vector effects retained,"population, time axis then sample/feature mean",115,307,438,542,679,60.030085526064944,6.097364534040476,444.6842741402071,0.5558553426752588,tables/5_seed_review/gate_per_seed.csv,1.0,nan
N-MNIST,SNN-DFA,20260901,H2,completed_epoch_100,results/experiment03_soft_spectral/experiment03_20260831_server/checkpoints/full_dense/seed_20260901/epoch_100.pt,554990a77b2d2e8f6498d66d6182e5b9f7b8a61fd2c63c09d3ded066f44b5563,basis_eval,512,30,800,same_trained_model_and_neuron_coordinates,True,random_sparsity,0.75,nan,global_frobenius_norm_matched,204635190111.0,0.75,0.75,False,0.0093145889460624,0.0796478718771247,279.1995909400571,2.053133696253389,0.75,0.75,1e-06,0.0242105033248662,0.0360040603841934,0.42357609905005,0.0060093412450882,0.0,canonical epsilon=1e-12; zero-vector effects retained,"population, time axis then sample/feature mean",114,301,430,534,675,81.43657482213914,6.10193122114672,446.7196520109589,0.5583995650136986,tables/5_seed_review/gate_per_seed.csv,1.0,nan
N-MNIST,SNN-DFA,20260901,H2,completed_epoch_100,results/experiment03_soft_spectral/experiment03_20260831_server/checkpoints/full_dense/seed_20260901/epoch_100.pt,554990a77b2d2e8f6498d66d6182e5b9f7b8a61fd2c63c09d3ded066f44b5563,basis_eval,512,30,800,same_trained_model_and_neuron_coordinates,True,random_sparsity,ann_matched,nan,global_frobenius_norm_matched,204635190111.0,0.7554581705729166,0.7554581705729166,False,0.0092140179783471,0.0796474661138854,279.198168567711,2.050296719118694,0.7554581705729166,0.7554581705729166,1e-06,0.0237986110150814,0.0352565196696868,0.427493205450322,0.0060120154331859,0.0,canonical epsilon=1e-12; zero-vector effects retained,"population, time axis then sample/feature mean",114,301,429,533,675,79.81356424477364,6.097938418922389,444.939544963388,0.556174431204235,tables/5_seed_review/gate_per_seed.csv,1.0,nan
N-MNIST,SNN-DFA,20260901,H2,completed_epoch_100,results/experiment03_soft_spectral/experiment03_20260831_server/checkpoints/full_dense/seed_20260901/epoch_100.pt,554990a77b2d2e8f6498d66d6182e5b9f7b8a61fd2c63c09d3ded066f44b5563,basis_eval,512,30,800,same_trained_model_and_neuron_coordinates,True,random_sparsity,0,nan,global_frobenius_norm_matched,204635190112.0,0.0,0.0,False,0.0186192920542552,0.0796819855352072,279.3191737883867,2.138506678302862,0.0,0.0,1e-06,0.0835643112659454,0.1270122363172993,0.294775340090343,0.0056435348699137,0.0,canonical epsilon=1e-12; zero-vector effects retained,"population, time axis then sample/feature mean",106,300,431,537,678,34.045276655207715,6.001673610192041,404.1045413448045,0.5051306766810056,tables/5_seed_review/gate_per_seed.csv,2.0,nan
N-MNIST,SNN-DFA,20260901,H2,completed_epoch_100,results/experiment03_soft_spectral/experiment03_20260831_server/checkpoints/full_dense/seed_20260901/epoch_100.pt,554990a77b2d2e8f6498d66d6182e5b9f7b8a61fd2c63c09d3ded066f44b5563,basis_eval,512,30,800,same_trained_model_and_neuron_coordinates,True,random_sparsity,0.25,nan,global_frobenius_norm_matched,204635190112.0,0.25,0.25,False,0.0161282513989993,0.0796703883739903,279.2785208168566,2.129326213832005,0.25,0.25,1e-06,0.0634858161211013,0.0968411876600005,0.3099195982159263,0.0057652085855461,0.0,canonical epsilon=1e-12; zero-vector effects retained,"population, time axis then sample/feature mean",110,303,434,539,678,43.118099482121565,6.053076921614992,425.4200022885417,0.5317750028606771,tables/5_seed_review/gate_per_seed.csv,2.0,nan
N-MNIST,SNN-DFA,20260901,H2,completed_epoch_100,results/experiment03_soft_spectral/experiment03_20260831_server/checkpoints/full_dense/seed_20260901/epoch_100.pt,554990a77b2d2e8f6498d66d6182e5b9f7b8a61fd2c63c09d3ded066f44b5563,basis_eval,512,30,800,same_trained_model_and_neuron_coordinates,True,random_sparsity,0.50,nan,global_frobenius_norm_matched,204635190112.0,0.5,0.5,False,0.0131733688953121,0.0796605706501408,279.2441055284321,2.111658664220543,0.5,0.5,1e-06,0.0435770489275455,0.0666450795456883,0.3389104274027171,0.0058876794373304,0.0,canonical epsilon=1e-12; zero-vector effects retained,"population, time axis then sample/feature mean",115,307,437,541,679,60.03979922557488,6.096397385650536,444.2544063669106,0.5553180079586383,tables/5_seed_review/gate_per_seed.csv,2.0,nan
N-MNIST,SNN-DFA,20260901,H2,completed_epoch_100,results/experiment03_soft_spectral/experiment03_20260831_server/checkpoints/full_dense/seed_20260901/epoch_100.pt,554990a77b2d2e8f6498d66d6182e5b9f7b8a61fd2c63c09d3ded066f44b5563,basis_eval,512,30,800,same_trained_model_and_neuron_coordinates,True,random_sparsity,0.75,nan,global_frobenius_norm_matched,204635190112.0,0.75,0.75,False,0.009319950137349,0.0796478665704613,279.1995723379466,2.055527096095822,0.75,0.75,1e-06,0.0240758936852216,0.0372897760730895,0.4208096424110328,0.0060086448294639,0.0,canonical epsilon=1e-12; zero-vector effects retained,"population, time axis then sample/feature mean",114,306,435,538,676,76.08837887397402,6.1031323835946925,447.25655727239126,0.559070696590489,tables/5_seed_review/gate_per_seed.csv,2.0,nan
N-MNIST,SNN-DFA,20260901,H2,completed_epoch_100,results/experiment03_soft_spectral/experiment03_20260831_server/checkpoints/full_dense/seed_20260901/epoch_100.pt,554990a77b2d2e8f6498d66d6182e5b9f7b8a61fd2c63c09d3ded066f44b5563,basis_eval,512,30,800,same_trained_model_and_neuron_coordinates,True,random_sparsity,ann_matched,nan,global_frobenius_norm_matched,204635190112.0,0.7554581705729166,0.7554581705729166,False,0.0092184205857252,0.0796474917231386,279.1982583390085,2.053148251179905,0.7554581705729166,0.7554581705729166,1e-06,0.02367496304214,0.0366222753303812,0.4241333905277439,0.006011146058774,0.0,canonical epsilon=1e-12; zero-vector effects retained,"population, time axis then sample/feature mean",113,305,434,537,676,75.43803905928176,6.101267821313415,446.4233965470584,0.558029245683823,tables/5_seed_review/gate_per_seed.csv,2.0,nan
N-MNIST,SNN-DFA,20260901,H2,completed_epoch_100,results/experiment03_soft_spectral/experiment03_20260831_server/checkpoints/full_dense/seed_20260901/epoch_100.pt,554990a77b2d2e8f6498d66d6182e5b9f7b8a61fd2c63c09d3ded066f44b5563,basis_eval,512,30,800,same_trained_model_and_neuron_coordinates,True,random_sparsity,0,nan,global_frobenius_norm_matched,204635190113.0,0.0,0.0,False,0.0186192920542552,0.0796819855352072,279.3191737883867,2.138506678302862,0.0,0.0,1e-06,0.0835643112659454,0.1270122363172993,0.294775340090343,0.0056435348699137,0.0,canonical epsilon=1e-12; zero-vector effects retained,"population, time axis then sample/feature mean",106,300,431,537,678,34.045276655207715,6.001673610192041,404.1045413448045,0.5051306766810056,tables/5_seed_review/gate_per_seed.csv,3.0,nan
N-MNIST,SNN-DFA,20260901,H2,completed_epoch_100,results/experiment03_soft_spectral/experiment03_20260831_server/checkpoints/full_dense/seed_20260901/epoch_100.pt,554990a77b2d2e8f6498d66d6182e5b9f7b8a61fd2c63c09d3ded066f44b5563,basis_eval,512,30,800,same_trained_model_and_neuron_coordinates,True,random_sparsity,0.25,nan,global_frobenius_norm_matched,204635190113.0,0.25,0.25,False,0.0161261520040931,0.0796703784236343,279.2784859366334,2.129259567967546,0.25,0.25,1e-06,0.0635929629206657,0.097046998886484,0.3095657575645082,0.0057647534026982,0.0,canonical epsilon=1e-12; zero-vector effects retained,"population, time axis then sample/feature mean",112,306,437,541,679,42.65424401328077,6.061273583549287,428.92135633182846,0.5361516954147856,tables/5_seed_review/gate_per_seed.csv,3.0,nan
N-MNIST,SNN-DFA,20260901,H2,completed_epoch_100,results/experiment03_soft_spectral/experiment03_20260831_server/checkpoints/full_dense/seed_20260901/epoch_100.pt,554990a77b2d2e8f6498d66d6182e5b9f7b8a61fd2c63c09d3ded066f44b5563,basis_eval,512,30,800,same_trained_model_and_neuron_coordinates,True,random_sparsity,0.50,nan,global_frobenius_norm_matched,204635190113.0,0.5,0.5,False,0.0131636869794304,0.0796606916096033,279.24452954268014,2.1099929817074647,0.5,0.5,1e-06,0.0438368469476699,0.0671443556043934,0.3406585179052998,0.0058869539774863,0.0,canonical epsilon=1e-12; zero-vector effects retained,"population, time axis then sample/feature mean",117,309,439,542,679,58.78594554501972,6.106854049976599,448.92419824250055,0.5611552478031256,tables/5_seed_review/gate_per_seed.csv,3.0,nan
N-MNIST,SNN-DFA,20260901,H2,completed_epoch_100,results/experiment03_soft_spectral/experiment03_20260831_server/checkpoints/full_dense/seed_20260901/epoch_100.pt,554990a77b2d2e8f6498d66d6182e5b9f7b8a61fd2c63c09d3ded066f44b5563,basis_eval,512,30,800,same_trained_model_and_neuron_coordinates,True,random_sparsity,0.75,nan,global_frobenius_norm_matched,204635190113.0,0.75,0.75,False,0.0093040931131211,0.0796479922579322,279.2000129258739,2.054756026628576,0.75,0.75,1e-06,0.0243342313915491,0.0365909611171441,0.4216054162964301,0.0060082969155809,0.0,canonical epsilon=1e-12; zero-vector effects retained,"population, time axis then sample/feature mean",115,307,436,539,677,69.26906142729726,6.105018824186414,448.1010765141862,0.5601263456427328,tables/5_seed_review/gate_per_seed.csv,3.0,nan
N-MNIST,SNN-DFA,20260901,H2,completed_epoch_100,results/experiment03_soft_spectral/experiment03_20260831_server/checkpoints/full_dense/seed_20260901/epoch_100.pt,554990a77b2d2e8f6498d66d6182e5b9f7b8a61fd2c63c09d3ded066f44b5563,basis_eval,512,30,800,same_trained_model_and_neuron_coordinates,True,random_sparsity,ann_matched,nan,global_frobenius_norm_matched,204635190113.0,0.7554581705729166,0.7554581705729166,False,0.0092019696589699,0.0796475883913157,279.19859720199537,2.052439887424084,0.7554581705729166,0.7554581705729166,1e-06,0.0238934233784675,0.0359107392584644,0.4249653279276527,0.0060110447883975,0.0,canonical epsilon=1e-12; zero-vector effects retained,"population, time axis then sample/feature mean",115,306,435,538,677,68.87490033688371,6.10299185367351,447.1937087598011,0.5589921359497514,tables/5_seed_review/gate_per_seed.csv,3.0,nan
N-MNIST,SNN-DFA,20260901,H2,completed_epoch_100,results/experiment03_soft_spectral/experiment03_20260831_server/checkpoints/full_dense/seed_20260901/epoch_100.pt,554990a77b2d2e8f6498d66d6182e5b9f7b8a61fd2c63c09d3ded066f44b5563,basis_eval,512,30,800,same_trained_model_and_neuron_coordinates,True,random_sparsity,0,nan,global_frobenius_norm_matched,204635190114.0,0.0,0.0,False,0.0186192920542552,0.0796819855352072,279.3191737883867,2.138506678302862,0.0,0.0,1e-06,0.0835643112659454,0.1270122363172993,0.294775340090343,0.0056435348699137,0.0,canonical epsilon=1e-12; zero-vector effects retained,"population, time axis then sample/feature mean",106,300,431,537,678,34.045276655207715,6.001673610192041,404.1045413448045,0.5051306766810056,tables/5_seed_review/gate_per_seed.csv,4.0,nan
N-MNIST,SNN-DFA,20260901,H2,completed_epoch_100,results/experiment03_soft_spectral/experiment03_20260831_server/checkpoints/full_dense/seed_20260901/epoch_100.pt,554990a77b2d2e8f6498d66d6182e5b9f7b8a61fd2c63c09d3ded066f44b5563,basis_eval,512,30,800,same_trained_model_and_neuron_coordinates,True,random_sparsity,0.25,nan,global_frobenius_norm_matched,204635190114.0,0.25,0.25,False,0.0161185296752009,0.0796704312255588,279.27867102978865,2.128148335224091,0.25,0.25,1e-06,0.0637396052479744,0.0970403554383491,0.3121734481269064,0.005764949554232,0.0,canonical epsilon=1e-12; zero-vector effects retained,"population, time axis then sample/feature mean",111,305,436,540,678,43.85616062245423,6.05673131973314,426.97750047022254,0.5337218755877782,tables/5_seed_review/gate_per_seed.csv,4.0,nan
N-MNIST,SNN-DFA,20260901,H2,completed_epoch_100,results/experiment03_soft_spectral/experiment03_20260831_server/checkpoints/full_dense/seed_20260901/epoch_100.pt,554990a77b2d2e8f6498d66d6182e5b9f7b8a61fd2c63c09d3ded066f44b5563,basis_eval,512,30,800,same_trained_model_and_neuron_coordinates,True,random_sparsity,0.50,nan,global_frobenius_norm_matched,204635190114.0,0.5,0.5,False,0.0131594057247976,0.0796605294226397,279.2439610085479,2.107347251209951,0.5,0.5,1e-06,0.0438311174511909,0.0661511460673985,0.345267656100934,0.0058879284067991,0.0,canonical epsilon=1e-12; zero-vector effects retained,"population, time axis then sample/feature mean",114,306,437,541,678,60.03827451979264,6.0959048911903055,444.0356674011277,0.5550445842514096,tables/5_seed_review/gate_per_seed.csv,4.0,nan
N-MNIST,SNN-DFA,20260901,H2,completed_epoch_100,results/experiment03_soft_spectral/experiment03_20260831_server/checkpoints/full_dense/seed_20260901/epoch_100.pt,554990a77b2d2e8f6498d66d6182e5b9f7b8a61fd2c63c09d3ded066f44b5563,basis_eval,512,30,800,same_trained_model_and_neuron_coordinates,True,random_sparsity,0.75,nan,global_frobenius_norm_matched,204635190114.0,0.75,0.75,False,0.0093053044028288,0.0796477970850749,279.19932876218326,2.0530867835541997,0.75,0.75,1e-06,0.0242052730172872,0.0362654311957006,0.423346768185908,0.0060084228075533,0.0,canonical epsilon=1e-12; zero-vector effects retained,"population, time axis then sample/feature mean",115,307,438,540,677,81.999947134959,6.11091841335114,450.752502240867,0.5634406278010837,tables/5_seed_review/gate_per_seed.csv,4.0,nan
N-MNIST,SNN-DFA,20260901,H2,completed_epoch_100,results/experiment03_soft_spectral/experiment03_20260831_server/checkpoints/full_dense/seed_20260901/epoch_100.pt,554990a77b2d2e8f6498d66d6182e5b9f7b8a61fd2c63c09d3ded066f44b5563,basis_eval,512,30,800,same_trained_model_and_neuron_coordinates,True,random_sparsity,ann_matched,nan,global_frobenius_norm_matched,204635190114.0,0.7554581705729166,0.7554581705729166,False,0.0092017626469786,0.0796474102780399,279.1979728393753,2.0508959307310053,0.7554581705729166,0.7554581705729166,1e-06,0.0237860661000013,0.0355952254047714,0.4266173700883695,0.0060112480981727,0.0,canonical epsilon=1e-12; zero-vector effects retained,"population, time axis then sample/feature mean",114,307,437,540,676,81.74354170153723,6.109918198109499,450.3018781160451,0.5628773476450564,tables/5_seed_review/gate_per_seed.csv,4.0,nan
N-MNIST,SNN-DFA,20260901,H2,completed_epoch_100,results/experiment03_soft_spectral/experiment03_20260831_server/checkpoints/full_dense/seed_20260901/epoch_100.pt,554990a77b2d2e8f6498d66d6182e5b9f7b8a61fd2c63c09d3ded066f44b5563,basis_eval,512,30,800,same_trained_model_and_neuron_coordinates,True,random_sparsity,0,nan,global_frobenius_norm_matched,204635190115.0,0.0,0.0,False,0.0186192920542552,0.0796819855352072,279.3191737883867,2.138506678302862,0.0,0.0,1e-06,0.0835643112659454,0.1270122363172993,0.294775340090343,0.0056435348699137,0.0,canonical epsilon=1e-12; zero-vector effects retained,"population, time axis then sample/feature mean",106,300,431,537,678,34.045276655207715,6.001673610192041,404.1045413448045,0.5051306766810056,tables/5_seed_review/gate_per_seed.csv,5.0,nan
N-MNIST,SNN-DFA,20260901,H2,completed_epoch_100,results/experiment03_soft_spectral/experiment03_20260831_server/checkpoints/full_dense/seed_20260901/epoch_100.pt,554990a77b2d2e8f6498d66d6182e5b9f7b8a61fd2c63c09d3ded066f44b5563,basis_eval,512,30,800,same_trained_model_and_neuron_coordinates,True,random_sparsity,0.25,nan,global_frobenius_norm_matched,204635190115.0,0.25,0.25,False,0.0161221061045468,0.0796704246268932,279.2786478986632,2.1293241535451477,0.25,0.25,1e-06,0.0637181624770164,0.0971071533412454,0.310218370792956,0.0057644764115877,0.0,canonical epsilon=1e-12; zero-vector effects retained,"population, time axis then sample/feature mean",109,303,435,539,679,43.41418468765535,6.049602116525681,423.9443160453479,0.5299303950566848,tables/5_seed_review/gate_per_seed.csv,5.0,nan
N-MNIST,SNN-DFA,20260901,H2,completed_epoch_100,results/experiment03_soft_spectral/experiment03_20260831_server/checkpoints/full_dense/seed_20260901/epoch_100.pt,554990a77b2d2e8f6498d66d6182e5b9f7b8a61fd2c63c09d3ded066f44b5563,basis_eval,512,30,800,same_trained_model_and_neuron_coordinates,True,random_sparsity,0.50,nan,global_frobenius_norm_matched,204635190115.0,0.5,0.5,False,0.013152531019845,0.0796605065976993,279.24388099744186,2.1103012281736078,0.5,0.5,1e-06,0.0437901690602302,0.066314375370767,0.3407382374328459,0.0058868922506853,0.0,canonical epsilon=1e-12; zero-vector effects retained,"population, time axis then sample/feature mean",111,306,437,540,678,57.71067619950024,6.078988549332765,436.5873847199666,0.5457342308999583,tables/5_seed_review/gate_per_seed.csv,5.0,nan
N-MNIST,SNN-DFA,20260901,H2,completed_epoch_100,results/experiment03_soft_spectral/experiment03_20260831_server/checkpoints/full_dense/seed_20260901/epoch_100.pt,554990a77b2d2e8f6498d66d6182e5b9f7b8a61fd2c63c09d3ded066f44b5563,basis_eval,512,30,800,same_trained_model_and_neuron_coordinates,True,random_sparsity,0.75,nan,global_frobenius_norm_matched,204635190115.0,0.75,0.75,False,0.009293338420952,0.0796478217451865,279.19941520633813,2.05357893563871,0.75,0.75,1e-06,0.0243640504777431,0.0373172375704945,0.423580561755877,0.0060087115724868,0.0,canonical epsilon=1e-12; zero-vector effects retained,"population, time axis then sample/feature mean",109,298,428,532,673,58.16478125989022,6.067006061585575,431.38719952971695,0.5392339994121462,tables/5_seed_review/gate_per_seed.csv,5.0,nan
N-MNIST,SNN-DFA,20260901,H2,completed_epoch_100,results/experiment03_soft_spectral/experiment03_20260831_server/checkpoints/full_dense/seed_20260901/epoch_100.pt,554990a77b2d2e8f6498d66d6182e5b9f7b8a61fd2c63c09d3ded066f44b5563,basis_eval,512,30,800,same_trained_model_and_neuron_coordinates,True,random_sparsity,ann_matched,nan,global_frobenius_norm_matched,204635190115.0,0.7554581705729166,0.7554581705729166,False,0.0091910201146969,0.0796474429461618,279.19808735500425,2.051004074767514,0.7554581705729166,0.7554581705729166,1e-06,0.023938350379467,0.0367456065216809,0.4271454431258736,0.0060112981909072,0.0,canonical epsilon=1e-12; zero-vector effects retained,"population, time axis then sample/feature mean",108,297,427,532,673,57.41244452343668,6.063478822066956,429.8682739337021,0.5373353424171277,tables/5_seed_review/gate_per_seed.csv,5.0,nan
N-MNIST,SNN-DFA,20260901,H2,completed_epoch_100,results/experiment03_soft_spectral/experiment03_20260831_server/checkpoints/full_dense/seed_20260901/epoch_100.pt,554990a77b2d2e8f6498d66d6182e5b9f7b8a61fd2c63c09d3ded066f44b5563,basis_eval,512,30,800,same_trained_model_and_neuron_coordinates,True,random_sparsity,0,nan,global_frobenius_norm_matched,204635190116.0,0.0,0.0,False,0.0186192920542552,0.0796819855352072,279.3191737883867,2.138506678302862,0.0,0.0,1e-06,0.0835643112659454,0.1270122363172993,0.294775340090343,0.0056435348699137,0.0,canonical epsilon=1e-12; zero-vector effects retained,"population, time axis then sample/feature mean",106,300,431,537,678,34.045276655207715,6.001673610192041,404.1045413448045,0.5051306766810056,tables/5_seed_review/gate_per_seed.csv,6.0,nan
N-MNIST,SNN-DFA,20260901,H2,completed_epoch_100,results/experiment03_soft_spectral/experiment03_20260831_server/checkpoints/full_dense/seed_20260901/epoch_100.pt,554990a77b2d2e8f6498d66d6182e5b9f7b8a61fd2c63c09d3ded066f44b5563,basis_eval,512,30,800,same_trained_model_and_neuron_coordinates,True,random_sparsity,0.25,nan,global_frobenius_norm_matched,204635190116.0,0.25,0.25,False,0.0161266538535767,0.0796702982708238,279.27820496702,2.129192639737132,0.25,0.25,1e-06,0.0636034235358238,0.0968151316359677,0.3098997302091501,0.0057653734470039,0.0,canonical epsilon=1e-12; zero-vector effects retained,"population, time axis then sample/feature mean",112,305,436,540,679,42.942670849648245,6.062421629986119,429.4140607362985,0.5367675759203732,tables/5_seed_review/gate_per_seed.csv,6.0,nan
N-MNIST,SNN-DFA,20260901,H2,completed_epoch_100,results/experiment03_soft_spectral/experiment03_20260831_server/checkpoints/full_dense/seed_20260901/epoch_100.pt,554990a77b2d2e8f6498d66d6182e5b9f7b8a61fd2c63c09d3ded066f44b5563,basis_eval,512,30,800,same_trained_model_and_neuron_coordinates,True,random_sparsity,0.50,nan,global_frobenius_norm_matched,204635190116.0,0.5,0.5,False,0.0131672297069212,0.0796605438603583,279.24401161887164,2.1095624936322377,0.5,0.5,1e-06,0.0437415614724159,0.0668773883270723,0.3414154729258716,0.0058875178626586,0.0,canonical epsilon=1e-12; zero-vector effects retained,"population, time axis then sample/feature mean",117,310,438,541,679,59.5174759959326,6.108533772821761,449.6789001415977,0.5620986251769972,tables/5_seed_review/gate_per_seed.csv,6.0,nan
N-MNIST,SNN-DFA,20260901,H2,completed_epoch_100,results/experiment03_soft_spectral/experiment03_20260831_server/checkpoints/full_dense/seed_20260901/epoch_100.pt,554990a77b2d2e8f6498d66d6182e5b9f7b8a61fd2c63c09d3ded066f44b5563,basis_eval,512,30,800,same_trained_model_and_neuron_coordinates,True,random_sparsity,0.75,nan,global_frobenius_norm_matched,204635190116.0,0.75,0.75,False,0.0093183475334462,0.0796479407894589,279.19983250703206,2.05429067515639,0.75,0.75,1e-06,0.0242211632430553,0.0374707903117548,0.4228409102576043,0.0060090495097231,0.0,canonical epsilon=1e-12; zero-vector effects retained,"population, time axis then sample/feature mean",117,304,432,535,675,77.79869490012169,6.108561344516044,449.6912987216821,0.5621141234021027,tables/5_seed_review/gate_per_seed.csv,6.0,nan
N-MNIST,SNN-DFA,20260901,H2,completed_epoch_100,results/experiment03_soft_spectral/experiment03_20260831_server/checkpoints/full_dense/seed_20260901/epoch_100.pt,554990a77b2d2e8f6498d66d6182e5b9f7b8a61fd2c63c09d3ded066f44b5563,basis_eval,512,30,800,same_trained_model_and_neuron_coordinates,True,random_sparsity,ann_matched,nan,global_frobenius_norm_matched,204635190116.0,0.7554581705729166,0.7554581705729166,False,0.0092155537718021,0.0796475275278221,279.19838384961497,2.052098227278972,0.7554581705729166,0.7554581705729166,1e-06,0.0237623751163482,0.0366286450337327,0.4258694048885557,0.0060117019532153,0.0,canonical epsilon=1e-12; zero-vector effects retained,"population, time axis then sample/feature mean",119,306,433,536,675,89.14867509081354,6.121690334478302,455.63421816856913,0.5695427727107114,tables/5_seed_review/gate_per_seed.csv,6.0,nan
N-MNIST,SNN-DFA,20260901,H2,completed_epoch_100,results/experiment03_soft_spectral/experiment03_20260831_server/checkpoints/full_dense/seed_20260901/epoch_100.pt,554990a77b2d2e8f6498d66d6182e5b9f7b8a61fd2c63c09d3ded066f44b5563,basis_eval,512,30,800,same_trained_model_and_neuron_coordinates,True,random_sparsity,0,nan,global_frobenius_norm_matched,204635190117.0,0.0,0.0,False,0.0186192920542552,0.0796819855352072,279.3191737883867,2.138506678302862,0.0,0.0,1e-06,0.0835643112659454,0.1270122363172993,0.294775340090343,0.0056435348699137,0.0,canonical epsilon=1e-12; zero-vector effects retained,"population, time axis then sample/feature mean",106,300,431,537,678,34.045276655207715,6.001673610192041,404.1045413448045,0.5051306766810056,tables/5_seed_review/gate_per_seed.csv,7.0,nan
N-MNIST,SNN-DFA,20260901,H2,completed_epoch_100,results/experiment03_soft_spectral/experiment03_20260831_server/checkpoints/full_dense/seed_20260901/epoch_100.pt,554990a77b2d2e8f6498d66d6182e5b9f7b8a61fd2c63c09d3ded066f44b5563,basis_eval,512,30,800,same_trained_model_and_neuron_coordinates,True,random_sparsity,0.25,nan,global_frobenius_norm_matched,204635190117.0,0.25,0.25,False,0.0161242374054662,0.0796704739242556,279.2788207068369,2.1287474385261858,0.25,0.25,1e-06,0.0636827126145362,0.0964875871667755,0.311187224119223,0.005765079776055,0.0,canonical epsilon=1e-12; zero-vector effects retained,"population, time axis then sample/feature mean",111,304,435,539,678,43.46863691688027,6.057707351609299,427.3944475648118,0.5342430594560148,tables/5_seed_review/gate_per_seed.csv,7.0,nan
N-MNIST,SNN-DFA,20260901,H2,completed_epoch_100,results/experiment03_soft_spectral/experiment03_20260831_server/checkpoints/full_dense/seed_20260901/epoch_100.pt,554990a77b2d2e8f6498d66d6182e5b9f7b8a61fd2c63c09d3ded066f44b5563,basis_eval,512,30,800,same_trained_model_and_neuron_coordinates,True,random_sparsity,0.50,nan,global_frobenius_norm_matched,204635190117.0,0.5,0.5,False,0.0131602603539964,0.0796605457545811,279.2440182589291,2.1110921292581044,0.5,0.5,1e-06,0.043620366603136,0.066328030883486,0.3387913279823,0.0058875658207828,0.0,canonical epsilon=1e-12; zero-vector effects retained,"population, time axis then sample/feature mean",114,304,435,539,679,58.29192455244203,6.089602604917827,441.24602729866274,0.5515575341233284,tables/5_seed_review/gate_per_seed.csv,7.0,nan
N-MNIST,SNN-DFA,20260901,H2,completed_epoch_100,results/experiment03_soft_spectral/experiment03_20260831_server/checkpoints/full_dense/seed_20260901/epoch_100.pt,554990a77b2d2e8f6498d66d6182e5b9f7b8a61fd2c63c09d3ded066f44b5563,basis_eval,512,30,800,same_trained_model_and_neuron_coordinates,True,random_sparsity,0.75,nan,global_frobenius_norm_matched,204635190117.0,0.75,0.75,False,0.0093016348354593,0.0796479148862268,279.1997417052079,2.053758568086237,0.75,0.75,1e-06,0.0240814127027988,0.0369292131985461,0.4231462423880922,0.0060094457721049,0.0,canonical epsilon=1e-12; zero-vector effects retained,"population, time axis then sample/feature mean",108,293,424,529,673,49.10600718211796,6.065866579930012,430.895921683612,0.5386199021045149,tables/5_seed_review/gate_per_seed.csv,7.0,nan
N-MNIST,SNN-DFA,20260901,H2,completed_epoch_100,results/experiment03_soft_spectral/experiment03_20260831_server/checkpoints/full_dense/seed_20260901/epoch_100.pt,554990a77b2d2e8f6498d66d6182e5b9f7b8a61fd2c63c09d3ded066f44b5563,basis_eval,512,30,800,same_trained_model_and_neuron_coordinates,True,random_sparsity,ann_matched,nan,global_frobenius_norm_matched,204635190117.0,0.7554581705729166,0.7554581705729166,False,0.0092008854831349,0.0796475102394092,279.19832324639816,2.051075277746055,0.7554581705729166,0.7554581705729166,1e-06,0.0237488560378551,0.0363455892781995,0.4270077137471337,0.006011923554833,0.0,canonical epsilon=1e-12; zero-vector effects retained,"population, time axis then sample/feature mean",108,293,424,529,673,48.85057472699762,6.063765259755939,429.9914220449429,0.5374892775561786,tables/5_seed_review/gate_per_seed.csv,7.0,nan
N-MNIST,SNN-DFA,20260901,H2,completed_epoch_100,results/experiment03_soft_spectral/experiment03_20260831_server/checkpoints/full_dense/seed_20260901/epoch_100.pt,554990a77b2d2e8f6498d66d6182e5b9f7b8a61fd2c63c09d3ded066f44b5563,basis_eval,512,30,800,same_trained_model_and_neuron_coordinates,True,random_sparsity,0,nan,global_frobenius_norm_matched,204635190118.0,0.0,0.0,False,0.0186192920542552,0.0796819855352072,279.3191737883867,2.138506678302862,0.0,0.0,1e-06,0.0835643112659454,0.1270122363172993,0.294775340090343,0.0056435348699137,0.0,canonical epsilon=1e-12; zero-vector effects retained,"population, time axis then sample/feature mean",106,300,431,537,678,34.045276655207715,6.001673610192041,404.1045413448045,0.5051306766810056,tables/5_seed_review/gate_per_seed.csv,8.0,nan
N-MNIST,SNN-DFA,20260901,H2,completed_epoch_100,results/experiment03_soft_spectral/experiment03_20260831_server/checkpoints/full_dense/seed_20260901/epoch_100.pt,554990a77b2d2e8f6498d66d6182e5b9f7b8a61fd2c63c09d3ded066f44b5563,basis_eval,512,30,800,same_trained_model_and_neuron_coordinates,True,random_sparsity,0.25,nan,global_frobenius_norm_matched,204635190118.0,0.25,0.25,False,0.0161281753873464,0.0796703913193406,279.2785311415603,2.1291702634194145,0.25,0.25,1e-06,0.0636191889643669,0.0964703964886982,0.3101987389800648,0.0057649592236136,0.0,canonical epsilon=1e-12; zero-vector effects retained,"population, time axis then sample/feature mean",110,304,435,540,678,42.93442236480076,6.052330980536528,425.10278236163066,0.5313784779520383,tables/5_seed_review/gate_per_seed.csv,8.0,nan
N-MNIST,SNN-DFA,20260901,H2,completed_epoch_100,results/experiment03_soft_spectral/experiment03_20260831_server/checkpoints/full_dense/seed_20260901/epoch_100.pt,554990a77b2d2e8f6498d66d6182e5b9f7b8a61fd2c63c09d3ded066f44b5563,basis_eval,512,30,800,same_trained_model_and_neuron_coordinates,True,random_sparsity,0.50,nan,global_frobenius_norm_matched,204635190118.0,0.5,0.5,False,0.0131788447991912,0.0796604880654806,279.2438160341534,2.1107300145113053,0.5,0.5,1e-06,0.0438263490796089,0.0664379029862905,0.3393008981457622,0.0058863454982463,0.0,canonical epsilon=1e-12; zero-vector effects retained,"population, time axis then sample/feature mean",113,306,436,539,677,59.46077651140032,6.094153092054884,443.258487033577,0.5540731087919712,tables/5_seed_review/gate_per_seed.csv,8.0,nan
N-MNIST,SNN-DFA,20260901,H2,completed_epoch_100,results/experiment03_soft_spectral/experiment03_20260831_server/checkpoints/full_dense/seed_20260901/epoch_100.pt,554990a77b2d2e8f6498d66d6182e5b9f7b8a61fd2c63c09d3ded066f44b5563,basis_eval,512,30,800,same_trained_model_and_neuron_coordinates,True,random_sparsity,0.75,nan,global_frobenius_norm_matched,204635190118.0,0.75,0.75,False,0.009317460583256,0.0796478121634479,279.19938161828094,2.057026941299469,0.75,0.75,1e-06,0.0240053497254848,0.0369687780863823,0.4179370962155097,0.0060088170227682,0.0,canonical epsilon=1e-12; zero-vector effects retained,"population, time axis then sample/feature mean",112,301,431,535,675,91.20913072738264,6.097849350270978,444.8999165630087,0.5561248957037609,tables/5_seed_review/gate_per_seed.csv,8.0,nan
N-MNIST,SNN-DFA,20260901,H2,completed_epoch_100,results/experiment03_soft_spectral/experiment03_20260831_server/checkpoints/full_dense/seed_20260901/epoch_100.pt,554990a77b2d2e8f6498d66d6182e5b9f7b8a61fd2c63c09d3ded066f44b5563,basis_eval,512,30,800,same_trained_model_and_neuron_coordinates,True,random_sparsity,ann_matched,nan,global_frobenius_norm_matched,204635190118.0,0.7554581705729166,0.7554581705729166,False,0.0092156866874609,0.0796473913084959,279.1979063430716,2.0544113540735527,0.7554581705729166,0.7554581705729166,1e-06,0.023599749431014,0.0363340995952527,0.4215820202673791,0.006011378513701,0.0,canonical epsilon=1e-12; zero-vector effects retained,"population, time axis then sample/feature mean",112,301,430,534,674,91.3292661612846,6.096695219957407,444.38674027591634,0.5554834253448955,tables/5_seed_review/gate_per_seed.csv,8.0,nan
N-MNIST,SNN-DFA,20260901,H2,completed_epoch_100,results/experiment03_soft_spectral/experiment03_20260831_server/checkpoints/full_dense/seed_20260901/epoch_100.pt,554990a77b2d2e8f6498d66d6182e5b9f7b8a61fd2c63c09d3ded066f44b5563,basis_eval,512,30,800,same_trained_model_and_neuron_coordinates,True,random_sparsity,0,nan,global_frobenius_norm_matched,204635190119.0,0.0,0.0,False,0.0186192920542552,0.0796819855352072,279.3191737883867,2.138506678302862,0.0,0.0,1e-06,0.0835643112659454,0.1270122363172993,0.294775340090343,0.0056435348699137,0.0,canonical epsilon=1e-12; zero-vector effects retained,"population, time axis then sample/feature mean",106,300,431,537,678,34.045276655207715,6.001673610192041,404.1045413448045,0.5051306766810056,tables/5_seed_review/gate_per_seed.csv,9.0,nan
N-MNIST,SNN-DFA,20260901,H2,completed_epoch_100,results/experiment03_soft_spectral/experiment03_20260831_server/checkpoints/full_dense/seed_20260901/epoch_100.pt,554990a77b2d2e8f6498d66d6182e5b9f7b8a61fd2c63c09d3ded066f44b5563,basis_eval,512,30,800,same_trained_model_and_neuron_coordinates,True,random_sparsity,0.25,nan,global_frobenius_norm_matched,204635190119.0,0.25,0.25,False,0.0161275191258117,0.0796703100908772,279.278246401326,2.129164107302336,0.25,0.25,1e-06,0.0634383335709571,0.0968307638452848,0.3101984775520889,0.0057655273318434,0.0,canonical epsilon=1e-12; zero-vector effects retained,"population, time axis then sample/feature mean",112,306,438,543,681,42.64632058043112,6.061512973056933,429.0240478952907,0.5362800598691134,tables/5_seed_review/gate_per_seed.csv,9.0,nan
N-MNIST,SNN-DFA,20260901,H2,completed_epoch_100,results/experiment03_soft_spectral/experiment03_20260831_server/checkpoints/full_dense/seed_20260901/epoch_100.pt,554990a77b2d2e8f6498d66d6182e5b9f7b8a61fd2c63c09d3ded066f44b5563,basis_eval,512,30,800,same_trained_model_and_neuron_coordinates,True,random_sparsity,0.50,nan,global_frobenius_norm_matched,204635190119.0,0.5,0.5,False,0.0131741728301266,0.079660618269195,279.24427245342366,2.1103369255641917,0.5,0.5,1e-06,0.0436322763562202,0.0665080510402052,0.3409759046121842,0.005887448703129,0.0,canonical epsilon=1e-12; zero-vector effects retained,"population, time axis then sample/feature mean",117,311,442,544,680,61.53285076250291,6.111705612209661,451.1074737943768,0.563884342242971,tables/5_seed_review/gate_per_seed.csv,9.0,nan
N-MNIST,SNN-DFA,20260901,H2,completed_epoch_100,results/experiment03_soft_spectral/experiment03_20260831_server/checkpoints/full_dense/seed_20260901/epoch_100.pt,554990a77b2d2e8f6498d66d6182e5b9f7b8a61fd2c63c09d3ded066f44b5563,basis_eval,512,30,800,same_trained_model_and_neuron_coordinates,True,random_sparsity,0.75,nan,global_frobenius_norm_matched,204635190119.0,0.75,0.75,False,0.0093247264252721,0.0796478832084092,279.1996306610175,2.0557333915463536,0.75,0.75,1e-06,0.0241160988807678,0.0367735736461829,0.4202101506958493,0.0060089887538764,0.0,canonical epsilon=1e-12; zero-vector effects retained,"population, time axis then sample/feature mean",119,309,437,539,676,95.95851064842331,6.131124107811782,459.9529068419544,0.574941133552443,tables/5_seed_review/gate_per_seed.csv,9.0,nan
N-MNIST,SNN-DFA,20260901,H2,completed_epoch_100,results/experiment03_soft_spectral/experiment03_20260831_server/checkpoints/full_dense/seed_20260901/epoch_100.pt,554990a77b2d2e8f6498d66d6182e5b9f7b8a61fd2c63c09d3ded066f44b5563,basis_eval,512,30,800,same_trained_model_and_neuron_coordinates,True,random_sparsity,ann_matched,nan,global_frobenius_norm_matched,204635190119.0,0.7554581705729166,0.7554581705729166,False,0.0092230575793788,0.0796474886634337,279.19824761344665,2.0529433786661007,0.7554581705729166,0.7554581705729166,1e-06,0.0237042866647243,0.0360935818996146,0.4239195723260632,0.0060117276455763,0.0,canonical epsilon=1e-12; zero-vector effects retained,"population, time axis then sample/feature mean",118,308,436,538,676,96.0105501870053,6.127481322179,458.28044506047655,0.5728505563255957,tables/5_seed_review/gate_per_seed.csv,9.0,nan
N-MNIST,SNN-DFA,20260901,H3,completed_epoch_100,results/experiment03_soft_spectral/experiment03_20260831_server/checkpoints/full_dense/seed_20260901/epoch_100.pt,554990a77b2d2e8f6498d66d6182e5b9f7b8a61fd2c63c09d3ded066f44b5563,basis_eval,512,30,800,same_trained_model_and_neuron_coordinates,True,random_sparsity,0,nan,global_frobenius_norm_matched,204635190120.0,0.0,0.0,False,0.007992614992574,0.0506946907210867,177.70640418360176,1.2622161225251112,0.0,0.0,1e-06,0.0856544226408004,0.1364355746944233,0.4768006940193525,0.0023495129215,0.0,canonical epsilon=1e-12; zero-vector effects retained,"population, time axis then sample/feature mean",95,273,404,516,685,41.68307580580713,5.969187366391296,391.1876493187913,0.4889845616484891,tables/5_seed_review/gate_per_seed.csv,0.0,nan
N-MNIST,SNN-DFA,20260901,H3,completed_epoch_100,results/experiment03_soft_spectral/experiment03_20260831_server/checkpoints/full_dense/seed_20260901/epoch_100.pt,554990a77b2d2e8f6498d66d6182e5b9f7b8a61fd2c63c09d3ded066f44b5563,basis_eval,512,30,800,same_trained_model_and_neuron_coordinates,True,random_sparsity,0.25,nan,global_frobenius_norm_matched,204635190120.0,0.25,0.25,False,0.0069182658808803,0.0506920500440812,177.69714749007784,1.2469474457441605,0.25,0.25,1e-06,0.0683454871177673,0.1069969832214439,0.5105041692835752,0.0023833898763535,0.0,canonical epsilon=1e-12; zero-vector effects retained,"population, time axis then sample/feature mean",96,275,406,517,685,47.90581994946244,5.991018987676544,399.8218159261698,0.4997772699077122,tables/5_seed_review/gate_per_seed.csv,0.0,nan
N-MNIST,SNN-DFA,20260901,H3,completed_epoch_100,results/experiment03_soft_spectral/experiment03_20260831_server/checkpoints/full_dense/seed_20260901/epoch_100.pt,554990a77b2d2e8f6498d66d6182e5b9f7b8a61fd2c63c09d3ded066f44b5563,basis_eval,512,30,800,same_trained_model_and_neuron_coordinates,True,random_sparsity,0.50,nan,global_frobenius_norm_matched,204635190120.0,0.5,0.5,False,0.0056550601339965,0.0506873412328006,177.68064110827,1.2169200348274976,0.5,0.5,1e-06,0.051706813275814,0.0799126367146416,0.5734654605215723,0.0024161044068603,0.0,canonical epsilon=1e-12; zero-vector effects retained,"population, time axis then sample/feature mean",92,269,399,511,681,42.555624978771725,5.9650959954936535,389.5904252010235,0.4869880315012793,tables/5_seed_review/gate_per_seed.csv,0.0,nan
N-MNIST,SNN-DFA,20260901,H3,completed_epoch_100,results/experiment03_soft_spectral/experiment03_20260831_server/checkpoints/full_dense/seed_20260901/epoch_100.pt,554990a77b2d2e8f6498d66d6182e5b9f7b8a61fd2c63c09d3ded066f44b5563,basis_eval,512,30,800,same_trained_model_and_neuron_coordinates,True,random_sparsity,0.75,nan,global_frobenius_norm_matched,204635190120.0,0.75,0.75,False,0.0039956385702754,0.0506826943788025,177.6643519130312,1.14266805815656,0.75,0.75,1e-06,0.0336898639798164,0.0497996894029224,0.7228396763384463,0.0024490881387336,0.0,canonical epsilon=1e-12; zero-vector effects retained,"population, time axis then sample/feature mean",83,253,382,496,672,27.18051093601916,5.874473369995068,355.83721676309915,0.4447965209538739,tables/5_seed_review/gate_per_seed.csv,0.0,nan
N-MNIST,SNN-DFA,20260901,H3,completed_epoch_100,results/experiment03_soft_spectral/experiment03_20260831_server/checkpoints/full_dense/seed_20260901/epoch_100.pt,554990a77b2d2e8f6498d66d6182e5b9f7b8a61fd2c63c09d3ded066f44b5563,basis_eval,512,30,800,same_trained_model_and_neuron_coordinates,True,random_sparsity,ann_matched,nan,global_frobenius_norm_matched,204635190120.0,0.8770187174479167,0.8770187174479167,False,0.0027996097002514,0.0506795903089086,177.6534708307829,1.0346153287890003,0.8770187174479167,0.8770187174479167,1e-06,0.0228450782597064,0.0311132399871882,0.9392288033527274,0.0024658954526719,0.0,canonical epsilon=1e-12; zero-vector effects retained,"population, time axis then sample/feature mean",60,216,342,457,647,25.33816650331103,5.650983585492355,284.57122834793114,0.3557140354349139,tables/5_seed_review/gate_per_seed.csv,0.0,nan
N-MNIST,SNN-DFA,20260901,H3,completed_epoch_100,results/experiment03_soft_spectral/experiment03_20260831_server/checkpoints/full_dense/seed_20260901/epoch_100.pt,554990a77b2d2e8f6498d66d6182e5b9f7b8a61fd2c63c09d3ded066f44b5563,basis_eval,512,30,800,same_trained_model_and_neuron_coordinates,True,random_sparsity,0,nan,global_frobenius_norm_matched,204635190121.0,0.0,0.0,False,0.007992614992574,0.0506946907210867,177.70640418360176,1.2622161225251112,0.0,0.0,1e-06,0.0856544226408004,0.1364355746944233,0.4768006940193525,0.0023495129215,0.0,canonical epsilon=1e-12; zero-vector effects retained,"population, time axis then sample/feature mean",95,273,404,516,685,41.68307580580713,5.969187366391296,391.1876493187913,0.4889845616484891,tables/5_seed_review/gate_per_seed.csv,1.0,nan
N-MNIST,SNN-DFA,20260901,H3,completed_epoch_100,results/experiment03_soft_spectral/experiment03_20260831_server/checkpoints/full_dense/seed_20260901/epoch_100.pt,554990a77b2d2e8f6498d66d6182e5b9f7b8a61fd2c63c09d3ded066f44b5563,basis_eval,512,30,800,same_trained_model_and_neuron_coordinates,True,random_sparsity,0.25,nan,global_frobenius_norm_matched,204635190121.0,0.25,0.25,False,0.0069216000734121,0.0506921677654687,177.69756015350103,1.2467010601091149,0.25,0.25,1e-06,0.0684608966112136,0.1090789916317012,0.5112124129332353,0.0023830893993624,0.0,canonical epsilon=1e-12; zero-vector effects retained,"population, time axis then sample/feature mean",96,274,404,517,685,50.703098896046605,5.990262267276755,399.5193770470447,0.4993992213088058,tables/5_seed_review/gate_per_seed.csv,1.0,nan
N-MNIST,SNN-DFA,20260901,H3,completed_epoch_100,results/experiment03_soft_spectral/experiment03_20260831_server/checkpoints/full_dense/seed_20260901/epoch_100.pt,554990a77b2d2e8f6498d66d6182e5b9f7b8a61fd2c63c09d3ded066f44b5563,basis_eval,512,30,800,same_trained_model_and_neuron_coordinates,True,random_sparsity,0.50,nan,global_frobenius_norm_matched,204635190121.0,0.5,0.5,False,0.0056508171887295,0.0506873203461606,177.68056789173224,1.2162943505816293,0.5,0.5,1e-06,0.0517229028046131,0.080256666338766,0.5748641049104775,0.0024163770672313,0.0,canonical epsilon=1e-12; zero-vector effects retained,"population, time axis then sample/feature mean",95,271,400,512,681,48.67786369607576,5.987908035995212,398.5799223127827,0.4982249028909783,tables/5_seed_review/gate_per_seed.csv,1.0,nan
N-MNIST,SNN-DFA,20260901,H3,completed_epoch_100,results/experiment03_soft_spectral/experiment03_20260831_server/checkpoints/full_dense/seed_20260901/epoch_100.pt,554990a77b2d2e8f6498d66d6182e5b9f7b8a61fd2c63c09d3ded066f44b5563,basis_eval,512,30,800,same_trained_model_and_neuron_coordinates,True,random_sparsity,0.75,nan,global_frobenius_norm_matched,204635190121.0,0.75,0.75,False,0.0039976635020654,0.0506826283618039,177.66412049543425,1.141626372174197,0.75,0.75,1e-06,0.0339820832014083,0.0517383253922834,0.724720539967226,0.0024493787331391,0.0,canonical epsilon=1e-12; zero-vector effects retained,"population, time axis then sample/feature mean",90,257,384,496,671,32.96438407895031,5.9314298779714205,376.692753594798,0.4708659419934975,tables/5_seed_review/gate_per_seed.csv,1.0,nan
N-MNIST,SNN-DFA,20260901,H3,completed_epoch_100,results/experiment03_soft_spectral/experiment03_20260831_server/checkpoints/full_dense/seed_20260901/epoch_100.pt,554990a77b2d2e8f6498d66d6182e5b9f7b8a61fd2c63c09d3ded066f44b5563,basis_eval,512,30,800,same_trained_model_and_neuron_coordinates,True,random_sparsity,ann_matched,nan,global_frobenius_norm_matched,204635190121.0,0.8770187174479167,0.8770187174479167,False,0.0027993055993916,0.0506795988124648,177.6535006393545,1.0299970001631968,0.8770187174479167,0.8770187174479167,1e-06,0.0228433869779109,0.0337375562815257,0.9484588870042354,0.0024667315400117,0.0,canonical epsilon=1e-12; zero-vector effects retained,"population, time axis then sample/feature mean",70,220,347,461,643,21.365869690982525,5.747263867661834,313.3321680694803,0.3916652100868504,tables/5_seed_review/gate_per_seed.csv,1.0,nan
N-MNIST,SNN-DFA,20260901,H3,completed_epoch_100,results/experiment03_soft_spectral/experiment03_20260831_server/checkpoints/full_dense/seed_20260901/epoch_100.pt,554990a77b2d2e8f6498d66d6182e5b9f7b8a61fd2c63c09d3ded066f44b5563,basis_eval,512,30,800,same_trained_model_and_neuron_coordinates,True,random_sparsity,0,nan,global_frobenius_norm_matched,204635190122.0,0.0,0.0,False,0.007992614992574,0.0506946907210867,177.70640418360176,1.2622161225251112,0.0,0.0,1e-06,0.0856544226408004,0.1364355746944233,0.4768006940193525,0.0023495129215,0.0,canonical epsilon=1e-12; zero-vector effects retained,"population, time axis then sample/feature mean",95,273,404,516,685,41.68307580580713,5.969187366391296,391.1876493187913,0.4889845616484891,tables/5_seed_review/gate_per_seed.csv,2.0,nan
N-MNIST,SNN-DFA,20260901,H3,completed_epoch_100,results/experiment03_soft_spectral/experiment03_20260831_server/checkpoints/full_dense/seed_20260901/epoch_100.pt,554990a77b2d2e8f6498d66d6182e5b9f7b8a61fd2c63c09d3ded066f44b5563,basis_eval,512,30,800,same_trained_model_and_neuron_coordinates,True,random_sparsity,0.25,nan,global_frobenius_norm_matched,204635190122.0,0.25,0.25,False,0.0069233258329602,0.0506920542576975,177.69716226059478,1.245554960541786,0.25,0.25,1e-06,0.0684015676379203,0.1088354279727096,0.5123062869260794,0.002383030456212,0.0,canonical epsilon=1e-12; zero-vector effects retained,"population, time axis then sample/feature mean",99,279,409,520,686,46.31143639038108,6.003684625459793,404.91801943148846,0.5061475242893606,tables/5_seed_review/gate_per_seed.csv,2.0,nan
N-MNIST,SNN-DFA,20260901,H3,completed_epoch_100,results/experiment03_soft_spectral/experiment03_20260831_server/checkpoints/full_dense/seed_20260901/epoch_100.pt,554990a77b2d2e8f6498d66d6182e5b9f7b8a61fd2c63c09d3ded066f44b5563,basis_eval,512,30,800,same_trained_model_and_neuron_coordinates,True,random_sparsity,0.50,nan,global_frobenius_norm_matched,204635190122.0,0.5,0.5,False,0.0056470165882646,0.050687264629783,177.68037258218664,1.2186069512397828,0.5,0.5,1e-06,0.0509751066565513,0.080875969574409,0.5687655601809776,0.0024162336938327,0.0,canonical epsilon=1e-12; zero-vector effects retained,"population, time axis then sample/feature mean",101,280,409,520,684,47.57717783586302,6.022718991747558,412.69919729475,0.5158739966184375,tables/5_seed_review/gate_per_seed.csv,2.0,nan
N-MNIST,SNN-DFA,20260901,H3,completed_epoch_100,results/experiment03_soft_spectral/experiment03_20260831_server/checkpoints/full_dense/seed_20260901/epoch_100.pt,554990a77b2d2e8f6498d66d6182e5b9f7b8a61fd2c63c09d3ded066f44b5563,basis_eval,512,30,800,same_trained_model_and_neuron_coordinates,True,random_sparsity,0.75,nan,global_frobenius_norm_matched,204635190122.0,0.75,0.75,False,0.0040017345734709,0.0506826332410592,177.6641375992964,1.1444135898749574,0.75,0.75,1e-06,0.0334734581410884,0.0516871592493042,0.7190742331294779,0.0024496757582411,0.0,canonical epsilon=1e-12; zero-vector effects retained,"population, time axis then sample/feature mean",91,259,388,501,673,60.48456146418105,5.95966239737958,387.47928813068825,0.4843491101633603,tables/5_seed_review/gate_per_seed.csv,2.0,nan
N-MNIST,SNN-DFA,20260901,H3,completed_epoch_100,results/experiment03_soft_spectral/experiment03_20260831_server/checkpoints/full_dense/seed_20260901/epoch_100.pt,554990a77b2d2e8f6498d66d6182e5b9f7b8a61fd2c63c09d3ded066f44b5563,basis_eval,512,30,800,same_trained_model_and_neuron_coordinates,True,random_sparsity,ann_matched,nan,global_frobenius_norm_matched,204635190122.0,0.8770187174479167,0.8770187174479167,False,0.0028126547846887,0.0506796032873356,177.65351632567618,1.0365290204032176,0.8770187174479167,0.8770187174479167,1e-06,0.0229995436966419,0.0341139405710973,0.9366130413288754,0.0024663444990857,0.0,canonical epsilon=1e-12; zero-vector effects retained,"population, time axis then sample/feature mean",78,230,354,466,654,43.32922153345473,5.844356293209896,345.2802110145272,0.431600263768159,tables/5_seed_review/gate_per_seed.csv,2.0,nan
N-MNIST,SNN-DFA,20260901,H3,completed_epoch_100,results/experiment03_soft_spectral/experiment03_20260831_server/checkpoints/full_dense/seed_20260901/epoch_100.pt,554990a77b2d2e8f6498d66d6182e5b9f7b8a61fd2c63c09d3ded066f44b5563,basis_eval,512,30,800,same_trained_model_and_neuron_coordinates,True,random_sparsity,0,nan,global_frobenius_norm_matched,204635190123.0,0.0,0.0,False,0.007992614992574,0.0506946907210867,177.70640418360176,1.2622161225251112,0.0,0.0,1e-06,0.0856544226408004,0.1364355746944233,0.4768006940193525,0.0023495129215,0.0,canonical epsilon=1e-12; zero-vector effects retained,"population, time axis then sample/feature mean",95,273,404,516,685,41.68307580580713,5.969187366391296,391.1876493187913,0.4889845616484891,tables/5_seed_review/gate_per_seed.csv,3.0,nan
N-MNIST,SNN-DFA,20260901,H3,completed_epoch_100,results/experiment03_soft_spectral/experiment03_20260831_server/checkpoints/full_dense/seed_20260901/epoch_100.pt,554990a77b2d2e8f6498d66d6182e5b9f7b8a61fd2c63c09d3ded066f44b5563,basis_eval,512,30,800,same_trained_model_and_neuron_coordinates,True,random_sparsity,0.25,nan,global_frobenius_norm_matched,204635190123.0,0.25,0.25,False,0.0069228375546036,0.0506920473731289,177.69713812726135,1.245222481625824,0.25,0.25,1e-06,0.0685732066631317,0.1090566960322702,0.5131281700232686,0.0023830133335888,0.0,canonical epsilon=1e-12; zero-vector effects retained,"population, time axis then sample/feature mean",94,271,401,513,683,48.32446235679965,5.9753740158780415,393.6152919325468,0.4920191149156835,tables/5_seed_review/gate_per_seed.csv,3.0,nan
N-MNIST,SNN-DFA,20260901,H3,completed_epoch_100,results/experiment03_soft_spectral/experiment03_20260831_server/checkpoints/full_dense/seed_20260901/epoch_100.pt,554990a77b2d2e8f6498d66d6182e5b9f7b8a61fd2c63c09d3ded066f44b5563,basis_eval,512,30,800,same_trained_model_and_neuron_coordinates,True,random_sparsity,0.50,nan,global_frobenius_norm_matched,204635190123.0,0.5,0.5,False,0.0056573587935478,0.0506873641807475,177.6807215505642,1.2159471322958175,0.5,0.5,1e-06,0.0517294555902481,0.0807930710574769,0.5747494233558977,0.002415945335472,0.0,canonical epsilon=1e-12; zero-vector effects retained,"population, time axis then sample/feature mean",94,269,398,509,678,57.9521365289981,5.982501035537248,396.4306163757562,0.4955382704696952,tables/5_seed_review/gate_per_seed.csv,3.0,nan
N-MNIST,SNN-DFA,20260901,H3,completed_epoch_100,results/experiment03_soft_spectral/experiment03_20260831_server/checkpoints/full_dense/seed_20260901/epoch_100.pt,554990a77b2d2e8f6498d66d6182e5b9f7b8a61fd2c63c09d3ded066f44b5563,basis_eval,512,30,800,same_trained_model_and_neuron_coordinates,True,random_sparsity,0.75,nan,global_frobenius_norm_matched,204635190123.0,0.75,0.75,False,0.0040028918907596,0.0506826611521232,177.6642354394199,1.142684662811173,0.75,0.75,1e-06,0.0339681170880794,0.0521055732325388,0.72358369909213,0.0024488833819126,0.0,canonical epsilon=1e-12; zero-vector effects retained,"population, time axis then sample/feature mean",86,253,378,489,664,45.05269661361527,5.905344458626717,366.99361813546665,0.4587420226693333,tables/5_seed_review/gate_per_seed.csv,3.0,nan
N-MNIST,SNN-DFA,20260901,H3,completed_epoch_100,results/experiment03_soft_spectral/experiment03_20260831_server/checkpoints/full_dense/seed_20260901/epoch_100.pt,554990a77b2d2e8f6498d66d6182e5b9f7b8a61fd2c63c09d3ded066f44b5563,basis_eval,512,30,800,same_trained_model_and_neuron_coordinates,True,random_sparsity,ann_matched,nan,global_frobenius_norm_matched,204635190123.0,0.8770187174479167,0.8770187174479167,False,0.0028064694239299,0.0506795680029359,177.65339263888268,1.0315365998074248,0.8770187174479167,0.8770187174479167,1e-06,0.0231765322387218,0.0329721667416416,0.9456384180881444,0.0024658563253384,0.0,canonical epsilon=1e-12; zero-vector effects retained,"population, time axis then sample/feature mean",69,220,342,454,638,44.219663091838015,5.770084646398525,320.5648661603772,0.4007060827004715,tables/5_seed_review/gate_per_seed.csv,3.0,nan
N-MNIST,SNN-DFA,20260901,H3,completed_epoch_100,results/experiment03_soft_spectral/experiment03_20260831_server/checkpoints/full_dense/seed_20260901/epoch_100.pt,554990a77b2d2e8f6498d66d6182e5b9f7b8a61fd2c63c09d3ded066f44b5563,basis_eval,512,30,800,same_trained_model_and_neuron_coordinates,True,random_sparsity,0,nan,global_frobenius_norm_matched,204635190124.0,0.0,0.0,False,0.007992614992574,0.0506946907210867,177.70640418360176,1.2622161225251112,0.0,0.0,1e-06,0.0856544226408004,0.1364355746944233,0.4768006940193525,0.0023495129215,0.0,canonical epsilon=1e-12; zero-vector effects retained,"population, time axis then sample/feature mean",95,273,404,516,685,41.68307580580713,5.969187366391296,391.1876493187913,0.4889845616484891,tables/5_seed_review/gate_per_seed.csv,4.0,nan
N-MNIST,SNN-DFA,20260901,H3,completed_epoch_100,results/experiment03_soft_spectral/experiment03_20260831_server/checkpoints/full_dense/seed_20260901/epoch_100.pt,554990a77b2d2e8f6498d66d6182e5b9f7b8a61fd2c63c09d3ded066f44b5563,basis_eval,512,30,800,same_trained_model_and_neuron_coordinates,True,random_sparsity,0.25,nan,global_frobenius_norm_matched,204635190124.0,0.25,0.25,False,0.0069214665862939,0.0506920872623217,177.69727795581088,1.2465379049864382,0.25,0.25,1e-06,0.0684180408716201,0.108658223665709,0.510626426507963,0.0023827061028541,0.0,canonical epsilon=1e-12; zero-vector effects retained,"population, time axis then sample/feature mean",96,273,403,515,684,51.27467958566045,5.986544606459372,398.036856974097,0.4975460712176213,tables/5_seed_review/gate_per_seed.csv,4.0,nan
N-MNIST,SNN-DFA,20260901,H3,completed_epoch_100,results/experiment03_soft_spectral/experiment03_20260831_server/checkpoints/full_dense/seed_20260901/epoch_100.pt,554990a77b2d2e8f6498d66d6182e5b9f7b8a61fd2c63c09d3ded066f44b5563,basis_eval,512,30,800,same_trained_model_and_neuron_coordinates,True,random_sparsity,0.50,nan,global_frobenius_norm_matched,204635190124.0,0.5,0.5,False,0.005650817709265,0.0506872641216079,177.68037080081575,1.2169398740720383,0.5,0.5,1e-06,0.051562488079071,0.081827449677407,0.5726005001383669,0.0024157777458414,0.0,canonical epsilon=1e-12; zero-vector effects retained,"population, time axis then sample/feature mean",91,266,395,508,680,56.54364215085948,5.963101607852118,388.8142051708495,0.4860177564635619,tables/5_seed_review/gate_per_seed.csv,4.0,nan
N-MNIST,SNN-DFA,20260901,H3,completed_epoch_100,results/experiment03_soft_spectral/experiment03_20260831_server/checkpoints/full_dense/seed_20260901/epoch_100.pt,554990a77b2d2e8f6498d66d6182e5b9f7b8a61fd2c63c09d3ded066f44b5563,basis_eval,512,30,800,same_trained_model_and_neuron_coordinates,True,random_sparsity,0.75,nan,global_frobenius_norm_matched,204635190124.0,0.75,0.75,False,0.0039933207185496,0.0506826056041109,177.6640407200625,1.1428054204162814,0.75,0.75,1e-06,0.0335414111614227,0.0535572945464322,0.7211996203432436,0.002449032765146,0.0,canonical epsilon=1e-12; zero-vector effects retained,"population, time axis then sample/feature mean",87,256,383,495,671,51.43248946862518,5.91105230752764,369.0943518873968,0.4613679398592459,tables/5_seed_review/gate_per_seed.csv,4.0,nan
N-MNIST,SNN-DFA,20260901,H3,completed_epoch_100,results/experiment03_soft_spectral/experiment03_20260831_server/checkpoints/full_dense/seed_20260901/epoch_100.pt,554990a77b2d2e8f6498d66d6182e5b9f7b8a61fd2c63c09d3ded066f44b5563,basis_eval,512,30,800,same_trained_model_and_neuron_coordinates,True,random_sparsity,ann_matched,nan,global_frobenius_norm_matched,204635190124.0,0.8770187174479167,0.8770187174479167,False,0.002803001513266,0.0506794368968323,177.65293305635217,1.0361244458133456,0.8770187174479167,0.8770187174479167,1e-06,0.0227406360208988,0.0348517309177009,0.935383116474998,0.0024663862922313,0.0,canonical epsilon=1e-12; zero-vector effects retained,"population, time axis then sample/feature mean",75,237,362,478,660,43.993375157824886,5.830289939643025,340.45737685316766,0.4255717210664596,tables/5_seed_review/gate_per_seed.csv,4.0,nan
N-MNIST,SNN-DFA,20260901,H3,completed_epoch_100,results/experiment03_soft_spectral/experiment03_20260831_server/checkpoints/full_dense/seed_20260901/epoch_100.pt,554990a77b2d2e8f6498d66d6182e5b9f7b8a61fd2c63c09d3ded066f44b5563,basis_eval,512,30,800,same_trained_model_and_neuron_coordinates,True,random_sparsity,0,nan,global_frobenius_norm_matched,204635190125.0,0.0,0.0,False,0.007992614992574,0.0506946907210867,177.70640418360176,1.2622161225251112,0.0,0.0,1e-06,0.0856544226408004,0.1364355746944233,0.4768006940193525,0.0023495129215,0.0,canonical epsilon=1e-12; zero-vector effects retained,"population, time axis then sample/feature mean",95,273,404,516,685,41.68307580580713,5.969187366391296,391.1876493187913,0.4889845616484891,tables/5_seed_review/gate_per_seed.csv,5.0,nan
N-MNIST,SNN-DFA,20260901,H3,completed_epoch_100,results/experiment03_soft_spectral/experiment03_20260831_server/checkpoints/full_dense/seed_20260901/epoch_100.pt,554990a77b2d2e8f6498d66d6182e5b9f7b8a61fd2c63c09d3ded066f44b5563,basis_eval,512,30,800,same_trained_model_and_neuron_coordinates,True,random_sparsity,0.25,nan,global_frobenius_norm_matched,204635190125.0,0.25,0.25,False,0.0069232195783714,0.0506920989214493,177.69731882599618,1.2458222740503615,0.25,0.25,1e-06,0.0687045156955719,0.1092309018652628,0.5133060856220897,0.0023829736263956,0.0,canonical epsilon=1e-12; zero-vector effects retained,"population, time axis then sample/feature mean",94,272,403,515,684,46.67259646336278,5.978974558410638,395.0350749934516,0.4937938437418145,tables/5_seed_review/gate_per_seed.csv,5.0,nan
N-MNIST,SNN-DFA,20260901,H3,completed_epoch_100,results/experiment03_soft_spectral/experiment03_20260831_server/checkpoints/full_dense/seed_20260901/epoch_100.pt,554990a77b2d2e8f6498d66d6182e5b9f7b8a61fd2c63c09d3ded066f44b5563,basis_eval,512,30,800,same_trained_model_and_neuron_coordinates,True,random_sparsity,0.50,nan,global_frobenius_norm_matched,204635190125.0,0.5,0.5,False,0.0056525911304914,0.0506873221294173,177.68057414280534,1.2154802543212226,0.5,0.5,1e-06,0.0513494163751602,0.080259884160312,0.5768509536505986,0.0024163187739603,0.0,canonical epsilon=1e-12; zero-vector effects retained,"population, time axis then sample/feature mean",94,273,402,514,683,39.98894243204991,5.978730817997871,394.93880071465816,0.4936735008933227,tables/5_seed_review/gate_per_seed.csv,5.0,nan
N-MNIST,SNN-DFA,20260901,H3,completed_epoch_100,results/experiment03_soft_spectral/experiment03_20260831_server/checkpoints/full_dense/seed_20260901/epoch_100.pt,554990a77b2d2e8f6498d66d6182e5b9f7b8a61fd2c63c09d3ded066f44b5563,basis_eval,512,30,800,same_trained_model_and_neuron_coordinates,True,random_sparsity,0.75,nan,global_frobenius_norm_matched,204635190125.0,0.75,0.75,False,0.0039907133404792,0.0506826105498695,177.6640580570449,1.142339622086327,0.75,0.75,1e-06,0.0337355732917785,0.0501157737259776,0.7236603004273812,0.0024490851636996,0.0,canonical epsilon=1e-12; zero-vector effects retained,"population, time axis then sample/feature mean",90,260,386,497,673,27.546477722797786,5.918062173298409,371.6907432966819,0.4646134291208523,tables/5_seed_review/gate_per_seed.csv,5.0,nan
N-MNIST,SNN-DFA,20260901,H3,completed_epoch_100,results/experiment03_soft_spectral/experiment03_20260831_server/checkpoints/full_dense/seed_20260901/epoch_100.pt,554990a77b2d2e8f6498d66d6182e5b9f7b8a61fd2c63c09d3ded066f44b5563,basis_eval,512,30,800,same_trained_model_and_neuron_coordinates,True,random_sparsity,ann_matched,nan,global_frobenius_norm_matched,204635190125.0,0.8770187174479167,0.8770187174479167,False,0.0028009957154408,0.0506795024940697,177.65316300250714,1.035233858685673,0.8770187174479167,0.8770187174479167,1e-06,0.022688902914524,0.0318548565609638,0.9363539652956951,0.0024660052158865,0.0,canonical epsilon=1e-12; zero-vector effects retained,"population, time axis then sample/feature mean",77,235,358,469,653,27.73011489430863,5.817051379670463,335.9799144220059,0.4199748930275073,tables/5_seed_review/gate_per_seed.csv,5.0,nan
N-MNIST,SNN-DFA,20260901,H3,completed_epoch_100,results/experiment03_soft_spectral/experiment03_20260831_server/checkpoints/full_dense/seed_20260901/epoch_100.pt,554990a77b2d2e8f6498d66d6182e5b9f7b8a61fd2c63c09d3ded066f44b5563,basis_eval,512,30,800,same_trained_model_and_neuron_coordinates,True,random_sparsity,0,nan,global_frobenius_norm_matched,204635190126.0,0.0,0.0,False,0.007992614992574,0.0506946907210867,177.70640418360176,1.2622161225251112,0.0,0.0,1e-06,0.0856544226408004,0.1364355746944233,0.4768006940193525,0.0023495129215,0.0,canonical epsilon=1e-12; zero-vector effects retained,"population, time axis then sample/feature mean",95,273,404,516,685,41.68307580580713,5.969187366391296,391.1876493187913,0.4889845616484891,tables/5_seed_review/gate_per_seed.csv,6.0,nan
N-MNIST,SNN-DFA,20260901,H3,completed_epoch_100,results/experiment03_soft_spectral/experiment03_20260831_server/checkpoints/full_dense/seed_20260901/epoch_100.pt,554990a77b2d2e8f6498d66d6182e5b9f7b8a61fd2c63c09d3ded066f44b5563,basis_eval,512,30,800,same_trained_model_and_neuron_coordinates,True,random_sparsity,0.25,nan,global_frobenius_norm_matched,204635190126.0,0.25,0.25,False,0.0069190082100468,0.0506921006322612,177.6973248231207,1.2457643556090243,0.25,0.25,1e-06,0.0685155987739563,0.1083167851193886,0.5114489061945613,0.0023831225287176,0.0,canonical epsilon=1e-12; zero-vector effects retained,"population, time axis then sample/feature mean",99,278,408,520,686,51.288717076964126,6.010083556130307,407.51736942579606,0.5093967117822451,tables/5_seed_review/gate_per_seed.csv,6.0,nan
N-MNIST,SNN-DFA,20260901,H3,completed_epoch_100,results/experiment03_soft_spectral/experiment03_20260831_server/checkpoints/full_dense/seed_20260901/epoch_100.pt,554990a77b2d2e8f6498d66d6182e5b9f7b8a61fd2c63c09d3ded066f44b5563,basis_eval,512,30,800,same_trained_model_and_neuron_coordinates,True,random_sparsity,0.50,nan,global_frobenius_norm_matched,204635190126.0,0.5,0.5,False,0.0056511526449375,0.0506873427808931,177.6806465349904,1.2163592595393709,0.5,0.5,1e-06,0.0512402988970279,0.0795210096095234,0.573855321969305,0.0024162303827347,0.0,canonical epsilon=1e-12; zero-vector effects retained,"population, time axis then sample/feature mean",100,276,405,517,683,58.71106131353453,6.018513854483498,410.9673843289723,0.5137092304112154,tables/5_seed_review/gate_per_seed.csv,6.0,nan
N-MNIST,SNN-DFA,20260901,H3,completed_epoch_100,results/experiment03_soft_spectral/experiment03_20260831_server/checkpoints/full_dense/seed_20260901/epoch_100.pt,554990a77b2d2e8f6498d66d6182e5b9f7b8a61fd2c63c09d3ded066f44b5563,basis_eval,512,30,800,same_trained_model_and_neuron_coordinates,True,random_sparsity,0.75,nan,global_frobenius_norm_matched,204635190126.0,0.75,0.75,False,0.0039985655836907,0.0506826028536178,177.66403107841813,1.1430230019550047,0.75,0.75,1e-06,0.0337084084749221,0.0512233001591842,0.72148899751844,0.0024495354230203,0.0,canonical epsilon=1e-12; zero-vector effects retained,"population, time axis then sample/feature mean",97,270,397,507,675,65.91082865284703,5.995245102569353,401.5150843101392,0.501893855387674,tables/5_seed_review/gate_per_seed.csv,6.0,nan
N-MNIST,SNN-DFA,20260901,H3,completed_epoch_100,results/experiment03_soft_spectral/experiment03_20260831_server/checkpoints/full_dense/seed_20260901/epoch_100.pt,554990a77b2d2e8f6498d66d6182e5b9f7b8a61fd2c63c09d3ded066f44b5563,basis_eval,512,30,800,same_trained_model_and_neuron_coordinates,True,random_sparsity,ann_matched,nan,global_frobenius_norm_matched,204635190126.0,0.8770187174479167,0.8770187174479167,False,0.0028024556768308,0.0506795178792403,177.65321693405812,1.0345385451636446,0.8770187174479167,0.8770187174479167,1e-06,0.0231871008872985,0.0330694349165611,0.9367569976572652,0.0024662847450321,0.0,canonical epsilon=1e-12; zero-vector effects retained,"population, time axis then sample/feature mean",75,233,356,465,648,43.57971575757549,5.814002819387376,334.95721906526063,0.4186965238315758,tables/5_seed_review/gate_per_seed.csv,6.0,nan
N-MNIST,SNN-DFA,20260901,H3,completed_epoch_100,results/experiment03_soft_spectral/experiment03_20260831_server/checkpoints/full_dense/seed_20260901/epoch_100.pt,554990a77b2d2e8f6498d66d6182e5b9f7b8a61fd2c63c09d3ded066f44b5563,basis_eval,512,30,800,same_trained_model_and_neuron_coordinates,True,random_sparsity,0,nan,global_frobenius_norm_matched,204635190127.0,0.0,0.0,False,0.007992614992574,0.0506946907210867,177.70640418360176,1.2622161225251112,0.0,0.0,1e-06,0.0856544226408004,0.1364355746944233,0.4768006940193525,0.0023495129215,0.0,canonical epsilon=1e-12; zero-vector effects retained,"population, time axis then sample/feature mean",95,273,404,516,685,41.68307580580713,5.969187366391296,391.1876493187913,0.4889845616484891,tables/5_seed_review/gate_per_seed.csv,7.0,nan
N-MNIST,SNN-DFA,20260901,H3,completed_epoch_100,results/experiment03_soft_spectral/experiment03_20260831_server/checkpoints/full_dense/seed_20260901/epoch_100.pt,554990a77b2d2e8f6498d66d6182e5b9f7b8a61fd2c63c09d3ded066f44b5563,basis_eval,512,30,800,same_trained_model_and_neuron_coordinates,True,random_sparsity,0.25,nan,global_frobenius_norm_matched,204635190127.0,0.25,0.25,False,0.0069259208511577,0.0506920907413541,177.6972901512935,1.247699302050186,0.25,0.25,1e-06,0.0685012340545654,0.1090348994489225,0.5084321721286655,0.0023826296696715,0.0,canonical epsilon=1e-12; zero-vector effects retained,"population, time axis then sample/feature mean",98,276,406,517,685,52.47236871864883,6.006202043642075,405.9386515558602,0.5074233144448252,tables/5_seed_review/gate_per_seed.csv,7.0,nan
N-MNIST,SNN-DFA,20260901,H3,completed_epoch_100,results/experiment03_soft_spectral/experiment03_20260831_server/checkpoints/full_dense/seed_20260901/epoch_100.pt,554990a77b2d2e8f6498d66d6182e5b9f7b8a61fd2c63c09d3ded066f44b5563,basis_eval,512,30,800,same_trained_model_and_neuron_coordinates,True,random_sparsity,0.50,nan,global_frobenius_norm_matched,204635190127.0,0.5,0.5,False,0.0056558122846397,0.0506873069304775,177.68052086407235,1.2183478724882255,0.5,0.5,1e-06,0.0510591603815555,0.0811456856111855,0.5693020461005731,0.0024159765554644,0.0,canonical epsilon=1e-12; zero-vector effects retained,"population, time axis then sample/feature mean",99,275,404,514,682,52.8798901685723,6.010579748047538,407.71962642563074,0.5096495330320384,tables/5_seed_review/gate_per_seed.csv,7.0,nan
N-MNIST,SNN-DFA,20260901,H3,completed_epoch_100,results/experiment03_soft_spectral/experiment03_20260831_server/checkpoints/full_dense/seed_20260901/epoch_100.pt,554990a77b2d2e8f6498d66d6182e5b9f7b8a61fd2c63c09d3ded066f44b5563,basis_eval,512,30,800,same_trained_model_and_neuron_coordinates,True,random_sparsity,0.75,nan,global_frobenius_norm_matched,204635190127.0,0.75,0.75,False,0.0039957906214618,0.0506825715563938,177.6639213683655,1.1424441333209585,0.75,0.75,1e-06,0.0333934240043163,0.0508245072405831,0.7227357496815835,0.0024500073106639,0.0,canonical epsilon=1e-12; zero-vector effects retained,"population, time axis then sample/feature mean",91,265,392,501,674,35.74950686348735,5.9497658872200745,383.6635080158067,0.4795793850197584,tables/5_seed_review/gate_per_seed.csv,7.0,nan
N-MNIST,SNN-DFA,20260901,H3,completed_epoch_100,results/experiment03_soft_spectral/experiment03_20260831_server/checkpoints/full_dense/seed_20260901/epoch_100.pt,554990a77b2d2e8f6498d66d6182e5b9f7b8a61fd2c63c09d3ded066f44b5563,basis_eval,512,30,800,same_trained_model_and_neuron_coordinates,True,random_sparsity,ann_matched,nan,global_frobenius_norm_matched,204635190127.0,0.8770187174479167,0.8770187174479167,False,0.0028065512858607,0.0506794746009736,177.65306522536807,1.0372883893466365,0.8770187174479167,0.8770187174479167,1e-06,0.0227320343255996,0.03358061434956,0.9315220392130386,0.0024663363138798,0.0,canonical epsilon=1e-12; zero-vector effects retained,"population, time axis then sample/feature mean",69,224,349,461,646,20.787137615584864,5.7267890759301325,306.9819883296736,0.383727485412092,tables/5_seed_review/gate_per_seed.csv,7.0,nan
N-MNIST,SNN-DFA,20260901,H3,completed_epoch_100,results/experiment03_soft_spectral/experiment03_20260831_server/checkpoints/full_dense/seed_20260901/epoch_100.pt,554990a77b2d2e8f6498d66d6182e5b9f7b8a61fd2c63c09d3ded066f44b5563,basis_eval,512,30,800,same_trained_model_and_neuron_coordinates,True,random_sparsity,0,nan,global_frobenius_norm_matched,204635190128.0,0.0,0.0,False,0.007992614992574,0.0506946907210867,177.70640418360176,1.2622161225251112,0.0,0.0,1e-06,0.0856544226408004,0.1364355746944233,0.4768006940193525,0.0023495129215,0.0,canonical epsilon=1e-12; zero-vector effects retained,"population, time axis then sample/feature mean",95,273,404,516,685,41.68307580580713,5.969187366391296,391.1876493187913,0.4889845616484891,tables/5_seed_review/gate_per_seed.csv,8.0,nan
N-MNIST,SNN-DFA,20260901,H3,completed_epoch_100,results/experiment03_soft_spectral/experiment03_20260831_server/checkpoints/full_dense/seed_20260901/epoch_100.pt,554990a77b2d2e8f6498d66d6182e5b9f7b8a61fd2c63c09d3ded066f44b5563,basis_eval,512,30,800,same_trained_model_and_neuron_coordinates,True,random_sparsity,0.25,nan,global_frobenius_norm_matched,204635190128.0,0.25,0.25,False,0.0069208742801183,0.0506921138801053,177.69737126243555,1.2463988192593236,0.25,0.25,1e-06,0.0683164894580841,0.1085809961922253,0.5117981765323351,0.0023831045277171,0.0,canonical epsilon=1e-12; zero-vector effects retained,"population, time axis then sample/feature mean",98,277,406,517,685,50.58220462096492,6.002774596534908,404.5496999377139,0.5056871249221424,tables/5_seed_review/gate_per_seed.csv,8.0,nan
N-MNIST,SNN-DFA,20260901,H3,completed_epoch_100,results/experiment03_soft_spectral/experiment03_20260831_server/checkpoints/full_dense/seed_20260901/epoch_100.pt,554990a77b2d2e8f6498d66d6182e5b9f7b8a61fd2c63c09d3ded066f44b5563,basis_eval,512,30,800,same_trained_model_and_neuron_coordinates,True,random_sparsity,0.50,nan,global_frobenius_norm_matched,204635190128.0,0.5,0.5,False,0.0056512175990918,0.0506874232165538,177.68092849611784,1.217342915932654,0.5,0.5,1e-06,0.0511367842555046,0.0808866600469372,0.5734839314544249,0.0024160716111064,0.0,canonical epsilon=1e-12; zero-vector effects retained,"population, time axis then sample/feature mean",101,279,407,518,685,63.45250270245017,6.028397815931564,415.0495106690056,0.5188118883362569,tables/5_seed_review/gate_per_seed.csv,8.0,nan
N-MNIST,SNN-DFA,20260901,H3,completed_epoch_100,results/experiment03_soft_spectral/experiment03_20260831_server/checkpoints/full_dense/seed_20260901/epoch_100.pt,554990a77b2d2e8f6498d66d6182e5b9f7b8a61fd2c63c09d3ded066f44b5563,basis_eval,512,30,800,same_trained_model_and_neuron_coordinates,True,random_sparsity,0.75,nan,global_frobenius_norm_matched,204635190128.0,0.75,0.75,False,0.003996265084777,0.0506825985071233,177.66401584210973,1.145921742545095,0.75,0.75,1e-06,0.0336840413510799,0.0510629033765647,0.7177016336206986,0.0024495589709403,0.0,canonical epsilon=1e-12; zero-vector effects retained,"population, time axis then sample/feature mean",94,265,394,507,678,47.59152901820186,5.981143131115067,395.892666813397,0.4948658335167462,tables/5_seed_review/gate_per_seed.csv,8.0,nan
N-MNIST,SNN-DFA,20260901,H3,completed_epoch_100,results/experiment03_soft_spectral/experiment03_20260831_server/checkpoints/full_dense/seed_20260901/epoch_100.pt,554990a77b2d2e8f6498d66d6182e5b9f7b8a61fd2c63c09d3ded066f44b5563,basis_eval,512,30,800,same_trained_model_and_neuron_coordinates,True,random_sparsity,ann_matched,nan,global_frobenius_norm_matched,204635190128.0,0.8770187174479167,0.8770187174479167,False,0.0028067600618656,0.0506795014148464,177.65315921937113,1.0367228038565024,0.8770187174479167,0.8770187174479167,1e-06,0.0228653382509946,0.0327798821184088,0.9356336335221168,0.0024660676565852,0.0,canonical epsilon=1e-12; zero-vector effects retained,"population, time axis then sample/feature mean",77,230,350,462,648,25.16797112253612,5.788677777588893,326.58092615434543,0.4082261576929318,tables/5_seed_review/gate_per_seed.csv,8.0,nan
N-MNIST,SNN-DFA,20260901,H3,completed_epoch_100,results/experiment03_soft_spectral/experiment03_20260831_server/checkpoints/full_dense/seed_20260901/epoch_100.pt,554990a77b2d2e8f6498d66d6182e5b9f7b8a61fd2c63c09d3ded066f44b5563,basis_eval,512,30,800,same_trained_model_and_neuron_coordinates,True,random_sparsity,0,nan,global_frobenius_norm_matched,204635190129.0,0.0,0.0,False,0.007992614992574,0.0506946907210867,177.70640418360176,1.2622161225251112,0.0,0.0,1e-06,0.0856544226408004,0.1364355746944233,0.4768006940193525,0.0023495129215,0.0,canonical epsilon=1e-12; zero-vector effects retained,"population, time axis then sample/feature mean",95,273,404,516,685,41.68307580580713,5.969187366391296,391.1876493187913,0.4889845616484891,tables/5_seed_review/gate_per_seed.csv,9.0,nan
N-MNIST,SNN-DFA,20260901,H3,completed_epoch_100,results/experiment03_soft_spectral/experiment03_20260831_server/checkpoints/full_dense/seed_20260901/epoch_100.pt,554990a77b2d2e8f6498d66d6182e5b9f7b8a61fd2c63c09d3ded066f44b5563,basis_eval,512,30,800,same_trained_model_and_neuron_coordinates,True,random_sparsity,0.25,nan,global_frobenius_norm_matched,204635190129.0,0.25,0.25,False,0.0069235913823772,0.0506919960672199,177.69695827827368,1.2466656539736467,0.25,0.25,1e-06,0.0685293674468994,0.1090992795222158,0.5107570983497066,0.0023829339133597,0.0,canonical epsilon=1e-12; zero-vector effects retained,"population, time axis then sample/feature mean",97,276,406,518,686,47.60337120715083,5.993735661075367,400.9094779600823,0.5011368474501028,tables/5_seed_review/gate_per_seed.csv,9.0,nan
N-MNIST,SNN-DFA,20260901,H3,completed_epoch_100,results/experiment03_soft_spectral/experiment03_20260831_server/checkpoints/full_dense/seed_20260901/epoch_100.pt,554990a77b2d2e8f6498d66d6182e5b9f7b8a61fd2c63c09d3ded066f44b5563,basis_eval,512,30,800,same_trained_model_and_neuron_coordinates,True,random_sparsity,0.50,nan,global_frobenius_norm_matched,204635190129.0,0.5,0.5,False,0.0056565304461867,0.0506872841747781,177.68044109568712,1.216525225173231,0.5,0.5,1e-06,0.0512356013059616,0.0804043132601021,0.574482841964395,0.0024162262621335,0.0,canonical epsilon=1e-12; zero-vector effects retained,"population, time axis then sample/feature mean",95,271,400,511,682,59.80785914309022,5.988439637167566,398.7918641960466,0.4984898302450583,tables/5_seed_review/gate_per_seed.csv,9.0,nan
N-MNIST,SNN-DFA,20260901,H3,completed_epoch_100,results/experiment03_soft_spectral/experiment03_20260831_server/checkpoints/full_dense/seed_20260901/epoch_100.pt,554990a77b2d2e8f6498d66d6182e5b9f7b8a61fd2c63c09d3ded066f44b5563,basis_eval,512,30,800,same_trained_model_and_neuron_coordinates,True,random_sparsity,0.75,nan,global_frobenius_norm_matched,204635190129.0,0.75,0.75,False,0.0039938224471232,0.0506826931289799,177.66434753187104,1.1426857560031574,0.75,0.75,1e-06,0.0334416888654232,0.049646338388195,0.722572729313347,0.0024498169057956,0.0,canonical epsilon=1e-12; zero-vector effects retained,"population, time axis then sample/feature mean",86,255,383,495,672,44.4985215612162,5.911391838341892,369.2196920704522,0.4615246150880652,tables/5_seed_review/gate_per_seed.csv,9.0,nan
N-MNIST,SNN-DFA,20260901,H3,completed_epoch_100,results/experiment03_soft_spectral/experiment03_20260831_server/checkpoints/full_dense/seed_20260901/epoch_100.pt,554990a77b2d2e8f6498d66d6182e5b9f7b8a61fd2c63c09d3ded066f44b5563,basis_eval,512,30,800,same_trained_model_and_neuron_coordinates,True,random_sparsity,ann_matched,nan,global_frobenius_norm_matched,204635190129.0,0.8770187174479167,0.8770187174479167,False,0.0028006823906237,0.0506795318645861,177.65326595863024,1.037323607912525,0.8770187174479167,0.8770187174479167,1e-06,0.0227239746600389,0.0332633675067408,0.9328382359066532,0.0024661698472164,0.0,canonical epsilon=1e-12; zero-vector effects retained,"population, time axis then sample/feature mean",74,228,351,463,648,32.50870698431231,5.793366842427428,328.1158812315903,0.4101448515394879,tables/5_seed_review/gate_per_seed.csv,9.0,nan
N-MNIST,SNN-DFA,20260908,H1,completed_epoch_100,results/paper_v9_signal_processing/03_five_seed/checkpoints/dfa_trained/seed_20260908/epoch_100.pt,9aad88592135096912c2e9971ced9f74b63d546bdd69208e989abf481efd833e,basis_eval,512,30,800,same_trained_model_and_neuron_coordinates,True,random_sparsity,0,nan,global_frobenius_norm_matched,204635190800.0,0.0,0.0,False,0.0127484654715901,0.0654185280154216,229.3197022261208,1.788884841525267,0.0,0.0,1e-06,0.0580960139632225,0.1067043914341143,0.2070840842017045,0.0038840226140507,0.0,canonical epsilon=1e-12; zero-vector effects retained,"population, time axis then sample/feature mean",128,331,459,557,683,54.376903728769086,6.149796433048668,468.62198112400233,0.5857774764050029,tables/5_seed_review/gate_per_seed.csv,0.0,nan
N-MNIST,SNN-DFA,20260908,H1,completed_epoch_100,results/paper_v9_signal_processing/03_five_seed/checkpoints/dfa_trained/seed_20260908/epoch_100.pt,9aad88592135096912c2e9971ced9f74b63d546bdd69208e989abf481efd833e,basis_eval,512,30,800,same_trained_model_and_neuron_coordinates,True,random_sparsity,0.25,nan,global_frobenius_norm_matched,204635190800.0,0.25,0.25,False,0.0110393883625056,0.0654125047357147,229.2985880746578,1.7786489393083285,0.25,0.25,1e-06,0.0441682152450084,0.081121448684684,0.234472922495549,0.0039471442821693,0.0,canonical epsilon=1e-12; zero-vector effects retained,"population, time axis then sample/feature mean",129,331,459,556,683,67.03165615261187,6.169790358277647,478.0858688376974,0.5976073360471217,tables/5_seed_review/gate_per_seed.csv,0.0,nan
N-MNIST,SNN-DFA,20260908,H1,completed_epoch_100,results/paper_v9_signal_processing/03_five_seed/checkpoints/dfa_trained/seed_20260908/epoch_100.pt,9aad88592135096912c2e9971ced9f74b63d546bdd69208e989abf481efd833e,basis_eval,512,30,800,same_trained_model_and_neuron_coordinates,True,random_sparsity,0.50,nan,global_frobenius_norm_matched,204635190800.0,0.5,0.5,False,0.0090099820677633,0.0654055707257889,229.27428142729747,1.7573958542940669,0.5,0.5,1e-06,0.0304286703467369,0.0555307024584111,0.2834165868709463,0.0040094562361275,0.0,canonical epsilon=1e-12; zero-vector effects retained,"population, time axis then sample/feature mean",131,331,459,556,682,89.10735412390386,6.1886473200616585,487.1866526888957,0.6089833158611196,tables/5_seed_review/gate_per_seed.csv,0.0,nan
N-MNIST,SNN-DFA,20260908,H1,completed_epoch_100,results/paper_v9_signal_processing/03_five_seed/checkpoints/dfa_trained/seed_20260908/epoch_100.pt,9aad88592135096912c2e9971ced9f74b63d546bdd69208e989abf481efd833e,basis_eval,512,30,800,same_trained_model_and_neuron_coordinates,True,random_sparsity,0.75,nan,global_frobenius_norm_matched,204635190800.0,0.75,0.75,False,0.0063652277419376,0.0653976812641014,229.24662551604823,1.696564186178539,0.75,0.75,1e-06,0.0170519743114709,0.0314050010123767,0.3991727830600456,0.004070850884502,0.0,canonical epsilon=1e-12; zero-vector effects retained,"population, time axis then sample/feature mean",127,321,447,545,677,94.90622479106956,6.165102930807125,475.8501200516274,0.5948126500645343,tables/5_seed_review/gate_per_seed.csv,0.0,nan
N-MNIST,SNN-DFA,20260908,H1,completed_epoch_100,results/paper_v9_signal_processing/03_five_seed/checkpoints/dfa_trained/seed_20260908/epoch_100.pt,9aad88592135096912c2e9971ced9f74b63d546bdd69208e989abf481efd833e,basis_eval,512,30,800,same_trained_model_and_neuron_coordinates,True,random_sparsity,ann_matched,nan,global_frobenius_norm_matched,204635190800.0,0.8660709635416667,0.8660709635416667,False,0.0046567687501876,0.0653934843634113,229.23191359809329,1.5999830205067205,0.8660709635416667,0.8660709635416667,1e-06,0.0108351446688175,0.0201135353955991,0.5517615145838584,0.0040999180432012,0.0,canonical epsilon=1e-12; zero-vector effects retained,"population, time axis then sample/feature mean",117,301,426,526,666,65.06492894855863,6.101840878580399,446.6792960341288,0.5583491200426609,tables/5_seed_review/gate_per_seed.csv,0.0,nan
N-MNIST,SNN-DFA,20260908,H1,completed_epoch_100,results/paper_v9_signal_processing/03_five_seed/checkpoints/dfa_trained/seed_20260908/epoch_100.pt,9aad88592135096912c2e9971ced9f74b63d546bdd69208e989abf481efd833e,basis_eval,512,30,800,same_trained_model_and_neuron_coordinates,True,random_sparsity,0,nan,global_frobenius_norm_matched,204635190801.0,0.0,0.0,False,0.0127484654715901,0.0654185280154216,229.3197022261208,1.788884841525267,0.0,0.0,1e-06,0.0580960139632225,0.1067043914341143,0.2070840842017045,0.0038840226140507,0.0,canonical epsilon=1e-12; zero-vector effects retained,"population, time axis then sample/feature mean",128,331,459,557,683,54.376903728769086,6.149796433048668,468.62198112400233,0.5857774764050029,tables/5_seed_review/gate_per_seed.csv,1.0,nan
N-MNIST,SNN-DFA,20260908,H1,completed_epoch_100,results/paper_v9_signal_processing/03_five_seed/checkpoints/dfa_trained/seed_20260908/epoch_100.pt,9aad88592135096912c2e9971ced9f74b63d546bdd69208e989abf481efd833e,basis_eval,512,30,800,same_trained_model_and_neuron_coordinates,True,random_sparsity,0.25,nan,global_frobenius_norm_matched,204635190801.0,0.25,0.25,False,0.0110353514840504,0.0654125007001877,229.29857392842783,1.7777813672865312,0.25,0.25,1e-06,0.0442710928618907,0.0819063909928737,0.2370145936007496,0.0039465821115211,0.0,canonical epsilon=1e-12; zero-vector effects retained,"population, time axis then sample/feature mean",129,329,457,555,683,65.39783841790086,6.164471931543263,475.54995368850285,0.5944374421106285,tables/5_seed_review/gate_per_seed.csv,1.0,nan
N-MNIST,SNN-DFA,20260908,H1,completed_epoch_100,results/paper_v9_signal_processing/03_five_seed/checkpoints/dfa_trained/seed_20260908/epoch_100.pt,9aad88592135096912c2e9971ced9f74b63d546bdd69208e989abf481efd833e,basis_eval,512,30,800,same_trained_model_and_neuron_coordinates,True,random_sparsity,0.50,nan,global_frobenius_norm_matched,204635190801.0,0.5,0.5,False,0.0090028620457092,0.0654055687210225,229.2742743997392,1.7559292070625696,0.5,0.5,1e-06,0.0304446853697299,0.0561633357505587,0.287788291645573,0.0040097821171181,0.0,canonical epsilon=1e-12; zero-vector effects retained,"population, time axis then sample/feature mean",127,326,454,552,681,79.57015809369456,6.168406922429939,477.4249250005778,0.5967811562507223,tables/5_seed_review/gate_per_seed.csv,1.0,nan
N-MNIST,SNN-DFA,20260908,H1,completed_epoch_100,results/paper_v9_signal_processing/03_five_seed/checkpoints/dfa_trained/seed_20260908/epoch_100.pt,9aad88592135096912c2e9971ced9f74b63d546bdd69208e989abf481efd833e,basis_eval,512,30,800,same_trained_model_and_neuron_coordinates,True,random_sparsity,0.75,nan,global_frobenius_norm_matched,204635190801.0,0.75,0.75,False,0.0063658800812798,0.0653976682985589,229.2465800663168,1.695029733772969,0.75,0.75,1e-06,0.01716392301023,0.0320625540838126,0.4037056977426685,0.0040709166699632,0.0,canonical epsilon=1e-12; zero-vector effects retained,"population, time axis then sample/feature mean",127,322,448,545,674,67.67391826340105,6.155365344648078,471.2389756526632,0.5890487195658289,tables/5_seed_review/gate_per_seed.csv,1.0,nan
N-MNIST,SNN-DFA,20260908,H1,completed_epoch_100,results/paper_v9_signal_processing/03_five_seed/checkpoints/dfa_trained/seed_20260908/epoch_100.pt,9aad88592135096912c2e9971ced9f74b63d546bdd69208e989abf481efd833e,basis_eval,512,30,800,same_trained_model_and_neuron_coordinates,True,random_sparsity,ann_matched,nan,global_frobenius_norm_matched,204635190801.0,0.8660709635416667,0.8660709635416667,False,0.004668007933717,0.0653934346977604,229.23173949891213,1.5970771928174494,0.8660709635416667,0.8660709635416667,1e-06,0.0109861111268401,0.0204644926868884,0.5589301616163019,0.004099980373713,0.0,canonical epsilon=1e-12; zero-vector effects retained,"population, time axis then sample/feature mean",122,315,438,535,668,90.95757043158886,6.136119423745327,462.2562651377053,0.5778203314221316,tables/5_seed_review/gate_per_seed.csv,1.0,nan
N-MNIST,SNN-DFA,20260908,H1,completed_epoch_100,results/paper_v9_signal_processing/03_five_seed/checkpoints/dfa_trained/seed_20260908/epoch_100.pt,9aad88592135096912c2e9971ced9f74b63d546bdd69208e989abf481efd833e,basis_eval,512,30,800,same_trained_model_and_neuron_coordinates,True,random_sparsity,0,nan,global_frobenius_norm_matched,204635190802.0,0.0,0.0,False,0.0127484654715901,0.0654185280154216,229.3197022261208,1.788884841525267,0.0,0.0,1e-06,0.0580960139632225,0.1067043914341143,0.2070840842017045,0.0038840226140507,0.0,canonical epsilon=1e-12; zero-vector effects retained,"population, time axis then sample/feature mean",128,331,459,557,683,54.376903728769086,6.149796433048668,468.62198112400233,0.5857774764050029,tables/5_seed_review/gate_per_seed.csv,2.0,nan
N-MNIST,SNN-DFA,20260908,H1,completed_epoch_100,results/paper_v9_signal_processing/03_five_seed/checkpoints/dfa_trained/seed_20260908/epoch_100.pt,9aad88592135096912c2e9971ced9f74b63d546bdd69208e989abf481efd833e,basis_eval,512,30,800,same_trained_model_and_neuron_coordinates,True,random_sparsity,0.25,nan,global_frobenius_norm_matched,204635190802.0,0.25,0.25,False,0.0110402968901908,0.0654125147794268,229.29862328212957,1.7781118948699204,0.25,0.25,1e-06,0.0442934408783912,0.0815076355003745,0.2358057490087007,0.0039465910969155,0.0,canonical epsilon=1e-12; zero-vector effects retained,"population, time axis then sample/feature mean",129,330,458,556,683,65.01908154842478,6.16792650197574,477.19561538818766,0.5964945192352346,tables/5_seed_review/gate_per_seed.csv,2.0,nan
N-MNIST,SNN-DFA,20260908,H1,completed_epoch_100,results/paper_v9_signal_processing/03_five_seed/checkpoints/dfa_trained/seed_20260908/epoch_100.pt,9aad88592135096912c2e9971ced9f74b63d546bdd69208e989abf481efd833e,basis_eval,512,30,800,same_trained_model_and_neuron_coordinates,True,random_sparsity,0.50,nan,global_frobenius_norm_matched,204635190802.0,0.5,0.5,False,0.0090103756210655,0.0654054811793303,229.2739675289584,1.756477000711972,0.5,0.5,1e-06,0.0306631997227668,0.0564825997930819,0.2852207732651537,0.0040088491767956,0.0,canonical epsilon=1e-12; zero-vector effects retained,"population, time axis then sample/feature mean",129,328,454,552,680,83.89725209512929,6.174639653892605,480.4098788967003,0.6005123486208754,tables/5_seed_review/gate_per_seed.csv,2.0,nan
N-MNIST,SNN-DFA,20260908,H1,completed_epoch_100,results/paper_v9_signal_processing/03_five_seed/checkpoints/dfa_trained/seed_20260908/epoch_100.pt,9aad88592135096912c2e9971ced9f74b63d546bdd69208e989abf481efd833e,basis_eval,512,30,800,same_trained_model_and_neuron_coordinates,True,random_sparsity,0.75,nan,global_frobenius_norm_matched,204635190802.0,0.75,0.75,False,0.0063676980227119,0.0653976937077426,229.24666913628707,1.694839158362522,0.75,0.75,1e-06,0.0171887911856174,0.0318434472904045,0.4015171583540737,0.0040709870030876,0.0,canonical epsilon=1e-12; zero-vector effects retained,"population, time axis then sample/feature mean",126,321,447,544,676,82.298151122299,6.159454760782879,473.1700136408834,0.5914625170511042,tables/5_seed_review/gate_per_seed.csv,2.0,nan
N-MNIST,SNN-DFA,20260908,H1,completed_epoch_100,results/paper_v9_signal_processing/03_five_seed/checkpoints/dfa_trained/seed_20260908/epoch_100.pt,9aad88592135096912c2e9971ced9f74b63d546bdd69208e989abf481efd833e,basis_eval,512,30,800,same_trained_model_and_neuron_coordinates,True,random_sparsity,ann_matched,nan,global_frobenius_norm_matched,204635190802.0,0.8660709635416667,0.8660709635416667,False,0.0046662220473107,0.0653935601440122,229.23217924125956,1.598258780991338,0.8660709635416667,0.8660709635416667,1e-06,0.0111727798357605,0.0206587365766401,0.5557592985435555,0.0040993378721482,0.0,canonical epsilon=1e-12; zero-vector effects retained,"population, time axis then sample/feature mean",121,309,431,530,668,73.80795529241763,6.121506184274865,455.5503207597,0.569437900949625,tables/5_seed_review/gate_per_seed.csv,2.0,nan
N-MNIST,SNN-DFA,20260908,H1,completed_epoch_100,results/paper_v9_signal_processing/03_five_seed/checkpoints/dfa_trained/seed_20260908/epoch_100.pt,9aad88592135096912c2e9971ced9f74b63d546bdd69208e989abf481efd833e,basis_eval,512,30,800,same_trained_model_and_neuron_coordinates,True,random_sparsity,0,nan,global_frobenius_norm_matched,204635190803.0,0.0,0.0,False,0.0127484654715901,0.0654185280154216,229.3197022261208,1.788884841525267,0.0,0.0,1e-06,0.0580960139632225,0.1067043914341143,0.2070840842017045,0.0038840226140507,0.0,canonical epsilon=1e-12; zero-vector effects retained,"population, time axis then sample/feature mean",128,331,459,557,683,54.376903728769086,6.149796433048668,468.62198112400233,0.5857774764050029,tables/5_seed_review/gate_per_seed.csv,3.0,nan
N-MNIST,SNN-DFA,20260908,H1,completed_epoch_100,results/paper_v9_signal_processing/03_five_seed/checkpoints/dfa_trained/seed_20260908/epoch_100.pt,9aad88592135096912c2e9971ced9f74b63d546bdd69208e989abf481efd833e,basis_eval,512,30,800,same_trained_model_and_neuron_coordinates,True,random_sparsity,0.25,nan,global_frobenius_norm_matched,204635190803.0,0.25,0.25,False,0.0110493817089832,0.0654125015481615,229.29857690093607,1.778388915103087,0.25,0.25,1e-06,0.0443749353289604,0.081641727704172,0.23349004182915,0.0039459982843206,0.0,canonical epsilon=1e-12; zero-vector effects retained,"population, time axis then sample/feature mean",131,331,458,555,682,67.3463360324094,6.175064915466704,480.6142222046116,0.6007677777557645,tables/5_seed_review/gate_per_seed.csv,3.0,nan
N-MNIST,SNN-DFA,20260908,H1,completed_epoch_100,results/paper_v9_signal_processing/03_five_seed/checkpoints/dfa_trained/seed_20260908/epoch_100.pt,9aad88592135096912c2e9971ced9f74b63d546bdd69208e989abf481efd833e,basis_eval,512,30,800,same_trained_model_and_neuron_coordinates,True,random_sparsity,0.50,nan,global_frobenius_norm_matched,204635190803.0,0.5,0.5,False,0.0090185682580575,0.0654056919302253,229.2747063002838,1.7575039689269856,0.5,0.5,1e-06,0.0307076759636402,0.0574442517628367,0.2813564571755079,0.0040080835648182,0.0,canonical epsilon=1e-12; zero-vector effects retained,"population, time axis then sample/feature mean",134,331,456,552,680,85.5466899081736,6.189913587991619,487.8039522739509,0.6097549403424387,tables/5_seed_review/gate_per_seed.csv,3.0,nan
N-MNIST,SNN-DFA,20260908,H1,completed_epoch_100,results/paper_v9_signal_processing/03_five_seed/checkpoints/dfa_trained/seed_20260908/epoch_100.pt,9aad88592135096912c2e9971ced9f74b63d546bdd69208e989abf481efd833e,basis_eval,512,30,800,same_trained_model_and_neuron_coordinates,True,random_sparsity,0.75,nan,global_frobenius_norm_matched,204635190803.0,0.75,0.75,False,0.0063672295746005,0.0653977287870511,229.2467921041481,1.6938539351561772,0.75,0.75,1e-06,0.0170259177684783,0.0321463985262514,0.4016944462979111,0.004071001322062,0.0,canonical epsilon=1e-12; zero-vector effects retained,"population, time axis then sample/feature mean",129,325,449,545,675,86.58476639703372,6.173891185211271,480.0504416786727,0.6000630520983409,tables/5_seed_review/gate_per_seed.csv,3.0,nan
N-MNIST,SNN-DFA,20260908,H1,completed_epoch_100,results/paper_v9_signal_processing/03_five_seed/checkpoints/dfa_trained/seed_20260908/epoch_100.pt,9aad88592135096912c2e9971ced9f74b63d546bdd69208e989abf481efd833e,basis_eval,512,30,800,same_trained_model_and_neuron_coordinates,True,random_sparsity,ann_matched,nan,global_frobenius_norm_matched,204635190803.0,0.8660709635416667,0.8660709635416667,False,0.0046587808153102,0.0653935810004722,229.23225235200144,1.596734931596251,0.8660709635416667,0.8660709635416667,1e-06,0.0110235186293721,0.0204424278518906,0.5562782925331893,0.0041001571587098,0.0,canonical epsilon=1e-12; zero-vector effects retained,"population, time axis then sample/feature mean",118,302,423,521,661,62.63536235119141,6.108283319370628,449.5662906114669,0.5619578632643336,tables/5_seed_review/gate_per_seed.csv,3.0,nan
N-MNIST,SNN-DFA,20260908,H1,completed_epoch_100,results/paper_v9_signal_processing/03_five_seed/checkpoints/dfa_trained/seed_20260908/epoch_100.pt,9aad88592135096912c2e9971ced9f74b63d546bdd69208e989abf481efd833e,basis_eval,512,30,800,same_trained_model_and_neuron_coordinates,True,random_sparsity,0,nan,global_frobenius_norm_matched,204635190804.0,0.0,0.0,False,0.0127484654715901,0.0654185280154216,229.3197022261208,1.788884841525267,0.0,0.0,1e-06,0.0580960139632225,0.1067043914341143,0.2070840842017045,0.0038840226140507,0.0,canonical epsilon=1e-12; zero-vector effects retained,"population, time axis then sample/feature mean",128,331,459,557,683,54.376903728769086,6.149796433048668,468.62198112400233,0.5857774764050029,tables/5_seed_review/gate_per_seed.csv,4.0,nan
N-MNIST,SNN-DFA,20260908,H1,completed_epoch_100,results/paper_v9_signal_processing/03_five_seed/checkpoints/dfa_trained/seed_20260908/epoch_100.pt,9aad88592135096912c2e9971ced9f74b63d546bdd69208e989abf481efd833e,basis_eval,512,30,800,same_trained_model_and_neuron_coordinates,True,random_sparsity,0.25,nan,global_frobenius_norm_matched,204635190804.0,0.25,0.25,False,0.0110370447047646,0.0654125166150127,229.2986297166438,1.7787605723429991,0.25,0.25,1e-06,0.0442241951823234,0.0815157158254524,0.2336536053665179,0.0039464022061533,0.0,canonical epsilon=1e-12; zero-vector effects retained,"population, time axis then sample/feature mean",128,329,457,554,682,67.42669150217004,6.162107439514522,474.42684792430896,0.5930335599053862,tables/5_seed_review/gate_per_seed.csv,4.0,nan
N-MNIST,SNN-DFA,20260908,H1,completed_epoch_100,results/paper_v9_signal_processing/03_five_seed/checkpoints/dfa_trained/seed_20260908/epoch_100.pt,9aad88592135096912c2e9971ced9f74b63d546bdd69208e989abf481efd833e,basis_eval,512,30,800,same_trained_model_and_neuron_coordinates,True,random_sparsity,0.50,nan,global_frobenius_norm_matched,204635190804.0,0.5,0.5,False,0.0090031897583202,0.0654055618067608,229.2742501623137,1.7569021882453568,0.5,0.5,1e-06,0.0303101725876331,0.0558974281702289,0.2832126192376579,0.0040095535522215,0.0,canonical epsilon=1e-12; zero-vector effects retained,"population, time axis then sample/feature mean",130,330,456,553,681,83.5587897012853,6.179757862093192,482.8750198494207,0.6035937748117758,tables/5_seed_review/gate_per_seed.csv,4.0,nan
N-MNIST,SNN-DFA,20260908,H1,completed_epoch_100,results/paper_v9_signal_processing/03_five_seed/checkpoints/dfa_trained/seed_20260908/epoch_100.pt,9aad88592135096912c2e9971ced9f74b63d546bdd69208e989abf481efd833e,basis_eval,512,30,800,same_trained_model_and_neuron_coordinates,True,random_sparsity,0.75,nan,global_frobenius_norm_matched,204635190804.0,0.75,0.75,False,0.0063703992358587,0.0653976981938159,229.2466848618786,1.6930053675517986,0.75,0.75,1e-06,0.0171479247510433,0.0310739729723108,0.4045127776383682,0.0040712046592556,0.0,canonical epsilon=1e-12; zero-vector effects retained,"population, time axis then sample/feature mean",125,319,444,542,677,87.30067278717061,6.150694773486067,469.0431523487467,0.5863039404359334,tables/5_seed_review/gate_per_seed.csv,4.0,nan
N-MNIST,SNN-DFA,20260908,H1,completed_epoch_100,results/paper_v9_signal_processing/03_five_seed/checkpoints/dfa_trained/seed_20260908/epoch_100.pt,9aad88592135096912c2e9971ced9f74b63d546bdd69208e989abf481efd833e,basis_eval,512,30,800,same_trained_model_and_neuron_coordinates,True,random_sparsity,ann_matched,nan,global_frobenius_norm_matched,204635190804.0,0.8660709635416667,0.8660709635416667,False,0.0046661445500917,0.0653935247445627,229.2320551511671,1.59901547465214,0.8660709635416667,0.8660709635416667,1e-06,0.0109351268038153,0.0200979043142623,0.5549977586355618,0.0041001665940315,0.0,canonical epsilon=1e-12; zero-vector effects retained,"population, time axis then sample/feature mean",113,299,420,520,666,55.23308471933228,6.073304031518863,434.11263649341856,0.5426407956167733,tables/5_seed_review/gate_per_seed.csv,4.0,nan
N-MNIST,SNN-DFA,20260908,H1,completed_epoch_100,results/paper_v9_signal_processing/03_five_seed/checkpoints/dfa_trained/seed_20260908/epoch_100.pt,9aad88592135096912c2e9971ced9f74b63d546bdd69208e989abf481efd833e,basis_eval,512,30,800,same_trained_model_and_neuron_coordinates,True,random_sparsity,0,nan,global_frobenius_norm_matched,204635190805.0,0.0,0.0,False,0.0127484654715901,0.0654185280154216,229.3197022261208,1.788884841525267,0.0,0.0,1e-06,0.0580960139632225,0.1067043914341143,0.2070840842017045,0.0038840226140507,0.0,canonical epsilon=1e-12; zero-vector effects retained,"population, time axis then sample/feature mean",128,331,459,557,683,54.376903728769086,6.149796433048668,468.62198112400233,0.5857774764050029,tables/5_seed_review/gate_per_seed.csv,5.0,nan
N-MNIST,SNN-DFA,20260908,H1,completed_epoch_100,results/paper_v9_signal_processing/03_five_seed/checkpoints/dfa_trained/seed_20260908/epoch_100.pt,9aad88592135096912c2e9971ced9f74b63d546bdd69208e989abf481efd833e,basis_eval,512,30,800,same_trained_model_and_neuron_coordinates,True,random_sparsity,0.25,nan,global_frobenius_norm_matched,204635190805.0,0.25,0.25,False,0.0110349582665757,0.0654124189455673,229.29828734378748,1.7787478143901156,0.25,0.25,1e-06,0.0441510565578937,0.0808222245209136,0.2336656461051347,0.0039468074312135,0.0,canonical epsilon=1e-12; zero-vector effects retained,"population, time axis then sample/feature mean",130,332,459,557,684,65.92457954519585,6.173185448692559,479.7117720709679,0.59963971508871,tables/5_seed_review/gate_per_seed.csv,5.0,nan
N-MNIST,SNN-DFA,20260908,H1,completed_epoch_100,results/paper_v9_signal_processing/03_five_seed/checkpoints/dfa_trained/seed_20260908/epoch_100.pt,9aad88592135096912c2e9971ced9f74b63d546bdd69208e989abf481efd833e,basis_eval,512,30,800,same_trained_model_and_neuron_coordinates,True,random_sparsity,0.50,nan,global_frobenius_norm_matched,204635190805.0,0.5,0.5,False,0.0090075235976204,0.0654054413917964,229.27382805676663,1.756471625207387,0.5,0.5,1e-06,0.0304737109690904,0.0562866674821223,0.2851717862074548,0.0040091381162093,0.0,canonical epsilon=1e-12; zero-vector effects retained,"population, time axis then sample/feature mean",128,328,455,553,682,74.91930117808505,6.170041172182007,478.2057944599576,0.597757243074947,tables/5_seed_review/gate_per_seed.csv,5.0,nan
N-MNIST,SNN-DFA,20260908,H1,completed_epoch_100,results/paper_v9_signal_processing/03_five_seed/checkpoints/dfa_trained/seed_20260908/epoch_100.pt,9aad88592135096912c2e9971ced9f74b63d546bdd69208e989abf481efd833e,basis_eval,512,30,800,same_trained_model_and_neuron_coordinates,True,random_sparsity,0.75,nan,global_frobenius_norm_matched,204635190805.0,0.75,0.75,False,0.0063629351947237,0.0653977269192128,229.2467855565856,1.695030806589067,0.75,0.75,1e-06,0.0169844217598438,0.0318084311225682,0.4031731201122779,0.0040715399792512,0.0,canonical epsilon=1e-12; zero-vector effects retained,"population, time axis then sample/feature mean",123,320,446,544,675,49.409724728952426,6.139266090382529,463.7131224250721,0.5796414030313402,tables/5_seed_review/gate_per_seed.csv,5.0,nan
N-MNIST,SNN-DFA,20260908,H1,completed_epoch_100,results/paper_v9_signal_processing/03_five_seed/checkpoints/dfa_trained/seed_20260908/epoch_100.pt,9aad88592135096912c2e9971ced9f74b63d546bdd69208e989abf481efd833e,basis_eval,512,30,800,same_trained_model_and_neuron_coordinates,True,random_sparsity,ann_matched,nan,global_frobenius_norm_matched,204635190805.0,0.8660709635416667,0.8660709635416667,False,0.0046550863921902,0.0653934702755935,229.2318642143133,1.5951906990884182,0.8660709635416667,0.8660709635416667,1e-06,0.0111351767554879,0.0207710999198616,0.560476082619884,0.0041004469383274,0.0,canonical epsilon=1e-12; zero-vector effects retained,"population, time axis then sample/feature mean",124,316,440,536,667,82.8446703587495,6.14645817303428,467.0602073563771,0.5838252591954713,tables/5_seed_review/gate_per_seed.csv,5.0,nan
N-MNIST,SNN-DFA,20260908,H1,completed_epoch_100,results/paper_v9_signal_processing/03_five_seed/checkpoints/dfa_trained/seed_20260908/epoch_100.pt,9aad88592135096912c2e9971ced9f74b63d546bdd69208e989abf481efd833e,basis_eval,512,30,800,same_trained_model_and_neuron_coordinates,True,random_sparsity,0,nan,global_frobenius_norm_matched,204635190806.0,0.0,0.0,False,0.0127484654715901,0.0654185280154216,229.3197022261208,1.788884841525267,0.0,0.0,1e-06,0.0580960139632225,0.1067043914341143,0.2070840842017045,0.0038840226140507,0.0,canonical epsilon=1e-12; zero-vector effects retained,"population, time axis then sample/feature mean",128,331,459,557,683,54.376903728769086,6.149796433048668,468.62198112400233,0.5857774764050029,tables/5_seed_review/gate_per_seed.csv,6.0,nan
N-MNIST,SNN-DFA,20260908,H1,completed_epoch_100,results/paper_v9_signal_processing/03_five_seed/checkpoints/dfa_trained/seed_20260908/epoch_100.pt,9aad88592135096912c2e9971ced9f74b63d546bdd69208e989abf481efd833e,basis_eval,512,30,800,same_trained_model_and_neuron_coordinates,True,random_sparsity,0.25,nan,global_frobenius_norm_matched,204635190806.0,0.25,0.25,False,0.0110373865360459,0.0654125406028435,229.2987138041672,1.778055616466902,0.25,0.25,1e-06,0.0443296730518341,0.0813082060277263,0.2342588313293966,0.0039462683545852,0.0,canonical epsilon=1e-12; zero-vector effects retained,"population, time axis then sample/feature mean",131,332,459,556,682,66.00055542914141,6.1750443483889015,480.6043374761608,0.6007554218452009,tables/5_seed_review/gate_per_seed.csv,6.0,nan
N-MNIST,SNN-DFA,20260908,H1,completed_epoch_100,results/paper_v9_signal_processing/03_five_seed/checkpoints/dfa_trained/seed_20260908/epoch_100.pt,9aad88592135096912c2e9971ced9f74b63d546bdd69208e989abf481efd833e,basis_eval,512,30,800,same_trained_model_and_neuron_coordinates,True,random_sparsity,0.50,nan,global_frobenius_norm_matched,204635190806.0,0.5,0.5,False,0.0090150415435413,0.0654055953219713,229.27436764735447,1.7567062997063796,0.5,0.5,1e-06,0.0305108297616243,0.0559928532188704,0.2831125598860384,0.0040089862437381,0.0,canonical epsilon=1e-12; zero-vector effects retained,"population, time axis then sample/feature mean",133,332,459,555,682,82.50375577060505,6.188389816726284,487.0612166516704,0.608826520814588,tables/5_seed_review/gate_per_seed.csv,6.0,nan
N-MNIST,SNN-DFA,20260908,H1,completed_epoch_100,results/paper_v9_signal_processing/03_five_seed/checkpoints/dfa_trained/seed_20260908/epoch_100.pt,9aad88592135096912c2e9971ced9f74b63d546bdd69208e989abf481efd833e,basis_eval,512,30,800,same_trained_model_and_neuron_coordinates,True,random_sparsity,0.75,nan,global_frobenius_norm_matched,204635190806.0,0.75,0.75,False,0.0063797218313441,0.0653978102126452,229.24707753541213,1.695125315078439,0.75,0.75,1e-06,0.0171726439148187,0.0311729036365617,0.3993950870739658,0.0040707382063841,0.0,canonical epsilon=1e-12; zero-vector effects retained,"population, time axis then sample/feature mean",129,325,450,545,676,95.52604972207178,6.174515722521507,480.3503447308713,0.6004379309135891,tables/5_seed_review/gate_per_seed.csv,6.0,nan
N-MNIST,SNN-DFA,20260908,H1,completed_epoch_100,results/paper_v9_signal_processing/03_five_seed/checkpoints/dfa_trained/seed_20260908/epoch_100.pt,9aad88592135096912c2e9971ced9f74b63d546bdd69208e989abf481efd833e,basis_eval,512,30,800,same_trained_model_and_neuron_coordinates,True,random_sparsity,ann_matched,nan,global_frobenius_norm_matched,204635190806.0,0.8660709635416667,0.8660709635416667,False,0.0046608560671458,0.0653934939615629,229.2319472436879,1.600305886010238,0.8660709635416667,0.8660709635416667,1e-06,0.0110189840197563,0.019648015134941,0.5504831719914453,0.00409955543636,0.0,canonical epsilon=1e-12; zero-vector effects retained,"population, time axis then sample/feature mean",119,304,426,524,663,78.1636054069211,6.10791067435762,449.3987931857325,0.5617484914821657,tables/5_seed_review/gate_per_seed.csv,6.0,nan
N-MNIST,SNN-DFA,20260908,H1,completed_epoch_100,results/paper_v9_signal_processing/03_five_seed/checkpoints/dfa_trained/seed_20260908/epoch_100.pt,9aad88592135096912c2e9971ced9f74b63d546bdd69208e989abf481efd833e,basis_eval,512,30,800,same_trained_model_and_neuron_coordinates,True,random_sparsity,0,nan,global_frobenius_norm_matched,204635190807.0,0.0,0.0,False,0.0127484654715901,0.0654185280154216,229.3197022261208,1.788884841525267,0.0,0.0,1e-06,0.0580960139632225,0.1067043914341143,0.2070840842017045,0.0038840226140507,0.0,canonical epsilon=1e-12; zero-vector effects retained,"population, time axis then sample/feature mean",128,331,459,557,683,54.376903728769086,6.149796433048668,468.62198112400233,0.5857774764050029,tables/5_seed_review/gate_per_seed.csv,7.0,nan
N-MNIST,SNN-DFA,20260908,H1,completed_epoch_100,results/paper_v9_signal_processing/03_five_seed/checkpoints/dfa_trained/seed_20260908/epoch_100.pt,9aad88592135096912c2e9971ced9f74b63d546bdd69208e989abf481efd833e,basis_eval,512,30,800,same_trained_model_and_neuron_coordinates,True,random_sparsity,0.25,nan,global_frobenius_norm_matched,204635190807.0,0.25,0.25,False,0.0110393175365272,0.0654125015230061,229.29857681275735,1.777863964646193,0.25,0.25,1e-06,0.0442617461085319,0.0815278690576623,0.2372302872549714,0.0039469751892277,0.0,canonical epsilon=1e-12; zero-vector effects retained,"population, time axis then sample/feature mean",130,331,458,555,683,67.54654160752071,6.169622423521883,478.0055883452108,0.5975069854315135,tables/5_seed_review/gate_per_seed.csv,7.0,nan
N-MNIST,SNN-DFA,20260908,H1,completed_epoch_100,results/paper_v9_signal_processing/03_five_seed/checkpoints/dfa_trained/seed_20260908/epoch_100.pt,9aad88592135096912c2e9971ced9f74b63d546bdd69208e989abf481efd833e,basis_eval,512,30,800,same_trained_model_and_neuron_coordinates,True,random_sparsity,0.50,nan,global_frobenius_norm_matched,204635190807.0,0.5,0.5,False,0.0090138045982725,0.0654054993198414,229.27403111914995,1.756961472654594,0.5,0.5,1e-06,0.0306596290320158,0.0565188489076308,0.2859303592364606,0.0040087976138518,0.0,canonical epsilon=1e-12; zero-vector effects retained,"population, time axis then sample/feature mean",133,330,456,553,681,90.04861671212946,6.189748476263382,487.7234167692116,0.6096542709615145,tables/5_seed_review/gate_per_seed.csv,7.0,nan
N-MNIST,SNN-DFA,20260908,H1,completed_epoch_100,results/paper_v9_signal_processing/03_five_seed/checkpoints/dfa_trained/seed_20260908/epoch_100.pt,9aad88592135096912c2e9971ced9f74b63d546bdd69208e989abf481efd833e,basis_eval,512,30,800,same_trained_model_and_neuron_coordinates,True,random_sparsity,0.75,nan,global_frobenius_norm_matched,204635190807.0,0.75,0.75,False,0.0063711110490576,0.0653976480484919,229.24650908123968,1.6948379692662694,0.75,0.75,1e-06,0.0170270074158906,0.0315506260134505,0.4043999464377633,0.0040718461025123,0.0,canonical epsilon=1e-12; zero-vector effects retained,"population, time axis then sample/feature mean",125,321,446,544,676,92.6215835502817,6.158152625169428,472.554283084248,0.59069285385531,tables/5_seed_review/gate_per_seed.csv,7.0,nan
N-MNIST,SNN-DFA,20260908,H1,completed_epoch_100,results/paper_v9_signal_processing/03_five_seed/checkpoints/dfa_trained/seed_20260908/epoch_100.pt,9aad88592135096912c2e9971ced9f74b63d546bdd69208e989abf481efd833e,basis_eval,512,30,800,same_trained_model_and_neuron_coordinates,True,random_sparsity,ann_matched,nan,global_frobenius_norm_matched,204635190807.0,0.8660709635416667,0.8660709635416667,False,0.0046660025248678,0.0653933696516359,229.2315114846419,1.5972416019609628,0.8660709635416667,0.8660709635416667,1e-06,0.0110391685739159,0.019885571625523,0.5582911020651243,0.0041001971030894,0.0,canonical epsilon=1e-12; zero-vector effects retained,"population, time axis then sample/feature mean",117,307,431,529,666,81.03625296245258,6.111284851402527,450.9177053759548,0.5636471317199434,tables/5_seed_review/gate_per_seed.csv,7.0,nan
N-MNIST,SNN-DFA,20260908,H1,completed_epoch_100,results/paper_v9_signal_processing/03_five_seed/checkpoints/dfa_trained/seed_20260908/epoch_100.pt,9aad88592135096912c2e9971ced9f74b63d546bdd69208e989abf481efd833e,basis_eval,512,30,800,same_trained_model_and_neuron_coordinates,True,random_sparsity,0,nan,global_frobenius_norm_matched,204635190808.0,0.0,0.0,False,0.0127484654715901,0.0654185280154216,229.3197022261208,1.788884841525267,0.0,0.0,1e-06,0.0580960139632225,0.1067043914341143,0.2070840842017045,0.0038840226140507,0.0,canonical epsilon=1e-12; zero-vector effects retained,"population, time axis then sample/feature mean",128,331,459,557,683,54.376903728769086,6.149796433048668,468.62198112400233,0.5857774764050029,tables/5_seed_review/gate_per_seed.csv,8.0,nan
N-MNIST,SNN-DFA,20260908,H1,completed_epoch_100,results/paper_v9_signal_processing/03_five_seed/checkpoints/dfa_trained/seed_20260908/epoch_100.pt,9aad88592135096912c2e9971ced9f74b63d546bdd69208e989abf481efd833e,basis_eval,512,30,800,same_trained_model_and_neuron_coordinates,True,random_sparsity,0.25,nan,global_frobenius_norm_matched,204635190808.0,0.25,0.25,False,0.0110332065149189,0.0654125810289378,229.2988555147829,1.7778157086350708,0.25,0.25,1e-06,0.0442361645400524,0.0815264079867079,0.2356722060024588,0.0039467839783322,0.0,canonical epsilon=1e-12; zero-vector effects retained,"population, time axis then sample/feature mean",129,331,459,556,683,64.92317069867953,6.168208432076726,477.3301701628538,0.5966627127035672,tables/5_seed_review/gate_per_seed.csv,8.0,nan
N-MNIST,SNN-DFA,20260908,H1,completed_epoch_100,results/paper_v9_signal_processing/03_five_seed/checkpoints/dfa_trained/seed_20260908/epoch_100.pt,9aad88592135096912c2e9971ced9f74b63d546bdd69208e989abf481efd833e,basis_eval,512,30,800,same_trained_model_and_neuron_coordinates,True,random_sparsity,0.50,nan,global_frobenius_norm_matched,204635190808.0,0.5,0.5,False,0.0090110407632365,0.0654055144073807,229.2740840073758,1.756571332249881,0.5,0.5,1e-06,0.0304699558764696,0.0557210244904206,0.2843014391322349,0.0040095350132739,0.0,canonical epsilon=1e-12; zero-vector effects retained,"population, time axis then sample/feature mean",130,331,457,554,681,81.97341706983696,6.179929640985277,482.9579747100889,0.6036974683876112,tables/5_seed_review/gate_per_seed.csv,8.0,nan
N-MNIST,SNN-DFA,20260908,H1,completed_epoch_100,results/paper_v9_signal_processing/03_five_seed/checkpoints/dfa_trained/seed_20260908/epoch_100.pt,9aad88592135096912c2e9971ced9f74b63d546bdd69208e989abf481efd833e,basis_eval,512,30,800,same_trained_model_and_neuron_coordinates,True,random_sparsity,0.75,nan,global_frobenius_norm_matched,204635190808.0,0.75,0.75,False,0.0063794540371477,0.0653976697393834,229.24658511701887,1.694632340445921,0.75,0.75,1e-06,0.0169251020997762,0.0306211098537964,0.402806217405688,0.0040720820850389,0.0,canonical epsilon=1e-12; zero-vector effects retained,"population, time axis then sample/feature mean",126,320,446,543,675,89.71360826103697,6.163806939123804,475.2338216985642,0.5940422771232052,tables/5_seed_review/gate_per_seed.csv,8.0,nan
N-MNIST,SNN-DFA,20260908,H1,completed_epoch_100,results/paper_v9_signal_processing/03_five_seed/checkpoints/dfa_trained/seed_20260908/epoch_100.pt,9aad88592135096912c2e9971ced9f74b63d546bdd69208e989abf481efd833e,basis_eval,512,30,800,same_trained_model_and_neuron_coordinates,True,random_sparsity,ann_matched,nan,global_frobenius_norm_matched,204635190808.0,0.8660709635416667,0.8660709635416667,False,0.0046717987074006,0.0653934597467635,229.2318273062965,1.601286016859871,0.8660709635416667,0.8660709635416667,1e-06,0.0110149048268795,0.0199881747097174,0.55033176482539,0.0041006034981668,0.0,canonical epsilon=1e-12; zero-vector effects retained,"population, time axis then sample/feature mean",114,304,428,527,664,81.36673542622358,6.095872061274049,444.0210899866409,0.5550263624833012,tables/5_seed_review/gate_per_seed.csv,8.0,nan
N-MNIST,SNN-DFA,20260908,H1,completed_epoch_100,results/paper_v9_signal_processing/03_five_seed/checkpoints/dfa_trained/seed_20260908/epoch_100.pt,9aad88592135096912c2e9971ced9f74b63d546bdd69208e989abf481efd833e,basis_eval,512,30,800,same_trained_model_and_neuron_coordinates,True,random_sparsity,0,nan,global_frobenius_norm_matched,204635190809.0,0.0,0.0,False,0.0127484654715901,0.0654185280154216,229.3197022261208,1.788884841525267,0.0,0.0,1e-06,0.0580960139632225,0.1067043914341143,0.2070840842017045,0.0038840226140507,0.0,canonical epsilon=1e-12; zero-vector effects retained,"population, time axis then sample/feature mean",128,331,459,557,683,54.376903728769086,6.149796433048668,468.62198112400233,0.5857774764050029,tables/5_seed_review/gate_per_seed.csv,9.0,nan
N-MNIST,SNN-DFA,20260908,H1,completed_epoch_100,results/paper_v9_signal_processing/03_five_seed/checkpoints/dfa_trained/seed_20260908/epoch_100.pt,9aad88592135096912c2e9971ced9f74b63d546bdd69208e989abf481efd833e,basis_eval,512,30,800,same_trained_model_and_neuron_coordinates,True,random_sparsity,0.25,nan,global_frobenius_norm_matched,204635190809.0,0.25,0.25,False,0.0110436023255014,0.0654125887046504,229.29888242141192,1.7789619936090906,0.25,0.25,1e-06,0.0443010292947292,0.0809491381658673,0.2341607743426877,0.0039465725290575,0.0,canonical epsilon=1e-12; zero-vector effects retained,"population, time axis then sample/feature mean",131,332,459,556,682,66.63142334084729,6.17431430740282,480.2536046519604,0.6003170058149505,tables/5_seed_review/gate_per_seed.csv,9.0,nan
N-MNIST,SNN-DFA,20260908,H1,completed_epoch_100,results/paper_v9_signal_processing/03_five_seed/checkpoints/dfa_trained/seed_20260908/epoch_100.pt,9aad88592135096912c2e9971ced9f74b63d546bdd69208e989abf481efd833e,basis_eval,512,30,800,same_trained_model_and_neuron_coordinates,True,random_sparsity,0.50,nan,global_frobenius_norm_matched,204635190809.0,0.5,0.5,False,0.0090155942548442,0.0654055521232348,229.27421621745336,1.7579916128870976,0.5,0.5,1e-06,0.0306270606815814,0.0556499745946631,0.2825901076571072,0.0040085380444347,0.0,canonical epsilon=1e-12; zero-vector effects retained,"population, time axis then sample/feature mean",132,332,458,555,682,86.03784300596057,6.190015524423592,487.8536798028283,0.6098170997535354,tables/5_seed_review/gate_per_seed.csv,9.0,nan
N-MNIST,SNN-DFA,20260908,H1,completed_epoch_100,results/paper_v9_signal_processing/03_five_seed/checkpoints/dfa_trained/seed_20260908/epoch_100.pt,9aad88592135096912c2e9971ced9f74b63d546bdd69208e989abf481efd833e,basis_eval,512,30,800,same_trained_model_and_neuron_coordinates,True,random_sparsity,0.75,nan,global_frobenius_norm_matched,204635190809.0,0.75,0.75,False,0.0063660812629466,0.0653977061942205,229.2467129066921,1.698763545827231,0.75,0.75,1e-06,0.0170797668397426,0.0304819872634902,0.3978392336991102,0.0040711693525136,0.0,canonical epsilon=1e-12; zero-vector effects retained,"population, time axis then sample/feature mean",126,321,447,545,677,84.89310926721386,6.164137716941188,475.39104450632806,0.5942388056329101,tables/5_seed_review/gate_per_seed.csv,9.0,nan
N-MNIST,SNN-DFA,20260908,H1,completed_epoch_100,results/paper_v9_signal_processing/03_five_seed/checkpoints/dfa_trained/seed_20260908/epoch_100.pt,9aad88592135096912c2e9971ced9f74b63d546bdd69208e989abf481efd833e,basis_eval,512,30,800,same_trained_model_and_neuron_coordinates,True,random_sparsity,ann_matched,nan,global_frobenius_norm_matched,204635190809.0,0.8660709635416667,0.8660709635416667,False,0.0046512726778082,0.0653934449775835,229.2317755340536,1.6035377043715693,0.8660709635416667,0.8660709635416667,1e-06,0.0109611134976148,0.0199471174652845,0.5492482563638648,0.004100428408938,0.0,canonical epsilon=1e-12; zero-vector effects retained,"population, time axis then sample/feature mean",114,298,422,523,664,53.95653855584973,6.081179448376203,437.544952187321,0.5469311902341513,tables/5_seed_review/gate_per_seed.csv,9.0,nan
N-MNIST,SNN-DFA,20260908,H2,completed_epoch_100,results/paper_v9_signal_processing/03_five_seed/checkpoints/dfa_trained/seed_20260908/epoch_100.pt,9aad88592135096912c2e9971ced9f74b63d546bdd69208e989abf481efd833e,basis_eval,512,30,800,same_trained_model_and_neuron_coordinates,True,random_sparsity,0,nan,global_frobenius_norm_matched,204635190810.0,0.0,0.0,False,0.0180714903137724,0.0784339304263179,274.9442109970391,2.0978275386700624,0.0,0.0,1e-06,0.0834382772445678,0.1277970875771341,0.3060682971227998,0.0054703020651909,0.0,canonical epsilon=1e-12; zero-vector effects retained,"population, time axis then sample/feature mean",111,307,436,538,671,34.584512110157725,6.0325253402923344,416.76617799115337,0.5209577224889417,tables/5_seed_review/gate_per_seed.csv,0.0,nan
N-MNIST,SNN-DFA,20260908,H2,completed_epoch_100,results/paper_v9_signal_processing/03_five_seed/checkpoints/dfa_trained/seed_20260908/epoch_100.pt,9aad88592135096912c2e9971ced9f74b63d546bdd69208e989abf481efd833e,basis_eval,512,30,800,same_trained_model_and_neuron_coordinates,True,random_sparsity,0.25,nan,global_frobenius_norm_matched,204635190810.0,0.25,0.25,False,0.0156511325761576,0.0784237527200327,274.9085338174176,2.0878033656575865,0.25,0.25,1e-06,0.0636741369962692,0.0977065190681814,0.3227962277698253,0.0055871285882136,0.0,canonical epsilon=1e-12; zero-vector effects retained,"population, time axis then sample/feature mean",118,314,442,542,672,44.53323077909339,6.091430473608115,442.0533046704257,0.5525666308380321,tables/5_seed_review/gate_per_seed.csv,0.0,nan
N-MNIST,SNN-DFA,20260908,H2,completed_epoch_100,results/paper_v9_signal_processing/03_five_seed/checkpoints/dfa_trained/seed_20260908/epoch_100.pt,9aad88592135096912c2e9971ced9f74b63d546bdd69208e989abf481efd833e,basis_eval,512,30,800,same_trained_model_and_neuron_coordinates,True,random_sparsity,0.50,nan,global_frobenius_norm_matched,204635190810.0,0.5,0.5,False,0.0127706245992369,0.0784135112130061,274.8726329891144,2.0691814804379955,0.5,0.5,1e-06,0.0437818691134452,0.0673747788838047,0.3524524939488925,0.0057054478286595,0.0,canonical epsilon=1e-12; zero-vector effects retained,"population, time axis then sample/feature mean",124,319,446,545,673,61.827350039359175,6.133805108716425,461.1876954964263,0.5764846193705329,tables/5_seed_review/gate_per_seed.csv,0.0,nan
N-MNIST,SNN-DFA,20260908,H2,completed_epoch_100,results/paper_v9_signal_processing/03_five_seed/checkpoints/dfa_trained/seed_20260908/epoch_100.pt,9aad88592135096912c2e9971ced9f74b63d546bdd69208e989abf481efd833e,basis_eval,512,30,800,same_trained_model_and_neuron_coordinates,True,random_sparsity,0.75,nan,global_frobenius_norm_matched,204635190810.0,0.75,0.75,False,0.0090186548509125,0.078401221427043,274.82955207391933,2.011514998328218,0.75,0.75,1e-06,0.0242237821221351,0.0367009977825979,0.4359258113280837,0.0058228882664046,0.0,canonical epsilon=1e-12; zero-vector effects retained,"population, time axis then sample/feature mean",118,311,437,537,670,64.57140064776523,6.115080818821813,452.6326271286466,0.5657907839108083,tables/5_seed_review/gate_per_seed.csv,0.0,nan
N-MNIST,SNN-DFA,20260908,H2,completed_epoch_100,results/paper_v9_signal_processing/03_five_seed/checkpoints/dfa_trained/seed_20260908/epoch_100.pt,9aad88592135096912c2e9971ced9f74b63d546bdd69208e989abf481efd833e,basis_eval,512,30,800,same_trained_model_and_neuron_coordinates,True,random_sparsity,ann_matched,nan,global_frobenius_norm_matched,204635190810.0,0.803372802734375,0.803372802734375,False,0.0080000278495706,0.0783977553947171,274.81740215974446,1.9857050431593564,0.803372802734375,0.803372802734375,1e-06,0.0200282894074916,0.0301976182450565,0.4716462928730223,0.0058485257214969,0.0,canonical epsilon=1e-12; zero-vector effects retained,"population, time axis then sample/feature mean",115,306,432,533,668,60.26208411019756,6.100541013714247,446.099050512861,0.5576238131410762,tables/5_seed_review/gate_per_seed.csv,0.0,nan
N-MNIST,SNN-DFA,20260908,H2,completed_epoch_100,results/paper_v9_signal_processing/03_five_seed/checkpoints/dfa_trained/seed_20260908/epoch_100.pt,9aad88592135096912c2e9971ced9f74b63d546bdd69208e989abf481efd833e,basis_eval,512,30,800,same_trained_model_and_neuron_coordinates,True,random_sparsity,0,nan,global_frobenius_norm_matched,204635190811.0,0.0,0.0,False,0.0180714903137724,0.0784339304263179,274.9442109970391,2.0978275386700624,0.0,0.0,1e-06,0.0834382772445678,0.1277970875771341,0.3060682971227998,0.0054703020651909,0.0,canonical epsilon=1e-12; zero-vector effects retained,"population, time axis then sample/feature mean",111,307,436,538,671,34.584512110157725,6.0325253402923344,416.76617799115337,0.5209577224889417,tables/5_seed_review/gate_per_seed.csv,1.0,nan
N-MNIST,SNN-DFA,20260908,H2,completed_epoch_100,results/paper_v9_signal_processing/03_five_seed/checkpoints/dfa_trained/seed_20260908/epoch_100.pt,9aad88592135096912c2e9971ced9f74b63d546bdd69208e989abf481efd833e,basis_eval,512,30,800,same_trained_model_and_neuron_coordinates,True,random_sparsity,0.25,nan,global_frobenius_norm_matched,204635190811.0,0.25,0.25,False,0.0156456384986648,0.0784235416862376,274.9077940544094,2.088173601364658,0.25,0.25,1e-06,0.0635957270860672,0.0978923252834067,0.32201342730187,0.0055880609960061,0.0,canonical epsilon=1e-12; zero-vector effects retained,"population, time axis then sample/feature mean",117,311,438,539,672,44.74348198338448,6.084045116195092,438.8006089644373,0.5485007612055466,tables/5_seed_review/gate_per_seed.csv,1.0,nan
N-MNIST,SNN-DFA,20260908,H2,completed_epoch_100,results/paper_v9_signal_processing/03_five_seed/checkpoints/dfa_trained/seed_20260908/epoch_100.pt,9aad88592135096912c2e9971ced9f74b63d546bdd69208e989abf481efd833e,basis_eval,512,30,800,same_trained_model_and_neuron_coordinates,True,random_sparsity,0.50,nan,global_frobenius_norm_matched,204635190811.0,0.5,0.5,False,0.0127786464805896,0.0784133971081344,274.87223300312104,2.069416491789848,0.5,0.5,1e-06,0.0438361726701259,0.0681032326055445,0.3519063472742451,0.0057054010810041,0.0,canonical epsilon=1e-12; zero-vector effects retained,"population, time axis then sample/feature mean",121,315,442,542,672,60.52030773201102,6.124859642799297,457.080554219336,0.57135069277417,tables/5_seed_review/gate_per_seed.csv,1.0,nan
N-MNIST,SNN-DFA,20260908,H2,completed_epoch_100,results/paper_v9_signal_processing/03_five_seed/checkpoints/dfa_trained/seed_20260908/epoch_100.pt,9aad88592135096912c2e9971ced9f74b63d546bdd69208e989abf481efd833e,basis_eval,512,30,800,same_trained_model_and_neuron_coordinates,True,random_sparsity,0.75,nan,global_frobenius_norm_matched,204635190811.0,0.75,0.75,False,0.0090353449918937,0.0784011107156575,274.82916398352995,2.011596091549438,0.75,0.75,1e-06,0.024420142173767,0.0379627362679647,0.4344506271698246,0.0058226692139153,0.0,canonical epsilon=1e-12; zero-vector effects retained,"population, time axis then sample/feature mean",119,309,435,534,667,58.87896684649562,6.11571683990669,452.9206025927296,0.5661507532409119,tables/5_seed_review/gate_per_seed.csv,1.0,nan
N-MNIST,SNN-DFA,20260908,H2,completed_epoch_100,results/paper_v9_signal_processing/03_five_seed/checkpoints/dfa_trained/seed_20260908/epoch_100.pt,9aad88592135096912c2e9971ced9f74b63d546bdd69208e989abf481efd833e,basis_eval,512,30,800,same_trained_model_and_neuron_coordinates,True,random_sparsity,ann_matched,nan,global_frobenius_norm_matched,204635190811.0,0.803372802734375,0.803372802734375,False,0.0080090428134873,0.0783977183536508,274.8172723150834,1.9835841511214245,0.803372802734375,0.803372802734375,1e-06,0.0202629398554563,0.0316457014097244,0.4727064941731159,0.0058480199230231,0.0,canonical epsilon=1e-12; zero-vector effects retained,"population, time axis then sample/feature mean",116,302,427,528,665,82.06370917473672,6.1033142036977885,447.3378848990196,0.5591723561237746,tables/5_seed_review/gate_per_seed.csv,1.0,nan
N-MNIST,SNN-DFA,20260908,H2,completed_epoch_100,results/paper_v9_signal_processing/03_five_seed/checkpoints/dfa_trained/seed_20260908/epoch_100.pt,9aad88592135096912c2e9971ced9f74b63d546bdd69208e989abf481efd833e,basis_eval,512,30,800,same_trained_model_and_neuron_coordinates,True,random_sparsity,0,nan,global_frobenius_norm_matched,204635190812.0,0.0,0.0,False,0.0180714903137724,0.0784339304263179,274.9442109970391,2.0978275386700624,0.0,0.0,1e-06,0.0834382772445678,0.1277970875771341,0.3060682971227998,0.0054703020651909,0.0,canonical epsilon=1e-12; zero-vector effects retained,"population, time axis then sample/feature mean",111,307,436,538,671,34.584512110157725,6.0325253402923344,416.76617799115337,0.5209577224889417,tables/5_seed_review/gate_per_seed.csv,2.0,nan
N-MNIST,SNN-DFA,20260908,H2,completed_epoch_100,results/paper_v9_signal_processing/03_five_seed/checkpoints/dfa_trained/seed_20260908/epoch_100.pt,9aad88592135096912c2e9971ced9f74b63d546bdd69208e989abf481efd833e,basis_eval,512,30,800,same_trained_model_and_neuron_coordinates,True,random_sparsity,0.25,nan,global_frobenius_norm_matched,204635190812.0,0.25,0.25,False,0.0156423221598614,0.0784236862307397,274.9083007442221,2.087548189724171,0.25,0.25,1e-06,0.0634085461497306,0.097188912017953,0.3230421134188369,0.0055891894956648,0.0,canonical epsilon=1e-12; zero-vector effects retained,"population, time axis then sample/feature mean",117,313,440,541,672,44.01861281434207,6.0854125518723645,439.4010510117199,0.5492513137646499,tables/5_seed_review/gate_per_seed.csv,2.0,nan
N-MNIST,SNN-DFA,20260908,H2,completed_epoch_100,results/paper_v9_signal_processing/03_five_seed/checkpoints/dfa_trained/seed_20260908/epoch_100.pt,9aad88592135096912c2e9971ced9f74b63d546bdd69208e989abf481efd833e,basis_eval,512,30,800,same_trained_model_and_neuron_coordinates,True,random_sparsity,0.50,nan,global_frobenius_norm_matched,204635190812.0,0.5,0.5,False,0.0127714970229876,0.0784134350446939,274.8723659868563,2.067521615988544,0.5,0.5,1e-06,0.043698351830244,0.06626289100489,0.3551120498921837,0.0057064203628849,0.0,canonical epsilon=1e-12; zero-vector effects retained,"population, time axis then sample/feature mean",120,315,442,542,673,59.389205243705504,6.12190828122645,455.73353298704143,0.5696669162338018,tables/5_seed_review/gate_per_seed.csv,2.0,nan
N-MNIST,SNN-DFA,20260908,H2,completed_epoch_100,results/paper_v9_signal_processing/03_five_seed/checkpoints/dfa_trained/seed_20260908/epoch_100.pt,9aad88592135096912c2e9971ced9f74b63d546bdd69208e989abf481efd833e,basis_eval,512,30,800,same_trained_model_and_neuron_coordinates,True,random_sparsity,0.75,nan,global_frobenius_norm_matched,204635190812.0,0.75,0.75,False,0.0090319438147601,0.0784011110811006,274.8291652645618,2.0124609858327984,0.75,0.75,1e-06,0.0244155526161193,0.0366806041599808,0.4347974769180877,0.0058226469384391,0.0,canonical epsilon=1e-12; zero-vector effects retained,"population, time axis then sample/feature mean",117,309,436,536,669,63.16596406354088,6.110130314920296,450.39740484538135,0.5629967560567267,tables/5_seed_review/gate_per_seed.csv,2.0,nan
N-MNIST,SNN-DFA,20260908,H2,completed_epoch_100,results/paper_v9_signal_processing/03_five_seed/checkpoints/dfa_trained/seed_20260908/epoch_100.pt,9aad88592135096912c2e9971ced9f74b63d546bdd69208e989abf481efd833e,basis_eval,512,30,800,same_trained_model_and_neuron_coordinates,True,random_sparsity,ann_matched,nan,global_frobenius_norm_matched,204635190812.0,0.803372802734375,0.803372802734375,False,0.0080183539687534,0.0783976954315388,274.81719196335774,1.9832118238403,0.803372802734375,0.803372802734375,1e-06,0.0203545819967985,0.0303133371212258,0.4745633254795308,0.005847324250466,0.0,canonical epsilon=1e-12; zero-vector effects retained,"population, time axis then sample/feature mean",116,309,434,534,667,52.86016404455789,6.100503740695662,446.0824233645343,0.5576030292056678,tables/5_seed_review/gate_per_seed.csv,2.0,nan
N-MNIST,SNN-DFA,20260908,H2,completed_epoch_100,results/paper_v9_signal_processing/03_five_seed/checkpoints/dfa_trained/seed_20260908/epoch_100.pt,9aad88592135096912c2e9971ced9f74b63d546bdd69208e989abf481efd833e,basis_eval,512,30,800,same_trained_model_and_neuron_coordinates,True,random_sparsity,0,nan,global_frobenius_norm_matched,204635190813.0,0.0,0.0,False,0.0180714903137724,0.0784339304263179,274.9442109970391,2.0978275386700624,0.0,0.0,1e-06,0.0834382772445678,0.1277970875771341,0.3060682971227998,0.0054703020651909,0.0,canonical epsilon=1e-12; zero-vector effects retained,"population, time axis then sample/feature mean",111,307,436,538,671,34.584512110157725,6.0325253402923344,416.76617799115337,0.5209577224889417,tables/5_seed_review/gate_per_seed.csv,3.0,nan
N-MNIST,SNN-DFA,20260908,H2,completed_epoch_100,results/paper_v9_signal_processing/03_five_seed/checkpoints/dfa_trained/seed_20260908/epoch_100.pt,9aad88592135096912c2e9971ced9f74b63d546bdd69208e989abf481efd833e,basis_eval,512,30,800,same_trained_model_and_neuron_coordinates,True,random_sparsity,0.25,nan,global_frobenius_norm_matched,204635190813.0,0.25,0.25,False,0.0156330674149517,0.0784235741618721,274.9079078952919,2.087716072880274,0.25,0.25,1e-06,0.0634436830878257,0.0973169108494588,0.3227366923677459,0.0055889797527974,0.0,canonical epsilon=1e-12; zero-vector effects retained,"population, time axis then sample/feature mean",119,315,443,542,672,43.87376857080443,6.094038915502592,443.2078801968655,0.5540098502460818,tables/5_seed_review/gate_per_seed.csv,3.0,nan
N-MNIST,SNN-DFA,20260908,H2,completed_epoch_100,results/paper_v9_signal_processing/03_five_seed/checkpoints/dfa_trained/seed_20260908/epoch_100.pt,9aad88592135096912c2e9971ced9f74b63d546bdd69208e989abf481efd833e,basis_eval,512,30,800,same_trained_model_and_neuron_coordinates,True,random_sparsity,0.50,nan,global_frobenius_norm_matched,204635190813.0,0.5,0.5,False,0.0127657051593972,0.078413601845299,274.8729506937614,2.0684555857300366,0.5,0.5,1e-06,0.0436196103692054,0.0678757797987935,0.3532608192973435,0.0057062886220983,0.0,canonical epsilon=1e-12; zero-vector effects retained,"population, time axis then sample/feature mean",124,319,445,544,672,61.016057460757374,6.137123968762888,462.7208556776732,0.5784010695970915,tables/5_seed_review/gate_per_seed.csv,3.0,nan
N-MNIST,SNN-DFA,20260908,H2,completed_epoch_100,results/paper_v9_signal_processing/03_five_seed/checkpoints/dfa_trained/seed_20260908/epoch_100.pt,9aad88592135096912c2e9971ced9f74b63d546bdd69208e989abf481efd833e,basis_eval,512,30,800,same_trained_model_and_neuron_coordinates,True,random_sparsity,0.75,nan,global_frobenius_norm_matched,204635190813.0,0.75,0.75,False,0.0090176221502565,0.0784012229651953,274.82955746579444,2.0103529550058656,0.75,0.75,1e-06,0.0242607295513153,0.0379661053065331,0.4379186130690521,0.0058231931786437,0.0,canonical epsilon=1e-12; zero-vector effects retained,"population, time axis then sample/feature mean",121,315,440,539,669,66.46190668098906,6.1276556817852885,458.360357625006,0.5729504470312575,tables/5_seed_review/gate_per_seed.csv,3.0,nan
N-MNIST,SNN-DFA,20260908,H2,completed_epoch_100,results/paper_v9_signal_processing/03_five_seed/checkpoints/dfa_trained/seed_20260908/epoch_100.pt,9aad88592135096912c2e9971ced9f74b63d546bdd69208e989abf481efd833e,basis_eval,512,30,800,same_trained_model_and_neuron_coordinates,True,random_sparsity,ann_matched,nan,global_frobenius_norm_matched,204635190813.0,0.803372802734375,0.803372802734375,False,0.0079979162785856,0.0783977719928495,274.81746034324146,1.9816068791629604,0.803372802734375,0.803372802734375,1e-06,0.020189581438899,0.0315292012150548,0.4764854749955058,0.0058482369953621,0.0,canonical epsilon=1e-12; zero-vector effects retained,"population, time axis then sample/feature mean",120,314,440,538,668,56.11805938454759,6.114013204321207,452.1496478361998,0.5651870597952497,tables/5_seed_review/gate_per_seed.csv,3.0,nan
N-MNIST,SNN-DFA,20260908,H2,completed_epoch_100,results/paper_v9_signal_processing/03_five_seed/checkpoints/dfa_trained/seed_20260908/epoch_100.pt,9aad88592135096912c2e9971ced9f74b63d546bdd69208e989abf481efd833e,basis_eval,512,30,800,same_trained_model_and_neuron_coordinates,True,random_sparsity,0,nan,global_frobenius_norm_matched,204635190814.0,0.0,0.0,False,0.0180714903137724,0.0784339304263179,274.9442109970391,2.0978275386700624,0.0,0.0,1e-06,0.0834382772445678,0.1277970875771341,0.3060682971227998,0.0054703020651909,0.0,canonical epsilon=1e-12; zero-vector effects retained,"population, time axis then sample/feature mean",111,307,436,538,671,34.584512110157725,6.0325253402923344,416.76617799115337,0.5209577224889417,tables/5_seed_review/gate_per_seed.csv,4.0,nan
N-MNIST,SNN-DFA,20260908,H2,completed_epoch_100,results/paper_v9_signal_processing/03_five_seed/checkpoints/dfa_trained/seed_20260908/epoch_100.pt,9aad88592135096912c2e9971ced9f74b63d546bdd69208e989abf481efd833e,basis_eval,512,30,800,same_trained_model_and_neuron_coordinates,True,random_sparsity,0.25,nan,global_frobenius_norm_matched,204635190814.0,0.25,0.25,False,0.0156487487630743,0.0784236409038784,274.90814185434425,2.088442201523796,0.25,0.25,1e-06,0.0636091232299804,0.0973096593993757,0.3220451304985374,0.005587565111741,0.0,canonical epsilon=1e-12; zero-vector effects retained,"population, time axis then sample/feature mean",117,313,441,541,672,44.73335847964241,6.086283788726191,439.7840402138994,0.5497300502673742,tables/5_seed_review/gate_per_seed.csv,4.0,nan
N-MNIST,SNN-DFA,20260908,H2,completed_epoch_100,results/paper_v9_signal_processing/03_five_seed/checkpoints/dfa_trained/seed_20260908/epoch_100.pt,9aad88592135096912c2e9971ced9f74b63d546bdd69208e989abf481efd833e,basis_eval,512,30,800,same_trained_model_and_neuron_coordinates,True,random_sparsity,0.50,nan,global_frobenius_norm_matched,204635190814.0,0.5,0.5,False,0.0127720479058384,0.0784135842014697,274.8728888446545,2.0691033758790818,0.5,0.5,1e-06,0.0437611304223537,0.0671129768675086,0.352163155553444,0.0057054492698538,0.0,canonical epsilon=1e-12; zero-vector effects retained,"population, time axis then sample/feature mean",120,315,442,542,672,59.596223076140205,6.119569243299958,454.6688006790737,0.5683360008488421,tables/5_seed_review/gate_per_seed.csv,4.0,nan
N-MNIST,SNN-DFA,20260908,H2,completed_epoch_100,results/paper_v9_signal_processing/03_five_seed/checkpoints/dfa_trained/seed_20260908/epoch_100.pt,9aad88592135096912c2e9971ced9f74b63d546bdd69208e989abf481efd833e,basis_eval,512,30,800,same_trained_model_and_neuron_coordinates,True,random_sparsity,0.75,nan,global_frobenius_norm_matched,204635190814.0,0.75,0.75,False,0.0090268255068195,0.0784012022473627,274.8294848409994,2.0123000511093907,0.75,0.75,1e-06,0.0243360083550214,0.0376842167607971,0.4347507677321111,0.0058223774054855,0.0,canonical epsilon=1e-12; zero-vector effects retained,"population, time axis then sample/feature mean",117,309,435,534,667,72.9446160841961,6.115106388166633,452.64420079633146,0.5658052509954143,tables/5_seed_review/gate_per_seed.csv,4.0,nan
N-MNIST,SNN-DFA,20260908,H2,completed_epoch_100,results/paper_v9_signal_processing/03_five_seed/checkpoints/dfa_trained/seed_20260908/epoch_100.pt,9aad88592135096912c2e9971ced9f74b63d546bdd69208e989abf481efd833e,basis_eval,512,30,800,same_trained_model_and_neuron_coordinates,True,random_sparsity,ann_matched,nan,global_frobenius_norm_matched,204635190814.0,0.803372802734375,0.803372802734375,False,0.0080061552135824,0.0783977772470534,274.8174787614558,1.9849972812375607,0.803372802734375,0.803372802734375,1e-06,0.0201361496001482,0.0313325664129572,0.4722179824957103,0.0058474588500594,0.0,canonical epsilon=1e-12; zero-vector effects retained,"population, time axis then sample/feature mean",114,303,429,529,665,95.33463295805792,6.102215841400328,446.84681556740935,0.5585585194592617,tables/5_seed_review/gate_per_seed.csv,4.0,nan
N-MNIST,SNN-DFA,20260908,H2,completed_epoch_100,results/paper_v9_signal_processing/03_five_seed/checkpoints/dfa_trained/seed_20260908/epoch_100.pt,9aad88592135096912c2e9971ced9f74b63d546bdd69208e989abf481efd833e,basis_eval,512,30,800,same_trained_model_and_neuron_coordinates,True,random_sparsity,0,nan,global_frobenius_norm_matched,204635190815.0,0.0,0.0,False,0.0180714903137724,0.0784339304263179,274.9442109970391,2.0978275386700624,0.0,0.0,1e-06,0.0834382772445678,0.1277970875771341,0.3060682971227998,0.0054703020651909,0.0,canonical epsilon=1e-12; zero-vector effects retained,"population, time axis then sample/feature mean",111,307,436,538,671,34.584512110157725,6.0325253402923344,416.76617799115337,0.5209577224889417,tables/5_seed_review/gate_per_seed.csv,5.0,nan
N-MNIST,SNN-DFA,20260908,H2,completed_epoch_100,results/paper_v9_signal_processing/03_five_seed/checkpoints/dfa_trained/seed_20260908/epoch_100.pt,9aad88592135096912c2e9971ced9f74b63d546bdd69208e989abf481efd833e,basis_eval,512,30,800,same_trained_model_and_neuron_coordinates,True,random_sparsity,0.25,nan,global_frobenius_norm_matched,204635190815.0,0.25,0.25,False,0.0156422769284786,0.0784236215232281,274.90807391693966,2.0884869082692514,0.25,0.25,1e-06,0.0634949654340744,0.0977140361265113,0.3219285776839292,0.0055885879027118,0.0,canonical epsilon=1e-12; zero-vector effects retained,"population, time axis then sample/feature mean",117,313,441,541,672,43.63774428540473,6.0864090613949,439.8391365852351,0.5497989207315439,tables/5_seed_review/gate_per_seed.csv,5.0,nan
N-MNIST,SNN-DFA,20260908,H2,completed_epoch_100,results/paper_v9_signal_processing/03_five_seed/checkpoints/dfa_trained/seed_20260908/epoch_100.pt,9aad88592135096912c2e9971ced9f74b63d546bdd69208e989abf481efd833e,basis_eval,512,30,800,same_trained_model_and_neuron_coordinates,True,random_sparsity,0.50,nan,global_frobenius_norm_matched,204635190815.0,0.5,0.5,False,0.0127712032158377,0.0784133397612739,274.87203197803785,2.0693599640518587,0.5,0.5,1e-06,0.0436985418200492,0.0670693783031098,0.3524948337237068,0.0057062574897672,0.0,canonical epsilon=1e-12; zero-vector effects retained,"population, time axis then sample/feature mean",122,315,441,541,672,59.06115612492067,6.127842122216612,458.4458224945893,0.5730572781182367,tables/5_seed_review/gate_per_seed.csv,5.0,nan
N-MNIST,SNN-DFA,20260908,H2,completed_epoch_100,results/paper_v9_signal_processing/03_five_seed/checkpoints/dfa_trained/seed_20260908/epoch_100.pt,9aad88592135096912c2e9971ced9f74b63d546bdd69208e989abf481efd833e,basis_eval,512,30,800,same_trained_model_and_neuron_coordinates,True,random_sparsity,0.75,nan,global_frobenius_norm_matched,204635190815.0,0.75,0.75,False,0.0090258141180181,0.0784011382404775,274.8292604697077,2.0109929280611283,0.75,0.75,1e-06,0.0244236625730991,0.0375523888896184,0.4374210686084736,0.0058226906774436,0.0,canonical epsilon=1e-12; zero-vector effects retained,"population, time axis then sample/feature mean",121,309,435,534,668,87.64038562989711,6.128204682551285,458.61206690041496,0.5732650836255186,tables/5_seed_review/gate_per_seed.csv,5.0,nan
N-MNIST,SNN-DFA,20260908,H2,completed_epoch_100,results/paper_v9_signal_processing/03_five_seed/checkpoints/dfa_trained/seed_20260908/epoch_100.pt,9aad88592135096912c2e9971ced9f74b63d546bdd69208e989abf481efd833e,basis_eval,512,30,800,same_trained_model_and_neuron_coordinates,True,random_sparsity,ann_matched,nan,global_frobenius_norm_matched,204635190815.0,0.803372802734375,0.803372802734375,False,0.0080028333263863,0.0783977836048402,274.8175010481924,1.97966980504888,0.803372802734375,0.803372802734375,1e-06,0.0203843712806701,0.0310937720764241,0.4786304869710948,0.0058477651161113,0.0,canonical epsilon=1e-12; zero-vector effects retained,"population, time axis then sample/feature mean",117,303,429,529,663,87.48919104239174,6.107241519998832,449.0981766150997,0.5613727207688746,tables/5_seed_review/gate_per_seed.csv,5.0,nan
N-MNIST,SNN-DFA,20260908,H2,completed_epoch_100,results/paper_v9_signal_processing/03_five_seed/checkpoints/dfa_trained/seed_20260908/epoch_100.pt,9aad88592135096912c2e9971ced9f74b63d546bdd69208e989abf481efd833e,basis_eval,512,30,800,same_trained_model_and_neuron_coordinates,True,random_sparsity,0,nan,global_frobenius_norm_matched,204635190816.0,0.0,0.0,False,0.0180714903137724,0.0784339304263179,274.9442109970391,2.0978275386700624,0.0,0.0,1e-06,0.0834382772445678,0.1277970875771341,0.3060682971227998,0.0054703020651909,0.0,canonical epsilon=1e-12; zero-vector effects retained,"population, time axis then sample/feature mean",111,307,436,538,671,34.584512110157725,6.0325253402923344,416.76617799115337,0.5209577224889417,tables/5_seed_review/gate_per_seed.csv,6.0,nan
N-MNIST,SNN-DFA,20260908,H2,completed_epoch_100,results/paper_v9_signal_processing/03_five_seed/checkpoints/dfa_trained/seed_20260908/epoch_100.pt,9aad88592135096912c2e9971ced9f74b63d546bdd69208e989abf481efd833e,basis_eval,512,30,800,same_trained_model_and_neuron_coordinates,True,random_sparsity,0.25,nan,global_frobenius_norm_matched,204635190816.0,0.25,0.25,False,0.0156391458349889,0.0784236843998255,274.9082943260975,2.0877224453830148,0.25,0.25,1e-06,0.063408114016056,0.0967579634565445,0.323200811607764,0.0055893492548931,0.0,canonical epsilon=1e-12; zero-vector effects retained,"population, time axis then sample/feature mean",116,311,439,540,671,43.44870509731412,6.081246350320952,437.5742257747563,0.5469677822184454,tables/5_seed_review/gate_per_seed.csv,6.0,nan
N-MNIST,SNN-DFA,20260908,H2,completed_epoch_100,results/paper_v9_signal_processing/03_five_seed/checkpoints/dfa_trained/seed_20260908/epoch_100.pt,9aad88592135096912c2e9971ced9f74b63d546bdd69208e989abf481efd833e,basis_eval,512,30,800,same_trained_model_and_neuron_coordinates,True,random_sparsity,0.50,nan,global_frobenius_norm_matched,204635190816.0,0.5,0.5,False,0.0127683700606554,0.0784134583119744,274.8724475485546,2.068115743311048,0.5,0.5,1e-06,0.0437725223600864,0.0665995059078984,0.3539366218436464,0.0057059483972182,0.0,canonical epsilon=1e-12; zero-vector effects retained,"population, time axis then sample/feature mean",122,314,440,540,670,60.03750476280511,6.1268622342218,457.9968169603487,0.5724960212004359,tables/5_seed_review/gate_per_seed.csv,6.0,nan
N-MNIST,SNN-DFA,20260908,H2,completed_epoch_100,results/paper_v9_signal_processing/03_five_seed/checkpoints/dfa_trained/seed_20260908/epoch_100.pt,9aad88592135096912c2e9971ced9f74b63d546bdd69208e989abf481efd833e,basis_eval,512,30,800,same_trained_model_and_neuron_coordinates,True,random_sparsity,0.75,nan,global_frobenius_norm_matched,204635190816.0,0.75,0.75,False,0.0090417618332427,0.07840124908968,274.82964904320136,2.012535853987188,0.75,0.75,1e-06,0.0242074336856603,0.0370853081410099,0.4344651562483795,0.0058229943228856,0.0,canonical epsilon=1e-12; zero-vector effects retained,"population, time axis then sample/feature mean",119,311,436,536,668,88.95192783852009,6.129983800882752,459.4287182799799,0.5742858978499749,tables/5_seed_review/gate_per_seed.csv,6.0,nan
N-MNIST,SNN-DFA,20260908,H2,completed_epoch_100,results/paper_v9_signal_processing/03_five_seed/checkpoints/dfa_trained/seed_20260908/epoch_100.pt,9aad88592135096912c2e9971ced9f74b63d546bdd69208e989abf481efd833e,basis_eval,512,30,800,same_trained_model_and_neuron_coordinates,True,random_sparsity,ann_matched,nan,global_frobenius_norm_matched,204635190816.0,0.803372802734375,0.803372802734375,False,0.0080218287918735,0.0783978493396506,274.8177314766022,1.983294111086756,0.803372802734375,0.803372802734375,1e-06,0.0201686397194862,0.0307412719327136,0.4739261741653213,0.0058478500815666,0.0,canonical epsilon=1e-12; zero-vector effects retained,"population, time axis then sample/feature mean",113,302,429,531,666,78.89320030537839,6.10013298137653,445.9170648049785,0.5573963310062231,tables/5_seed_review/gate_per_seed.csv,6.0,nan
N-MNIST,SNN-DFA,20260908,H2,completed_epoch_100,results/paper_v9_signal_processing/03_five_seed/checkpoints/dfa_trained/seed_20260908/epoch_100.pt,9aad88592135096912c2e9971ced9f74b63d546bdd69208e989abf481efd833e,basis_eval,512,30,800,same_trained_model_and_neuron_coordinates,True,random_sparsity,0,nan,global_frobenius_norm_matched,204635190817.0,0.0,0.0,False,0.0180714903137724,0.0784339304263179,274.9442109970391,2.0978275386700624,0.0,0.0,1e-06,0.0834382772445678,0.1277970875771341,0.3060682971227998,0.0054703020651909,0.0,canonical epsilon=1e-12; zero-vector effects retained,"population, time axis then sample/feature mean",111,307,436,538,671,34.584512110157725,6.0325253402923344,416.76617799115337,0.5209577224889417,tables/5_seed_review/gate_per_seed.csv,7.0,nan
N-MNIST,SNN-DFA,20260908,H2,completed_epoch_100,results/paper_v9_signal_processing/03_five_seed/checkpoints/dfa_trained/seed_20260908/epoch_100.pt,9aad88592135096912c2e9971ced9f74b63d546bdd69208e989abf481efd833e,basis_eval,512,30,800,same_trained_model_and_neuron_coordinates,True,random_sparsity,0.25,nan,global_frobenius_norm_matched,204635190817.0,0.25,0.25,False,0.0156524116866926,0.0784236813455816,274.90828361966976,2.0877010088613006,0.25,0.25,1e-06,0.063720479607582,0.0980048182322345,0.3233504041427829,0.0055877077669552,0.0,canonical epsilon=1e-12; zero-vector effects retained,"population, time axis then sample/feature mean",118,313,441,541,672,44.400678857122784,6.091928366502176,442.2734546706294,0.5528418183382867,tables/5_seed_review/gate_per_seed.csv,7.0,nan
N-MNIST,SNN-DFA,20260908,H2,completed_epoch_100,results/paper_v9_signal_processing/03_five_seed/checkpoints/dfa_trained/seed_20260908/epoch_100.pt,9aad88592135096912c2e9971ced9f74b63d546bdd69208e989abf481efd833e,basis_eval,512,30,800,same_trained_model_and_neuron_coordinates,True,random_sparsity,0.50,nan,global_frobenius_norm_matched,204635190817.0,0.5,0.5,False,0.0127800277452307,0.0784133917990957,274.87221439268853,2.068049883152842,0.5,0.5,1e-06,0.0440351963043212,0.0673380222386434,0.354364812412175,0.0057048894978383,0.0,canonical epsilon=1e-12; zero-vector effects retained,"population, time axis then sample/feature mean",121,317,443,542,671,61.28166807719736,6.128767698181278,458.87034536276633,0.5735879317034579,tables/5_seed_review/gate_per_seed.csv,7.0,nan
N-MNIST,SNN-DFA,20260908,H2,completed_epoch_100,results/paper_v9_signal_processing/03_five_seed/checkpoints/dfa_trained/seed_20260908/epoch_100.pt,9aad88592135096912c2e9971ced9f74b63d546bdd69208e989abf481efd833e,basis_eval,512,30,800,same_trained_model_and_neuron_coordinates,True,random_sparsity,0.75,nan,global_frobenius_norm_matched,204635190817.0,0.75,0.75,False,0.0090363011355188,0.0784012737565219,274.8297355109512,2.0121760875560826,0.75,0.75,1e-06,0.0243986248970031,0.0386277415982382,0.4346681985111803,0.005823110903983,0.0,canonical epsilon=1e-12; zero-vector effects retained,"population, time axis then sample/feature mean",124,314,438,536,668,91.65972113710392,6.144523649952595,466.1575419997031,0.5826969274996289,tables/5_seed_review/gate_per_seed.csv,7.0,nan
N-MNIST,SNN-DFA,20260908,H2,completed_epoch_100,results/paper_v9_signal_processing/03_five_seed/checkpoints/dfa_trained/seed_20260908/epoch_100.pt,9aad88592135096912c2e9971ced9f74b63d546bdd69208e989abf481efd833e,basis_eval,512,30,800,same_trained_model_and_neuron_coordinates,True,random_sparsity,ann_matched,nan,global_frobenius_norm_matched,204635190817.0,0.803372802734375,0.803372802734375,False,0.0080131027106551,0.0783978591623182,274.8177659092203,1.9828744623720576,0.803372802734375,0.803372802734375,1e-06,0.0201838407665491,0.0309023765732115,0.4747066421133606,0.0058480013349781,0.0,canonical epsilon=1e-12; zero-vector effects retained,"population, time axis then sample/feature mean",119,307,432,531,665,99.65394833619742,6.124618424544313,456.970311342492,0.571212889178115,tables/5_seed_review/gate_per_seed.csv,7.0,nan
N-MNIST,SNN-DFA,20260908,H2,completed_epoch_100,results/paper_v9_signal_processing/03_five_seed/checkpoints/dfa_trained/seed_20260908/epoch_100.pt,9aad88592135096912c2e9971ced9f74b63d546bdd69208e989abf481efd833e,basis_eval,512,30,800,same_trained_model_and_neuron_coordinates,True,random_sparsity,0,nan,global_frobenius_norm_matched,204635190818.0,0.0,0.0,False,0.0180714903137724,0.0784339304263179,274.9442109970391,2.0978275386700624,0.0,0.0,1e-06,0.0834382772445678,0.1277970875771341,0.3060682971227998,0.0054703020651909,0.0,canonical epsilon=1e-12; zero-vector effects retained,"population, time axis then sample/feature mean",111,307,436,538,671,34.584512110157725,6.0325253402923344,416.76617799115337,0.5209577224889417,tables/5_seed_review/gate_per_seed.csv,8.0,nan
N-MNIST,SNN-DFA,20260908,H2,completed_epoch_100,results/paper_v9_signal_processing/03_five_seed/checkpoints/dfa_trained/seed_20260908/epoch_100.pt,9aad88592135096912c2e9971ced9f74b63d546bdd69208e989abf481efd833e,basis_eval,512,30,800,same_trained_model_and_neuron_coordinates,True,random_sparsity,0.25,nan,global_frobenius_norm_matched,204635190818.0,0.25,0.25,False,0.0156490922154905,0.0784236922548859,274.9083218614178,2.088065235399547,0.25,0.25,1e-06,0.0634690225124359,0.0976256827245937,0.3222646277441454,0.0055885197665487,0.0,canonical epsilon=1e-12; zero-vector effects retained,"population, time axis then sample/feature mean",117,313,441,541,671,44.01025515573375,6.086766330404373,439.9963055520194,0.5499953819400243,tables/5_seed_review/gate_per_seed.csv,8.0,nan
N-MNIST,SNN-DFA,20260908,H2,completed_epoch_100,results/paper_v9_signal_processing/03_five_seed/checkpoints/dfa_trained/seed_20260908/epoch_100.pt,9aad88592135096912c2e9971ced9f74b63d546bdd69208e989abf481efd833e,basis_eval,512,30,800,same_trained_model_and_neuron_coordinates,True,random_sparsity,0.50,nan,global_frobenius_norm_matched,204635190818.0,0.5,0.5,False,0.0127759949078744,0.0784136053284234,274.87296290359257,2.068523663342704,0.5,0.5,1e-06,0.0438123047351837,0.0680595838401523,0.3528134803644122,0.005705457498723,0.0,canonical epsilon=1e-12; zero-vector effects retained,"population, time axis then sample/feature mean",120,314,440,539,670,57.662235019182326,6.116596749568472,453.3193071932616,0.566649133991577,tables/5_seed_review/gate_per_seed.csv,8.0,nan
N-MNIST,SNN-DFA,20260908,H2,completed_epoch_100,results/paper_v9_signal_processing/03_five_seed/checkpoints/dfa_trained/seed_20260908/epoch_100.pt,9aad88592135096912c2e9971ced9f74b63d546bdd69208e989abf481efd833e,basis_eval,512,30,800,same_trained_model_and_neuron_coordinates,True,random_sparsity,0.75,nan,global_frobenius_norm_matched,204635190818.0,0.75,0.75,False,0.0090374946768185,0.0784013311021075,274.82993653156177,2.01183607627838,0.75,0.75,1e-06,0.0243793446570634,0.0377019039604523,0.4352742255250139,0.0058228875927848,0.0,canonical epsilon=1e-12; zero-vector effects retained,"population, time axis then sample/feature mean",119,310,434,533,667,60.81470634454279,6.11088903067585,450.7392581210322,0.5634240726512902,tables/5_seed_review/gate_per_seed.csv,8.0,nan
N-MNIST,SNN-DFA,20260908,H2,completed_epoch_100,results/paper_v9_signal_processing/03_five_seed/checkpoints/dfa_trained/seed_20260908/epoch_100.pt,9aad88592135096912c2e9971ced9f74b63d546bdd69208e989abf481efd833e,basis_eval,512,30,800,same_trained_model_and_neuron_coordinates,True,random_sparsity,ann_matched,nan,global_frobenius_norm_matched,204635190818.0,0.803372802734375,0.803372802734375,False,0.0080144878590335,0.0783978179216892,274.81762134331285,1.98189699547,0.803372802734375,0.803372802734375,1e-06,0.0202860999852418,0.0308950817713076,0.4764051297326047,0.0058478272771082,0.0,canonical epsilon=1e-12; zero-vector effects retained,"population, time axis then sample/feature mean",114,303,428,527,663,52.25671771003624,6.083384531361185,438.5108396561885,0.5481385495702357,tables/5_seed_review/gate_per_seed.csv,8.0,nan
N-MNIST,SNN-DFA,20260908,H2,completed_epoch_100,results/paper_v9_signal_processing/03_five_seed/checkpoints/dfa_trained/seed_20260908/epoch_100.pt,9aad88592135096912c2e9971ced9f74b63d546bdd69208e989abf481efd833e,basis_eval,512,30,800,same_trained_model_and_neuron_coordinates,True,random_sparsity,0,nan,global_frobenius_norm_matched,204635190819.0,0.0,0.0,False,0.0180714903137724,0.0784339304263179,274.9442109970391,2.0978275386700624,0.0,0.0,1e-06,0.0834382772445678,0.1277970875771341,0.3060682971227998,0.0054703020651909,0.0,canonical epsilon=1e-12; zero-vector effects retained,"population, time axis then sample/feature mean",111,307,436,538,671,34.584512110157725,6.0325253402923344,416.76617799115337,0.5209577224889417,tables/5_seed_review/gate_per_seed.csv,9.0,nan
N-MNIST,SNN-DFA,20260908,H2,completed_epoch_100,results/paper_v9_signal_processing/03_five_seed/checkpoints/dfa_trained/seed_20260908/epoch_100.pt,9aad88592135096912c2e9971ced9f74b63d546bdd69208e989abf481efd833e,basis_eval,512,30,800,same_trained_model_and_neuron_coordinates,True,random_sparsity,0.25,nan,global_frobenius_norm_matched,204635190819.0,0.25,0.25,False,0.0156460964559403,0.078423648758529,274.9081693882215,2.0885820647230537,0.25,0.25,1e-06,0.0635017901659011,0.0977532214044879,0.3218175589854269,0.0055881353824214,0.0,canonical epsilon=1e-12; zero-vector effects retained,"population, time axis then sample/feature mean",119,314,442,541,673,45.21024743625845,6.093340148237758,442.8982892172853,0.5536228615216067,tables/5_seed_review/gate_per_seed.csv,9.0,nan
N-MNIST,SNN-DFA,20260908,H2,completed_epoch_100,results/paper_v9_signal_processing/03_five_seed/checkpoints/dfa_trained/seed_20260908/epoch_100.pt,9aad88592135096912c2e9971ced9f74b63d546bdd69208e989abf481efd833e,basis_eval,512,30,800,same_trained_model_and_neuron_coordinates,True,random_sparsity,0.50,nan,global_frobenius_norm_matched,204635190819.0,0.5,0.5,False,0.0127757510940861,0.0784134407961573,274.8723861481781,2.070451421065292,0.5,0.5,1e-06,0.0435457006096839,0.066430636572165,0.3512545052345081,0.005706944790969,0.0,canonical epsilon=1e-12; zero-vector effects retained,"population, time axis then sample/feature mean",123,316,442,541,671,62.38011243959778,6.130261219133764,459.5561898721254,0.5744452373401567,tables/5_seed_review/gate_per_seed.csv,9.0,nan
N-MNIST,SNN-DFA,20260908,H2,completed_epoch_100,results/paper_v9_signal_processing/03_five_seed/checkpoints/dfa_trained/seed_20260908/epoch_100.pt,9aad88592135096912c2e9971ced9f74b63d546bdd69208e989abf481efd833e,basis_eval,512,30,800,same_trained_model_and_neuron_coordinates,True,random_sparsity,0.75,nan,global_frobenius_norm_matched,204635190819.0,0.75,0.75,False,0.0090414537507078,0.0784012809116342,274.82976059265604,2.015049245338066,0.75,0.75,1e-06,0.0243750717490911,0.0379152884996443,0.433310366018245,0.0058229264564536,0.0,canonical epsilon=1e-12; zero-vector effects retained,"population, time axis then sample/feature mean",124,315,439,537,669,68.997623739793,6.136942706714816,462.6369895487903,0.5782962369359879,tables/5_seed_review/gate_per_seed.csv,9.0,nan
N-MNIST,SNN-DFA,20260908,H2,completed_epoch_100,results/paper_v9_signal_processing/03_five_seed/checkpoints/dfa_trained/seed_20260908/epoch_100.pt,9aad88592135096912c2e9971ced9f74b63d546bdd69208e989abf481efd833e,basis_eval,512,30,800,same_trained_model_and_neuron_coordinates,True,random_sparsity,ann_matched,nan,global_frobenius_norm_matched,204635190819.0,0.803372802734375,0.803372802734375,False,0.0080158011408661,0.0783978158831126,274.8176141972381,1.9867435978801269,0.803372802734375,0.803372802734375,1e-06,0.0202660821378231,0.031551437098101,0.4718044912664884,0.0058475660454364,0.0,canonical epsilon=1e-12; zero-vector effects retained,"population, time axis then sample/feature mean",121,310,435,533,666,69.61196660910367,6.12491121871519,457.10412917550144,0.5713801614693768,tables/5_seed_review/gate_per_seed.csv,9.0,nan
N-MNIST,SNN-DFA,20260908,H3,completed_epoch_100,results/paper_v9_signal_processing/03_five_seed/checkpoints/dfa_trained/seed_20260908/epoch_100.pt,9aad88592135096912c2e9971ced9f74b63d546bdd69208e989abf481efd833e,basis_eval,512,30,800,same_trained_model_and_neuron_coordinates,True,random_sparsity,0,nan,global_frobenius_norm_matched,204635190820.0,0.0,0.0,False,0.0080752498187902,0.0510966494466838,179.11544009525807,1.2686475287219816,0.0,0.0,1e-06,0.0864801332354545,0.1353426659684559,0.4808315073887553,0.002385791022067,0.0,canonical epsilon=1e-12; zero-vector effects retained,"population, time axis then sample/feature mean",95,276,408,522,694,44.877746430415456,5.975161818880248,393.5317768104556,0.4919147210130695,tables/5_seed_review/gate_per_seed.csv,0.0,nan
N-MNIST,SNN-DFA,20260908,H3,completed_epoch_100,results/paper_v9_signal_processing/03_five_seed/checkpoints/dfa_trained/seed_20260908/epoch_100.pt,9aad88592135096912c2e9971ced9f74b63d546bdd69208e989abf481efd833e,basis_eval,512,30,800,same_trained_model_and_neuron_coordinates,True,random_sparsity,0.25,nan,global_frobenius_norm_matched,204635190820.0,0.25,0.25,False,0.0069915344424443,0.0510940394434272,179.10629092624055,1.2534078366124974,0.25,0.25,1e-06,0.0689640715718269,0.107857695567912,0.5141438937848429,0.0024201099863815,0.0,canonical epsilon=1e-12; zero-vector effects retained,"population, time axis then sample/feature mean",97,279,410,524,694,49.39613265097932,6.001032885056795,403.8457043384408,0.504807130423051,tables/5_seed_review/gate_per_seed.csv,0.0,nan
N-MNIST,SNN-DFA,20260908,H3,completed_epoch_100,results/paper_v9_signal_processing/03_five_seed/checkpoints/dfa_trained/seed_20260908/epoch_100.pt,9aad88592135096912c2e9971ced9f74b63d546bdd69208e989abf481efd833e,basis_eval,512,30,800,same_trained_model_and_neuron_coordinates,True,random_sparsity,0.50,nan,global_frobenius_norm_matched,204635190820.0,0.5,0.5,False,0.0057099424224069,0.0510891480050461,179.0891443589388,1.2242041276755145,0.5,0.5,1e-06,0.0518151931464672,0.0805447486169163,0.5738601881948415,0.0024538971353664,0.0,canonical epsilon=1e-12; zero-vector effects retained,"population, time axis then sample/feature mean",98,277,408,520,691,41.9875409198506,6.0033212451729,404.7709069359286,0.5059636336699108,tables/5_seed_review/gate_per_seed.csv,0.0,nan
N-MNIST,SNN-DFA,20260908,H3,completed_epoch_100,results/paper_v9_signal_processing/03_five_seed/checkpoints/dfa_trained/seed_20260908/epoch_100.pt,9aad88592135096912c2e9971ced9f74b63d546bdd69208e989abf481efd833e,basis_eval,512,30,800,same_trained_model_and_neuron_coordinates,True,random_sparsity,0.75,nan,global_frobenius_norm_matched,204635190820.0,0.75,0.75,False,0.0040376517094003,0.0510843349534749,179.07227257067635,1.151517342744938,0.75,0.75,1e-06,0.0337934419512748,0.051283124282451,0.7192414952977938,0.0024876599007604,0.0,canonical epsilon=1e-12; zero-vector effects retained,"population, time axis then sample/feature mean",89,262,390,503,678,30.766626596859755,5.94103534942228,380.3284986535641,0.4754106233169551,tables/5_seed_review/gate_per_seed.csv,0.0,nan
N-MNIST,SNN-DFA,20260908,H3,completed_epoch_100,results/paper_v9_signal_processing/03_five_seed/checkpoints/dfa_trained/seed_20260908/epoch_100.pt,9aad88592135096912c2e9971ced9f74b63d546bdd69208e989abf481efd833e,basis_eval,512,30,800,same_trained_model_and_neuron_coordinates,True,random_sparsity,ann_matched,nan,global_frobenius_norm_matched,204635190820.0,0.8771907552083333,0.8771907552083333,False,0.0028296571051495,0.0510813307959356,179.06174172363205,1.039757215967728,0.8771907552083333,0.8771907552083333,1e-06,0.0232321266084909,0.033980395235563,0.9411337724474118,0.0025052267700681,0.0,canonical epsilon=1e-12; zero-vector effects retained,"population, time axis then sample/feature mean",84,246,370,481,661,25.163783449319077,5.872132321670726,355.00515896682066,0.4437564487085258,tables/5_seed_review/gate_per_seed.csv,0.0,nan
N-MNIST,SNN-DFA,20260908,H3,completed_epoch_100,results/paper_v9_signal_processing/03_five_seed/checkpoints/dfa_trained/seed_20260908/epoch_100.pt,9aad88592135096912c2e9971ced9f74b63d546bdd69208e989abf481efd833e,basis_eval,512,30,800,same_trained_model_and_neuron_coordinates,True,random_sparsity,0,nan,global_frobenius_norm_matched,204635190821.0,0.0,0.0,False,0.0080752498187902,0.0510966494466838,179.11544009525807,1.2686475287219816,0.0,0.0,1e-06,0.0864801332354545,0.1353426659684559,0.4808315073887553,0.002385791022067,0.0,canonical epsilon=1e-12; zero-vector effects retained,"population, time axis then sample/feature mean",95,276,408,522,694,44.877746430415456,5.975161818880248,393.5317768104556,0.4919147210130695,tables/5_seed_review/gate_per_seed.csv,1.0,nan
N-MNIST,SNN-DFA,20260908,H3,completed_epoch_100,results/paper_v9_signal_processing/03_five_seed/checkpoints/dfa_trained/seed_20260908/epoch_100.pt,9aad88592135096912c2e9971ced9f74b63d546bdd69208e989abf481efd833e,basis_eval,512,30,800,same_trained_model_and_neuron_coordinates,True,random_sparsity,0.25,nan,global_frobenius_norm_matched,204635190821.0,0.25,0.25,False,0.0069948976906306,0.0510940158727346,179.10620830095888,1.251541057432921,0.25,0.25,1e-06,0.0691455528140068,0.1084619341246419,0.5164336752236162,0.0024201402639044,0.0,canonical epsilon=1e-12; zero-vector effects retained,"population, time axis then sample/feature mean",98,278,409,522,693,50.46554409026692,6.003350903087816,404.7829117750654,0.5059786397188317,tables/5_seed_review/gate_per_seed.csv,1.0,nan
N-MNIST,SNN-DFA,20260908,H3,completed_epoch_100,results/paper_v9_signal_processing/03_five_seed/checkpoints/dfa_trained/seed_20260908/epoch_100.pt,9aad88592135096912c2e9971ced9f74b63d546bdd69208e989abf481efd833e,basis_eval,512,30,800,same_trained_model_and_neuron_coordinates,True,random_sparsity,0.50,nan,global_frobenius_norm_matched,204635190821.0,0.5,0.5,False,0.0057125802344512,0.0510890625250297,179.08884471520994,1.2230089702280904,0.5,0.5,1e-06,0.0515303239226341,0.0811999655929875,0.5756809339382042,0.0024538686676074,0.0,canonical epsilon=1e-12; zero-vector effects retained,"population, time axis then sample/feature mean",102,282,413,525,694,72.68746720628418,6.039163207702544,419.54181859736286,0.5244272732467036,tables/5_seed_review/gate_per_seed.csv,1.0,nan
N-MNIST,SNN-DFA,20260908,H3,completed_epoch_100,results/paper_v9_signal_processing/03_five_seed/checkpoints/dfa_trained/seed_20260908/epoch_100.pt,9aad88592135096912c2e9971ced9f74b63d546bdd69208e989abf481efd833e,basis_eval,512,30,800,same_trained_model_and_neuron_coordinates,True,random_sparsity,0.75,nan,global_frobenius_norm_matched,204635190821.0,0.75,0.75,False,0.0040353625425538,0.0510843636907304,179.07237330695165,1.1519145837704814,0.75,0.75,1e-06,0.0337059088051319,0.0512263610849857,0.7190231128586597,0.0024876061823079,0.0,canonical epsilon=1e-12; zero-vector effects retained,"population, time axis then sample/feature mean",96,266,394,508,682,50.15229178629902,5.987395010139322,398.3754929502555,0.4979693661878193,tables/5_seed_review/gate_per_seed.csv,1.0,nan
N-MNIST,SNN-DFA,20260908,H3,completed_epoch_100,results/paper_v9_signal_processing/03_five_seed/checkpoints/dfa_trained/seed_20260908/epoch_100.pt,9aad88592135096912c2e9971ced9f74b63d546bdd69208e989abf481efd833e,basis_eval,512,30,800,same_trained_model_and_neuron_coordinates,True,random_sparsity,ann_matched,nan,global_frobenius_norm_matched,204635190821.0,0.8771907552083333,0.8771907552083333,False,0.0028295967122228,0.0510813150151843,179.06168640540105,1.0399142462949216,0.8771907552083333,0.8771907552083333,1e-06,0.0231003053486347,0.0347991396332468,0.9406819643684644,0.0025052547766931,0.0,canonical epsilon=1e-12; zero-vector effects retained,"population, time axis then sample/feature mean",81,246,372,485,665,53.15739831774177,5.86923730811257,353.9789004513195,0.4424736255641493,tables/5_seed_review/gate_per_seed.csv,1.0,nan
N-MNIST,SNN-DFA,20260908,H3,completed_epoch_100,results/paper_v9_signal_processing/03_five_seed/checkpoints/dfa_trained/seed_20260908/epoch_100.pt,9aad88592135096912c2e9971ced9f74b63d546bdd69208e989abf481efd833e,basis_eval,512,30,800,same_trained_model_and_neuron_coordinates,True,random_sparsity,0,nan,global_frobenius_norm_matched,204635190822.0,0.0,0.0,False,0.0080752498187902,0.0510966494466838,179.11544009525807,1.2686475287219816,0.0,0.0,1e-06,0.0864801332354545,0.1353426659684559,0.4808315073887553,0.002385791022067,0.0,canonical epsilon=1e-12; zero-vector effects retained,"population, time axis then sample/feature mean",95,276,408,522,694,44.877746430415456,5.975161818880248,393.5317768104556,0.4919147210130695,tables/5_seed_review/gate_per_seed.csv,2.0,nan
N-MNIST,SNN-DFA,20260908,H3,completed_epoch_100,results/paper_v9_signal_processing/03_five_seed/checkpoints/dfa_trained/seed_20260908/epoch_100.pt,9aad88592135096912c2e9971ced9f74b63d546bdd69208e989abf481efd833e,basis_eval,512,30,800,same_trained_model_and_neuron_coordinates,True,random_sparsity,0.25,nan,global_frobenius_norm_matched,204635190822.0,0.25,0.25,False,0.0069955702694296,0.0510940546986777,179.10634440236709,1.2524933267345086,0.25,0.25,1e-06,0.069006472826004,0.1084860329873557,0.5151239596974726,0.0024199527457228,0.0,canonical epsilon=1e-12; zero-vector effects retained,"population, time axis then sample/feature mean",98,278,409,524,694,53.77085491040087,6.006434073080177,406.03285220132346,0.5075410652516543,tables/5_seed_review/gate_per_seed.csv,2.0,nan
N-MNIST,SNN-DFA,20260908,H3,completed_epoch_100,results/paper_v9_signal_processing/03_five_seed/checkpoints/dfa_trained/seed_20260908/epoch_100.pt,9aad88592135096912c2e9971ced9f74b63d546bdd69208e989abf481efd833e,basis_eval,512,30,800,same_trained_model_and_neuron_coordinates,True,random_sparsity,0.50,nan,global_frobenius_norm_matched,204635190822.0,0.5,0.5,False,0.0057090759849558,0.0510891279816802,179.0890741685447,1.2231764126981095,0.5,0.5,1e-06,0.0514567978680133,0.0804402821448309,0.575655218761668,0.002454264860727,0.0,canonical epsilon=1e-12; zero-vector effects retained,"population, time axis then sample/feature mean",97,274,405,519,691,53.09796117972117,5.999797364767819,403.34705288754,0.5041838161094251,tables/5_seed_review/gate_per_seed.csv,2.0,nan
N-MNIST,SNN-DFA,20260908,H3,completed_epoch_100,results/paper_v9_signal_processing/03_five_seed/checkpoints/dfa_trained/seed_20260908/epoch_100.pt,9aad88592135096912c2e9971ced9f74b63d546bdd69208e989abf481efd833e,basis_eval,512,30,800,same_trained_model_and_neuron_coordinates,True,random_sparsity,0.75,nan,global_frobenius_norm_matched,204635190822.0,0.75,0.75,False,0.0040381800692076,0.0510843977768144,179.07249279314243,1.1492911363761602,0.75,0.75,1e-06,0.0337607413530349,0.0516648551994012,0.7250431113409215,0.002488151151831,0.0,canonical epsilon=1e-12; zero-vector effects retained,"population, time axis then sample/feature mean",95,267,395,508,683,39.18888604030571,5.979557431990962,395.2653976199328,0.494081747024916,tables/5_seed_review/gate_per_seed.csv,2.0,nan
N-MNIST,SNN-DFA,20260908,H3,completed_epoch_100,results/paper_v9_signal_processing/03_five_seed/checkpoints/dfa_trained/seed_20260908/epoch_100.pt,9aad88592135096912c2e9971ced9f74b63d546bdd69208e989abf481efd833e,basis_eval,512,30,800,same_trained_model_and_neuron_coordinates,True,random_sparsity,ann_matched,nan,global_frobenius_norm_matched,204635190822.0,0.8771907552083333,0.8771907552083333,False,0.0028214584889788,0.0510812928719597,179.06160878400397,1.0411374448116473,0.8771907552083333,0.8771907552083333,1e-06,0.0233577284961938,0.0329954720644536,0.9451859218420964,0.0025054483130854,0.0,canonical epsilon=1e-12; zero-vector effects retained,"population, time axis then sample/feature mean",83,242,366,478,662,55.2244797700332,5.885671803660425,359.84443161860764,0.4498055395232596,tables/5_seed_review/gate_per_seed.csv,2.0,nan
N-MNIST,SNN-DFA,20260908,H3,completed_epoch_100,results/paper_v9_signal_processing/03_five_seed/checkpoints/dfa_trained/seed_20260908/epoch_100.pt,9aad88592135096912c2e9971ced9f74b63d546bdd69208e989abf481efd833e,basis_eval,512,30,800,same_trained_model_and_neuron_coordinates,True,random_sparsity,0,nan,global_frobenius_norm_matched,204635190823.0,0.0,0.0,False,0.0080752498187902,0.0510966494466838,179.11544009525807,1.2686475287219816,0.0,0.0,1e-06,0.0864801332354545,0.1353426659684559,0.4808315073887553,0.002385791022067,0.0,canonical epsilon=1e-12; zero-vector effects retained,"population, time axis then sample/feature mean",95,276,408,522,694,44.877746430415456,5.975161818880248,393.5317768104556,0.4919147210130695,tables/5_seed_review/gate_per_seed.csv,3.0,nan
N-MNIST,SNN-DFA,20260908,H3,completed_epoch_100,results/paper_v9_signal_processing/03_five_seed/checkpoints/dfa_trained/seed_20260908/epoch_100.pt,9aad88592135096912c2e9971ced9f74b63d546bdd69208e989abf481efd833e,basis_eval,512,30,800,same_trained_model_and_neuron_coordinates,True,random_sparsity,0.25,nan,global_frobenius_norm_matched,204635190823.0,0.25,0.25,False,0.0069858309212429,0.0510939799531362,179.10608238752286,1.253571310970793,0.25,0.25,1e-06,0.0687991976737976,0.106855779385988,0.5135201873556396,0.0024198887017323,0.0,canonical epsilon=1e-12; zero-vector effects retained,"population, time axis then sample/feature mean",97,277,409,523,694,48.99403188394949,5.997184408951,402.29450059468064,0.5028681257433508,tables/5_seed_review/gate_per_seed.csv,3.0,nan
N-MNIST,SNN-DFA,20260908,H3,completed_epoch_100,results/paper_v9_signal_processing/03_five_seed/checkpoints/dfa_trained/seed_20260908/epoch_100.pt,9aad88592135096912c2e9971ced9f74b63d546bdd69208e989abf481efd833e,basis_eval,512,30,800,same_trained_model_and_neuron_coordinates,True,random_sparsity,0.50,nan,global_frobenius_norm_matched,204635190823.0,0.5,0.5,False,0.0057041889953416,0.0510891593014595,179.0891839576649,1.224229817780673,0.5,0.5,1e-06,0.0513772778213024,0.0792646516435543,0.5757571376808561,0.0024541743557053,0.0,canonical epsilon=1e-12; zero-vector effects retained,"population, time axis then sample/feature mean",99,279,411,524,693,46.50997960384027,6.012994150321147,408.7052149434696,0.510881518679337,tables/5_seed_review/gate_per_seed.csv,3.0,nan
N-MNIST,SNN-DFA,20260908,H3,completed_epoch_100,results/paper_v9_signal_processing/03_five_seed/checkpoints/dfa_trained/seed_20260908/epoch_100.pt,9aad88592135096912c2e9971ced9f74b63d546bdd69208e989abf481efd833e,basis_eval,512,30,800,same_trained_model_and_neuron_coordinates,True,random_sparsity,0.75,nan,global_frobenius_norm_matched,204635190823.0,0.75,0.75,False,0.0040398513384472,0.0510843854409553,179.0724495507216,1.1494250439210367,0.75,0.75,1e-06,0.0335041508078575,0.0496669167695578,0.7233357668532368,0.0024885515004585,0.0,canonical epsilon=1e-12; zero-vector effects retained,"population, time axis then sample/feature mean",90,267,398,512,686,45.53630626059897,5.959228936061976,387.31136724414455,0.4841392090551807,tables/5_seed_review/gate_per_seed.csv,3.0,nan
N-MNIST,SNN-DFA,20260908,H3,completed_epoch_100,results/paper_v9_signal_processing/03_five_seed/checkpoints/dfa_trained/seed_20260908/epoch_100.pt,9aad88592135096912c2e9971ced9f74b63d546bdd69208e989abf481efd833e,basis_eval,512,30,800,same_trained_model_and_neuron_coordinates,True,random_sparsity,ann_matched,nan,global_frobenius_norm_matched,204635190823.0,0.8771907552083333,0.8771907552083333,False,0.0028335602381622,0.0510813622450662,179.06185196618185,1.040913978696927,0.8771907552083333,0.8771907552083333,1e-06,0.0229831561446189,0.0329058092301168,0.9401779520687884,0.0025054066075959,0.0,canonical epsilon=1e-12; zero-vector effects retained,"population, time axis then sample/feature mean",78,243,369,482,661,41.40787361115349,5.855066113608667,348.99797280666536,0.4362474660083317,tables/5_seed_review/gate_per_seed.csv,3.0,nan
N-MNIST,SNN-DFA,20260908,H3,completed_epoch_100,results/paper_v9_signal_processing/03_five_seed/checkpoints/dfa_trained/seed_20260908/epoch_100.pt,9aad88592135096912c2e9971ced9f74b63d546bdd69208e989abf481efd833e,basis_eval,512,30,800,same_trained_model_and_neuron_coordinates,True,random_sparsity,0,nan,global_frobenius_norm_matched,204635190824.0,0.0,0.0,False,0.0080752498187902,0.0510966494466838,179.11544009525807,1.2686475287219816,0.0,0.0,1e-06,0.0864801332354545,0.1353426659684559,0.4808315073887553,0.002385791022067,0.0,canonical epsilon=1e-12; zero-vector effects retained,"population, time axis then sample/feature mean",95,276,408,522,694,44.877746430415456,5.975161818880248,393.5317768104556,0.4919147210130695,tables/5_seed_review/gate_per_seed.csv,4.0,nan
N-MNIST,SNN-DFA,20260908,H3,completed_epoch_100,results/paper_v9_signal_processing/03_five_seed/checkpoints/dfa_trained/seed_20260908/epoch_100.pt,9aad88592135096912c2e9971ced9f74b63d546bdd69208e989abf481efd833e,basis_eval,512,30,800,same_trained_model_and_neuron_coordinates,True,random_sparsity,0.25,nan,global_frobenius_norm_matched,204635190824.0,0.25,0.25,False,0.0069946548933101,0.0510939784093032,179.1060769757325,1.2530958570165942,0.25,0.25,1e-06,0.0693433359265327,0.1086744254213211,0.5144532870259131,0.0024196319997157,0.0,canonical epsilon=1e-12; zero-vector effects retained,"population, time axis then sample/feature mean",96,275,407,521,693,48.87262170973013,5.99281406349908,400.5401709592412,0.5006752136990515,tables/5_seed_review/gate_per_seed.csv,4.0,nan
N-MNIST,SNN-DFA,20260908,H3,completed_epoch_100,results/paper_v9_signal_processing/03_five_seed/checkpoints/dfa_trained/seed_20260908/epoch_100.pt,9aad88592135096912c2e9971ced9f74b63d546bdd69208e989abf481efd833e,basis_eval,512,30,800,same_trained_model_and_neuron_coordinates,True,random_sparsity,0.50,nan,global_frobenius_norm_matched,204635190824.0,0.5,0.5,False,0.0057057507457033,0.0510890485463897,179.0887957141414,1.2227489283164736,0.5,0.5,1e-06,0.051967516541481,0.0811152971488017,0.5785197678158308,0.0024537953885221,0.0,canonical epsilon=1e-12; zero-vector effects retained,"population, time axis then sample/feature mean",97,273,404,518,690,56.1319646864836,6.000968170554413,403.8195705102732,0.5047744631378415,tables/5_seed_review/gate_per_seed.csv,4.0,nan
N-MNIST,SNN-DFA,20260908,H3,completed_epoch_100,results/paper_v9_signal_processing/03_five_seed/checkpoints/dfa_trained/seed_20260908/epoch_100.pt,9aad88592135096912c2e9971ced9f74b63d546bdd69208e989abf481efd833e,basis_eval,512,30,800,same_trained_model_and_neuron_coordinates,True,random_sparsity,0.75,nan,global_frobenius_norm_matched,204635190824.0,0.75,0.75,False,0.0040304728595225,0.0510843063581173,179.07217233181328,1.1489606726937165,0.75,0.75,1e-06,0.033749796450138,0.0526012356927253,0.7256056207479945,0.0024885104207792,0.0,canonical epsilon=1e-12; zero-vector effects retained,"population, time axis then sample/feature mean",89,261,391,504,680,46.24697424522149,5.947609724292236,382.8371581756482,0.4785464477195602,tables/5_seed_review/gate_per_seed.csv,4.0,nan
N-MNIST,SNN-DFA,20260908,H3,completed_epoch_100,results/paper_v9_signal_processing/03_five_seed/checkpoints/dfa_trained/seed_20260908/epoch_100.pt,9aad88592135096912c2e9971ced9f74b63d546bdd69208e989abf481efd833e,basis_eval,512,30,800,same_trained_model_and_neuron_coordinates,True,random_sparsity,ann_matched,nan,global_frobenius_norm_matched,204635190824.0,0.8771907552083333,0.8771907552083333,False,0.0028277780799618,0.051081343049943,179.0617846791277,1.040729261170276,0.8771907552083333,0.8771907552083333,1e-06,0.0230004992336034,0.0360446713105893,0.9437455627474995,0.0025059122867199,0.0,canonical epsilon=1e-12; zero-vector effects retained,"population, time axis then sample/feature mean",75,229,354,467,656,28.99390823245868,5.811412908835205,334.0908322455449,0.4176135403069311,tables/5_seed_review/gate_per_seed.csv,4.0,nan
N-MNIST,SNN-DFA,20260908,H3,completed_epoch_100,results/paper_v9_signal_processing/03_five_seed/checkpoints/dfa_trained/seed_20260908/epoch_100.pt,9aad88592135096912c2e9971ced9f74b63d546bdd69208e989abf481efd833e,basis_eval,512,30,800,same_trained_model_and_neuron_coordinates,True,random_sparsity,0,nan,global_frobenius_norm_matched,204635190825.0,0.0,0.0,False,0.0080752498187902,0.0510966494466838,179.11544009525807,1.2686475287219816,0.0,0.0,1e-06,0.0864801332354545,0.1353426659684559,0.4808315073887553,0.002385791022067,0.0,canonical epsilon=1e-12; zero-vector effects retained,"population, time axis then sample/feature mean",95,276,408,522,694,44.877746430415456,5.975161818880248,393.5317768104556,0.4919147210130695,tables/5_seed_review/gate_per_seed.csv,5.0,nan
N-MNIST,SNN-DFA,20260908,H3,completed_epoch_100,results/paper_v9_signal_processing/03_five_seed/checkpoints/dfa_trained/seed_20260908/epoch_100.pt,9aad88592135096912c2e9971ced9f74b63d546bdd69208e989abf481efd833e,basis_eval,512,30,800,same_trained_model_and_neuron_coordinates,True,random_sparsity,0.25,nan,global_frobenius_norm_matched,204635190825.0,0.25,0.25,False,0.006991772735815,0.0510939519290391,179.1059841511687,1.2518114401082343,0.25,0.25,1e-06,0.0692586898803711,0.1077820281651739,0.5172293880872194,0.0024200560377284,0.0,canonical epsilon=1e-12; zero-vector effects retained,"population, time axis then sample/feature mean",97,277,409,522,692,50.67662854612594,5.997883476464402,402.5758299335103,0.5032197874168878,tables/5_seed_review/gate_per_seed.csv,5.0,nan
N-MNIST,SNN-DFA,20260908,H3,completed_epoch_100,results/paper_v9_signal_processing/03_five_seed/checkpoints/dfa_trained/seed_20260908/epoch_100.pt,9aad88592135096912c2e9971ced9f74b63d546bdd69208e989abf481efd833e,basis_eval,512,30,800,same_trained_model_and_neuron_coordinates,True,random_sparsity,0.50,nan,global_frobenius_norm_matched,204635190825.0,0.5,0.5,False,0.0057083202115605,0.0510891200544751,179.0890463803286,1.2232214223329474,0.5,0.5,1e-06,0.0517147816717624,0.0794009145713251,0.5771306056987993,0.0024538326352842,0.0,canonical epsilon=1e-12; zero-vector effects retained,"population, time axis then sample/feature mean",92,269,402,516,687,48.6935997879388,5.981042262756064,395.8527357836771,0.4948159197295963,tables/5_seed_review/gate_per_seed.csv,5.0,nan
N-MNIST,SNN-DFA,20260908,H3,completed_epoch_100,results/paper_v9_signal_processing/03_five_seed/checkpoints/dfa_trained/seed_20260908/epoch_100.pt,9aad88592135096912c2e9971ced9f74b63d546bdd69208e989abf481efd833e,basis_eval,512,30,800,same_trained_model_and_neuron_coordinates,True,random_sparsity,0.75,nan,global_frobenius_norm_matched,204635190825.0,0.75,0.75,False,0.0040331584262968,0.051084437527373,179.07263213571832,1.1486986851190082,0.75,0.75,1e-06,0.0339239090681076,0.0508949535377388,0.7257221799706534,0.0024880864574934,0.0,canonical epsilon=1e-12; zero-vector effects retained,"population, time axis then sample/feature mean",83,250,379,494,674,28.20170058707968,5.885853312402663,359.90975245676435,0.4498871905709554,tables/5_seed_review/gate_per_seed.csv,5.0,nan
N-MNIST,SNN-DFA,20260908,H3,completed_epoch_100,results/paper_v9_signal_processing/03_five_seed/checkpoints/dfa_trained/seed_20260908/epoch_100.pt,9aad88592135096912c2e9971ced9f74b63d546bdd69208e989abf481efd833e,basis_eval,512,30,800,same_trained_model_and_neuron_coordinates,True,random_sparsity,ann_matched,nan,global_frobenius_norm_matched,204635190825.0,0.8771907552083333,0.8771907552083333,False,0.0028309727641253,0.0510812712825264,179.06153310387836,1.0405416265565424,0.8771907552083333,0.8771907552083333,1e-06,0.023248866200447,0.0331470951307642,0.940160870022792,0.0025052667124261,0.0,canonical epsilon=1e-12; zero-vector effects retained,"population, time axis then sample/feature mean",74,234,361,474,656,51.07749660852444,5.842499747472143,344.63977719173164,0.4307997214896645,tables/5_seed_review/gate_per_seed.csv,5.0,nan
N-MNIST,SNN-DFA,20260908,H3,completed_epoch_100,results/paper_v9_signal_processing/03_five_seed/checkpoints/dfa_trained/seed_20260908/epoch_100.pt,9aad88592135096912c2e9971ced9f74b63d546bdd69208e989abf481efd833e,basis_eval,512,30,800,same_trained_model_and_neuron_coordinates,True,random_sparsity,0,nan,global_frobenius_norm_matched,204635190826.0,0.0,0.0,False,0.0080752498187902,0.0510966494466838,179.11544009525807,1.2686475287219816,0.0,0.0,1e-06,0.0864801332354545,0.1353426659684559,0.4808315073887553,0.002385791022067,0.0,canonical epsilon=1e-12; zero-vector effects retained,"population, time axis then sample/feature mean",95,276,408,522,694,44.877746430415456,5.975161818880248,393.5317768104556,0.4919147210130695,tables/5_seed_review/gate_per_seed.csv,6.0,nan
N-MNIST,SNN-DFA,20260908,H3,completed_epoch_100,results/paper_v9_signal_processing/03_five_seed/checkpoints/dfa_trained/seed_20260908/epoch_100.pt,9aad88592135096912c2e9971ced9f74b63d546bdd69208e989abf481efd833e,basis_eval,512,30,800,same_trained_model_and_neuron_coordinates,True,random_sparsity,0.25,nan,global_frobenius_norm_matched,204635190826.0,0.25,0.25,False,0.0069943365724529,0.051094019755661,179.10622191225983,1.252394213106136,0.25,0.25,1e-06,0.069290392100811,0.1073349687466907,0.5160888089013406,0.0024198794481935,0.0,canonical epsilon=1e-12; zero-vector effects retained,"population, time axis then sample/feature mean",97,279,411,524,694,53.82040689145308,6.005629424624424,405.7062699034064,0.507132837379258,tables/5_seed_review/gate_per_seed.csv,6.0,nan
N-MNIST,SNN-DFA,20260908,H3,completed_epoch_100,results/paper_v9_signal_processing/03_five_seed/checkpoints/dfa_trained/seed_20260908/epoch_100.pt,9aad88592135096912c2e9971ced9f74b63d546bdd69208e989abf481efd833e,basis_eval,512,30,800,same_trained_model_and_neuron_coordinates,True,random_sparsity,0.50,nan,global_frobenius_norm_matched,204635190826.0,0.5,0.5,False,0.0057087246961156,0.0510891114410863,179.08901618674273,1.2228504851109496,0.5,0.5,1e-06,0.0517469905316829,0.0791470300966551,0.5770589991424295,0.0024542508903207,0.0,canonical epsilon=1e-12; zero-vector effects retained,"population, time axis then sample/feature mean",99,278,408,521,691,56.67858035467468,6.013849990779885,409.05515112552735,0.5113189389069092,tables/5_seed_review/gate_per_seed.csv,6.0,nan
N-MNIST,SNN-DFA,20260908,H3,completed_epoch_100,results/paper_v9_signal_processing/03_five_seed/checkpoints/dfa_trained/seed_20260908/epoch_100.pt,9aad88592135096912c2e9971ced9f74b63d546bdd69208e989abf481efd833e,basis_eval,512,30,800,same_trained_model_and_neuron_coordinates,True,random_sparsity,0.75,nan,global_frobenius_norm_matched,204635190826.0,0.75,0.75,False,0.0040337832914613,0.0510844396982733,179.07263974564742,1.1491791969927685,0.75,0.75,1e-06,0.0337134040892124,0.0507165528701924,0.7242890598176207,0.00248827373475,0.0,canonical epsilon=1e-12; zero-vector effects retained,"population, time axis then sample/feature mean",94,267,396,508,681,37.993476266815655,5.964449348855666,389.338579298804,0.486673224123505,tables/5_seed_review/gate_per_seed.csv,6.0,nan
N-MNIST,SNN-DFA,20260908,H3,completed_epoch_100,results/paper_v9_signal_processing/03_five_seed/checkpoints/dfa_trained/seed_20260908/epoch_100.pt,9aad88592135096912c2e9971ced9f74b63d546bdd69208e989abf481efd833e,basis_eval,512,30,800,same_trained_model_and_neuron_coordinates,True,random_sparsity,ann_matched,nan,global_frobenius_norm_matched,204635190826.0,0.8771907552083333,0.8771907552083333,False,0.0028243099734215,0.0510813598174972,179.06184345652196,1.0395847703635115,0.8771907552083333,0.8771907552083333,1e-06,0.0230169966816902,0.0325788231903887,0.941065559813968,0.0025053670086135,0.0,canonical epsilon=1e-12; zero-vector effects retained,"population, time axis then sample/feature mean",71,224,350,465,653,33.8982335062121,5.786425176949779,325.8460976996139,0.4073076221245174,tables/5_seed_review/gate_per_seed.csv,6.0,nan
N-MNIST,SNN-DFA,20260908,H3,completed_epoch_100,results/paper_v9_signal_processing/03_five_seed/checkpoints/dfa_trained/seed_20260908/epoch_100.pt,9aad88592135096912c2e9971ced9f74b63d546bdd69208e989abf481efd833e,basis_eval,512,30,800,same_trained_model_and_neuron_coordinates,True,random_sparsity,0,nan,global_frobenius_norm_matched,204635190827.0,0.0,0.0,False,0.0080752498187902,0.0510966494466838,179.11544009525807,1.2686475287219816,0.0,0.0,1e-06,0.0864801332354545,0.1353426659684559,0.4808315073887553,0.002385791022067,0.0,canonical epsilon=1e-12; zero-vector effects retained,"population, time axis then sample/feature mean",95,276,408,522,694,44.877746430415456,5.975161818880248,393.5317768104556,0.4919147210130695,tables/5_seed_review/gate_per_seed.csv,7.0,nan
N-MNIST,SNN-DFA,20260908,H3,completed_epoch_100,results/paper_v9_signal_processing/03_five_seed/checkpoints/dfa_trained/seed_20260908/epoch_100.pt,9aad88592135096912c2e9971ced9f74b63d546bdd69208e989abf481efd833e,basis_eval,512,30,800,same_trained_model_and_neuron_coordinates,True,random_sparsity,0.25,nan,global_frobenius_norm_matched,204635190827.0,0.25,0.25,False,0.0069934031923214,0.0510939796825388,179.10608143896405,1.252477309685446,0.25,0.25,1e-06,0.0691976100206375,0.1080211233107377,0.5161149986640865,0.0024198810410833,0.0,canonical epsilon=1e-12; zero-vector effects retained,"population, time axis then sample/feature mean",99,279,410,524,694,51.23684894254188,6.0092104359120535,407.1617130592373,0.5089521413240466,tables/5_seed_review/gate_per_seed.csv,7.0,nan
N-MNIST,SNN-DFA,20260908,H3,completed_epoch_100,results/paper_v9_signal_processing/03_five_seed/checkpoints/dfa_trained/seed_20260908/epoch_100.pt,9aad88592135096912c2e9971ced9f74b63d546bdd69208e989abf481efd833e,basis_eval,512,30,800,same_trained_model_and_neuron_coordinates,True,random_sparsity,0.50,nan,global_frobenius_norm_matched,204635190827.0,0.5,0.5,False,0.0057103451244192,0.051089079611824,179.088904611673,1.2225242841726454,0.5,0.5,1e-06,0.0516597852110862,0.0811052511420086,0.5787932547332796,0.0024541550297075,0.0,canonical epsilon=1e-12; zero-vector effects retained,"population, time axis then sample/feature mean",99,278,409,521,692,64.2585983582354,6.018354650914195,410.9019620623874,0.5136274525779843,tables/5_seed_review/gate_per_seed.csv,7.0,nan
N-MNIST,SNN-DFA,20260908,H3,completed_epoch_100,results/paper_v9_signal_processing/03_five_seed/checkpoints/dfa_trained/seed_20260908/epoch_100.pt,9aad88592135096912c2e9971ced9f74b63d546bdd69208e989abf481efd833e,basis_eval,512,30,800,same_trained_model_and_neuron_coordinates,True,random_sparsity,0.75,nan,global_frobenius_norm_matched,204635190827.0,0.75,0.75,False,0.004039994721833,0.051084376085656,179.0724167564276,1.147975170350673,0.75,0.75,1e-06,0.0338619835674762,0.0518598943063694,0.7260932074474099,0.0024883568841565,0.0,canonical epsilon=1e-12; zero-vector effects retained,"population, time axis then sample/feature mean",91,261,390,503,680,43.18141386679405,5.951557524828848,384.351510127072,0.48043938765884,tables/5_seed_review/gate_per_seed.csv,7.0,nan
N-MNIST,SNN-DFA,20260908,H3,completed_epoch_100,results/paper_v9_signal_processing/03_five_seed/checkpoints/dfa_trained/seed_20260908/epoch_100.pt,9aad88592135096912c2e9971ced9f74b63d546bdd69208e989abf481efd833e,basis_eval,512,30,800,same_trained_model_and_neuron_coordinates,True,random_sparsity,ann_matched,nan,global_frobenius_norm_matched,204635190827.0,0.8771907552083333,0.8771907552083333,False,0.0028338528295565,0.0510812804352681,179.06156518812062,1.0429184370165698,0.8771907552083333,0.8771907552083333,1e-06,0.0227625574916601,0.0328893768053456,0.9359635947397644,0.0025056630909195,0.0,canonical epsilon=1e-12; zero-vector effects retained,"population, time axis then sample/feature mean",77,233,357,471,655,35.70087153891808,5.815862499217646,335.58071181831707,0.4194758897728963,tables/5_seed_review/gate_per_seed.csv,7.0,nan
N-MNIST,SNN-DFA,20260908,H3,completed_epoch_100,results/paper_v9_signal_processing/03_five_seed/checkpoints/dfa_trained/seed_20260908/epoch_100.pt,9aad88592135096912c2e9971ced9f74b63d546bdd69208e989abf481efd833e,basis_eval,512,30,800,same_trained_model_and_neuron_coordinates,True,random_sparsity,0,nan,global_frobenius_norm_matched,204635190828.0,0.0,0.0,False,0.0080752498187902,0.0510966494466838,179.11544009525807,1.2686475287219816,0.0,0.0,1e-06,0.0864801332354545,0.1353426659684559,0.4808315073887553,0.002385791022067,0.0,canonical epsilon=1e-12; zero-vector effects retained,"population, time axis then sample/feature mean",95,276,408,522,694,44.877746430415456,5.975161818880248,393.5317768104556,0.4919147210130695,tables/5_seed_review/gate_per_seed.csv,8.0,nan
N-MNIST,SNN-DFA,20260908,H3,completed_epoch_100,results/paper_v9_signal_processing/03_five_seed/checkpoints/dfa_trained/seed_20260908/epoch_100.pt,9aad88592135096912c2e9971ced9f74b63d546bdd69208e989abf481efd833e,basis_eval,512,30,800,same_trained_model_and_neuron_coordinates,True,random_sparsity,0.25,nan,global_frobenius_norm_matched,204635190828.0,0.25,0.25,False,0.0069875350779496,0.0510939795216284,179.10608087490573,1.253677679977398,0.25,0.25,1e-06,0.0689166486263275,0.1075909969475991,0.5134952244746034,0.0024204523164098,0.0,canonical epsilon=1e-12; zero-vector effects retained,"population, time axis then sample/feature mean",101,283,415,528,696,56.23744362193634,6.028688094670602,415.1700082056912,0.518962510257114,tables/5_seed_review/gate_per_seed.csv,8.0,nan
N-MNIST,SNN-DFA,20260908,H3,completed_epoch_100,results/paper_v9_signal_processing/03_five_seed/checkpoints/dfa_trained/seed_20260908/epoch_100.pt,9aad88592135096912c2e9971ced9f74b63d546bdd69208e989abf481efd833e,basis_eval,512,30,800,same_trained_model_and_neuron_coordinates,True,random_sparsity,0.50,nan,global_frobenius_norm_matched,204635190828.0,0.5,0.5,False,0.0057001491417652,0.0510891201950057,179.08904687294807,1.224942727161514,0.5,0.5,1e-06,0.0516331642866134,0.0807090607840376,0.574778370781298,0.0024544719143007,0.0,canonical epsilon=1e-12; zero-vector effects retained,"population, time axis then sample/feature mean",102,282,413,525,693,61.977476688266016,6.037826962415588,418.9815822095587,0.5237269777619484,tables/5_seed_review/gate_per_seed.csv,8.0,nan
N-MNIST,SNN-DFA,20260908,H3,completed_epoch_100,results/paper_v9_signal_processing/03_five_seed/checkpoints/dfa_trained/seed_20260908/epoch_100.pt,9aad88592135096912c2e9971ced9f74b63d546bdd69208e989abf481efd833e,basis_eval,512,30,800,same_trained_model_and_neuron_coordinates,True,random_sparsity,0.75,nan,global_frobenius_norm_matched,204635190828.0,0.75,0.75,False,0.0040237476381811,0.0510843468331047,179.07231421382087,1.151178288267133,0.75,0.75,1e-06,0.0336367189884185,0.0511114441592189,0.7228964038539889,0.0024882893139809,0.0,canonical epsilon=1e-12; zero-vector effects retained,"population, time axis then sample/feature mean",92,265,393,506,681,41.32683286384535,5.9658289207769615,389.8760705393464,0.4873450881741829,tables/5_seed_review/gate_per_seed.csv,8.0,nan
N-MNIST,SNN-DFA,20260908,H3,completed_epoch_100,results/paper_v9_signal_processing/03_five_seed/checkpoints/dfa_trained/seed_20260908/epoch_100.pt,9aad88592135096912c2e9971ced9f74b63d546bdd69208e989abf481efd833e,basis_eval,512,30,800,same_trained_model_and_neuron_coordinates,True,random_sparsity,ann_matched,nan,global_frobenius_norm_matched,204635190828.0,0.8771907552083333,0.8771907552083333,False,0.0028252204344424,0.0510812717795769,179.06153484625167,1.0409902259014787,0.8771907552083333,0.8771907552083333,1e-06,0.022863995283842,0.0328852105775963,0.9399562848885794,0.0025056055302367,0.0,canonical epsilon=1e-12; zero-vector effects retained,"population, time axis then sample/feature mean",79,236,359,473,657,36.10966989974917,5.845427214040411,345.6501768515695,0.4320627210644618,tables/5_seed_review/gate_per_seed.csv,8.0,nan
N-MNIST,SNN-DFA,20260908,H3,completed_epoch_100,results/paper_v9_signal_processing/03_five_seed/checkpoints/dfa_trained/seed_20260908/epoch_100.pt,9aad88592135096912c2e9971ced9f74b63d546bdd69208e989abf481efd833e,basis_eval,512,30,800,same_trained_model_and_neuron_coordinates,True,random_sparsity,0,nan,global_frobenius_norm_matched,204635190829.0,0.0,0.0,False,0.0080752498187902,0.0510966494466838,179.11544009525807,1.2686475287219816,0.0,0.0,1e-06,0.0864801332354545,0.1353426659684559,0.4808315073887553,0.002385791022067,0.0,canonical epsilon=1e-12; zero-vector effects retained,"population, time axis then sample/feature mean",95,276,408,522,694,44.877746430415456,5.975161818880248,393.5317768104556,0.4919147210130695,tables/5_seed_review/gate_per_seed.csv,9.0,nan
N-MNIST,SNN-DFA,20260908,H3,completed_epoch_100,results/paper_v9_signal_processing/03_five_seed/checkpoints/dfa_trained/seed_20260908/epoch_100.pt,9aad88592135096912c2e9971ced9f74b63d546bdd69208e989abf481efd833e,basis_eval,512,30,800,same_trained_model_and_neuron_coordinates,True,random_sparsity,0.25,nan,global_frobenius_norm_matched,204635190829.0,0.25,0.25,False,0.0069938396702141,0.0510939789147341,179.1060787474825,1.2520850283489036,0.25,0.25,1e-06,0.0690532550215721,0.1086993080284106,0.5172325067615762,0.0024204075576376,0.0,canonical epsilon=1e-12; zero-vector effects retained,"population, time axis then sample/feature mean",99,279,410,523,694,54.5819092451397,6.012455716296524,408.48521338318096,0.5106065167289762,tables/5_seed_review/gate_per_seed.csv,9.0,nan
N-MNIST,SNN-DFA,20260908,H3,completed_epoch_100,results/paper_v9_signal_processing/03_five_seed/checkpoints/dfa_trained/seed_20260908/epoch_100.pt,9aad88592135096912c2e9971ced9f74b63d546bdd69208e989abf481efd833e,basis_eval,512,30,800,same_trained_model_and_neuron_coordinates,True,random_sparsity,0.50,nan,global_frobenius_norm_matched,204635190829.0,0.5,0.5,False,0.0057069185270025,0.051089105436108,179.08899513674794,1.2225434890578888,0.5,0.5,1e-06,0.0514123290777206,0.0799168382242815,0.5781738568919856,0.002454500667202,0.0,canonical epsilon=1e-12; zero-vector effects retained,"population, time axis then sample/feature mean",98,276,406,519,691,65.15934800104887,6.013582066562183,408.9455700245358,0.5111819625306697,tables/5_seed_review/gate_per_seed.csv,9.0,nan
N-MNIST,SNN-DFA,20260908,H3,completed_epoch_100,results/paper_v9_signal_processing/03_five_seed/checkpoints/dfa_trained/seed_20260908/epoch_100.pt,9aad88592135096912c2e9971ced9f74b63d546bdd69208e989abf481efd833e,basis_eval,512,30,800,same_trained_model_and_neuron_coordinates,True,random_sparsity,0.75,nan,global_frobenius_norm_matched,204635190829.0,0.75,0.75,False,0.0040325080194261,0.0510844207811591,179.07257343313324,1.1487080375397989,0.75,0.75,1e-06,0.0335800722241401,0.0511627820208944,0.7281718179540828,0.0024886008972302,0.0,canonical epsilon=1e-12; zero-vector effects retained,"population, time axis then sample/feature mean",96,270,398,510,684,66.13651145611261,5.99543579694707,401.5916582801664,0.5019895728502081,tables/5_seed_review/gate_per_seed.csv,9.0,nan
N-MNIST,SNN-DFA,20260908,H3,completed_epoch_100,results/paper_v9_signal_processing/03_five_seed/checkpoints/dfa_trained/seed_20260908/epoch_100.pt,9aad88592135096912c2e9971ced9f74b63d546bdd69208e989abf481efd833e,basis_eval,512,30,800,same_trained_model_and_neuron_coordinates,True,random_sparsity,ann_matched,nan,global_frobenius_norm_matched,204635190829.0,0.8771907552083333,0.8771907552083333,False,0.0028299099380116,0.0510813535489576,179.06182148262997,1.0401336825591678,0.8771907552083333,0.8771907552083333,1e-06,0.0230222530663013,0.0326579954632358,0.940003313075423,0.0025055024287771,0.0,canonical epsilon=1e-12; zero-vector effects retained,"population, time axis then sample/feature mean",82,242,365,478,662,49.58041878417299,5.878377498637698,357.2291664404468,0.4465364580505584,tables/5_seed_review/gate_per_seed.csv,9.0,nan
N-MNIST,SNN-DFA,20260909,H1,completed_epoch_100,results/paper_v9_signal_processing/03_five_seed/checkpoints/dfa_trained/seed_20260909/epoch_100.pt,0800c9e1ee7b4cf64c5099e83f65ae2c8adb1bf072ccdaa45be9f1911ae9bad7,basis_eval,512,30,800,same_trained_model_and_neuron_coordinates,True,random_sparsity,0,nan,global_frobenius_norm_matched,204635190900.0,0.0,0.0,False,0.0125399515634074,0.0648233262756018,227.23326754345996,1.7708581180841363,0.0,0.0,1e-06,0.0577606633305549,0.10571942270405,0.2088612055919909,0.0038148680434816,0.0,canonical epsilon=1e-12; zero-vector effects retained,"population, time axis then sample/feature mean",126,325,451,550,683,52.49342029089328,6.1395231779636426,463.83235263569344,0.5797904407946168,tables/5_seed_review/gate_per_seed.csv,0.0,nan
N-MNIST,SNN-DFA,20260909,H1,completed_epoch_100,results/paper_v9_signal_processing/03_five_seed/checkpoints/dfa_trained/seed_20260909/epoch_100.pt,0800c9e1ee7b4cf64c5099e83f65ae2c8adb1bf072ccdaa45be9f1911ae9bad7,basis_eval,512,30,800,same_trained_model_and_neuron_coordinates,True,random_sparsity,0.25,nan,global_frobenius_norm_matched,204635190900.0,0.25,0.25,False,0.0108507841166544,0.0648173093477324,227.2121756578863,1.7593567963956966,0.25,0.25,1e-06,0.0439415983855724,0.0803627467917761,0.2387034918587149,0.003876293883692,0.0,canonical epsilon=1e-12; zero-vector effects retained,"population, time axis then sample/feature mean",127,325,451,548,681,64.91445153006164,6.155276328371539,471.19702958065966,0.5889962869758246,tables/5_seed_review/gate_per_seed.csv,0.0,nan
N-MNIST,SNN-DFA,20260909,H1,completed_epoch_100,results/paper_v9_signal_processing/03_five_seed/checkpoints/dfa_trained/seed_20260909/epoch_100.pt,0800c9e1ee7b4cf64c5099e83f65ae2c8adb1bf072ccdaa45be9f1911ae9bad7,basis_eval,512,30,800,same_trained_model_and_neuron_coordinates,True,random_sparsity,0.50,nan,global_frobenius_norm_matched,204635190900.0,0.5,0.5,False,0.0088539535835366,0.0648106035778319,227.1886690886705,1.7371308260406086,0.5,0.5,1e-06,0.0303045809268951,0.055966210573504,0.2887112268828997,0.0039372887964311,0.0,canonical epsilon=1e-12; zero-vector effects retained,"population, time axis then sample/feature mean",128,323,447,545,678,87.15981076175194,6.168737973890465,477.5830033838872,0.596978754229859,tables/5_seed_review/gate_per_seed.csv,0.0,nan
N-MNIST,SNN-DFA,20260909,H1,completed_epoch_100,results/paper_v9_signal_processing/03_five_seed/checkpoints/dfa_trained/seed_20260909/epoch_100.pt,0800c9e1ee7b4cf64c5099e83f65ae2c8adb1bf072ccdaa45be9f1911ae9bad7,basis_eval,512,30,800,same_trained_model_and_neuron_coordinates,True,random_sparsity,0.75,nan,global_frobenius_norm_matched,204635190900.0,0.75,0.75,False,0.0062640228780523,0.0648028507102739,227.16149199780483,1.6745109302060397,0.75,0.75,1e-06,0.0169751867651939,0.0311431690492075,0.407763498886515,0.0039980142145649,0.0,canonical epsilon=1e-12; zero-vector effects retained,"population, time axis then sample/feature mean",123,313,438,537,672,89.27111655781299,6.14183407085863,464.9054589632062,0.5811318237040077,tables/5_seed_review/gate_per_seed.csv,0.0,nan
N-MNIST,SNN-DFA,20260909,H1,completed_epoch_100,results/paper_v9_signal_processing/03_five_seed/checkpoints/dfa_trained/seed_20260909/epoch_100.pt,0800c9e1ee7b4cf64c5099e83f65ae2c8adb1bf072ccdaa45be9f1911ae9bad7,basis_eval,512,30,800,same_trained_model_and_neuron_coordinates,True,random_sparsity,ann_matched,nan,global_frobenius_norm_matched,204635190900.0,0.8980546875,0.8980546875,False,0.0040020035214829,0.0647975331904331,227.14285183417704,1.524308680683014,0.8980546875,0.8980546875,1e-06,0.0093033257871866,0.0173279554000425,0.6436452031100629,0.0040341974178033,0.0,canonical epsilon=1e-12; zero-vector effects retained,"population, time axis then sample/feature mean",108,286,408,508,655,72.2010156813244,6.055431071342763,426.4226844400008,0.533028355550001,tables/5_seed_review/gate_per_seed.csv,0.0,nan
N-MNIST,SNN-DFA,20260909,H1,completed_epoch_100,results/paper_v9_signal_processing/03_five_seed/checkpoints/dfa_trained/seed_20260909/epoch_100.pt,0800c9e1ee7b4cf64c5099e83f65ae2c8adb1bf072ccdaa45be9f1911ae9bad7,basis_eval,512,30,800,same_trained_model_and_neuron_coordinates,True,random_sparsity,0,nan,global_frobenius_norm_matched,204635190901.0,0.0,0.0,False,0.0125399515634074,0.0648233262756018,227.23326754345996,1.7708581180841363,0.0,0.0,1e-06,0.0577606633305549,0.10571942270405,0.2088612055919909,0.0038148680434816,0.0,canonical epsilon=1e-12; zero-vector effects retained,"population, time axis then sample/feature mean",126,325,451,550,683,52.49342029089328,6.1395231779636426,463.83235263569344,0.5797904407946168,tables/5_seed_review/gate_per_seed.csv,1.0,nan
N-MNIST,SNN-DFA,20260909,H1,completed_epoch_100,results/paper_v9_signal_processing/03_five_seed/checkpoints/dfa_trained/seed_20260909/epoch_100.pt,0800c9e1ee7b4cf64c5099e83f65ae2c8adb1bf072ccdaa45be9f1911ae9bad7,basis_eval,512,30,800,same_trained_model_and_neuron_coordinates,True,random_sparsity,0.25,nan,global_frobenius_norm_matched,204635190901.0,0.25,0.25,False,0.0108546087194526,0.0648173515018734,227.2123234260411,1.760126202832845,0.25,0.25,1e-06,0.0439135730266571,0.0800427101650319,0.2369085656122906,0.0038764253873894,0.0,canonical epsilon=1e-12; zero-vector effects retained,"population, time axis then sample/feature mean",129,327,453,551,683,64.47083704213306,6.161163597491633,473.9792751806593,0.5924740939758241,tables/5_seed_review/gate_per_seed.csv,1.0,nan
N-MNIST,SNN-DFA,20260909,H1,completed_epoch_100,results/paper_v9_signal_processing/03_five_seed/checkpoints/dfa_trained/seed_20260909/epoch_100.pt,0800c9e1ee7b4cf64c5099e83f65ae2c8adb1bf072ccdaa45be9f1911ae9bad7,basis_eval,512,30,800,same_trained_model_and_neuron_coordinates,True,random_sparsity,0.50,nan,global_frobenius_norm_matched,204635190901.0,0.5,0.5,False,0.008856183744522,0.0648106951117125,227.1889899537658,1.7384591427484235,0.5,0.5,1e-06,0.0302332825958728,0.0549411098959505,0.2854457593115207,0.0039376794518742,0.0,canonical epsilon=1e-12; zero-vector effects retained,"population, time axis then sample/feature mean",131,326,451,549,682,65.57842140478176,6.169870208430904,478.1240455917834,0.5976550569897293,tables/5_seed_review/gate_per_seed.csv,1.0,nan
N-MNIST,SNN-DFA,20260909,H1,completed_epoch_100,results/paper_v9_signal_processing/03_five_seed/checkpoints/dfa_trained/seed_20260909/epoch_100.pt,0800c9e1ee7b4cf64c5099e83f65ae2c8adb1bf072ccdaa45be9f1911ae9bad7,basis_eval,512,30,800,same_trained_model_and_neuron_coordinates,True,random_sparsity,0.75,nan,global_frobenius_norm_matched,204635190901.0,0.75,0.75,False,0.0062610475162203,0.064802959047897,227.16187176715093,1.6760158316329428,0.75,0.75,1e-06,0.0170073080807924,0.0307882940816167,0.4072687370520969,0.0039980494778828,0.0,canonical epsilon=1e-12; zero-vector effects retained,"population, time axis then sample/feature mean",124,314,439,536,673,49.04316992726726,6.141201482250104,464.6114580664378,0.5807643225830472,tables/5_seed_review/gate_per_seed.csv,1.0,nan
N-MNIST,SNN-DFA,20260909,H1,completed_epoch_100,results/paper_v9_signal_processing/03_five_seed/checkpoints/dfa_trained/seed_20260909/epoch_100.pt,0800c9e1ee7b4cf64c5099e83f65ae2c8adb1bf072ccdaa45be9f1911ae9bad7,basis_eval,512,30,800,same_trained_model_and_neuron_coordinates,True,random_sparsity,ann_matched,nan,global_frobenius_norm_matched,204635190901.0,0.8980546875,0.8980546875,False,0.0039984035527114,0.0647976417994535,227.1432325548845,1.5213771856044087,0.8980546875,0.8980546875,1e-06,0.0095411771908402,0.0173776155331035,0.6482296161024832,0.0040329944291899,0.0,canonical epsilon=1e-12; zero-vector effects retained,"population, time axis then sample/feature mean",108,287,410,509,657,75.65321778276173,6.052143784150317,425.02321210486906,0.5312790151310863,tables/5_seed_review/gate_per_seed.csv,1.0,nan
N-MNIST,SNN-DFA,20260909,H1,completed_epoch_100,results/paper_v9_signal_processing/03_five_seed/checkpoints/dfa_trained/seed_20260909/epoch_100.pt,0800c9e1ee7b4cf64c5099e83f65ae2c8adb1bf072ccdaa45be9f1911ae9bad7,basis_eval,512,30,800,same_trained_model_and_neuron_coordinates,True,random_sparsity,0,nan,global_frobenius_norm_matched,204635190902.0,0.0,0.0,False,0.0125399515634074,0.0648233262756018,227.23326754345996,1.7708581180841363,0.0,0.0,1e-06,0.0577606633305549,0.10571942270405,0.2088612055919909,0.0038148680434816,0.0,canonical epsilon=1e-12; zero-vector effects retained,"population, time axis then sample/feature mean",126,325,451,550,683,52.49342029089328,6.1395231779636426,463.83235263569344,0.5797904407946168,tables/5_seed_review/gate_per_seed.csv,2.0,nan
N-MNIST,SNN-DFA,20260909,H1,completed_epoch_100,results/paper_v9_signal_processing/03_five_seed/checkpoints/dfa_trained/seed_20260909/epoch_100.pt,0800c9e1ee7b4cf64c5099e83f65ae2c8adb1bf072ccdaa45be9f1911ae9bad7,basis_eval,512,30,800,same_trained_model_and_neuron_coordinates,True,random_sparsity,0.25,nan,global_frobenius_norm_matched,204635190902.0,0.25,0.25,False,0.0108637025585741,0.0648173241979608,227.2122277142417,1.7601977350886249,0.25,0.25,1e-06,0.0441086441278457,0.0804913098666031,0.2367044419060996,0.0038755988565196,0.0,canonical epsilon=1e-12; zero-vector effects retained,"population, time axis then sample/feature mean",126,324,450,549,682,66.48963167201974,6.150990182677896,469.1817324752288,0.5864771655940361,tables/5_seed_review/gate_per_seed.csv,2.0,nan
N-MNIST,SNN-DFA,20260909,H1,completed_epoch_100,results/paper_v9_signal_processing/03_five_seed/checkpoints/dfa_trained/seed_20260909/epoch_100.pt,0800c9e1ee7b4cf64c5099e83f65ae2c8adb1bf072ccdaa45be9f1911ae9bad7,basis_eval,512,30,800,same_trained_model_and_neuron_coordinates,True,random_sparsity,0.50,nan,global_frobenius_norm_matched,204635190902.0,0.5,0.5,False,0.0088787185321999,0.0648106307476009,227.18876433023948,1.7377285405059006,0.5,0.5,1e-06,0.0305895879864692,0.0561974882037377,0.2888096569435722,0.0039361703313895,0.0,canonical epsilon=1e-12; zero-vector effects retained,"population, time axis then sample/feature mean",125,321,447,546,680,64.95215129022407,6.149286090923175,468.3828846018056,0.585478605752257,tables/5_seed_review/gate_per_seed.csv,2.0,nan
N-MNIST,SNN-DFA,20260909,H1,completed_epoch_100,results/paper_v9_signal_processing/03_five_seed/checkpoints/dfa_trained/seed_20260909/epoch_100.pt,0800c9e1ee7b4cf64c5099e83f65ae2c8adb1bf072ccdaa45be9f1911ae9bad7,basis_eval,512,30,800,same_trained_model_and_neuron_coordinates,True,random_sparsity,0.75,nan,global_frobenius_norm_matched,204635190902.0,0.75,0.75,False,0.0062727898002391,0.0648028153362998,227.16136799701425,1.6753356028443496,0.75,0.75,1e-06,0.0170873571187257,0.0319231930447118,0.4080065391752991,0.00399728988632,0.0,canonical epsilon=1e-12; zero-vector effects retained,"population, time axis then sample/feature mean",119,311,437,535,669,49.752981224191146,6.121965793232748,455.7597438905747,0.5696996798632185,tables/5_seed_review/gate_per_seed.csv,2.0,nan
N-MNIST,SNN-DFA,20260909,H1,completed_epoch_100,results/paper_v9_signal_processing/03_five_seed/checkpoints/dfa_trained/seed_20260909/epoch_100.pt,0800c9e1ee7b4cf64c5099e83f65ae2c8adb1bf072ccdaa45be9f1911ae9bad7,basis_eval,512,30,800,same_trained_model_and_neuron_coordinates,True,random_sparsity,ann_matched,nan,global_frobenius_norm_matched,204635190902.0,0.8980546875,0.8980546875,False,0.0040017636785028,0.0647975662367359,227.142967675493,1.5233184601351306,0.8980546875,0.8980546875,1e-06,0.0094991298392415,0.0182407401893841,0.6445815781948999,0.0040332302856156,0.0,canonical epsilon=1e-12; zero-vector effects retained,"population, time axis then sample/feature mean",101,281,405,505,649,67.00359045280535,6.02078449864554,411.9016052612516,0.5148770065765645,tables/5_seed_review/gate_per_seed.csv,2.0,nan
N-MNIST,SNN-DFA,20260909,H1,completed_epoch_100,results/paper_v9_signal_processing/03_five_seed/checkpoints/dfa_trained/seed_20260909/epoch_100.pt,0800c9e1ee7b4cf64c5099e83f65ae2c8adb1bf072ccdaa45be9f1911ae9bad7,basis_eval,512,30,800,same_trained_model_and_neuron_coordinates,True,random_sparsity,0,nan,global_frobenius_norm_matched,204635190903.0,0.0,0.0,False,0.0125399515634074,0.0648233262756018,227.23326754345996,1.7708581180841363,0.0,0.0,1e-06,0.0577606633305549,0.10571942270405,0.2088612055919909,0.0038148680434816,0.0,canonical epsilon=1e-12; zero-vector effects retained,"population, time axis then sample/feature mean",126,325,451,550,683,52.49342029089328,6.1395231779636426,463.83235263569344,0.5797904407946168,tables/5_seed_review/gate_per_seed.csv,3.0,nan
N-MNIST,SNN-DFA,20260909,H1,completed_epoch_100,results/paper_v9_signal_processing/03_five_seed/checkpoints/dfa_trained/seed_20260909/epoch_100.pt,0800c9e1ee7b4cf64c5099e83f65ae2c8adb1bf072ccdaa45be9f1911ae9bad7,basis_eval,512,30,800,same_trained_model_and_neuron_coordinates,True,random_sparsity,0.25,nan,global_frobenius_norm_matched,204635190903.0,0.25,0.25,False,0.0108601158913294,0.0648172488743693,227.2119636730878,1.7601021698199066,0.25,0.25,1e-06,0.0439298190176487,0.0804955487954106,0.2379388066062284,0.0038763482794506,0.0,canonical epsilon=1e-12; zero-vector effects retained,"population, time axis then sample/feature mean",131,327,453,551,682,66.07217595321825,6.171687832872657,478.9938858251969,0.5987423572814962,tables/5_seed_review/gate_per_seed.csv,3.0,nan
N-MNIST,SNN-DFA,20260909,H1,completed_epoch_100,results/paper_v9_signal_processing/03_five_seed/checkpoints/dfa_trained/seed_20260909/epoch_100.pt,0800c9e1ee7b4cf64c5099e83f65ae2c8adb1bf072ccdaa45be9f1911ae9bad7,basis_eval,512,30,800,same_trained_model_and_neuron_coordinates,True,random_sparsity,0.50,nan,global_frobenius_norm_matched,204635190903.0,0.5,0.5,False,0.0088686720426201,0.0648105341359431,227.1884256653776,1.7382284018889342,0.5,0.5,1e-06,0.0303540043532848,0.0552593180417321,0.2887887530839261,0.0039374094331091,0.0,canonical epsilon=1e-12; zero-vector effects retained,"population, time axis then sample/feature mean",132,324,449,547,681,87.12829782081596,6.185472157795386,485.64220923947335,0.6070527615493417,tables/5_seed_review/gate_per_seed.csv,3.0,nan
N-MNIST,SNN-DFA,20260909,H1,completed_epoch_100,results/paper_v9_signal_processing/03_five_seed/checkpoints/dfa_trained/seed_20260909/epoch_100.pt,0800c9e1ee7b4cf64c5099e83f65ae2c8adb1bf072ccdaa45be9f1911ae9bad7,basis_eval,512,30,800,same_trained_model_and_neuron_coordinates,True,random_sparsity,0.75,nan,global_frobenius_norm_matched,204635190903.0,0.75,0.75,False,0.0062725384664816,0.0648028910964519,227.16163356850203,1.6748791655977997,0.75,0.75,1e-06,0.0171243473887443,0.0316012745059501,0.4094146216483098,0.0039975401956006,0.0,canonical epsilon=1e-12; zero-vector effects retained,"population, time axis then sample/feature mean",119,307,431,531,671,112.00343122645631,6.131356598822723,460.0598541899181,0.5750748177373977,tables/5_seed_review/gate_per_seed.csv,3.0,nan
N-MNIST,SNN-DFA,20260909,H1,completed_epoch_100,results/paper_v9_signal_processing/03_five_seed/checkpoints/dfa_trained/seed_20260909/epoch_100.pt,0800c9e1ee7b4cf64c5099e83f65ae2c8adb1bf072ccdaa45be9f1911ae9bad7,basis_eval,512,30,800,same_trained_model_and_neuron_coordinates,True,random_sparsity,ann_matched,nan,global_frobenius_norm_matched,204635190903.0,0.8980546875,0.8980546875,False,0.0040032517624794,0.0647975522048238,227.1429184876843,1.5206522099182749,0.8980546875,0.8980546875,1e-06,0.0093399798497557,0.0175154781617612,0.6474470317470089,0.0040339056405119,0.0,canonical epsilon=1e-12; zero-vector effects retained,"population, time axis then sample/feature mean",100,276,398,499,655,66.15643827309346,5.99566406615267,401.683339752608,0.50210417469076,tables/5_seed_review/gate_per_seed.csv,3.0,nan
N-MNIST,SNN-DFA,20260909,H1,completed_epoch_100,results/paper_v9_signal_processing/03_five_seed/checkpoints/dfa_trained/seed_20260909/epoch_100.pt,0800c9e1ee7b4cf64c5099e83f65ae2c8adb1bf072ccdaa45be9f1911ae9bad7,basis_eval,512,30,800,same_trained_model_and_neuron_coordinates,True,random_sparsity,0,nan,global_frobenius_norm_matched,204635190904.0,0.0,0.0,False,0.0125399515634074,0.0648233262756018,227.23326754345996,1.7708581180841363,0.0,0.0,1e-06,0.0577606633305549,0.10571942270405,0.2088612055919909,0.0038148680434816,0.0,canonical epsilon=1e-12; zero-vector effects retained,"population, time axis then sample/feature mean",126,325,451,550,683,52.49342029089328,6.1395231779636426,463.83235263569344,0.5797904407946168,tables/5_seed_review/gate_per_seed.csv,4.0,nan
N-MNIST,SNN-DFA,20260909,H1,completed_epoch_100,results/paper_v9_signal_processing/03_five_seed/checkpoints/dfa_trained/seed_20260909/epoch_100.pt,0800c9e1ee7b4cf64c5099e83f65ae2c8adb1bf072ccdaa45be9f1911ae9bad7,basis_eval,512,30,800,same_trained_model_and_neuron_coordinates,True,random_sparsity,0.25,nan,global_frobenius_norm_matched,204635190904.0,0.25,0.25,False,0.0108646409840607,0.0648173016523187,227.2121486821977,1.7603652538925156,0.25,0.25,1e-06,0.0440730936825275,0.0806623122320592,0.2357917247856055,0.0038755297286335,0.0,canonical epsilon=1e-12; zero-vector effects retained,"population, time axis then sample/feature mean",131,329,454,551,683,64.9481659736824,6.172717802421364,479.4874890961464,0.599359361370183,tables/5_seed_review/gate_per_seed.csv,4.0,nan
N-MNIST,SNN-DFA,20260909,H1,completed_epoch_100,results/paper_v9_signal_processing/03_five_seed/checkpoints/dfa_trained/seed_20260909/epoch_100.pt,0800c9e1ee7b4cf64c5099e83f65ae2c8adb1bf072ccdaa45be9f1911ae9bad7,basis_eval,512,30,800,same_trained_model_and_neuron_coordinates,True,random_sparsity,0.50,nan,global_frobenius_norm_matched,204635190904.0,0.5,0.5,False,0.0088712191339422,0.06481058432356,227.18860159427487,1.7373535135693472,0.5,0.5,1e-06,0.0303942300379276,0.0554634410523246,0.2882382442879531,0.0039367264929771,0.0,canonical epsilon=1e-12; zero-vector effects retained,"population, time axis then sample/feature mean",133,329,454,550,681,83.67601130132628,6.188788279828195,487.2553312460614,0.6090691640575767,tables/5_seed_review/gate_per_seed.csv,4.0,nan
N-MNIST,SNN-DFA,20260909,H1,completed_epoch_100,results/paper_v9_signal_processing/03_five_seed/checkpoints/dfa_trained/seed_20260909/epoch_100.pt,0800c9e1ee7b4cf64c5099e83f65ae2c8adb1bf072ccdaa45be9f1911ae9bad7,basis_eval,512,30,800,same_trained_model_and_neuron_coordinates,True,random_sparsity,0.75,nan,global_frobenius_norm_matched,204635190904.0,0.75,0.75,False,0.0062741317421793,0.0648028425216737,227.16146329328683,1.6768510845945452,0.75,0.75,1e-06,0.0170040745288133,0.0315839123760758,0.4046444910052912,0.0039975346992743,0.0,canonical epsilon=1e-12; zero-vector effects retained,"population, time axis then sample/feature mean",128,322,445,541,675,104.2356786747862,6.173408313598474,479.8186949041478,0.5997733686301847,tables/5_seed_review/gate_per_seed.csv,4.0,nan
N-MNIST,SNN-DFA,20260909,H1,completed_epoch_100,results/paper_v9_signal_processing/03_five_seed/checkpoints/dfa_trained/seed_20260909/epoch_100.pt,0800c9e1ee7b4cf64c5099e83f65ae2c8adb1bf072ccdaa45be9f1911ae9bad7,basis_eval,512,30,800,same_trained_model_and_neuron_coordinates,True,random_sparsity,ann_matched,nan,global_frobenius_norm_matched,204635190904.0,0.8980546875,0.8980546875,False,0.0040068041552851,0.0647975375434724,227.142867093428,1.5259696029759546,0.8980546875,0.8980546875,1e-06,0.0096061322838068,0.0176104261129933,0.6422591508087695,0.0040329201696921,0.0,canonical epsilon=1e-12; zero-vector effects retained,"population, time axis then sample/feature mean",113,294,415,515,658,82.54870902381798,6.079716088148363,436.905134562407,0.5461314182030087,tables/5_seed_review/gate_per_seed.csv,4.0,nan
N-MNIST,SNN-DFA,20260909,H1,completed_epoch_100,results/paper_v9_signal_processing/03_five_seed/checkpoints/dfa_trained/seed_20260909/epoch_100.pt,0800c9e1ee7b4cf64c5099e83f65ae2c8adb1bf072ccdaa45be9f1911ae9bad7,basis_eval,512,30,800,same_trained_model_and_neuron_coordinates,True,random_sparsity,0,nan,global_frobenius_norm_matched,204635190905.0,0.0,0.0,False,0.0125399515634074,0.0648233262756018,227.23326754345996,1.7708581180841363,0.0,0.0,1e-06,0.0577606633305549,0.10571942270405,0.2088612055919909,0.0038148680434816,0.0,canonical epsilon=1e-12; zero-vector effects retained,"population, time axis then sample/feature mean",126,325,451,550,683,52.49342029089328,6.1395231779636426,463.83235263569344,0.5797904407946168,tables/5_seed_review/gate_per_seed.csv,5.0,nan
N-MNIST,SNN-DFA,20260909,H1,completed_epoch_100,results/paper_v9_signal_processing/03_five_seed/checkpoints/dfa_trained/seed_20260909/epoch_100.pt,0800c9e1ee7b4cf64c5099e83f65ae2c8adb1bf072ccdaa45be9f1911ae9bad7,basis_eval,512,30,800,same_trained_model_and_neuron_coordinates,True,random_sparsity,0.25,nan,global_frobenius_norm_matched,204635190905.0,0.25,0.25,False,0.0108529717477914,0.0648172485491118,227.21196253292203,1.7599527622779665,0.25,0.25,1e-06,0.0439473614096641,0.0803043013529816,0.2372842575154623,0.0038762451877191,0.0,canonical epsilon=1e-12; zero-vector effects retained,"population, time axis then sample/feature mean",129,326,451,549,682,65.37840633657683,6.161686757262924,474.2273069443226,0.5927841336804033,tables/5_seed_review/gate_per_seed.csv,5.0,nan
N-MNIST,SNN-DFA,20260909,H1,completed_epoch_100,results/paper_v9_signal_processing/03_five_seed/checkpoints/dfa_trained/seed_20260909/epoch_100.pt,0800c9e1ee7b4cf64c5099e83f65ae2c8adb1bf072ccdaa45be9f1911ae9bad7,basis_eval,512,30,800,same_trained_model_and_neuron_coordinates,True,random_sparsity,0.50,nan,global_frobenius_norm_matched,204635190905.0,0.5,0.5,False,0.0088609104659987,0.0648106219121769,227.18873335833285,1.7388473270118905,0.5,0.5,1e-06,0.0303094070404768,0.0555468968750306,0.2867566784324408,0.0039372571404559,0.0,canonical epsilon=1e-12; zero-vector effects retained,"population, time axis then sample/feature mean",130,324,448,546,679,77.23350819770543,6.171281851789874,478.7994628374808,0.598499328546851,tables/5_seed_review/gate_per_seed.csv,5.0,nan
N-MNIST,SNN-DFA,20260909,H1,completed_epoch_100,results/paper_v9_signal_processing/03_five_seed/checkpoints/dfa_trained/seed_20260909/epoch_100.pt,0800c9e1ee7b4cf64c5099e83f65ae2c8adb1bf072ccdaa45be9f1911ae9bad7,basis_eval,512,30,800,same_trained_model_and_neuron_coordinates,True,random_sparsity,0.75,nan,global_frobenius_norm_matched,204635190905.0,0.75,0.75,False,0.0062709114400679,0.0648027958164004,227.16129957148448,1.677354840819253,0.75,0.75,1e-06,0.0169265083968639,0.0301587282257227,0.4053371170679331,0.0039976590708801,0.0,canonical epsilon=1e-12; zero-vector effects retained,"population, time axis then sample/feature mean",126,316,440,538,674,69.56521759656742,6.155309078917469,471.2124617933245,0.5890155772416557,tables/5_seed_review/gate_per_seed.csv,5.0,nan
N-MNIST,SNN-DFA,20260909,H1,completed_epoch_100,results/paper_v9_signal_processing/03_five_seed/checkpoints/dfa_trained/seed_20260909/epoch_100.pt,0800c9e1ee7b4cf64c5099e83f65ae2c8adb1bf072ccdaa45be9f1911ae9bad7,basis_eval,512,30,800,same_trained_model_and_neuron_coordinates,True,random_sparsity,ann_matched,nan,global_frobenius_norm_matched,204635190905.0,0.8980546875,0.8980546875,False,0.0040050339125949,0.0647975757437089,227.14300100146676,1.5248141219500833,0.8980546875,0.8980546875,1e-06,0.0093569885939359,0.0169272669428973,0.6440474543923334,0.0040334677179334,0.0,canonical epsilon=1e-12; zero-vector effects retained,"population, time axis then sample/feature mean",111,286,409,511,658,48.58931633822546,6.05529120708154,426.363047316921,0.5329538091461513,tables/5_seed_review/gate_per_seed.csv,5.0,nan
N-MNIST,SNN-DFA,20260909,H1,completed_epoch_100,results/paper_v9_signal_processing/03_five_seed/checkpoints/dfa_trained/seed_20260909/epoch_100.pt,0800c9e1ee7b4cf64c5099e83f65ae2c8adb1bf072ccdaa45be9f1911ae9bad7,basis_eval,512,30,800,same_trained_model_and_neuron_coordinates,True,random_sparsity,0,nan,global_frobenius_norm_matched,204635190906.0,0.0,0.0,False,0.0125399515634074,0.0648233262756018,227.23326754345996,1.7708581180841363,0.0,0.0,1e-06,0.0577606633305549,0.10571942270405,0.2088612055919909,0.0038148680434816,0.0,canonical epsilon=1e-12; zero-vector effects retained,"population, time axis then sample/feature mean",126,325,451,550,683,52.49342029089328,6.1395231779636426,463.83235263569344,0.5797904407946168,tables/5_seed_review/gate_per_seed.csv,6.0,nan
N-MNIST,SNN-DFA,20260909,H1,completed_epoch_100,results/paper_v9_signal_processing/03_five_seed/checkpoints/dfa_trained/seed_20260909/epoch_100.pt,0800c9e1ee7b4cf64c5099e83f65ae2c8adb1bf072ccdaa45be9f1911ae9bad7,basis_eval,512,30,800,same_trained_model_and_neuron_coordinates,True,random_sparsity,0.25,nan,global_frobenius_norm_matched,204635190906.0,0.25,0.25,False,0.0108582223385967,0.0648172807282562,227.21207533447784,1.75937626083751,0.25,0.25,1e-06,0.0440932400524616,0.0807724307801287,0.2388002139571447,0.0038755867600509,0.0,canonical epsilon=1e-12; zero-vector effects retained,"population, time axis then sample/feature mean",129,325,451,550,682,64.88440471670721,6.161096083868636,473.94727620276194,0.5924340952534525,tables/5_seed_review/gate_per_seed.csv,6.0,nan
N-MNIST,SNN-DFA,20260909,H1,completed_epoch_100,results/paper_v9_signal_processing/03_five_seed/checkpoints/dfa_trained/seed_20260909/epoch_100.pt,0800c9e1ee7b4cf64c5099e83f65ae2c8adb1bf072ccdaa45be9f1911ae9bad7,basis_eval,512,30,800,same_trained_model_and_neuron_coordinates,True,random_sparsity,0.50,nan,global_frobenius_norm_matched,204635190906.0,0.5,0.5,False,0.0088689239548222,0.064810624755364,227.1887433249061,1.7376918564965895,0.5,0.5,1e-06,0.0304932780563831,0.0562497441257833,0.2887254915730735,0.0039364648149182,0.0,canonical epsilon=1e-12; zero-vector effects retained,"population, time axis then sample/feature mean",129,323,449,548,680,68.17640667112707,6.170506079044363,478.4281673027455,0.5980352091284318,tables/5_seed_review/gate_per_seed.csv,6.0,nan
N-MNIST,SNN-DFA,20260909,H1,completed_epoch_100,results/paper_v9_signal_processing/03_five_seed/checkpoints/dfa_trained/seed_20260909/epoch_100.pt,0800c9e1ee7b4cf64c5099e83f65ae2c8adb1bf072ccdaa45be9f1911ae9bad7,basis_eval,512,30,800,same_trained_model_and_neuron_coordinates,True,random_sparsity,0.75,nan,global_frobenius_norm_matched,204635190906.0,0.75,0.75,False,0.0062768238307633,0.0648028863206812,227.161616827395,1.6754049112714129,0.75,0.75,1e-06,0.0171287208795547,0.0316219993001791,0.4076943790300967,0.003997659670214,0.0,canonical epsilon=1e-12; zero-vector effects retained,"population, time axis then sample/feature mean",124,318,444,541,673,39.3917866246978,6.137056977037783,462.6898582476069,0.5783623228095087,tables/5_seed_review/gate_per_seed.csv,6.0,nan
N-MNIST,SNN-DFA,20260909,H1,completed_epoch_100,results/paper_v9_signal_processing/03_five_seed/checkpoints/dfa_trained/seed_20260909/epoch_100.pt,0800c9e1ee7b4cf64c5099e83f65ae2c8adb1bf072ccdaa45be9f1911ae9bad7,basis_eval,512,30,800,same_trained_model_and_neuron_coordinates,True,random_sparsity,ann_matched,nan,global_frobenius_norm_matched,204635190906.0,0.8980546875,0.8980546875,False,0.0040031510030784,0.0647975267097659,227.14282911668957,1.5229767012926865,0.8980546875,0.8980546875,1e-06,0.0093264356255531,0.0171456409172274,0.6452023442399245,0.0040337698468565,0.0,canonical epsilon=1e-12; zero-vector effects retained,"population, time axis then sample/feature mean",117,304,424,520,661,59.478931391308016,6.104880096166714,448.0389166509733,0.5600486458137166,tables/5_seed_review/gate_per_seed.csv,6.0,nan
N-MNIST,SNN-DFA,20260909,H1,completed_epoch_100,results/paper_v9_signal_processing/03_five_seed/checkpoints/dfa_trained/seed_20260909/epoch_100.pt,0800c9e1ee7b4cf64c5099e83f65ae2c8adb1bf072ccdaa45be9f1911ae9bad7,basis_eval,512,30,800,same_trained_model_and_neuron_coordinates,True,random_sparsity,0,nan,global_frobenius_norm_matched,204635190907.0,0.0,0.0,False,0.0125399515634074,0.0648233262756018,227.23326754345996,1.7708581180841363,0.0,0.0,1e-06,0.0577606633305549,0.10571942270405,0.2088612055919909,0.0038148680434816,0.0,canonical epsilon=1e-12; zero-vector effects retained,"population, time axis then sample/feature mean",126,325,451,550,683,52.49342029089328,6.1395231779636426,463.83235263569344,0.5797904407946168,tables/5_seed_review/gate_per_seed.csv,7.0,nan
N-MNIST,SNN-DFA,20260909,H1,completed_epoch_100,results/paper_v9_signal_processing/03_five_seed/checkpoints/dfa_trained/seed_20260909/epoch_100.pt,0800c9e1ee7b4cf64c5099e83f65ae2c8adb1bf072ccdaa45be9f1911ae9bad7,basis_eval,512,30,800,same_trained_model_and_neuron_coordinates,True,random_sparsity,0.25,nan,global_frobenius_norm_matched,204635190907.0,0.25,0.25,False,0.0108516150412424,0.0648173411409609,227.21228710664653,1.7604369305190577,0.25,0.25,1e-06,0.0440327711403369,0.0806585724222188,0.2367344241073656,0.0038758195818629,0.0,canonical epsilon=1e-12; zero-vector effects retained,"population, time axis then sample/feature mean",129,326,452,551,683,65.25604928707223,6.161050910083118,473.9258666937377,0.5924073333671721,tables/5_seed_review/gate_per_seed.csv,7.0,nan
N-MNIST,SNN-DFA,20260909,H1,completed_epoch_100,results/paper_v9_signal_processing/03_five_seed/checkpoints/dfa_trained/seed_20260909/epoch_100.pt,0800c9e1ee7b4cf64c5099e83f65ae2c8adb1bf072ccdaa45be9f1911ae9bad7,basis_eval,512,30,800,same_trained_model_and_neuron_coordinates,True,random_sparsity,0.50,nan,global_frobenius_norm_matched,204635190907.0,0.5,0.5,False,0.0088577626609921,0.0648105510415765,227.1884849268001,1.7398277377904208,0.5,0.5,1e-06,0.0303443651646375,0.0556299079646076,0.2856304177443994,0.0039371810820059,0.0,canonical epsilon=1e-12; zero-vector effects retained,"population, time axis then sample/feature mean",129,322,447,545,679,79.58869428544914,6.168251331354416,477.3506477216062,0.5966883096520078,tables/5_seed_review/gate_per_seed.csv,7.0,nan
N-MNIST,SNN-DFA,20260909,H1,completed_epoch_100,results/paper_v9_signal_processing/03_five_seed/checkpoints/dfa_trained/seed_20260909/epoch_100.pt,0800c9e1ee7b4cf64c5099e83f65ae2c8adb1bf072ccdaa45be9f1911ae9bad7,basis_eval,512,30,800,same_trained_model_and_neuron_coordinates,True,random_sparsity,0.75,nan,global_frobenius_norm_matched,204635190907.0,0.75,0.75,False,0.0062596626424879,0.0648028314839248,227.16142460129535,1.674550429784906,0.75,0.75,1e-06,0.0171070415526628,0.0320269953808608,0.4092377141483912,0.0039977262171458,0.0,canonical epsilon=1e-12; zero-vector effects retained,"population, time axis then sample/feature mean",125,316,440,538,673,94.02471918577604,6.155094633344843,471.1114232011535,0.588889279001442,tables/5_seed_review/gate_per_seed.csv,7.0,nan
N-MNIST,SNN-DFA,20260909,H1,completed_epoch_100,results/paper_v9_signal_processing/03_five_seed/checkpoints/dfa_trained/seed_20260909/epoch_100.pt,0800c9e1ee7b4cf64c5099e83f65ae2c8adb1bf072ccdaa45be9f1911ae9bad7,basis_eval,512,30,800,same_trained_model_and_neuron_coordinates,True,random_sparsity,ann_matched,nan,global_frobenius_norm_matched,204635190907.0,0.8980546875,0.8980546875,False,0.0039959398383532,0.0647975467052717,227.14289920942352,1.522306301878,0.8980546875,0.8980546875,1e-06,0.0093207852914929,0.0175918142031522,0.648048538431444,0.0040338097879494,0.0,canonical epsilon=1e-12; zero-vector effects retained,"population, time axis then sample/feature mean",104,282,401,502,652,53.814706119965,6.027707928833594,414.7632721140722,0.5184540901425903,tables/5_seed_review/gate_per_seed.csv,7.0,nan
N-MNIST,SNN-DFA,20260909,H1,completed_epoch_100,results/paper_v9_signal_processing/03_five_seed/checkpoints/dfa_trained/seed_20260909/epoch_100.pt,0800c9e1ee7b4cf64c5099e83f65ae2c8adb1bf072ccdaa45be9f1911ae9bad7,basis_eval,512,30,800,same_trained_model_and_neuron_coordinates,True,random_sparsity,0,nan,global_frobenius_norm_matched,204635190908.0,0.0,0.0,False,0.0125399515634074,0.0648233262756018,227.23326754345996,1.7708581180841363,0.0,0.0,1e-06,0.0577606633305549,0.10571942270405,0.2088612055919909,0.0038148680434816,0.0,canonical epsilon=1e-12; zero-vector effects retained,"population, time axis then sample/feature mean",126,325,451,550,683,52.49342029089328,6.1395231779636426,463.83235263569344,0.5797904407946168,tables/5_seed_review/gate_per_seed.csv,8.0,nan
N-MNIST,SNN-DFA,20260909,H1,completed_epoch_100,results/paper_v9_signal_processing/03_five_seed/checkpoints/dfa_trained/seed_20260909/epoch_100.pt,0800c9e1ee7b4cf64c5099e83f65ae2c8adb1bf072ccdaa45be9f1911ae9bad7,basis_eval,512,30,800,same_trained_model_and_neuron_coordinates,True,random_sparsity,0.25,nan,global_frobenius_norm_matched,204635190908.0,0.25,0.25,False,0.0108573794364158,0.0648172787033055,227.21206823616396,1.7600304374296338,0.25,0.25,1e-06,0.0440291836857795,0.0809970004789008,0.2365086633542271,0.003876000793852,0.0,canonical epsilon=1e-12; zero-vector effects retained,"population, time axis then sample/feature mean",133,331,456,553,685,66.4203159219149,6.182443330799015,484.1735083488013,0.6052168854360016,tables/5_seed_review/gate_per_seed.csv,8.0,nan
N-MNIST,SNN-DFA,20260909,H1,completed_epoch_100,results/paper_v9_signal_processing/03_five_seed/checkpoints/dfa_trained/seed_20260909/epoch_100.pt,0800c9e1ee7b4cf64c5099e83f65ae2c8adb1bf072ccdaa45be9f1911ae9bad7,basis_eval,512,30,800,same_trained_model_and_neuron_coordinates,True,random_sparsity,0.50,nan,global_frobenius_norm_matched,204635190908.0,0.5,0.5,False,0.0088622677923634,0.0648105329314216,227.18842144302232,1.7392204030663256,0.5,0.5,1e-06,0.0303645078092813,0.0556708940011068,0.2852765612112761,0.0039368259871349,0.0,canonical epsilon=1e-12; zero-vector effects retained,"population, time axis then sample/feature mean",135,330,453,550,682,84.6036904213392,6.196847634501566,491.1981617702723,0.6139977022128403,tables/5_seed_review/gate_per_seed.csv,8.0,nan
N-MNIST,SNN-DFA,20260909,H1,completed_epoch_100,results/paper_v9_signal_processing/03_five_seed/checkpoints/dfa_trained/seed_20260909/epoch_100.pt,0800c9e1ee7b4cf64c5099e83f65ae2c8adb1bf072ccdaa45be9f1911ae9bad7,basis_eval,512,30,800,same_trained_model_and_neuron_coordinates,True,random_sparsity,0.75,nan,global_frobenius_norm_matched,204635190908.0,0.75,0.75,False,0.0062618365349546,0.0648028563661339,227.16151182399597,1.6764659981839105,0.75,0.75,1e-06,0.0169879700988531,0.0308002143934853,0.4047116752944857,0.0039977642593893,0.0,canonical epsilon=1e-12; zero-vector effects retained,"population, time axis then sample/feature mean",127,319,442,539,677,74.05541050519226,6.163800449924916,475.2307378217831,0.5940384222772288,tables/5_seed_review/gate_per_seed.csv,8.0,nan
N-MNIST,SNN-DFA,20260909,H1,completed_epoch_100,results/paper_v9_signal_processing/03_five_seed/checkpoints/dfa_trained/seed_20260909/epoch_100.pt,0800c9e1ee7b4cf64c5099e83f65ae2c8adb1bf072ccdaa45be9f1911ae9bad7,basis_eval,512,30,800,same_trained_model_and_neuron_coordinates,True,random_sparsity,ann_matched,nan,global_frobenius_norm_matched,204635190908.0,0.8980546875,0.8980546875,False,0.0039912779544595,0.0647976012994901,227.14309058532515,1.5254034747725431,0.8980546875,0.8980546875,1e-06,0.0093635618686676,0.016898547654897,0.6416427057009776,0.0040332939526558,0.0,canonical epsilon=1e-12; zero-vector effects retained,"population, time axis then sample/feature mean",107,283,407,510,656,60.61050571975582,6.041125607275937,420.365935642194,0.5254574195527425,tables/5_seed_review/gate_per_seed.csv,8.0,nan
N-MNIST,SNN-DFA,20260909,H1,completed_epoch_100,results/paper_v9_signal_processing/03_five_seed/checkpoints/dfa_trained/seed_20260909/epoch_100.pt,0800c9e1ee7b4cf64c5099e83f65ae2c8adb1bf072ccdaa45be9f1911ae9bad7,basis_eval,512,30,800,same_trained_model_and_neuron_coordinates,True,random_sparsity,0,nan,global_frobenius_norm_matched,204635190909.0,0.0,0.0,False,0.0125399515634074,0.0648233262756018,227.23326754345996,1.7708581180841363,0.0,0.0,1e-06,0.0577606633305549,0.10571942270405,0.2088612055919909,0.0038148680434816,0.0,canonical epsilon=1e-12; zero-vector effects retained,"population, time axis then sample/feature mean",126,325,451,550,683,52.49342029089328,6.1395231779636426,463.83235263569344,0.5797904407946168,tables/5_seed_review/gate_per_seed.csv,9.0,nan
N-MNIST,SNN-DFA,20260909,H1,completed_epoch_100,results/paper_v9_signal_processing/03_five_seed/checkpoints/dfa_trained/seed_20260909/epoch_100.pt,0800c9e1ee7b4cf64c5099e83f65ae2c8adb1bf072ccdaa45be9f1911ae9bad7,basis_eval,512,30,800,same_trained_model_and_neuron_coordinates,True,random_sparsity,0.25,nan,global_frobenius_norm_matched,204635190909.0,0.25,0.25,False,0.0108632607834468,0.0648172691524646,227.21203475641576,1.7599001576344813,0.25,0.25,1e-06,0.0440598428249359,0.080724399665039,0.2373763135530303,0.0038761262076092,0.0,canonical epsilon=1e-12; zero-vector effects retained,"population, time axis then sample/feature mean",128,324,449,548,682,67.88518493185009,6.156509562063907,471.7784840942381,0.5897231051177976,tables/5_seed_review/gate_per_seed.csv,9.0,nan
N-MNIST,SNN-DFA,20260909,H1,completed_epoch_100,results/paper_v9_signal_processing/03_five_seed/checkpoints/dfa_trained/seed_20260909/epoch_100.pt,0800c9e1ee7b4cf64c5099e83f65ae2c8adb1bf072ccdaa45be9f1911ae9bad7,basis_eval,512,30,800,same_trained_model_and_neuron_coordinates,True,random_sparsity,0.50,nan,global_frobenius_norm_matched,204635190909.0,0.5,0.5,False,0.0088676323020021,0.0648105961655632,227.1886431055256,1.7390579225900438,0.5,0.5,1e-06,0.0303669888526201,0.0556037762970237,0.2858509192895194,0.003937158346683,0.0,canonical epsilon=1e-12; zero-vector effects retained,"population, time axis then sample/feature mean",128,323,448,547,681,84.2260865773976,6.16955845093119,477.97501006745466,0.5974687625843184,tables/5_seed_review/gate_per_seed.csv,9.0,nan
N-MNIST,SNN-DFA,20260909,H1,completed_epoch_100,results/paper_v9_signal_processing/03_five_seed/checkpoints/dfa_trained/seed_20260909/epoch_100.pt,0800c9e1ee7b4cf64c5099e83f65ae2c8adb1bf072ccdaa45be9f1911ae9bad7,basis_eval,512,30,800,same_trained_model_and_neuron_coordinates,True,random_sparsity,0.75,nan,global_frobenius_norm_matched,204635190909.0,0.75,0.75,False,0.006275014983529,0.0648028520363829,227.16149664637925,1.676458032811661,0.75,0.75,1e-06,0.016968160867691,0.0308626036304794,0.4045335470997747,0.0039980490432032,0.0,canonical epsilon=1e-12; zero-vector effects retained,"population, time axis then sample/feature mean",125,313,437,537,675,93.39538054445948,6.152617782626511,469.9459944265367,0.5874324930331709,tables/5_seed_review/gate_per_seed.csv,9.0,nan
N-MNIST,SNN-DFA,20260909,H1,completed_epoch_100,results/paper_v9_signal_processing/03_five_seed/checkpoints/dfa_trained/seed_20260909/epoch_100.pt,0800c9e1ee7b4cf64c5099e83f65ae2c8adb1bf072ccdaa45be9f1911ae9bad7,basis_eval,512,30,800,same_trained_model_and_neuron_coordinates,True,random_sparsity,ann_matched,nan,global_frobenius_norm_matched,204635190909.0,0.8980546875,0.8980546875,False,0.0040021166557774,0.0647975085089375,227.1427653150631,1.5232372618294352,0.8980546875,0.8980546875,1e-06,0.0093816947191953,0.0168316781931407,0.6446729238705629,0.0040339187146695,0.0,canonical epsilon=1e-12; zero-vector effects retained,"population, time axis then sample/feature mean",100,275,398,503,658,51.63258410678102,6.0075803352234525,406.4985391373912,0.508123173921739,tables/5_seed_review/gate_per_seed.csv,9.0,nan
N-MNIST,SNN-DFA,20260909,H2,completed_epoch_100,results/paper_v9_signal_processing/03_five_seed/checkpoints/dfa_trained/seed_20260909/epoch_100.pt,0800c9e1ee7b4cf64c5099e83f65ae2c8adb1bf072ccdaa45be9f1911ae9bad7,basis_eval,512,30,800,same_trained_model_and_neuron_coordinates,True,random_sparsity,0,nan,global_frobenius_norm_matched,204635190910.0,0.0,0.0,False,0.0187023040796299,0.0798131234254295,279.7788677443478,2.1278719393064502,0.0,0.0,1e-06,0.0862229540944099,0.1306824314420197,0.3143915440178949,0.0056491428788165,0.0,canonical epsilon=1e-12; zero-vector effects retained,"population, time axis then sample/feature mean",104,300,432,536,674,33.98108993861835,5.992686556518867,400.4891025474471,0.5006113781843089,tables/5_seed_review/gate_per_seed.csv,0.0,nan
N-MNIST,SNN-DFA,20260909,H2,completed_epoch_100,results/paper_v9_signal_processing/03_five_seed/checkpoints/dfa_trained/seed_20260909/epoch_100.pt,0800c9e1ee7b4cf64c5099e83f65ae2c8adb1bf072ccdaa45be9f1911ae9bad7,basis_eval,512,30,800,same_trained_model_and_neuron_coordinates,True,random_sparsity,0.25,nan,global_frobenius_norm_matched,204635190910.0,0.25,0.25,False,0.0161843249871153,0.0798013465464354,279.7375847857374,2.117413273309172,0.25,0.25,1e-06,0.0655138865113258,0.0991299969100312,0.3313102463456476,0.0057751654150599,0.0,canonical epsilon=1e-12; zero-vector effects retained,"population, time axis then sample/feature mean",110,306,436,539,675,43.43900262000788,6.051879145541035,424.91074943474354,0.5311384367934294,tables/5_seed_review/gate_per_seed.csv,0.0,nan
N-MNIST,SNN-DFA,20260909,H2,completed_epoch_100,results/paper_v9_signal_processing/03_five_seed/checkpoints/dfa_trained/seed_20260909/epoch_100.pt,0800c9e1ee7b4cf64c5099e83f65ae2c8adb1bf072ccdaa45be9f1911ae9bad7,basis_eval,512,30,800,same_trained_model_and_neuron_coordinates,True,random_sparsity,0.50,nan,global_frobenius_norm_matched,204635190910.0,0.5,0.5,False,0.0132172750149508,0.0797913168594335,279.70242647651827,2.0986515421708143,0.5,0.5,1e-06,0.0451659932732582,0.0688406730428713,0.36049311313401,0.0059004719502577,0.0,canonical epsilon=1e-12; zero-vector effects retained,"population, time axis then sample/feature mean",112,306,436,539,675,58.16913197131375,6.082343497124548,438.0545723950965,0.5475682154938706,tables/5_seed_review/gate_per_seed.csv,0.0,nan
N-MNIST,SNN-DFA,20260909,H2,completed_epoch_100,results/paper_v9_signal_processing/03_five_seed/checkpoints/dfa_trained/seed_20260909/epoch_100.pt,0800c9e1ee7b4cf64c5099e83f65ae2c8adb1bf072ccdaa45be9f1911ae9bad7,basis_eval,512,30,800,same_trained_model_and_neuron_coordinates,True,random_sparsity,0.75,nan,global_frobenius_norm_matched,204635190910.0,0.75,0.75,False,0.0093340566610387,0.0797784621951989,279.6573654232627,2.042517935339479,0.75,0.75,1e-06,0.0249096490442752,0.0373325021299401,0.4404818667024049,0.0060259737226272,0.0,canonical epsilon=1e-12; zero-vector effects retained,"population, time axis then sample/feature mean",115,305,434,537,673,79.46592292629788,6.105844557784486,448.4712414361704,0.560589051795213,tables/5_seed_review/gate_per_seed.csv,0.0,nan
N-MNIST,SNN-DFA,20260909,H2,completed_epoch_100,results/paper_v9_signal_processing/03_five_seed/checkpoints/dfa_trained/seed_20260909/epoch_100.pt,0800c9e1ee7b4cf64c5099e83f65ae2c8adb1bf072ccdaa45be9f1911ae9bad7,basis_eval,512,30,800,same_trained_model_and_neuron_coordinates,True,random_sparsity,ann_matched,nan,global_frobenius_norm_matched,204635190910.0,0.770538330078125,0.770538330078125,False,0.0089421080584723,0.0797768303432013,279.6516450895036,2.0327525015180483,0.770538330078125,0.770538330078125,1e-06,0.0233108773827552,0.0352312469603575,0.4534602841647173,0.0060361121398066,0.0,canonical epsilon=1e-12; zero-vector effects retained,"population, time axis then sample/feature mean",115,304,434,537,673,83.13479009740075,6.105555646668223,448.3416918242576,0.5604271147803219,tables/5_seed_review/gate_per_seed.csv,0.0,nan
N-MNIST,SNN-DFA,20260909,H2,completed_epoch_100,results/paper_v9_signal_processing/03_five_seed/checkpoints/dfa_trained/seed_20260909/epoch_100.pt,0800c9e1ee7b4cf64c5099e83f65ae2c8adb1bf072ccdaa45be9f1911ae9bad7,basis_eval,512,30,800,same_trained_model_and_neuron_coordinates,True,random_sparsity,0,nan,global_frobenius_norm_matched,204635190911.0,0.0,0.0,False,0.0187023040796299,0.0798131234254295,279.7788677443478,2.1278719393064502,0.0,0.0,1e-06,0.0862229540944099,0.1306824314420197,0.3143915440178949,0.0056491428788165,0.0,canonical epsilon=1e-12; zero-vector effects retained,"population, time axis then sample/feature mean",104,300,432,536,674,33.98108993861835,5.992686556518867,400.4891025474471,0.5006113781843089,tables/5_seed_review/gate_per_seed.csv,1.0,nan
N-MNIST,SNN-DFA,20260909,H2,completed_epoch_100,results/paper_v9_signal_processing/03_five_seed/checkpoints/dfa_trained/seed_20260909/epoch_100.pt,0800c9e1ee7b4cf64c5099e83f65ae2c8adb1bf072ccdaa45be9f1911ae9bad7,basis_eval,512,30,800,same_trained_model_and_neuron_coordinates,True,random_sparsity,0.25,nan,global_frobenius_norm_matched,204635190911.0,0.25,0.25,False,0.0162032766973166,0.0798012829368776,279.737361807244,2.117799316092317,0.25,0.25,1e-06,0.0657473504543304,0.09991911699637,0.3302547294443024,0.0057741755644515,0.0,canonical epsilon=1e-12; zero-vector effects retained,"population, time axis then sample/feature mean",111,308,438,541,676,43.219587147562414,6.056361717052063,426.8197176015712,0.533524647001964,tables/5_seed_review/gate_per_seed.csv,1.0,nan
N-MNIST,SNN-DFA,20260909,H2,completed_epoch_100,results/paper_v9_signal_processing/03_five_seed/checkpoints/dfa_trained/seed_20260909/epoch_100.pt,0800c9e1ee7b4cf64c5099e83f65ae2c8adb1bf072ccdaa45be9f1911ae9bad7,basis_eval,512,30,800,same_trained_model_and_neuron_coordinates,True,random_sparsity,0.50,nan,global_frobenius_norm_matched,204635190911.0,0.5,0.5,False,0.0132260914178921,0.0797912980687637,279.70236060724824,2.098412397917189,0.5,0.5,1e-06,0.0453924648463726,0.0685987504689762,0.360157803900298,0.0058994265238367,0.0,canonical epsilon=1e-12; zero-vector effects retained,"population, time axis then sample/feature mean",118,315,444,545,678,56.98450735001817,6.112562854172372,451.49434784925137,0.5643679348115642,tables/5_seed_review/gate_per_seed.csv,1.0,nan
N-MNIST,SNN-DFA,20260909,H2,completed_epoch_100,results/paper_v9_signal_processing/03_five_seed/checkpoints/dfa_trained/seed_20260909/epoch_100.pt,0800c9e1ee7b4cf64c5099e83f65ae2c8adb1bf072ccdaa45be9f1911ae9bad7,basis_eval,512,30,800,same_trained_model_and_neuron_coordinates,True,random_sparsity,0.75,nan,global_frobenius_norm_matched,204635190911.0,0.75,0.75,False,0.0093560634193854,0.0797783314108866,279.6569069687461,2.043536423324468,0.75,0.75,1e-06,0.0251505356281995,0.0377768618285371,0.4390734737422607,0.0060247781685557,0.0,canonical epsilon=1e-12; zero-vector effects retained,"population, time axis then sample/feature mean",115,311,440,541,675,83.56932668524006,6.117407914110201,453.68717292098427,0.5671089661512303,tables/5_seed_review/gate_per_seed.csv,1.0,nan
N-MNIST,SNN-DFA,20260909,H2,completed_epoch_100,results/paper_v9_signal_processing/03_five_seed/checkpoints/dfa_trained/seed_20260909/epoch_100.pt,0800c9e1ee7b4cf64c5099e83f65ae2c8adb1bf072ccdaa45be9f1911ae9bad7,basis_eval,512,30,800,same_trained_model_and_neuron_coordinates,True,random_sparsity,ann_matched,nan,global_frobenius_norm_matched,204635190911.0,0.770538330078125,0.770538330078125,False,0.0089610617278065,0.079776770186763,279.65143421566074,2.034445647678285,0.770538330078125,0.770538330078125,1e-06,0.0234668087214231,0.0353686639077508,0.451624133891266,0.0060347379625852,0.0,canonical epsilon=1e-12; zero-vector effects retained,"population, time axis then sample/feature mean",114,310,439,541,675,79.46586031388648,6.11086888791447,450.7301790791502,0.5634127238489378,tables/5_seed_review/gate_per_seed.csv,1.0,nan
N-MNIST,SNN-DFA,20260909,H2,completed_epoch_100,results/paper_v9_signal_processing/03_five_seed/checkpoints/dfa_trained/seed_20260909/epoch_100.pt,0800c9e1ee7b4cf64c5099e83f65ae2c8adb1bf072ccdaa45be9f1911ae9bad7,basis_eval,512,30,800,same_trained_model_and_neuron_coordinates,True,random_sparsity,0,nan,global_frobenius_norm_matched,204635190912.0,0.0,0.0,False,0.0187023040796299,0.0798131234254295,279.7788677443478,2.1278719393064502,0.0,0.0,1e-06,0.0862229540944099,0.1306824314420197,0.3143915440178949,0.0056491428788165,0.0,canonical epsilon=1e-12; zero-vector effects retained,"population, time axis then sample/feature mean",104,300,432,536,674,33.98108993861835,5.992686556518867,400.4891025474471,0.5006113781843089,tables/5_seed_review/gate_per_seed.csv,2.0,nan
N-MNIST,SNN-DFA,20260909,H2,completed_epoch_100,results/paper_v9_signal_processing/03_five_seed/checkpoints/dfa_trained/seed_20260909/epoch_100.pt,0800c9e1ee7b4cf64c5099e83f65ae2c8adb1bf072ccdaa45be9f1911ae9bad7,basis_eval,512,30,800,same_trained_model_and_neuron_coordinates,True,random_sparsity,0.25,nan,global_frobenius_norm_matched,204635190912.0,0.25,0.25,False,0.016193805872457,0.0798012552981888,279.7372649219117,2.118316886080549,0.25,0.25,1e-06,0.0657857283949852,0.1000312978154476,0.3295065847792803,0.0057738675002718,0.0,canonical epsilon=1e-12; zero-vector effects retained,"population, time axis then sample/feature mean",111,307,437,540,675,43.33251066398248,6.0543087449085125,425.9443674531967,0.5324304593164959,tables/5_seed_review/gate_per_seed.csv,2.0,nan
N-MNIST,SNN-DFA,20260909,H2,completed_epoch_100,results/paper_v9_signal_processing/03_five_seed/checkpoints/dfa_trained/seed_20260909/epoch_100.pt,0800c9e1ee7b4cf64c5099e83f65ae2c8adb1bf072ccdaa45be9f1911ae9bad7,basis_eval,512,30,800,same_trained_model_and_neuron_coordinates,True,random_sparsity,0.50,nan,global_frobenius_norm_matched,204635190912.0,0.5,0.5,False,0.0132261165741311,0.0797912901129394,279.70233271870245,2.099511373807719,0.5,0.5,1e-06,0.0452531278133392,0.0689335791866474,0.3584520374640786,0.0058992123931508,0.0,canonical epsilon=1e-12; zero-vector effects retained,"population, time axis then sample/feature mean",116,311,440,541,675,58.06655873332999,6.094673950390876,443.4894220485403,0.5543617775606754,tables/5_seed_review/gate_per_seed.csv,2.0,nan
N-MNIST,SNN-DFA,20260909,H2,completed_epoch_100,results/paper_v9_signal_processing/03_five_seed/checkpoints/dfa_trained/seed_20260909/epoch_100.pt,0800c9e1ee7b4cf64c5099e83f65ae2c8adb1bf072ccdaa45be9f1911ae9bad7,basis_eval,512,30,800,same_trained_model_and_neuron_coordinates,True,random_sparsity,0.75,nan,global_frobenius_norm_matched,204635190912.0,0.75,0.75,False,0.0093528499055329,0.0797784250220467,279.6572351155886,2.0423211845254223,0.75,0.75,1e-06,0.0251768697053194,0.0376971690702779,0.4403045042168386,0.0060241560649621,0.0,canonical epsilon=1e-12; zero-vector effects retained,"population, time axis then sample/feature mean",112,305,433,535,671,62.06109676836168,6.081012434604842,437.4718822567284,0.5468398528209104,tables/5_seed_review/gate_per_seed.csv,2.0,nan
N-MNIST,SNN-DFA,20260909,H2,completed_epoch_100,results/paper_v9_signal_processing/03_five_seed/checkpoints/dfa_trained/seed_20260909/epoch_100.pt,0800c9e1ee7b4cf64c5099e83f65ae2c8adb1bf072ccdaa45be9f1911ae9bad7,basis_eval,512,30,800,same_trained_model_and_neuron_coordinates,True,random_sparsity,ann_matched,nan,global_frobenius_norm_matched,204635190912.0,0.770538330078125,0.770538330078125,False,0.0089628279658293,0.0797767737482883,279.65144670031884,2.032085080581786,0.770538330078125,0.770538330078125,1e-06,0.0236538983881473,0.0355573853364744,0.4540207807437,0.0060343376779563,0.0,canonical epsilon=1e-12; zero-vector effects retained,"population, time axis then sample/feature mean",115,307,435,537,672,71.69944894347363,6.103343539021217,447.3510078930375,0.5591887598662969,tables/5_seed_review/gate_per_seed.csv,2.0,nan
N-MNIST,SNN-DFA,20260909,H2,completed_epoch_100,results/paper_v9_signal_processing/03_five_seed/checkpoints/dfa_trained/seed_20260909/epoch_100.pt,0800c9e1ee7b4cf64c5099e83f65ae2c8adb1bf072ccdaa45be9f1911ae9bad7,basis_eval,512,30,800,same_trained_model_and_neuron_coordinates,True,random_sparsity,0,nan,global_frobenius_norm_matched,204635190913.0,0.0,0.0,False,0.0187023040796299,0.0798131234254295,279.7788677443478,2.1278719393064502,0.0,0.0,1e-06,0.0862229540944099,0.1306824314420197,0.3143915440178949,0.0056491428788165,0.0,canonical epsilon=1e-12; zero-vector effects retained,"population, time axis then sample/feature mean",104,300,432,536,674,33.98108993861835,5.992686556518867,400.4891025474471,0.5006113781843089,tables/5_seed_review/gate_per_seed.csv,3.0,nan
N-MNIST,SNN-DFA,20260909,H2,completed_epoch_100,results/paper_v9_signal_processing/03_five_seed/checkpoints/dfa_trained/seed_20260909/epoch_100.pt,0800c9e1ee7b4cf64c5099e83f65ae2c8adb1bf072ccdaa45be9f1911ae9bad7,basis_eval,512,30,800,same_trained_model_and_neuron_coordinates,True,random_sparsity,0.25,nan,global_frobenius_norm_matched,204635190913.0,0.25,0.25,False,0.0161961073761873,0.079801324570003,279.7375077490218,2.118038902689958,0.25,0.25,1e-06,0.065792366862297,0.1002916914042817,0.3300602724751146,0.0057739911927897,0.0,canonical epsilon=1e-12; zero-vector effects retained,"population, time axis then sample/feature mean",110,307,437,540,675,43.77581917918575,6.05340527621218,425.5597138382383,0.5319496422977978,tables/5_seed_review/gate_per_seed.csv,3.0,nan
N-MNIST,SNN-DFA,20260909,H2,completed_epoch_100,results/paper_v9_signal_processing/03_five_seed/checkpoints/dfa_trained/seed_20260909/epoch_100.pt,0800c9e1ee7b4cf64c5099e83f65ae2c8adb1bf072ccdaa45be9f1911ae9bad7,basis_eval,512,30,800,same_trained_model_and_neuron_coordinates,True,random_sparsity,0.50,nan,global_frobenius_norm_matched,204635190913.0,0.5,0.5,False,0.0132225920550136,0.0797911700909106,279.7019119905596,2.0976544007845037,0.5,0.5,1e-06,0.0453511588275432,0.0689987705970615,0.3610765658930852,0.0058999567052737,0.0,canonical epsilon=1e-12; zero-vector effects retained,"population, time axis then sample/feature mean",116,311,440,541,676,59.400952195859794,6.102601738720148,447.0192858316729,0.5587741072895911,tables/5_seed_review/gate_per_seed.csv,3.0,nan
N-MNIST,SNN-DFA,20260909,H2,completed_epoch_100,results/paper_v9_signal_processing/03_five_seed/checkpoints/dfa_trained/seed_20260909/epoch_100.pt,0800c9e1ee7b4cf64c5099e83f65ae2c8adb1bf072ccdaa45be9f1911ae9bad7,basis_eval,512,30,800,same_trained_model_and_neuron_coordinates,True,random_sparsity,0.75,nan,global_frobenius_norm_matched,204635190913.0,0.75,0.75,False,0.0093572138629556,0.0797784962052981,279.65748464309183,2.04354198234551,0.75,0.75,1e-06,0.025111123919487,0.0375462286333549,0.4384587491574128,0.0060243225901745,0.0,canonical epsilon=1e-12; zero-vector effects retained,"population, time axis then sample/feature mean",117,308,436,537,673,79.97704094111307,6.110346602508033,450.4948307492253,0.5631185384365316,tables/5_seed_review/gate_per_seed.csv,3.0,nan
N-MNIST,SNN-DFA,20260909,H2,completed_epoch_100,results/paper_v9_signal_processing/03_five_seed/checkpoints/dfa_trained/seed_20260909/epoch_100.pt,0800c9e1ee7b4cf64c5099e83f65ae2c8adb1bf072ccdaa45be9f1911ae9bad7,basis_eval,512,30,800,same_trained_model_and_neuron_coordinates,True,random_sparsity,ann_matched,nan,global_frobenius_norm_matched,204635190913.0,0.770538330078125,0.770538330078125,False,0.0089646938286343,0.0797769106876096,279.65192673075427,2.0347578549230594,0.770538330078125,0.770538330078125,1e-06,0.0234647914767265,0.0351202498301465,0.4504095628844896,0.0060345895746833,0.0,canonical epsilon=1e-12; zero-vector effects retained,"population, time axis then sample/feature mean",119,309,437,537,672,81.48174133777938,6.121660694979083,455.6207135986507,0.5695258919983134,tables/5_seed_review/gate_per_seed.csv,3.0,nan
N-MNIST,SNN-DFA,20260909,H2,completed_epoch_100,results/paper_v9_signal_processing/03_five_seed/checkpoints/dfa_trained/seed_20260909/epoch_100.pt,0800c9e1ee7b4cf64c5099e83f65ae2c8adb1bf072ccdaa45be9f1911ae9bad7,basis_eval,512,30,800,same_trained_model_and_neuron_coordinates,True,random_sparsity,0,nan,global_frobenius_norm_matched,204635190914.0,0.0,0.0,False,0.0187023040796299,0.0798131234254295,279.7788677443478,2.1278719393064502,0.0,0.0,1e-06,0.0862229540944099,0.1306824314420197,0.3143915440178949,0.0056491428788165,0.0,canonical epsilon=1e-12; zero-vector effects retained,"population, time axis then sample/feature mean",104,300,432,536,674,33.98108993861835,5.992686556518867,400.4891025474471,0.5006113781843089,tables/5_seed_review/gate_per_seed.csv,4.0,nan
N-MNIST,SNN-DFA,20260909,H2,completed_epoch_100,results/paper_v9_signal_processing/03_five_seed/checkpoints/dfa_trained/seed_20260909/epoch_100.pt,0800c9e1ee7b4cf64c5099e83f65ae2c8adb1bf072ccdaa45be9f1911ae9bad7,basis_eval,512,30,800,same_trained_model_and_neuron_coordinates,True,random_sparsity,0.25,nan,global_frobenius_norm_matched,204635190914.0,0.25,0.25,False,0.0161926905454236,0.079801271034154,279.7373200831491,2.1180083301583026,0.25,0.25,1e-06,0.0658460557460784,0.1003184471296084,0.3302420981507724,0.0057740664697655,0.0,canonical epsilon=1e-12; zero-vector effects retained,"population, time axis then sample/feature mean",111,308,439,541,676,43.41363972413983,6.0591432132944565,428.0085676667706,0.5350107095834633,tables/5_seed_review/gate_per_seed.csv,4.0,nan
N-MNIST,SNN-DFA,20260909,H2,completed_epoch_100,results/paper_v9_signal_processing/03_five_seed/checkpoints/dfa_trained/seed_20260909/epoch_100.pt,0800c9e1ee7b4cf64c5099e83f65ae2c8adb1bf072ccdaa45be9f1911ae9bad7,basis_eval,512,30,800,same_trained_model_and_neuron_coordinates,True,random_sparsity,0.50,nan,global_frobenius_norm_matched,204635190914.0,0.5,0.5,False,0.0132232842652914,0.0797913428186138,279.7025174744604,2.0992472587944477,0.5,0.5,1e-06,0.0453295595943927,0.0687088826410552,0.3590928489832505,0.0058997228139846,0.0,canonical epsilon=1e-12; zero-vector effects retained,"population, time axis then sample/feature mean",115,311,440,541,676,56.97869152559217,6.101774119358192,446.649477067106,0.5583118463338825,tables/5_seed_review/gate_per_seed.csv,4.0,nan
N-MNIST,SNN-DFA,20260909,H2,completed_epoch_100,results/paper_v9_signal_processing/03_five_seed/checkpoints/dfa_trained/seed_20260909/epoch_100.pt,0800c9e1ee7b4cf64c5099e83f65ae2c8adb1bf072ccdaa45be9f1911ae9bad7,basis_eval,512,30,800,same_trained_model_and_neuron_coordinates,True,random_sparsity,0.75,nan,global_frobenius_norm_matched,204635190914.0,0.75,0.75,False,0.0093504909943991,0.0797785079118945,279.65752567968354,2.045577755894271,0.75,0.75,1e-06,0.0250714868307113,0.0375825209064734,0.4373842080307127,0.006025598434364,0.0,canonical epsilon=1e-12; zero-vector effects retained,"population, time axis then sample/feature mean",116,308,435,537,673,70.94902595121769,6.10921294548526,449.98441349434125,0.5624805168679265,tables/5_seed_review/gate_per_seed.csv,4.0,nan
N-MNIST,SNN-DFA,20260909,H2,completed_epoch_100,results/paper_v9_signal_processing/03_five_seed/checkpoints/dfa_trained/seed_20260909/epoch_100.pt,0800c9e1ee7b4cf64c5099e83f65ae2c8adb1bf072ccdaa45be9f1911ae9bad7,basis_eval,512,30,800,same_trained_model_and_neuron_coordinates,True,random_sparsity,ann_matched,nan,global_frobenius_norm_matched,204635190914.0,0.770538330078125,0.770538330078125,False,0.0089561221374584,0.0797767897834558,279.6515029103847,2.036019357620394,0.770538330078125,0.770538330078125,1e-06,0.0233771465718746,0.0350240565838336,0.450330339676369,0.0060358993360672,0.0,canonical epsilon=1e-12; zero-vector effects retained,"population, time axis then sample/feature mean",113,306,433,535,671,68.11758695347672,6.099488240173471,445.62965636214057,0.5570370704526757,tables/5_seed_review/gate_per_seed.csv,4.0,nan
N-MNIST,SNN-DFA,20260909,H2,completed_epoch_100,results/paper_v9_signal_processing/03_five_seed/checkpoints/dfa_trained/seed_20260909/epoch_100.pt,0800c9e1ee7b4cf64c5099e83f65ae2c8adb1bf072ccdaa45be9f1911ae9bad7,basis_eval,512,30,800,same_trained_model_and_neuron_coordinates,True,random_sparsity,0,nan,global_frobenius_norm_matched,204635190915.0,0.0,0.0,False,0.0187023040796299,0.0798131234254295,279.7788677443478,2.1278719393064502,0.0,0.0,1e-06,0.0862229540944099,0.1306824314420197,0.3143915440178949,0.0056491428788165,0.0,canonical epsilon=1e-12; zero-vector effects retained,"population, time axis then sample/feature mean",104,300,432,536,674,33.98108993861835,5.992686556518867,400.4891025474471,0.5006113781843089,tables/5_seed_review/gate_per_seed.csv,5.0,nan
N-MNIST,SNN-DFA,20260909,H2,completed_epoch_100,results/paper_v9_signal_processing/03_five_seed/checkpoints/dfa_trained/seed_20260909/epoch_100.pt,0800c9e1ee7b4cf64c5099e83f65ae2c8adb1bf072ccdaa45be9f1911ae9bad7,basis_eval,512,30,800,same_trained_model_and_neuron_coordinates,True,random_sparsity,0.25,nan,global_frobenius_norm_matched,204635190915.0,0.25,0.25,False,0.0161890449046895,0.0798012291699565,279.7371733313663,2.1187355062681004,0.25,0.25,1e-06,0.0656735002994537,0.0995658585567168,0.3288027625010529,0.0057742745217564,0.0,canonical epsilon=1e-12; zero-vector effects retained,"population, time axis then sample/feature mean",109,305,436,539,675,42.68433339385171,6.047739971797133,423.1556049470435,0.5289445061838044,tables/5_seed_review/gate_per_seed.csv,5.0,nan
N-MNIST,SNN-DFA,20260909,H2,completed_epoch_100,results/paper_v9_signal_processing/03_five_seed/checkpoints/dfa_trained/seed_20260909/epoch_100.pt,0800c9e1ee7b4cf64c5099e83f65ae2c8adb1bf072ccdaa45be9f1911ae9bad7,basis_eval,512,30,800,same_trained_model_and_neuron_coordinates,True,random_sparsity,0.50,nan,global_frobenius_norm_matched,204635190915.0,0.5,0.5,False,0.0132177519859392,0.0797914221912133,279.7027957091053,2.098058634389774,0.5,0.5,1e-06,0.0453183501958847,0.0683969078807929,0.3606188261380093,0.005899744422171,0.0,canonical epsilon=1e-12; zero-vector effects retained,"population, time axis then sample/feature mean",111,307,437,539,675,54.89583960938476,6.083051408437241,438.36478597136687,0.5479559824642086,tables/5_seed_review/gate_per_seed.csv,5.0,nan
N-MNIST,SNN-DFA,20260909,H2,completed_epoch_100,results/paper_v9_signal_processing/03_five_seed/checkpoints/dfa_trained/seed_20260909/epoch_100.pt,0800c9e1ee7b4cf64c5099e83f65ae2c8adb1bf072ccdaa45be9f1911ae9bad7,basis_eval,512,30,800,same_trained_model_and_neuron_coordinates,True,random_sparsity,0.75,nan,global_frobenius_norm_matched,204635190915.0,0.75,0.75,False,0.0093423535082825,0.0797784593624835,279.6573554933947,2.043108326530659,0.75,0.75,1e-06,0.0251316539943218,0.0378445068267937,0.4395077610858402,0.0060251952579113,0.0,canonical epsilon=1e-12; zero-vector effects retained,"population, time axis then sample/feature mean",109,304,434,536,672,64.47990376249423,6.070307433935542,432.81372274888383,0.5410171534361048,tables/5_seed_review/gate_per_seed.csv,5.0,nan
N-MNIST,SNN-DFA,20260909,H2,completed_epoch_100,results/paper_v9_signal_processing/03_five_seed/checkpoints/dfa_trained/seed_20260909/epoch_100.pt,0800c9e1ee7b4cf64c5099e83f65ae2c8adb1bf072ccdaa45be9f1911ae9bad7,basis_eval,512,30,800,same_trained_model_and_neuron_coordinates,True,random_sparsity,ann_matched,nan,global_frobenius_norm_matched,204635190915.0,0.770538330078125,0.770538330078125,False,0.0089550450119267,0.079776849798786,279.65171328958854,2.0343812966248658,0.770538330078125,0.770538330078125,1e-06,0.0233962759375572,0.035284703419451,0.4517281069192463,0.0060353938014395,0.0,canonical epsilon=1e-12; zero-vector effects retained,"population, time axis then sample/feature mean",110,304,433,535,672,63.63062112398571,6.069825238463277,432.6050722406482,0.5407563403008102,tables/5_seed_review/gate_per_seed.csv,5.0,nan
N-MNIST,SNN-DFA,20260909,H2,completed_epoch_100,results/paper_v9_signal_processing/03_five_seed/checkpoints/dfa_trained/seed_20260909/epoch_100.pt,0800c9e1ee7b4cf64c5099e83f65ae2c8adb1bf072ccdaa45be9f1911ae9bad7,basis_eval,512,30,800,same_trained_model_and_neuron_coordinates,True,random_sparsity,0,nan,global_frobenius_norm_matched,204635190916.0,0.0,0.0,False,0.0187023040796299,0.0798131234254295,279.7788677443478,2.1278719393064502,0.0,0.0,1e-06,0.0862229540944099,0.1306824314420197,0.3143915440178949,0.0056491428788165,0.0,canonical epsilon=1e-12; zero-vector effects retained,"population, time axis then sample/feature mean",104,300,432,536,674,33.98108993861835,5.992686556518867,400.4891025474471,0.5006113781843089,tables/5_seed_review/gate_per_seed.csv,6.0,nan
N-MNIST,SNN-DFA,20260909,H2,completed_epoch_100,results/paper_v9_signal_processing/03_five_seed/checkpoints/dfa_trained/seed_20260909/epoch_100.pt,0800c9e1ee7b4cf64c5099e83f65ae2c8adb1bf072ccdaa45be9f1911ae9bad7,basis_eval,512,30,800,same_trained_model_and_neuron_coordinates,True,random_sparsity,0.25,nan,global_frobenius_norm_matched,204635190916.0,0.25,0.25,False,0.0161912192748352,0.0798012513177375,279.7372509687387,2.1181670203585385,0.25,0.25,1e-06,0.0656287744641304,0.0998309573174094,0.3299881568886768,0.0057747845024517,0.0,canonical epsilon=1e-12; zero-vector effects retained,"population, time axis then sample/feature mean",111,306,436,539,674,43.079045301102326,6.055682781434723,426.5300328428864,0.5331625410536079,tables/5_seed_review/gate_per_seed.csv,6.0,nan
N-MNIST,SNN-DFA,20260909,H2,completed_epoch_100,results/paper_v9_signal_processing/03_five_seed/checkpoints/dfa_trained/seed_20260909/epoch_100.pt,0800c9e1ee7b4cf64c5099e83f65ae2c8adb1bf072ccdaa45be9f1911ae9bad7,basis_eval,512,30,800,same_trained_model_and_neuron_coordinates,True,random_sparsity,0.50,nan,global_frobenius_norm_matched,204635190916.0,0.5,0.5,False,0.0132108476858511,0.0797912398798673,279.70215663046883,2.0990508329396063,0.5,0.5,1e-06,0.0452131368219852,0.0688691392362928,0.3598124988422345,0.0059004260562977,0.0,canonical epsilon=1e-12; zero-vector effects retained,"population, time axis then sample/feature mean",115,310,439,541,675,61.12005129142703,6.1012798133019945,446.4287500834313,0.5580359376042892,tables/5_seed_review/gate_per_seed.csv,6.0,nan
N-MNIST,SNN-DFA,20260909,H2,completed_epoch_100,results/paper_v9_signal_processing/03_five_seed/checkpoints/dfa_trained/seed_20260909/epoch_100.pt,0800c9e1ee7b4cf64c5099e83f65ae2c8adb1bf072ccdaa45be9f1911ae9bad7,basis_eval,512,30,800,same_trained_model_and_neuron_coordinates,True,random_sparsity,0.75,nan,global_frobenius_norm_matched,204635190916.0,0.75,0.75,False,0.0093346449698963,0.079778475716882,279.6574128224995,2.04342292554938,0.75,0.75,1e-06,0.0249648876488208,0.038101655476235,0.4397041623696894,0.0060257236462523,0.0,canonical epsilon=1e-12; zero-vector effects retained,"population, time axis then sample/feature mean",113,306,435,536,671,63.35929681464064,6.0943273277201175,443.3357251995619,0.5541696564994524,tables/5_seed_review/gate_per_seed.csv,6.0,nan
N-MNIST,SNN-DFA,20260909,H2,completed_epoch_100,results/paper_v9_signal_processing/03_five_seed/checkpoints/dfa_trained/seed_20260909/epoch_100.pt,0800c9e1ee7b4cf64c5099e83f65ae2c8adb1bf072ccdaa45be9f1911ae9bad7,basis_eval,512,30,800,same_trained_model_and_neuron_coordinates,True,random_sparsity,ann_matched,nan,global_frobenius_norm_matched,204635190916.0,0.770538330078125,0.770538330078125,False,0.0089399713026041,0.0797768984762644,279.6518839248051,2.033735548913049,0.770538330078125,0.770538330078125,1e-06,0.0233479924499988,0.0358983422620827,0.4530325665989458,0.0060359985191416,0.0,canonical epsilon=1e-12; zero-vector effects retained,"population, time axis then sample/feature mean",112,303,432,533,670,58.8344304862468,6.087949314142142,440.5171220241361,0.55064640253017,tables/5_seed_review/gate_per_seed.csv,6.0,nan
N-MNIST,SNN-DFA,20260909,H2,completed_epoch_100,results/paper_v9_signal_processing/03_five_seed/checkpoints/dfa_trained/seed_20260909/epoch_100.pt,0800c9e1ee7b4cf64c5099e83f65ae2c8adb1bf072ccdaa45be9f1911ae9bad7,basis_eval,512,30,800,same_trained_model_and_neuron_coordinates,True,random_sparsity,0,nan,global_frobenius_norm_matched,204635190917.0,0.0,0.0,False,0.0187023040796299,0.0798131234254295,279.7788677443478,2.1278719393064502,0.0,0.0,1e-06,0.0862229540944099,0.1306824314420197,0.3143915440178949,0.0056491428788165,0.0,canonical epsilon=1e-12; zero-vector effects retained,"population, time axis then sample/feature mean",104,300,432,536,674,33.98108993861835,5.992686556518867,400.4891025474471,0.5006113781843089,tables/5_seed_review/gate_per_seed.csv,7.0,nan
N-MNIST,SNN-DFA,20260909,H2,completed_epoch_100,results/paper_v9_signal_processing/03_five_seed/checkpoints/dfa_trained/seed_20260909/epoch_100.pt,0800c9e1ee7b4cf64c5099e83f65ae2c8adb1bf072ccdaa45be9f1911ae9bad7,basis_eval,512,30,800,same_trained_model_and_neuron_coordinates,True,random_sparsity,0.25,nan,global_frobenius_norm_matched,204635190917.0,0.25,0.25,False,0.0161953955404573,0.0798013613800916,279.73763678400024,2.117073459149496,0.25,0.25,1e-06,0.0657114684581756,0.0994947917810087,0.3315356677646052,0.0057748021264972,0.0,canonical epsilon=1e-12; zero-vector effects retained,"population, time axis then sample/feature mean",111,308,439,541,676,43.24180633357511,6.061017890283163,428.8116980493574,0.5360146225616967,tables/5_seed_review/gate_per_seed.csv,7.0,nan
N-MNIST,SNN-DFA,20260909,H2,completed_epoch_100,results/paper_v9_signal_processing/03_five_seed/checkpoints/dfa_trained/seed_20260909/epoch_100.pt,0800c9e1ee7b4cf64c5099e83f65ae2c8adb1bf072ccdaa45be9f1911ae9bad7,basis_eval,512,30,800,same_trained_model_and_neuron_coordinates,True,random_sparsity,0.50,nan,global_frobenius_norm_matched,204635190917.0,0.5,0.5,False,0.0132138410534152,0.0797912819794995,279.702304207542,2.097047961319157,0.5,0.5,1e-06,0.0453049838542938,0.0682634846613772,0.3622815420715647,0.0059008147927319,0.0,canonical epsilon=1e-12; zero-vector effects retained,"population, time axis then sample/feature mean",115,310,439,540,674,59.505432499848375,6.099094299145438,445.4541391311803,0.5568176739139754,tables/5_seed_review/gate_per_seed.csv,7.0,nan
N-MNIST,SNN-DFA,20260909,H2,completed_epoch_100,results/paper_v9_signal_processing/03_five_seed/checkpoints/dfa_trained/seed_20260909/epoch_100.pt,0800c9e1ee7b4cf64c5099e83f65ae2c8adb1bf072ccdaa45be9f1911ae9bad7,basis_eval,512,30,800,same_trained_model_and_neuron_coordinates,True,random_sparsity,0.75,nan,global_frobenius_norm_matched,204635190917.0,0.75,0.75,False,0.0093259670046202,0.0797784710257834,279.6573963782072,2.040327042182009,0.75,0.75,1e-06,0.0251908916980028,0.0379198282308347,0.4431883759853888,0.0060260509126511,0.0,canonical epsilon=1e-12; zero-vector effects retained,"population, time axis then sample/feature mean",114,305,434,535,672,82.29632348692535,6.098463228598906,445.1731148265509,0.5564663935331886,tables/5_seed_review/gate_per_seed.csv,7.0,nan
N-MNIST,SNN-DFA,20260909,H2,completed_epoch_100,results/paper_v9_signal_processing/03_five_seed/checkpoints/dfa_trained/seed_20260909/epoch_100.pt,0800c9e1ee7b4cf64c5099e83f65ae2c8adb1bf072ccdaa45be9f1911ae9bad7,basis_eval,512,30,800,same_trained_model_and_neuron_coordinates,True,random_sparsity,ann_matched,nan,global_frobenius_norm_matched,204635190917.0,0.770538330078125,0.770538330078125,False,0.0089374500701404,0.0797767857188077,279.651488662065,2.0319975120480054,0.770538330078125,0.770538330078125,1e-06,0.0235157459974288,0.0350304426915113,0.4542569358402106,0.0060360346467393,0.0,canonical epsilon=1e-12; zero-vector effects retained,"population, time axis then sample/feature mean",113,304,432,534,671,80.28238549862684,6.09180058068603,442.21694200710016,0.5527711775088752,tables/5_seed_review/gate_per_seed.csv,7.0,nan
N-MNIST,SNN-DFA,20260909,H2,completed_epoch_100,results/paper_v9_signal_processing/03_five_seed/checkpoints/dfa_trained/seed_20260909/epoch_100.pt,0800c9e1ee7b4cf64c5099e83f65ae2c8adb1bf072ccdaa45be9f1911ae9bad7,basis_eval,512,30,800,same_trained_model_and_neuron_coordinates,True,random_sparsity,0,nan,global_frobenius_norm_matched,204635190918.0,0.0,0.0,False,0.0187023040796299,0.0798131234254295,279.7788677443478,2.1278719393064502,0.0,0.0,1e-06,0.0862229540944099,0.1306824314420197,0.3143915440178949,0.0056491428788165,0.0,canonical epsilon=1e-12; zero-vector effects retained,"population, time axis then sample/feature mean",104,300,432,536,674,33.98108993861835,5.992686556518867,400.4891025474471,0.5006113781843089,tables/5_seed_review/gate_per_seed.csv,8.0,nan
N-MNIST,SNN-DFA,20260909,H2,completed_epoch_100,results/paper_v9_signal_processing/03_five_seed/checkpoints/dfa_trained/seed_20260909/epoch_100.pt,0800c9e1ee7b4cf64c5099e83f65ae2c8adb1bf072ccdaa45be9f1911ae9bad7,basis_eval,512,30,800,same_trained_model_and_neuron_coordinates,True,random_sparsity,0.25,nan,global_frobenius_norm_matched,204635190918.0,0.25,0.25,False,0.0161871383432901,0.0798011906067142,279.73703815083763,2.11822308313233,0.25,0.25,1e-06,0.0656019151210784,0.0996787600472428,0.329817741164206,0.0057748787913832,0.0,canonical epsilon=1e-12; zero-vector effects retained,"population, time axis then sample/feature mean",109,305,436,539,675,43.02633640170145,6.047903024206353,423.22460711323686,0.529030758891546,tables/5_seed_review/gate_per_seed.csv,8.0,nan
N-MNIST,SNN-DFA,20260909,H2,completed_epoch_100,results/paper_v9_signal_processing/03_five_seed/checkpoints/dfa_trained/seed_20260909/epoch_100.pt,0800c9e1ee7b4cf64c5099e83f65ae2c8adb1bf072ccdaa45be9f1911ae9bad7,basis_eval,512,30,800,same_trained_model_and_neuron_coordinates,True,random_sparsity,0.50,nan,global_frobenius_norm_matched,204635190918.0,0.5,0.5,False,0.0132091606637314,0.079791290177627,279.70233294546006,2.0985311449424544,0.5,0.5,1e-06,0.0451367050409317,0.0682962923376312,0.360626680678022,0.0059004549197002,0.0,canonical epsilon=1e-12; zero-vector effects retained,"population, time axis then sample/feature mean",113,308,439,540,675,52.59279797923892,6.084122096494097,438.83438926671096,0.5485429865833887,tables/5_seed_review/gate_per_seed.csv,8.0,nan
N-MNIST,SNN-DFA,20260909,H2,completed_epoch_100,results/paper_v9_signal_processing/03_five_seed/checkpoints/dfa_trained/seed_20260909/epoch_100.pt,0800c9e1ee7b4cf64c5099e83f65ae2c8adb1bf072ccdaa45be9f1911ae9bad7,basis_eval,512,30,800,same_trained_model_and_neuron_coordinates,True,random_sparsity,0.75,nan,global_frobenius_norm_matched,204635190918.0,0.75,0.75,False,0.0093395688790478,0.0797785245087139,279.65758385857976,2.0413774041454444,0.75,0.75,1e-06,0.025357037782669,0.0382409686962194,0.4433513238684076,0.0060249653336384,0.0,canonical epsilon=1e-12; zero-vector effects retained,"population, time axis then sample/feature mean",107,299,430,533,672,35.87035012940613,6.041816634153664,420.6565201915071,0.5258206502393838,tables/5_seed_review/gate_per_seed.csv,8.0,nan
N-MNIST,SNN-DFA,20260909,H2,completed_epoch_100,results/paper_v9_signal_processing/03_five_seed/checkpoints/dfa_trained/seed_20260909/epoch_100.pt,0800c9e1ee7b4cf64c5099e83f65ae2c8adb1bf072ccdaa45be9f1911ae9bad7,basis_eval,512,30,800,same_trained_model_and_neuron_coordinates,True,random_sparsity,ann_matched,nan,global_frobenius_norm_matched,204635190918.0,0.770538330078125,0.770538330078125,False,0.0089512656401102,0.0797768469866497,279.6517034318558,2.0317243109138383,0.770538330078125,0.770538330078125,1e-06,0.0237562581896781,0.0360906652074112,0.4561693923534026,0.0060349397096392,0.0,canonical epsilon=1e-12; zero-vector effects retained,"population, time axis then sample/feature mean",106,297,427,530,670,34.16659984711273,6.028492143240335,415.0886630188926,0.5188608287736157,tables/5_seed_review/gate_per_seed.csv,8.0,nan
N-MNIST,SNN-DFA,20260909,H2,completed_epoch_100,results/paper_v9_signal_processing/03_five_seed/checkpoints/dfa_trained/seed_20260909/epoch_100.pt,0800c9e1ee7b4cf64c5099e83f65ae2c8adb1bf072ccdaa45be9f1911ae9bad7,basis_eval,512,30,800,same_trained_model_and_neuron_coordinates,True,random_sparsity,0,nan,global_frobenius_norm_matched,204635190919.0,0.0,0.0,False,0.0187023040796299,0.0798131234254295,279.7788677443478,2.1278719393064502,0.0,0.0,1e-06,0.0862229540944099,0.1306824314420197,0.3143915440178949,0.0056491428788165,0.0,canonical epsilon=1e-12; zero-vector effects retained,"population, time axis then sample/feature mean",104,300,432,536,674,33.98108993861835,5.992686556518867,400.4891025474471,0.5006113781843089,tables/5_seed_review/gate_per_seed.csv,9.0,nan
N-MNIST,SNN-DFA,20260909,H2,completed_epoch_100,results/paper_v9_signal_processing/03_five_seed/checkpoints/dfa_trained/seed_20260909/epoch_100.pt,0800c9e1ee7b4cf64c5099e83f65ae2c8adb1bf072ccdaa45be9f1911ae9bad7,basis_eval,512,30,800,same_trained_model_and_neuron_coordinates,True,random_sparsity,0.25,nan,global_frobenius_norm_matched,204635190919.0,0.25,0.25,False,0.016199071935326,0.0798011961008792,279.7370574102222,2.1180600508280163,0.25,0.25,1e-06,0.0656324997544288,0.0989417213812904,0.3303581309334756,0.0057749837616262,0.0,canonical epsilon=1e-12; zero-vector effects retained,"population, time axis then sample/feature mean",112,310,440,542,676,42.95456649382411,6.063690113252315,429.95911090703794,0.5374488886337975,tables/5_seed_review/gate_per_seed.csv,9.0,nan
N-MNIST,SNN-DFA,20260909,H2,completed_epoch_100,results/paper_v9_signal_processing/03_five_seed/checkpoints/dfa_trained/seed_20260909/epoch_100.pt,0800c9e1ee7b4cf64c5099e83f65ae2c8adb1bf072ccdaa45be9f1911ae9bad7,basis_eval,512,30,800,same_trained_model_and_neuron_coordinates,True,random_sparsity,0.50,nan,global_frobenius_norm_matched,204635190919.0,0.5,0.5,False,0.0132215303339745,0.079791287822115,279.7023246883946,2.098939021443444,0.5,0.5,1e-06,0.045079369097948,0.0680925530427866,0.3602328979660697,0.0059012544120964,0.0,canonical epsilon=1e-12; zero-vector effects retained,"population, time axis then sample/feature mean",116,312,441,543,676,56.76057371527516,6.10149820549106,446.5262572824415,0.5581578216030519,tables/5_seed_review/gate_per_seed.csv,9.0,nan
N-MNIST,SNN-DFA,20260909,H2,completed_epoch_100,results/paper_v9_signal_processing/03_five_seed/checkpoints/dfa_trained/seed_20260909/epoch_100.pt,0800c9e1ee7b4cf64c5099e83f65ae2c8adb1bf072ccdaa45be9f1911ae9bad7,basis_eval,512,30,800,same_trained_model_and_neuron_coordinates,True,random_sparsity,0.75,nan,global_frobenius_norm_matched,204635190919.0,0.75,0.75,False,0.0093515598284296,0.079778485389886,279.6574467304856,2.045083588094586,0.75,0.75,1e-06,0.0250318981707096,0.0375407457593215,0.4382536806113111,0.0060247692582478,0.0,canonical epsilon=1e-12; zero-vector effects retained,"population, time axis then sample/feature mean",112,305,435,537,673,74.22589846460976,6.094457951334274,443.393639096651,0.5542420488708137,tables/5_seed_review/gate_per_seed.csv,9.0,nan
N-MNIST,SNN-DFA,20260909,H2,completed_epoch_100,results/paper_v9_signal_processing/03_five_seed/checkpoints/dfa_trained/seed_20260909/epoch_100.pt,0800c9e1ee7b4cf64c5099e83f65ae2c8adb1bf072ccdaa45be9f1911ae9bad7,basis_eval,512,30,800,same_trained_model_and_neuron_coordinates,True,random_sparsity,ann_matched,nan,global_frobenius_norm_matched,204635190919.0,0.770538330078125,0.770538330078125,False,0.0089602044305086,0.0797768804467018,279.65182072353764,2.034683421986115,0.770538330078125,0.770538330078125,1e-06,0.0234733447432518,0.0348871034662849,0.4521093249136373,0.0060348243485113,0.0,canonical epsilon=1e-12; zero-vector effects retained,"population, time axis then sample/feature mean",110,303,433,535,672,73.51051393042862,6.08667391411251,439.95564460392296,0.5499445557549038,tables/5_seed_review/gate_per_seed.csv,9.0,nan
N-MNIST,SNN-DFA,20260909,H3,completed_epoch_100,results/paper_v9_signal_processing/03_five_seed/checkpoints/dfa_trained/seed_20260909/epoch_100.pt,0800c9e1ee7b4cf64c5099e83f65ae2c8adb1bf072ccdaa45be9f1911ae9bad7,basis_eval,512,30,800,same_trained_model_and_neuron_coordinates,True,random_sparsity,0,nan,global_frobenius_norm_matched,204635190920.0,0.0,0.0,False,0.0076949526751224,0.0496889647003527,174.18090768295752,1.2293457530347984,0.0,0.0,1e-06,0.085133671760559,0.1321142973336983,0.4941190481245318,0.0022607538422988,0.0,canonical epsilon=1e-12; zero-vector effects retained,"population, time axis then sample/feature mean",90,269,402,517,686,36.91713315621613,5.942550290120197,380.9051104307971,0.4761313880384963,tables/5_seed_review/gate_per_seed.csv,0.0,nan
N-MNIST,SNN-DFA,20260909,H3,completed_epoch_100,results/paper_v9_signal_processing/03_five_seed/checkpoints/dfa_trained/seed_20260909/epoch_100.pt,0800c9e1ee7b4cf64c5099e83f65ae2c8adb1bf072ccdaa45be9f1911ae9bad7,basis_eval,512,30,800,same_trained_model_and_neuron_coordinates,True,random_sparsity,0.25,nan,global_frobenius_norm_matched,204635190920.0,0.25,0.25,False,0.0066683202999375,0.0496863108332508,174.17160475254718,1.21332878658072,0.25,0.25,1e-06,0.0685051530599594,0.1059049381074275,0.5297969464822926,0.0022918341669262,0.0,canonical epsilon=1e-12; zero-vector effects retained,"population, time axis then sample/feature mean",92,272,404,518,687,39.8442853477636,5.9621323777679525,388.4375373144432,0.4855469216430539,tables/5_seed_review/gate_per_seed.csv,0.0,nan
N-MNIST,SNN-DFA,20260909,H3,completed_epoch_100,results/paper_v9_signal_processing/03_five_seed/checkpoints/dfa_trained/seed_20260909/epoch_100.pt,0800c9e1ee7b4cf64c5099e83f65ae2c8adb1bf072ccdaa45be9f1911ae9bad7,basis_eval,512,30,800,same_trained_model_and_neuron_coordinates,True,random_sparsity,0.50,nan,global_frobenius_norm_matched,204635190920.0,0.5,0.5,False,0.0054387480556719,0.0496818466200058,174.15595579065425,1.1822861701545038,0.5,0.5,1e-06,0.0514861419796943,0.0781306090469338,0.5951431383287795,0.0023232576979975,0.0,canonical epsilon=1e-12; zero-vector effects retained,"population, time axis then sample/feature mean",89,269,402,516,684,33.0568246989446,5.940448838009641,380.10549705143706,0.4751318713142963,tables/5_seed_review/gate_per_seed.csv,0.0,nan
N-MNIST,SNN-DFA,20260909,H3,completed_epoch_100,results/paper_v9_signal_processing/03_five_seed/checkpoints/dfa_trained/seed_20260909/epoch_100.pt,0800c9e1ee7b4cf64c5099e83f65ae2c8adb1bf072ccdaa45be9f1911ae9bad7,basis_eval,512,30,800,same_trained_model_and_neuron_coordinates,True,random_sparsity,0.75,nan,global_frobenius_norm_matched,204635190920.0,0.75,0.75,False,0.0038432598882927,0.0496773120022254,174.1400600309842,1.1048348827073613,0.75,0.75,1e-06,0.0341737382113933,0.0501513515210014,0.7537719382796918,0.0023542756630974,0.0,canonical epsilon=1e-12; zero-vector effects retained,"population, time axis then sample/feature mean",91,264,392,505,677,42.94906074419547,5.953457441382526,385.08244005666126,0.4813530500708265,tables/5_seed_review/gate_per_seed.csv,0.0,nan
N-MNIST,SNN-DFA,20260909,H3,completed_epoch_100,results/paper_v9_signal_processing/03_five_seed/checkpoints/dfa_trained/seed_20260909/epoch_100.pt,0800c9e1ee7b4cf64c5099e83f65ae2c8adb1bf072ccdaa45be9f1911ae9bad7,basis_eval,512,30,800,same_trained_model_and_neuron_coordinates,True,random_sparsity,ann_matched,nan,global_frobenius_norm_matched,204635190920.0,0.881057861328125,0.881057861328125,False,0.002657646254412,0.0496742982488418,174.1294955464341,0.994508934019494,0.881057861328125,0.881057861328125,1e-06,0.0227261837571859,0.0329757716971709,0.981603690930554,0.0023700984249852,0.0,canonical epsilon=1e-12; zero-vector effects retained,"population, time axis then sample/feature mean",81,234,359,471,648,46.17941019313229,5.853471794891351,348.44200212131545,0.4355525026516443,tables/5_seed_review/gate_per_seed.csv,0.0,nan
N-MNIST,SNN-DFA,20260909,H3,completed_epoch_100,results/paper_v9_signal_processing/03_five_seed/checkpoints/dfa_trained/seed_20260909/epoch_100.pt,0800c9e1ee7b4cf64c5099e83f65ae2c8adb1bf072ccdaa45be9f1911ae9bad7,basis_eval,512,30,800,same_trained_model_and_neuron_coordinates,True,random_sparsity,0,nan,global_frobenius_norm_matched,204635190921.0,0.0,0.0,False,0.0076949526751224,0.0496889647003527,174.18090768295752,1.2293457530347984,0.0,0.0,1e-06,0.085133671760559,0.1321142973336983,0.4941190481245318,0.0022607538422988,0.0,canonical epsilon=1e-12; zero-vector effects retained,"population, time axis then sample/feature mean",90,269,402,517,686,36.91713315621613,5.942550290120197,380.9051104307971,0.4761313880384963,tables/5_seed_review/gate_per_seed.csv,1.0,nan
N-MNIST,SNN-DFA,20260909,H3,completed_epoch_100,results/paper_v9_signal_processing/03_five_seed/checkpoints/dfa_trained/seed_20260909/epoch_100.pt,0800c9e1ee7b4cf64c5099e83f65ae2c8adb1bf072ccdaa45be9f1911ae9bad7,basis_eval,512,30,800,same_trained_model_and_neuron_coordinates,True,random_sparsity,0.25,nan,global_frobenius_norm_matched,204635190921.0,0.25,0.25,False,0.0066679628700755,0.0496863035371751,174.17157917670755,1.212914038365973,0.25,0.25,1e-06,0.0679056346416473,0.1063630134478134,0.5301879143813182,0.0022923460597494,0.0,canonical epsilon=1e-12; zero-vector effects retained,"population, time axis then sample/feature mean",96,275,407,520,687,48.3337590042061,5.99779131429888,402.53872938289646,0.5031734117286206,tables/5_seed_review/gate_per_seed.csv,1.0,nan
N-MNIST,SNN-DFA,20260909,H3,completed_epoch_100,results/paper_v9_signal_processing/03_five_seed/checkpoints/dfa_trained/seed_20260909/epoch_100.pt,0800c9e1ee7b4cf64c5099e83f65ae2c8adb1bf072ccdaa45be9f1911ae9bad7,basis_eval,512,30,800,same_trained_model_and_neuron_coordinates,True,random_sparsity,0.50,nan,global_frobenius_norm_matched,204635190921.0,0.5,0.5,False,0.0054399473784668,0.0496818248231487,174.15587938342173,1.1819076208313195,0.5,0.5,1e-06,0.0511796362698078,0.0791510564227703,0.5953805707924464,0.0023235565032323,0.0,canonical epsilon=1e-12; zero-vector effects retained,"population, time axis then sample/feature mean",96,273,403,515,684,59.69718619735992,5.998915115376862,402.9913571250425,0.5037391964063032,tables/5_seed_review/gate_per_seed.csv,1.0,nan
N-MNIST,SNN-DFA,20260909,H3,completed_epoch_100,results/paper_v9_signal_processing/03_five_seed/checkpoints/dfa_trained/seed_20260909/epoch_100.pt,0800c9e1ee7b4cf64c5099e83f65ae2c8adb1bf072ccdaa45be9f1911ae9bad7,basis_eval,512,30,800,same_trained_model_and_neuron_coordinates,True,random_sparsity,0.75,nan,global_frobenius_norm_matched,204635190921.0,0.75,0.75,False,0.0038472684244529,0.0496773614397205,174.14023333038497,1.1078340984611534,0.75,0.75,1e-06,0.0341978520154953,0.0507531836788174,0.7497633870598972,0.0023540607281466,0.0,canonical epsilon=1e-12; zero-vector effects retained,"population, time axis then sample/feature mean",88,264,395,508,678,67.82098371484086,5.955405906211715,385.8334911081146,0.4822918638851432,tables/5_seed_review/gate_per_seed.csv,1.0,nan
N-MNIST,SNN-DFA,20260909,H3,completed_epoch_100,results/paper_v9_signal_processing/03_five_seed/checkpoints/dfa_trained/seed_20260909/epoch_100.pt,0800c9e1ee7b4cf64c5099e83f65ae2c8adb1bf072ccdaa45be9f1911ae9bad7,basis_eval,512,30,800,same_trained_model_and_neuron_coordinates,True,random_sparsity,ann_matched,nan,global_frobenius_norm_matched,204635190921.0,0.881057861328125,0.881057861328125,False,0.0026466210596186,0.0496743358840385,174.129627473768,0.9915576812376226,0.881057861328125,0.881057861328125,1e-06,0.0227902345359325,0.0320533353308396,0.986524137764252,0.0023706395245814,0.0,canonical epsilon=1e-12; zero-vector effects retained,"population, time axis then sample/feature mean",77,239,366,477,657,54.79499185439258,5.846784848963682,346.11976229356844,0.4326497028669605,tables/5_seed_review/gate_per_seed.csv,1.0,nan
N-MNIST,SNN-DFA,20260909,H3,completed_epoch_100,results/paper_v9_signal_processing/03_five_seed/checkpoints/dfa_trained/seed_20260909/epoch_100.pt,0800c9e1ee7b4cf64c5099e83f65ae2c8adb1bf072ccdaa45be9f1911ae9bad7,basis_eval,512,30,800,same_trained_model_and_neuron_coordinates,True,random_sparsity,0,nan,global_frobenius_norm_matched,204635190922.0,0.0,0.0,False,0.0076949526751224,0.0496889647003527,174.18090768295752,1.2293457530347984,0.0,0.0,1e-06,0.085133671760559,0.1321142973336983,0.4941190481245318,0.0022607538422988,0.0,canonical epsilon=1e-12; zero-vector effects retained,"population, time axis then sample/feature mean",90,269,402,517,686,36.91713315621613,5.942550290120197,380.9051104307971,0.4761313880384963,tables/5_seed_review/gate_per_seed.csv,2.0,nan
N-MNIST,SNN-DFA,20260909,H3,completed_epoch_100,results/paper_v9_signal_processing/03_five_seed/checkpoints/dfa_trained/seed_20260909/epoch_100.pt,0800c9e1ee7b4cf64c5099e83f65ae2c8adb1bf072ccdaa45be9f1911ae9bad7,basis_eval,512,30,800,same_trained_model_and_neuron_coordinates,True,random_sparsity,0.25,nan,global_frobenius_norm_matched,204635190922.0,0.25,0.25,False,0.0066611587913753,0.049686303900781,174.1715804513,1.2135786044884245,0.25,0.25,1e-06,0.0680089890956878,0.1055426698760025,0.5287575448594078,0.0022925536533023,0.0,canonical epsilon=1e-12; zero-vector effects retained,"population, time axis then sample/feature mean",93,270,403,516,686,39.24697149043388,5.965984323274392,389.9366629623815,0.4874208287029768,tables/5_seed_review/gate_per_seed.csv,2.0,nan
N-MNIST,SNN-DFA,20260909,H3,completed_epoch_100,results/paper_v9_signal_processing/03_five_seed/checkpoints/dfa_trained/seed_20260909/epoch_100.pt,0800c9e1ee7b4cf64c5099e83f65ae2c8adb1bf072ccdaa45be9f1911ae9bad7,basis_eval,512,30,800,same_trained_model_and_neuron_coordinates,True,random_sparsity,0.50,nan,global_frobenius_norm_matched,204635190922.0,0.5,0.5,False,0.005440046320297,0.0496818059705901,174.1558132972021,1.1818461120309336,0.5,0.5,1e-06,0.0518757812678813,0.0796243767175327,0.594988388891842,0.0023233402119736,0.0,canonical epsilon=1e-12; zero-vector effects retained,"population, time axis then sample/feature mean",93,269,401,513,683,35.625596519446624,5.970748626803401,391.7988721242053,0.4897485901552565,tables/5_seed_review/gate_per_seed.csv,2.0,nan
N-MNIST,SNN-DFA,20260909,H3,completed_epoch_100,results/paper_v9_signal_processing/03_five_seed/checkpoints/dfa_trained/seed_20260909/epoch_100.pt,0800c9e1ee7b4cf64c5099e83f65ae2c8adb1bf072ccdaa45be9f1911ae9bad7,basis_eval,512,30,800,same_trained_model_and_neuron_coordinates,True,random_sparsity,0.75,nan,global_frobenius_norm_matched,204635190922.0,0.75,0.75,False,0.003853832990904,0.0496773461452619,174.14017971681773,1.108202958065864,0.75,0.75,1e-06,0.0339225195348262,0.0511092418669049,0.7453439829045592,0.0023543815786687,0.0,canonical epsilon=1e-12; zero-vector effects retained,"population, time axis then sample/feature mean",88,260,391,504,675,33.61029955989627,5.93065397499366,376.4005899255711,0.4705007374069639,tables/5_seed_review/gate_per_seed.csv,2.0,nan
N-MNIST,SNN-DFA,20260909,H3,completed_epoch_100,results/paper_v9_signal_processing/03_five_seed/checkpoints/dfa_trained/seed_20260909/epoch_100.pt,0800c9e1ee7b4cf64c5099e83f65ae2c8adb1bf072ccdaa45be9f1911ae9bad7,basis_eval,512,30,800,same_trained_model_and_neuron_coordinates,True,random_sparsity,ann_matched,nan,global_frobenius_norm_matched,204635190922.0,0.881057861328125,0.881057861328125,False,0.0026611408148125,0.0496742447283037,174.12930793423604,0.9970727051832,0.881057861328125,0.881057861328125,1e-06,0.023297106847167,0.0337085223341113,0.9775993769252492,0.0023702542573159,0.0,canonical epsilon=1e-12; zero-vector effects retained,"population, time axis then sample/feature mean",75,234,362,475,653,37.82663156882251,5.830276518530064,340.4528075669169,0.4255660094586461,tables/5_seed_review/gate_per_seed.csv,2.0,nan
N-MNIST,SNN-DFA,20260909,H3,completed_epoch_100,results/paper_v9_signal_processing/03_five_seed/checkpoints/dfa_trained/seed_20260909/epoch_100.pt,0800c9e1ee7b4cf64c5099e83f65ae2c8adb1bf072ccdaa45be9f1911ae9bad7,basis_eval,512,30,800,same_trained_model_and_neuron_coordinates,True,random_sparsity,0,nan,global_frobenius_norm_matched,204635190923.0,0.0,0.0,False,0.0076949526751224,0.0496889647003527,174.18090768295752,1.2293457530347984,0.0,0.0,1e-06,0.085133671760559,0.1321142973336983,0.4941190481245318,0.0022607538422988,0.0,canonical epsilon=1e-12; zero-vector effects retained,"population, time axis then sample/feature mean",90,269,402,517,686,36.91713315621613,5.942550290120197,380.9051104307971,0.4761313880384963,tables/5_seed_review/gate_per_seed.csv,3.0,nan
N-MNIST,SNN-DFA,20260909,H3,completed_epoch_100,results/paper_v9_signal_processing/03_five_seed/checkpoints/dfa_trained/seed_20260909/epoch_100.pt,0800c9e1ee7b4cf64c5099e83f65ae2c8adb1bf072ccdaa45be9f1911ae9bad7,basis_eval,512,30,800,same_trained_model_and_neuron_coordinates,True,random_sparsity,0.25,nan,global_frobenius_norm_matched,204635190923.0,0.25,0.25,False,0.0066660963678385,0.0496863087959283,174.17159761087348,1.2127624273221935,0.25,0.25,1e-06,0.0685279220342636,0.105557915088029,0.5314352864341796,0.0022920870419402,0.0,canonical epsilon=1e-12; zero-vector effects retained,"population, time axis then sample/feature mean",93,274,407,521,687,46.20062489557928,5.978851256906266,394.9863695772124,0.4937329619715155,tables/5_seed_review/gate_per_seed.csv,3.0,nan
N-MNIST,SNN-DFA,20260909,H3,completed_epoch_100,results/paper_v9_signal_processing/03_five_seed/checkpoints/dfa_trained/seed_20260909/epoch_100.pt,0800c9e1ee7b4cf64c5099e83f65ae2c8adb1bf072ccdaa45be9f1911ae9bad7,basis_eval,512,30,800,same_trained_model_and_neuron_coordinates,True,random_sparsity,0.50,nan,global_frobenius_norm_matched,204635190923.0,0.5,0.5,False,0.0054411917532153,0.0496817830868616,174.15573308002368,1.1838278654530987,0.5,0.5,1e-06,0.0514680631458759,0.0781977312371872,0.5935827676049718,0.0023232132598682,0.0,canonical epsilon=1e-12; zero-vector effects retained,"population, time axis then sample/feature mean",95,274,406,518,685,48.09887611856243,5.987985650424185,398.6108590664067,0.4982635738330084,tables/5_seed_review/gate_per_seed.csv,3.0,nan
N-MNIST,SNN-DFA,20260909,H3,completed_epoch_100,results/paper_v9_signal_processing/03_five_seed/checkpoints/dfa_trained/seed_20260909/epoch_100.pt,0800c9e1ee7b4cf64c5099e83f65ae2c8adb1bf072ccdaa45be9f1911ae9bad7,basis_eval,512,30,800,same_trained_model_and_neuron_coordinates,True,random_sparsity,0.75,nan,global_frobenius_norm_matched,204635190923.0,0.75,0.75,False,0.0038479418999393,0.0496772926025428,174.13999202686517,1.1094005100755362,0.75,0.75,1e-06,0.0340106450021266,0.0506793374866815,0.7465371875739836,0.0023537950962561,0.0,canonical epsilon=1e-12; zero-vector effects retained,"population, time axis then sample/feature mean",88,257,388,502,676,44.09673013010659,5.930230768510628,376.24132845831696,0.4703016605728962,tables/5_seed_review/gate_per_seed.csv,3.0,nan
N-MNIST,SNN-DFA,20260909,H3,completed_epoch_100,results/paper_v9_signal_processing/03_five_seed/checkpoints/dfa_trained/seed_20260909/epoch_100.pt,0800c9e1ee7b4cf64c5099e83f65ae2c8adb1bf072ccdaa45be9f1911ae9bad7,basis_eval,512,30,800,same_trained_model_and_neuron_coordinates,True,random_sparsity,ann_matched,nan,global_frobenius_norm_matched,204635190923.0,0.881057861328125,0.881057861328125,False,0.0026526911874569,0.0496742204640405,174.12922287769618,0.9979518126821976,0.881057861328125,0.881057861328125,1e-06,0.0227018054574728,0.0329256830794618,0.9801459398350064,0.0023700798859,0.0,canonical epsilon=1e-12; zero-vector effects retained,"population, time axis then sample/feature mean",68,223,348,462,646,37.64419503215925,5.758484437916108,316.86773210230314,0.3960846651278789,tables/5_seed_review/gate_per_seed.csv,3.0,nan
N-MNIST,SNN-DFA,20260909,H3,completed_epoch_100,results/paper_v9_signal_processing/03_five_seed/checkpoints/dfa_trained/seed_20260909/epoch_100.pt,0800c9e1ee7b4cf64c5099e83f65ae2c8adb1bf072ccdaa45be9f1911ae9bad7,basis_eval,512,30,800,same_trained_model_and_neuron_coordinates,True,random_sparsity,0,nan,global_frobenius_norm_matched,204635190924.0,0.0,0.0,False,0.0076949526751224,0.0496889647003527,174.18090768295752,1.2293457530347984,0.0,0.0,1e-06,0.085133671760559,0.1321142973336983,0.4941190481245318,0.0022607538422988,0.0,canonical epsilon=1e-12; zero-vector effects retained,"population, time axis then sample/feature mean",90,269,402,517,686,36.91713315621613,5.942550290120197,380.9051104307971,0.4761313880384963,tables/5_seed_review/gate_per_seed.csv,4.0,nan
N-MNIST,SNN-DFA,20260909,H3,completed_epoch_100,results/paper_v9_signal_processing/03_five_seed/checkpoints/dfa_trained/seed_20260909/epoch_100.pt,0800c9e1ee7b4cf64c5099e83f65ae2c8adb1bf072ccdaa45be9f1911ae9bad7,basis_eval,512,30,800,same_trained_model_and_neuron_coordinates,True,random_sparsity,0.25,nan,global_frobenius_norm_matched,204635190924.0,0.25,0.25,False,0.0066672457754949,0.0496862560120664,174.1714125810336,1.2117655345493772,0.25,0.25,1e-06,0.0682692676782608,0.1054332071036195,0.5320043510554837,0.0022922991777771,0.0,canonical epsilon=1e-12; zero-vector effects retained,"population, time axis then sample/feature mean",92,272,404,518,687,41.62424925614292,5.965110778998316,389.5961847554639,0.4869952309443299,tables/5_seed_review/gate_per_seed.csv,4.0,nan
N-MNIST,SNN-DFA,20260909,H3,completed_epoch_100,results/paper_v9_signal_processing/03_five_seed/checkpoints/dfa_trained/seed_20260909/epoch_100.pt,0800c9e1ee7b4cf64c5099e83f65ae2c8adb1bf072ccdaa45be9f1911ae9bad7,basis_eval,512,30,800,same_trained_model_and_neuron_coordinates,True,random_sparsity,0.50,nan,global_frobenius_norm_matched,204635190924.0,0.5,0.5,False,0.0054428254949793,0.0496817913067223,174.1557618941221,1.1800934142831814,0.5,0.5,1e-06,0.0522152185440063,0.0800850513698839,0.5992241500809996,0.0023228578247727,0.0,canonical epsilon=1e-12; zero-vector effects retained,"population, time axis then sample/feature mean",91,267,399,513,683,37.28749947098413,5.953420169361779,385.06808752344176,0.4813351094043022,tables/5_seed_review/gate_per_seed.csv,4.0,nan
N-MNIST,SNN-DFA,20260909,H3,completed_epoch_100,results/paper_v9_signal_processing/03_five_seed/checkpoints/dfa_trained/seed_20260909/epoch_100.pt,0800c9e1ee7b4cf64c5099e83f65ae2c8adb1bf072ccdaa45be9f1911ae9bad7,basis_eval,512,30,800,same_trained_model_and_neuron_coordinates,True,random_sparsity,0.75,nan,global_frobenius_norm_matched,204635190924.0,0.75,0.75,False,0.0038451564285658,0.0496772653356927,174.13989644498392,1.107808006679624,0.75,0.75,1e-06,0.0341667979955673,0.0517927902818263,0.7467773821255723,0.0023542137187491,0.0,canonical epsilon=1e-12; zero-vector effects retained,"population, time axis then sample/feature mean",87,252,381,496,673,59.10161479936341,5.931174107150857,376.5964189004377,0.4707455236255471,tables/5_seed_review/gate_per_seed.csv,4.0,nan
N-MNIST,SNN-DFA,20260909,H3,completed_epoch_100,results/paper_v9_signal_processing/03_five_seed/checkpoints/dfa_trained/seed_20260909/epoch_100.pt,0800c9e1ee7b4cf64c5099e83f65ae2c8adb1bf072ccdaa45be9f1911ae9bad7,basis_eval,512,30,800,same_trained_model_and_neuron_coordinates,True,random_sparsity,ann_matched,nan,global_frobenius_norm_matched,204635190924.0,0.881057861328125,0.881057861328125,False,0.0026512676084221,0.0496742654381312,174.12938053096912,0.995765024426618,0.881057861328125,0.881057861328125,1e-06,0.022623848170042,0.0326274425601828,0.978048223756598,0.0023706450331455,0.0,canonical epsilon=1e-12; zero-vector effects retained,"population, time axis then sample/feature mean",71,223,348,462,650,42.5798669666178,5.795043943052589,328.6666262794725,0.4108332828493406,tables/5_seed_review/gate_per_seed.csv,4.0,nan
N-MNIST,SNN-DFA,20260909,H3,completed_epoch_100,results/paper_v9_signal_processing/03_five_seed/checkpoints/dfa_trained/seed_20260909/epoch_100.pt,0800c9e1ee7b4cf64c5099e83f65ae2c8adb1bf072ccdaa45be9f1911ae9bad7,basis_eval,512,30,800,same_trained_model_and_neuron_coordinates,True,random_sparsity,0,nan,global_frobenius_norm_matched,204635190925.0,0.0,0.0,False,0.0076949526751224,0.0496889647003527,174.18090768295752,1.2293457530347984,0.0,0.0,1e-06,0.085133671760559,0.1321142973336983,0.4941190481245318,0.0022607538422988,0.0,canonical epsilon=1e-12; zero-vector effects retained,"population, time axis then sample/feature mean",90,269,402,517,686,36.91713315621613,5.942550290120197,380.9051104307971,0.4761313880384963,tables/5_seed_review/gate_per_seed.csv,5.0,nan
N-MNIST,SNN-DFA,20260909,H3,completed_epoch_100,results/paper_v9_signal_processing/03_five_seed/checkpoints/dfa_trained/seed_20260909/epoch_100.pt,0800c9e1ee7b4cf64c5099e83f65ae2c8adb1bf072ccdaa45be9f1911ae9bad7,basis_eval,512,30,800,same_trained_model_and_neuron_coordinates,True,random_sparsity,0.25,nan,global_frobenius_norm_matched,204635190925.0,0.25,0.25,False,0.0066637671214138,0.0496863032441141,174.17157814940524,1.213824226000987,0.25,0.25,1e-06,0.0682155564427375,0.1055048041761635,0.5288748217130141,0.0022919971570317,0.0,canonical epsilon=1e-12; zero-vector effects retained,"population, time axis then sample/feature mean",92,271,403,516,685,37.8278261008664,5.963797569913289,389.08489929198566,0.4863561241149821,tables/5_seed_review/gate_per_seed.csv,5.0,nan
N-MNIST,SNN-DFA,20260909,H3,completed_epoch_100,results/paper_v9_signal_processing/03_five_seed/checkpoints/dfa_trained/seed_20260909/epoch_100.pt,0800c9e1ee7b4cf64c5099e83f65ae2c8adb1bf072ccdaa45be9f1911ae9bad7,basis_eval,512,30,800,same_trained_model_and_neuron_coordinates,True,random_sparsity,0.50,nan,global_frobenius_norm_matched,204635190925.0,0.5,0.5,False,0.0054437384989851,0.0496818370652787,174.15592229728222,1.185854040897245,0.5,0.5,1e-06,0.0515059866011142,0.0797541110320344,0.5894946640045211,0.0023230816650398,0.0,canonical epsilon=1e-12; zero-vector effects retained,"population, time axis then sample/feature mean",93,265,396,510,681,57.66136965155086,5.9736248587058505,392.9273987136447,0.4911592483920559,tables/5_seed_review/gate_per_seed.csv,5.0,nan
N-MNIST,SNN-DFA,20260909,H3,completed_epoch_100,results/paper_v9_signal_processing/03_five_seed/checkpoints/dfa_trained/seed_20260909/epoch_100.pt,0800c9e1ee7b4cf64c5099e83f65ae2c8adb1bf072ccdaa45be9f1911ae9bad7,basis_eval,512,30,800,same_trained_model_and_neuron_coordinates,True,random_sparsity,0.75,nan,global_frobenius_norm_matched,204635190925.0,0.75,0.75,False,0.0038527374510046,0.0496773301962529,174.1401238087737,1.1139577447050295,0.75,0.75,1e-06,0.033984787762165,0.0518973067270576,0.7363990158163769,0.0023536937537418,0.0,canonical epsilon=1e-12; zero-vector effects retained,"population, time axis then sample/feature mean",84,249,379,492,668,50.41253336333022,5.904968818736026,366.8557865820013,0.4585697332275016,tables/5_seed_review/gate_per_seed.csv,5.0,nan
N-MNIST,SNN-DFA,20260909,H3,completed_epoch_100,results/paper_v9_signal_processing/03_five_seed/checkpoints/dfa_trained/seed_20260909/epoch_100.pt,0800c9e1ee7b4cf64c5099e83f65ae2c8adb1bf072ccdaa45be9f1911ae9bad7,basis_eval,512,30,800,same_trained_model_and_neuron_coordinates,True,random_sparsity,ann_matched,nan,global_frobenius_norm_matched,204635190925.0,0.881057861328125,0.881057861328125,False,0.0026506127241243,0.0496742114814442,174.1291913898849,1.0010503761903773,0.881057861328125,0.881057861328125,1e-06,0.0226898249238729,0.0334151735657873,0.967294028295797,0.00237028021898,0.0,canonical epsilon=1e-12; zero-vector effects retained,"population, time axis then sample/feature mean",66,226,349,459,645,29.507868216212252,5.7203948776895,305.0253468831992,0.3812816836039989,tables/5_seed_review/gate_per_seed.csv,5.0,nan
N-MNIST,SNN-DFA,20260909,H3,completed_epoch_100,results/paper_v9_signal_processing/03_five_seed/checkpoints/dfa_trained/seed_20260909/epoch_100.pt,0800c9e1ee7b4cf64c5099e83f65ae2c8adb1bf072ccdaa45be9f1911ae9bad7,basis_eval,512,30,800,same_trained_model_and_neuron_coordinates,True,random_sparsity,0,nan,global_frobenius_norm_matched,204635190926.0,0.0,0.0,False,0.0076949526751224,0.0496889647003527,174.18090768295752,1.2293457530347984,0.0,0.0,1e-06,0.085133671760559,0.1321142973336983,0.4941190481245318,0.0022607538422988,0.0,canonical epsilon=1e-12; zero-vector effects retained,"population, time axis then sample/feature mean",90,269,402,517,686,36.91713315621613,5.942550290120197,380.9051104307971,0.4761313880384963,tables/5_seed_review/gate_per_seed.csv,6.0,nan
N-MNIST,SNN-DFA,20260909,H3,completed_epoch_100,results/paper_v9_signal_processing/03_five_seed/checkpoints/dfa_trained/seed_20260909/epoch_100.pt,0800c9e1ee7b4cf64c5099e83f65ae2c8adb1bf072ccdaa45be9f1911ae9bad7,basis_eval,512,30,800,same_trained_model_and_neuron_coordinates,True,random_sparsity,0.25,nan,global_frobenius_norm_matched,204635190926.0,0.25,0.25,False,0.0066546556410862,0.0496863604198527,174.17177857463022,1.2113708765248985,0.25,0.25,1e-06,0.0682890862226486,0.1061796774888535,0.5333735135107269,0.0022925321830098,0.0,canonical epsilon=1e-12; zero-vector effects retained,"population, time axis then sample/feature mean",91,270,403,518,687,36.48697271664375,5.954063263874213,385.315802340924,0.481644752926155,tables/5_seed_review/gate_per_seed.csv,6.0,nan
N-MNIST,SNN-DFA,20260909,H3,completed_epoch_100,results/paper_v9_signal_processing/03_five_seed/checkpoints/dfa_trained/seed_20260909/epoch_100.pt,0800c9e1ee7b4cf64c5099e83f65ae2c8adb1bf072ccdaa45be9f1911ae9bad7,basis_eval,512,30,800,same_trained_model_and_neuron_coordinates,True,random_sparsity,0.50,nan,global_frobenius_norm_matched,204635190926.0,0.5,0.5,False,0.0054321922572873,0.049681858639785,174.15599792507993,1.1831492596372992,0.5,0.5,1e-06,0.0512676127254962,0.0795658734616733,0.5940768933568544,0.0023232082932021,0.0,canonical epsilon=1e-12; zero-vector effects retained,"population, time axis then sample/feature mean",92,271,403,517,686,40.301123227001774,5.963891173228354,389.1213206329537,0.4864016507911921,tables/5_seed_review/gate_per_seed.csv,6.0,nan
N-MNIST,SNN-DFA,20260909,H3,completed_epoch_100,results/paper_v9_signal_processing/03_five_seed/checkpoints/dfa_trained/seed_20260909/epoch_100.pt,0800c9e1ee7b4cf64c5099e83f65ae2c8adb1bf072ccdaa45be9f1911ae9bad7,basis_eval,512,30,800,same_trained_model_and_neuron_coordinates,True,random_sparsity,0.75,nan,global_frobenius_norm_matched,204635190926.0,0.75,0.75,False,0.0038404390297054,0.0496772453850759,174.1398265096063,1.110115996982411,0.75,0.75,1e-06,0.0340892188251018,0.0516492572242282,0.7445344517962911,0.0023541347763255,0.0,canonical epsilon=1e-12; zero-vector effects retained,"population, time axis then sample/feature mean",86,254,384,499,673,29.595930453493946,5.897264860337853,364.0404035854151,0.4550505044817688,tables/5_seed_review/gate_per_seed.csv,6.0,nan
N-MNIST,SNN-DFA,20260909,H3,completed_epoch_100,results/paper_v9_signal_processing/03_five_seed/checkpoints/dfa_trained/seed_20260909/epoch_100.pt,0800c9e1ee7b4cf64c5099e83f65ae2c8adb1bf072ccdaa45be9f1911ae9bad7,basis_eval,512,30,800,same_trained_model_and_neuron_coordinates,True,random_sparsity,ann_matched,nan,global_frobenius_norm_matched,204635190926.0,0.881057861328125,0.881057861328125,False,0.0026540235345711,0.0496742560006862,174.1293474487183,0.9961347867860872,0.881057861328125,0.881057861328125,1e-06,0.023197891190648,0.0337724110863142,0.979633263283794,0.002370188370768,0.0,canonical epsilon=1e-12; zero-vector effects retained,"population, time axis then sample/feature mean",68,219,345,460,649,16.45113040924899,5.669764561887343,289.9662572461886,0.3624578215577357,tables/5_seed_review/gate_per_seed.csv,6.0,nan
N-MNIST,SNN-DFA,20260909,H3,completed_epoch_100,results/paper_v9_signal_processing/03_five_seed/checkpoints/dfa_trained/seed_20260909/epoch_100.pt,0800c9e1ee7b4cf64c5099e83f65ae2c8adb1bf072ccdaa45be9f1911ae9bad7,basis_eval,512,30,800,same_trained_model_and_neuron_coordinates,True,random_sparsity,0,nan,global_frobenius_norm_matched,204635190927.0,0.0,0.0,False,0.0076949526751224,0.0496889647003527,174.18090768295752,1.2293457530347984,0.0,0.0,1e-06,0.085133671760559,0.1321142973336983,0.4941190481245318,0.0022607538422988,0.0,canonical epsilon=1e-12; zero-vector effects retained,"population, time axis then sample/feature mean",90,269,402,517,686,36.91713315621613,5.942550290120197,380.9051104307971,0.4761313880384963,tables/5_seed_review/gate_per_seed.csv,7.0,nan
N-MNIST,SNN-DFA,20260909,H3,completed_epoch_100,results/paper_v9_signal_processing/03_five_seed/checkpoints/dfa_trained/seed_20260909/epoch_100.pt,0800c9e1ee7b4cf64c5099e83f65ae2c8adb1bf072ccdaa45be9f1911ae9bad7,basis_eval,512,30,800,same_trained_model_and_neuron_coordinates,True,random_sparsity,0.25,nan,global_frobenius_norm_matched,204635190927.0,0.25,0.25,False,0.0066653133256781,0.0496863594215364,174.1717750751072,1.212089910546186,0.25,0.25,1e-06,0.0684120804071426,0.1058937680650267,0.532290424684297,0.0022921787375065,0.0,canonical epsilon=1e-12; zero-vector effects retained,"population, time axis then sample/feature mean",96,277,408,520,687,46.39711555524275,5.988350581749954,398.7563512013758,0.4984454390017198,tables/5_seed_review/gate_per_seed.csv,7.0,nan
N-MNIST,SNN-DFA,20260909,H3,completed_epoch_100,results/paper_v9_signal_processing/03_five_seed/checkpoints/dfa_trained/seed_20260909/epoch_100.pt,0800c9e1ee7b4cf64c5099e83f65ae2c8adb1bf072ccdaa45be9f1911ae9bad7,basis_eval,512,30,800,same_trained_model_and_neuron_coordinates,True,random_sparsity,0.50,nan,global_frobenius_norm_matched,204635190927.0,0.5,0.5,False,0.0054434868764927,0.0496818507269986,174.15597018740635,1.1800975227699986,0.5,0.5,1e-06,0.0523479431867599,0.0802908501392108,0.5994182956161148,0.0023229160537508,0.0,canonical epsilon=1e-12; zero-vector effects retained,"population, time axis then sample/feature mean",93,273,403,515,683,39.0432244824606,5.961301780122594,388.1150359635531,0.4851437949544414,tables/5_seed_review/gate_per_seed.csv,7.0,nan
N-MNIST,SNN-DFA,20260909,H3,completed_epoch_100,results/paper_v9_signal_processing/03_five_seed/checkpoints/dfa_trained/seed_20260909/epoch_100.pt,0800c9e1ee7b4cf64c5099e83f65ae2c8adb1bf072ccdaa45be9f1911ae9bad7,basis_eval,512,30,800,same_trained_model_and_neuron_coordinates,True,random_sparsity,0.75,nan,global_frobenius_norm_matched,204635190927.0,0.75,0.75,False,0.003847497216851,0.0496773596393098,174.1402270191837,1.1076462443695112,0.75,0.75,1e-06,0.0341104380786418,0.0505497851599452,0.7491352424898967,0.0023540573889205,0.0,canonical epsilon=1e-12; zero-vector effects retained,"population, time axis then sample/feature mean",78,246,375,489,668,25.216425096306725,5.82116817246852,337.3659251159047,0.4217074063948808,tables/5_seed_review/gate_per_seed.csv,7.0,nan
N-MNIST,SNN-DFA,20260909,H3,completed_epoch_100,results/paper_v9_signal_processing/03_five_seed/checkpoints/dfa_trained/seed_20260909/epoch_100.pt,0800c9e1ee7b4cf64c5099e83f65ae2c8adb1bf072ccdaa45be9f1911ae9bad7,basis_eval,512,30,800,same_trained_model_and_neuron_coordinates,True,random_sparsity,ann_matched,nan,global_frobenius_norm_matched,204635190927.0,0.881057861328125,0.881057861328125,False,0.0026593705989308,0.0496743335303638,174.12961922314167,0.9949106617414832,0.881057861328125,0.881057861328125,1e-06,0.0227506849914789,0.0328644501941112,0.9805301499898458,0.0023705058245089,0.0,canonical epsilon=1e-12; zero-vector effects retained,"population, time axis then sample/feature mean",65,217,340,451,638,21.04248478415101,5.6725983043156845,290.78911226108494,0.3634863903263561,tables/5_seed_review/gate_per_seed.csv,7.0,nan
N-MNIST,SNN-DFA,20260909,H3,completed_epoch_100,results/paper_v9_signal_processing/03_five_seed/checkpoints/dfa_trained/seed_20260909/epoch_100.pt,0800c9e1ee7b4cf64c5099e83f65ae2c8adb1bf072ccdaa45be9f1911ae9bad7,basis_eval,512,30,800,same_trained_model_and_neuron_coordinates,True,random_sparsity,0,nan,global_frobenius_norm_matched,204635190928.0,0.0,0.0,False,0.0076949526751224,0.0496889647003527,174.18090768295752,1.2293457530347984,0.0,0.0,1e-06,0.085133671760559,0.1321142973336983,0.4941190481245318,0.0022607538422988,0.0,canonical epsilon=1e-12; zero-vector effects retained,"population, time axis then sample/feature mean",90,269,402,517,686,36.91713315621613,5.942550290120197,380.9051104307971,0.4761313880384963,tables/5_seed_review/gate_per_seed.csv,8.0,nan
N-MNIST,SNN-DFA,20260909,H3,completed_epoch_100,results/paper_v9_signal_processing/03_five_seed/checkpoints/dfa_trained/seed_20260909/epoch_100.pt,0800c9e1ee7b4cf64c5099e83f65ae2c8adb1bf072ccdaa45be9f1911ae9bad7,basis_eval,512,30,800,same_trained_model_and_neuron_coordinates,True,random_sparsity,0.25,nan,global_frobenius_norm_matched,204635190928.0,0.25,0.25,False,0.0066640174852452,0.0496862844478122,174.17151226038845,1.2137334936525217,0.25,0.25,1e-06,0.0682873725891113,0.1058136904133828,0.5292337369849137,0.0022919545484283,0.0,canonical epsilon=1e-12; zero-vector effects retained,"population, time axis then sample/feature mean",91,269,402,516,686,40.77972860268424,5.955363219468232,385.8170214843723,0.4822712768554653,tables/5_seed_review/gate_per_seed.csv,8.0,nan
N-MNIST,SNN-DFA,20260909,H3,completed_epoch_100,results/paper_v9_signal_processing/03_five_seed/checkpoints/dfa_trained/seed_20260909/epoch_100.pt,0800c9e1ee7b4cf64c5099e83f65ae2c8adb1bf072ccdaa45be9f1911ae9bad7,basis_eval,512,30,800,same_trained_model_and_neuron_coordinates,True,random_sparsity,0.50,nan,global_frobenius_norm_matched,204635190928.0,0.5,0.5,False,0.0054425520886534,0.0496817163875821,174.15549927074085,1.1829387043790358,0.5,0.5,1e-06,0.0515409857034683,0.0794229085301835,0.5938748434010818,0.0023228375854992,0.0,canonical epsilon=1e-12; zero-vector effects retained,"population, time axis then sample/feature mean",89,264,396,510,682,41.76523954843467,5.942535158275771,380.89934667753306,0.4761241833469163,tables/5_seed_review/gate_per_seed.csv,8.0,nan
N-MNIST,SNN-DFA,20260909,H3,completed_epoch_100,results/paper_v9_signal_processing/03_five_seed/checkpoints/dfa_trained/seed_20260909/epoch_100.pt,0800c9e1ee7b4cf64c5099e83f65ae2c8adb1bf072ccdaa45be9f1911ae9bad7,basis_eval,512,30,800,same_trained_model_and_neuron_coordinates,True,random_sparsity,0.75,nan,global_frobenius_norm_matched,204635190928.0,0.75,0.75,False,0.0038485735719078,0.0496772373715691,174.1397984188654,1.1127164717018354,0.75,0.75,1e-06,0.0337117612361907,0.050729466282038,0.7387784127123878,0.0023540807959588,0.0,canonical epsilon=1e-12; zero-vector effects retained,"population, time axis then sample/feature mean",85,251,380,495,671,49.93641246301976,5.917166799969322,371.3580902650153,0.4641976128312691,tables/5_seed_review/gate_per_seed.csv,8.0,nan
N-MNIST,SNN-DFA,20260909,H3,completed_epoch_100,results/paper_v9_signal_processing/03_five_seed/checkpoints/dfa_trained/seed_20260909/epoch_100.pt,0800c9e1ee7b4cf64c5099e83f65ae2c8adb1bf072ccdaa45be9f1911ae9bad7,basis_eval,512,30,800,same_trained_model_and_neuron_coordinates,True,random_sparsity,ann_matched,nan,global_frobenius_norm_matched,204635190928.0,0.881057861328125,0.881057861328125,False,0.0026540229746211,0.0496742045327376,174.12916703172004,1.0027097617192888,0.881057861328125,0.881057861328125,1e-06,0.0225649829953908,0.0322504575952243,0.9681390298465286,0.002370607116021,0.0,canonical epsilon=1e-12; zero-vector effects retained,"population, time axis then sample/feature mean",62,207,330,445,636,31.560920006027292,5.692716205131937,296.69842091789434,0.3708730261473679,tables/5_seed_review/gate_per_seed.csv,8.0,nan
N-MNIST,SNN-DFA,20260909,H3,completed_epoch_100,results/paper_v9_signal_processing/03_five_seed/checkpoints/dfa_trained/seed_20260909/epoch_100.pt,0800c9e1ee7b4cf64c5099e83f65ae2c8adb1bf072ccdaa45be9f1911ae9bad7,basis_eval,512,30,800,same_trained_model_and_neuron_coordinates,True,random_sparsity,0,nan,global_frobenius_norm_matched,204635190929.0,0.0,0.0,False,0.0076949526751224,0.0496889647003527,174.18090768295752,1.2293457530347984,0.0,0.0,1e-06,0.085133671760559,0.1321142973336983,0.4941190481245318,0.0022607538422988,0.0,canonical epsilon=1e-12; zero-vector effects retained,"population, time axis then sample/feature mean",90,269,402,517,686,36.91713315621613,5.942550290120197,380.9051104307971,0.4761313880384963,tables/5_seed_review/gate_per_seed.csv,9.0,nan
N-MNIST,SNN-DFA,20260909,H3,completed_epoch_100,results/paper_v9_signal_processing/03_five_seed/checkpoints/dfa_trained/seed_20260909/epoch_100.pt,0800c9e1ee7b4cf64c5099e83f65ae2c8adb1bf072ccdaa45be9f1911ae9bad7,basis_eval,512,30,800,same_trained_model_and_neuron_coordinates,True,random_sparsity,0.25,nan,global_frobenius_norm_matched,204635190929.0,0.25,0.25,False,0.0066602969871773,0.0496863603632649,174.17177837626568,1.2130148775711878,0.25,0.25,1e-06,0.0682472884654998,0.1051894811411221,0.5300299381254917,0.0022921895396722,0.0,canonical epsilon=1e-12; zero-vector effects retained,"population, time axis then sample/feature mean",90,267,401,516,686,37.30728434136205,5.945769993421013,382.1334883171529,0.4776668603964411,tables/5_seed_review/gate_per_seed.csv,9.0,nan
N-MNIST,SNN-DFA,20260909,H3,completed_epoch_100,results/paper_v9_signal_processing/03_five_seed/checkpoints/dfa_trained/seed_20260909/epoch_100.pt,0800c9e1ee7b4cf64c5099e83f65ae2c8adb1bf072ccdaa45be9f1911ae9bad7,basis_eval,512,30,800,same_trained_model_and_neuron_coordinates,True,random_sparsity,0.50,nan,global_frobenius_norm_matched,204635190929.0,0.5,0.5,False,0.005439183823728,0.0496817640020388,174.15566617962006,1.1834855351012068,0.5,0.5,1e-06,0.0512347370386123,0.0785790088277287,0.5935821063586251,0.0023228989394954,0.0,canonical epsilon=1e-12; zero-vector effects retained,"population, time axis then sample/feature mean",87,263,395,509,680,57.64594834572674,5.9454464025153495,382.0098534002301,0.4775123167502876,tables/5_seed_review/gate_per_seed.csv,9.0,nan
N-MNIST,SNN-DFA,20260909,H3,completed_epoch_100,results/paper_v9_signal_processing/03_five_seed/checkpoints/dfa_trained/seed_20260909/epoch_100.pt,0800c9e1ee7b4cf64c5099e83f65ae2c8adb1bf072ccdaa45be9f1911ae9bad7,basis_eval,512,30,800,same_trained_model_and_neuron_coordinates,True,random_sparsity,0.75,nan,global_frobenius_norm_matched,204635190929.0,0.75,0.75,False,0.0038443805067443,0.0496772888853622,174.1399789965685,1.1118638192191497,0.75,0.75,1e-06,0.0336629897356033,0.0496118740956045,0.7406861864121752,0.0023538442686938,0.0,canonical epsilon=1e-12; zero-vector effects retained,"population, time axis then sample/feature mean",71,234,363,480,662,51.33269687385102,5.811673289970962,334.1778345222752,0.417722293152844,tables/5_seed_review/gate_per_seed.csv,9.0,nan
N-MNIST,SNN-DFA,20260909,H3,completed_epoch_100,results/paper_v9_signal_processing/03_five_seed/checkpoints/dfa_trained/seed_20260909/epoch_100.pt,0800c9e1ee7b4cf64c5099e83f65ae2c8adb1bf072ccdaa45be9f1911ae9bad7,basis_eval,512,30,800,same_trained_model_and_neuron_coordinates,True,random_sparsity,ann_matched,nan,global_frobenius_norm_matched,204635190929.0,0.881057861328125,0.881057861328125,False,0.0026498914369118,0.0496742998178239,174.1295010463828,0.9951092825607794,0.881057861328125,0.881057861328125,1e-06,0.0228888466954231,0.032724114328228,0.9794138807904128,0.0023702070492193,0.0,canonical epsilon=1e-12; zero-vector effects retained,"population, time axis then sample/feature mean",60,216,342,456,640,30.166321308424425,5.703885081756661,300.03078370942444,0.3750384796367805,tables/5_seed_review/gate_per_seed.csv,9.0,nan
