dataset,method,seed,layer,checkpoint,checkpoint_rule,width,probe_split,source_file,checkpoint_sha256,git_commit,provenance_status,mean_abs_g,rms_g,l2_norm_all_T_N_D,mean_per_sample_timestep_l2,exact_zero_fraction,near_zero_fraction,near_zero_threshold,temporal_gate_cosine,adjacent_timestep_cosine,norm_cv_over_time,gate_temporal_variance,zero_norm_fraction,cosine_definition,variance_definition,input_csv
N-MNIST,SNN-DFA,20260830,H1,results/experiment03_soft_spectral/experiment03_20260831_server/checkpoints/full_dense/seed_20260830/epoch_100.pt,completed_epoch_100,800,basis_fit,results/experiment03_soft_spectral/experiment03_20260831_server/checkpoints/full_dense/seed_20260830/epoch_100.pt,b8f2c8c95c5944358405d35f2d38dcb293461fa1e8641e9e6cb29ab98e39a534,UNAVAILABLE,real_checkpoint_replay,0.0131418065079696,0.0664094521883666,232.7933119688447,1.8133606282775752,0.0,0.0,1e-06,0.0594607219099998,0.1083609853057234,0.2058590357370516,0.0039932817426782,0.0,canonical epsilon=1e-12; zero-vector effects retained,"population, time axis then sample/feature mean",04_gate_statistics/dfa_trained_20260830.csv
N-MNIST,SNN-DFA,20260830,H2,results/experiment03_soft_spectral/experiment03_20260831_server/checkpoints/full_dense/seed_20260830/epoch_100.pt,completed_epoch_100,800,basis_fit,results/experiment03_soft_spectral/experiment03_20260831_server/checkpoints/full_dense/seed_20260830/epoch_100.pt,b8f2c8c95c5944358405d35f2d38dcb293461fa1e8641e9e6cb29ab98e39a534,UNAVAILABLE,real_checkpoint_replay,0.0180330331776233,0.0783830324221111,274.76579189280784,2.0891778228430278,0.0,0.0,1e-06,0.0839741826057434,0.1287706576272866,0.3168425445643341,0.005461465698735,0.0,canonical epsilon=1e-12; zero-vector effects retained,"population, time axis then sample/feature mean",04_gate_statistics/dfa_trained_20260830.csv
N-MNIST,SNN-DFA,20260830,H3,results/experiment03_soft_spectral/experiment03_20260831_server/checkpoints/full_dense/seed_20260830/epoch_100.pt,completed_epoch_100,800,basis_fit,results/experiment03_soft_spectral/experiment03_20260831_server/checkpoints/full_dense/seed_20260830/epoch_100.pt,b8f2c8c95c5944358405d35f2d38dcb293461fa1e8641e9e6cb29ab98e39a534,UNAVAILABLE,real_checkpoint_replay,0.0079043781407105,0.0504394324864545,176.8116157477856,1.2561988903162886,0.0,0.0,1e-06,0.0865328907966613,0.1346302233691949,0.4741519741385401,0.0023259432263344,0.0,canonical epsilon=1e-12; zero-vector effects retained,"population, time axis then sample/feature mean",04_gate_statistics/dfa_trained_20260830.csv
N-MNIST,SNN-DFA,20260830,H1,results/experiment03_soft_spectral/experiment03_20260831_server/checkpoints/full_dense/seed_20260830/epoch_100.pt,completed_epoch_100,800,basis_eval,results/experiment03_soft_spectral/experiment03_20260831_server/checkpoints/full_dense/seed_20260830/epoch_100.pt,b8f2c8c95c5944358405d35f2d38dcb293461fa1e8641e9e6cb29ab98e39a534,UNAVAILABLE,real_checkpoint_replay,0.0127105540999767,0.0652341079733922,228.6732317168419,1.7826870602967266,0.0,0.0,1e-06,0.0579969622194767,0.1062942856767887,0.2095539911255044,0.0038617148578147,0.0,canonical epsilon=1e-12; zero-vector effects retained,"population, time axis then sample/feature mean",04_gate_statistics/dfa_trained_20260830.csv
N-MNIST,SNN-DFA,20260830,H2,results/experiment03_soft_spectral/experiment03_20260831_server/checkpoints/full_dense/seed_20260830/epoch_100.pt,completed_epoch_100,800,basis_eval,results/experiment03_soft_spectral/experiment03_20260831_server/checkpoints/full_dense/seed_20260830/epoch_100.pt,b8f2c8c95c5944358405d35f2d38dcb293461fa1e8641e9e6cb29ab98e39a534,UNAVAILABLE,real_checkpoint_replay,0.017726797456581,0.0776460680027963,272.1824188589746,2.0700610027395823,0.0,0.0,1e-06,0.0840893238782882,0.1297228659402475,0.3152189431433105,0.0053612365318526,0.0,canonical epsilon=1e-12; zero-vector effects retained,"population, time axis then sample/feature mean",04_gate_statistics/dfa_trained_20260830.csv
N-MNIST,SNN-DFA,20260830,H3,results/experiment03_soft_spectral/experiment03_20260831_server/checkpoints/full_dense/seed_20260830/epoch_100.pt,completed_epoch_100,800,basis_eval,results/experiment03_soft_spectral/experiment03_20260831_server/checkpoints/full_dense/seed_20260830/epoch_100.pt,b8f2c8c95c5944358405d35f2d38dcb293461fa1e8641e9e6cb29ab98e39a534,UNAVAILABLE,real_checkpoint_replay,0.0079003907885253,0.0504234298643598,176.75551976633852,1.2573703594556866,0.0,0.0,1e-06,0.0880589932203292,0.1358324827874336,0.4743338399405651,0.0023232731747041,0.0,canonical epsilon=1e-12; zero-vector effects retained,"population, time axis then sample/feature mean",04_gate_statistics/dfa_trained_20260830.csv
N-MNIST,SNN-DFA,20260831,H1,results/experiment03_soft_spectral/experiment03_20260831_server/checkpoints/full_dense/seed_20260831/epoch_100.pt,completed_epoch_100,800,basis_fit,results/experiment03_soft_spectral/experiment03_20260831_server/checkpoints/full_dense/seed_20260831/epoch_100.pt,b486ef7efe077a5e11dbfa4148cfa5a8ec90514c3508227a9bf491bde631d58a,UNAVAILABLE,real_checkpoint_replay,0.0128728700244938,0.0657170252299538,230.36606163573327,1.7921807892938963,0.0,0.0,1e-06,0.059365551918745,0.107231063619917,0.2096938981815684,0.0039106347332602,0.0,canonical epsilon=1e-12; zero-vector effects retained,"population, time axis then sample/feature mean",04_gate_statistics/dfa_trained_20260831.csv
N-MNIST,SNN-DFA,20260831,H2,results/experiment03_soft_spectral/experiment03_20260831_server/checkpoints/full_dense/seed_20260831/epoch_100.pt,completed_epoch_100,800,basis_fit,results/experiment03_soft_spectral/experiment03_20260831_server/checkpoints/full_dense/seed_20260831/epoch_100.pt,b486ef7efe077a5e11dbfa4148cfa5a8ec90514c3508227a9bf491bde631d58a,UNAVAILABLE,real_checkpoint_replay,0.0182363645584972,0.0788620612168057,276.44499110272415,2.106351735702982,0.0,0.0,1e-06,0.0858224928379058,0.1298022854267353,0.3124615845634701,0.0055179159841489,0.0,canonical epsilon=1e-12; zero-vector effects retained,"population, time axis then sample/feature mean",04_gate_statistics/dfa_trained_20260831.csv
N-MNIST,SNN-DFA,20260831,H3,results/experiment03_soft_spectral/experiment03_20260831_server/checkpoints/full_dense/seed_20260831/epoch_100.pt,completed_epoch_100,800,basis_fit,results/experiment03_soft_spectral/experiment03_20260831_server/checkpoints/full_dense/seed_20260831/epoch_100.pt,b486ef7efe077a5e11dbfa4148cfa5a8ec90514c3508227a9bf491bde631d58a,UNAVAILABLE,real_checkpoint_replay,0.0077949711452958,0.0499903015979456,175.2372213867663,1.226380144594238,0.0,0.0,1e-06,0.0906809791922569,0.1420568400552851,0.5083412678734656,0.002283248985117,0.0,canonical epsilon=1e-12; zero-vector effects retained,"population, time axis then sample/feature mean",04_gate_statistics/dfa_trained_20260831.csv
N-MNIST,SNN-DFA,20260831,H1,results/experiment03_soft_spectral/experiment03_20260831_server/checkpoints/full_dense/seed_20260831/epoch_100.pt,completed_epoch_100,800,basis_eval,results/experiment03_soft_spectral/experiment03_20260831_server/checkpoints/full_dense/seed_20260831/epoch_100.pt,b486ef7efe077a5e11dbfa4148cfa5a8ec90514c3508227a9bf491bde631d58a,UNAVAILABLE,real_checkpoint_replay,0.0124539867610056,0.0645126198267627,226.14410958639056,1.7610448009369934,0.0,0.0,1e-06,0.0575211085379123,0.1057598228333332,0.2122817748212079,0.0037789468628002,0.0,canonical epsilon=1e-12; zero-vector effects retained,"population, time axis then sample/feature mean",04_gate_statistics/dfa_trained_20260831.csv
N-MNIST,SNN-DFA,20260831,H2,results/experiment03_soft_spectral/experiment03_20260831_server/checkpoints/full_dense/seed_20260831/epoch_100.pt,completed_epoch_100,800,basis_eval,results/experiment03_soft_spectral/experiment03_20260831_server/checkpoints/full_dense/seed_20260831/epoch_100.pt,b486ef7efe077a5e11dbfa4148cfa5a8ec90514c3508227a9bf491bde631d58a,UNAVAILABLE,real_checkpoint_replay,0.0180047823872433,0.0783120073876308,274.51681900620235,2.0919281814342443,0.0,0.0,1e-06,0.0853692144155502,0.1299682950537547,0.3097452987717276,0.0054420940085068,0.0,canonical epsilon=1e-12; zero-vector effects retained,"population, time axis then sample/feature mean",04_gate_statistics/dfa_trained_20260831.csv
N-MNIST,SNN-DFA,20260831,H3,results/experiment03_soft_spectral/experiment03_20260831_server/checkpoints/full_dense/seed_20260831/epoch_100.pt,completed_epoch_100,800,basis_eval,results/experiment03_soft_spectral/experiment03_20260831_server/checkpoints/full_dense/seed_20260831/epoch_100.pt,b486ef7efe077a5e11dbfa4148cfa5a8ec90514c3508227a9bf491bde631d58a,UNAVAILABLE,real_checkpoint_replay,0.007846313947869,0.0502430080245254,176.12306465245896,1.238705116132313,0.0,0.0,1e-06,0.0901928320527076,0.1404726173028493,0.5016102864536154,0.0023065750222065,0.0,canonical epsilon=1e-12; zero-vector effects retained,"population, time axis then sample/feature mean",04_gate_statistics/dfa_trained_20260831.csv
N-MNIST,SNN-DFA,20260901,H1,results/experiment03_soft_spectral/experiment03_20260831_server/checkpoints/full_dense/seed_20260901/epoch_100.pt,completed_epoch_100,800,basis_fit,results/experiment03_soft_spectral/experiment03_20260831_server/checkpoints/full_dense/seed_20260901/epoch_100.pt,554990a77b2d2e8f6498d66d6182e5b9f7b8a61fd2c63c09d3ded066f44b5563,UNAVAILABLE,real_checkpoint_replay,0.0133410595839461,0.0669152259754775,234.56626372688717,1.8281367539674576,0.0,0.0,1e-06,0.0594141036272048,0.1070458187408414,0.2056514949065648,0.0040554559327735,0.0,canonical epsilon=1e-12; zero-vector effects retained,"population, time axis then sample/feature mean",04_gate_statistics/dfa_trained_20260901.csv
N-MNIST,SNN-DFA,20260901,H2,results/experiment03_soft_spectral/experiment03_20260831_server/checkpoints/full_dense/seed_20260901/epoch_100.pt,completed_epoch_100,800,basis_fit,results/experiment03_soft_spectral/experiment03_20260831_server/checkpoints/full_dense/seed_20260901/epoch_100.pt,554990a77b2d2e8f6498d66d6182e5b9f7b8a61fd2c63c09d3ded066f44b5563,UNAVAILABLE,real_checkpoint_replay,0.0188796836543054,0.080293906363183,281.46421597008253,2.153007965459825,0.0,0.0,1e-06,0.0842922627925872,0.126649053387042,0.2993953112740938,0.0057263820716593,0.0,canonical epsilon=1e-12; zero-vector effects retained,"population, time axis then sample/feature mean",04_gate_statistics/dfa_trained_20260901.csv
N-MNIST,SNN-DFA,20260901,H3,results/experiment03_soft_spectral/experiment03_20260831_server/checkpoints/full_dense/seed_20260901/epoch_100.pt,completed_epoch_100,800,basis_fit,results/experiment03_soft_spectral/experiment03_20260831_server/checkpoints/full_dense/seed_20260901/epoch_100.pt,554990a77b2d2e8f6498d66d6182e5b9f7b8a61fd2c63c09d3ded066f44b5563,UNAVAILABLE,real_checkpoint_replay,0.0080752743730873,0.0510460357945378,178.93801776566627,1.2628730733123716,0.0,0.0,1e-06,0.0860387533903122,0.1362096006600271,0.4894200017291181,0.002382214071097,0.0,canonical epsilon=1e-12; zero-vector effects retained,"population, time axis then sample/feature mean",04_gate_statistics/dfa_trained_20260901.csv
N-MNIST,SNN-DFA,20260901,H1,results/experiment03_soft_spectral/experiment03_20260831_server/checkpoints/full_dense/seed_20260901/epoch_100.pt,completed_epoch_100,800,basis_eval,results/experiment03_soft_spectral/experiment03_20260831_server/checkpoints/full_dense/seed_20260901/epoch_100.pt,554990a77b2d2e8f6498d66d6182e5b9f7b8a61fd2c63c09d3ded066f44b5563,UNAVAILABLE,real_checkpoint_replay,0.0129845715701086,0.0659849421825243,231.3052242498822,1.805772473569588,0.0,0.0,1e-06,0.0581362098455429,0.1064368299023559,0.2044666218221333,0.0039513325854116,0.0,canonical epsilon=1e-12; zero-vector effects retained,"population, time axis then sample/feature mean",04_gate_statistics/dfa_trained_20260901.csv
N-MNIST,SNN-DFA,20260901,H2,results/experiment03_soft_spectral/experiment03_20260831_server/checkpoints/full_dense/seed_20260901/epoch_100.pt,completed_epoch_100,800,basis_eval,results/experiment03_soft_spectral/experiment03_20260831_server/checkpoints/full_dense/seed_20260901/epoch_100.pt,554990a77b2d2e8f6498d66d6182e5b9f7b8a61fd2c63c09d3ded066f44b5563,UNAVAILABLE,real_checkpoint_replay,0.0186192920542552,0.0796819855352072,279.3191737883867,2.138506678302862,0.0,0.0,1e-06,0.0835643112659454,0.1270122363172993,0.294775340090343,0.0056435348699137,0.0,canonical epsilon=1e-12; zero-vector effects retained,"population, time axis then sample/feature mean",04_gate_statistics/dfa_trained_20260901.csv
N-MNIST,SNN-DFA,20260901,H3,results/experiment03_soft_spectral/experiment03_20260831_server/checkpoints/full_dense/seed_20260901/epoch_100.pt,completed_epoch_100,800,basis_eval,results/experiment03_soft_spectral/experiment03_20260831_server/checkpoints/full_dense/seed_20260901/epoch_100.pt,554990a77b2d2e8f6498d66d6182e5b9f7b8a61fd2c63c09d3ded066f44b5563,UNAVAILABLE,real_checkpoint_replay,0.007992614992574,0.0506946907210867,177.70640418360176,1.2622161225251112,0.0,0.0,1e-06,0.0856544226408004,0.1364355746944233,0.4768006940193525,0.0023495129215,0.0,canonical epsilon=1e-12; zero-vector effects retained,"population, time axis then sample/feature mean",04_gate_statistics/dfa_trained_20260901.csv
N-MNIST,SNN-DFA,20260908,H1,results/paper_v9_signal_processing/03_five_seed/checkpoints/dfa_trained/seed_20260908/epoch_100.pt,completed_epoch_100,800,basis_fit,results/paper_v9_signal_processing/03_five_seed/checkpoints/dfa_trained/seed_20260908/epoch_100.pt,9aad88592135096912c2e9971ced9f74b63d546bdd69208e989abf481efd833e,UNAVAILABLE,real_checkpoint_replay,0.0130824632560119,0.0662069493370577,232.08345353926725,1.8096424613176971,0.0,0.0,1e-06,0.0593911483883857,0.1075386268233278,0.2029685645167138,0.0039699992453024,0.0,canonical epsilon=1e-12; zero-vector effects retained,"population, time axis then sample/feature mean",04_gate_statistics/dfa_trained_20260908.csv
N-MNIST,SNN-DFA,20260908,H2,results/paper_v9_signal_processing/03_five_seed/checkpoints/dfa_trained/seed_20260908/epoch_100.pt,completed_epoch_100,800,basis_fit,results/paper_v9_signal_processing/03_five_seed/checkpoints/dfa_trained/seed_20260908/epoch_100.pt,9aad88592135096912c2e9971ced9f74b63d546bdd69208e989abf481efd833e,UNAVAILABLE,real_checkpoint_replay,0.018170295252521,0.0786591611965523,275.73374042744763,2.1027481597039555,0.0,0.0,1e-06,0.0837684944272041,0.12821279295781,0.3071794262072208,0.0054996356659255,0.0,canonical epsilon=1e-12; zero-vector effects retained,"population, time axis then sample/feature mean",04_gate_statistics/dfa_trained_20260908.csv
N-MNIST,SNN-DFA,20260908,H3,results/paper_v9_signal_processing/03_five_seed/checkpoints/dfa_trained/seed_20260908/epoch_100.pt,completed_epoch_100,800,basis_fit,results/paper_v9_signal_processing/03_five_seed/checkpoints/dfa_trained/seed_20260908/epoch_100.pt,9aad88592135096912c2e9971ced9f74b63d546bdd69208e989abf481efd833e,UNAVAILABLE,real_checkpoint_replay,0.0081510223586264,0.0513310471256206,179.93710343081227,1.2730505536103005,0.0,0.0,1e-06,0.0859434977173805,0.1359379417304784,0.4839890608032999,0.0024074218638685,0.0,canonical epsilon=1e-12; zero-vector effects retained,"population, time axis then sample/feature mean",04_gate_statistics/dfa_trained_20260908.csv
N-MNIST,SNN-DFA,20260908,H1,results/paper_v9_signal_processing/03_five_seed/checkpoints/dfa_trained/seed_20260908/epoch_100.pt,completed_epoch_100,800,basis_eval,results/paper_v9_signal_processing/03_five_seed/checkpoints/dfa_trained/seed_20260908/epoch_100.pt,9aad88592135096912c2e9971ced9f74b63d546bdd69208e989abf481efd833e,UNAVAILABLE,real_checkpoint_replay,0.0127484654715901,0.0654185280154216,229.3197022261208,1.788884841525267,0.0,0.0,1e-06,0.0580960139632225,0.1067043914341143,0.2070840842017045,0.0038840226140507,0.0,canonical epsilon=1e-12; zero-vector effects retained,"population, time axis then sample/feature mean",04_gate_statistics/dfa_trained_20260908.csv
N-MNIST,SNN-DFA,20260908,H2,results/paper_v9_signal_processing/03_five_seed/checkpoints/dfa_trained/seed_20260908/epoch_100.pt,completed_epoch_100,800,basis_eval,results/paper_v9_signal_processing/03_five_seed/checkpoints/dfa_trained/seed_20260908/epoch_100.pt,9aad88592135096912c2e9971ced9f74b63d546bdd69208e989abf481efd833e,UNAVAILABLE,real_checkpoint_replay,0.0180714903137724,0.0784339304263179,274.9442109970391,2.0978275386700624,0.0,0.0,1e-06,0.0834382772445678,0.1277970875771341,0.3060682971227998,0.0054703020651909,0.0,canonical epsilon=1e-12; zero-vector effects retained,"population, time axis then sample/feature mean",04_gate_statistics/dfa_trained_20260908.csv
N-MNIST,SNN-DFA,20260908,H3,results/paper_v9_signal_processing/03_five_seed/checkpoints/dfa_trained/seed_20260908/epoch_100.pt,completed_epoch_100,800,basis_eval,results/paper_v9_signal_processing/03_five_seed/checkpoints/dfa_trained/seed_20260908/epoch_100.pt,9aad88592135096912c2e9971ced9f74b63d546bdd69208e989abf481efd833e,UNAVAILABLE,real_checkpoint_replay,0.0080752498187902,0.0510966494466838,179.11544009525807,1.2686475287219816,0.0,0.0,1e-06,0.0864801332354545,0.1353426659684559,0.4808315073887553,0.002385791022067,0.0,canonical epsilon=1e-12; zero-vector effects retained,"population, time axis then sample/feature mean",04_gate_statistics/dfa_trained_20260908.csv
N-MNIST,SNN-DFA,20260909,H1,results/paper_v9_signal_processing/03_five_seed/checkpoints/dfa_trained/seed_20260909/epoch_100.pt,completed_epoch_100,800,basis_fit,results/paper_v9_signal_processing/03_five_seed/checkpoints/dfa_trained/seed_20260909/epoch_100.pt,0800c9e1ee7b4cf64c5099e83f65ae2c8adb1bf072ccdaa45be9f1911ae9bad7,UNAVAILABLE,real_checkpoint_replay,0.0129003077359401,0.0657509936496103,230.48513536173976,1.7936994476844343,0.0,0.0,1e-06,0.0591618828475475,0.1082726318798727,0.2076694120491711,0.0039164940511069,0.0,canonical epsilon=1e-12; zero-vector effects retained,"population, time axis then sample/feature mean",04_gate_statistics/dfa_trained_20260909.csv
N-MNIST,SNN-DFA,20260909,H2,results/paper_v9_signal_processing/03_five_seed/checkpoints/dfa_trained/seed_20260909/epoch_100.pt,completed_epoch_100,800,basis_fit,results/paper_v9_signal_processing/03_five_seed/checkpoints/dfa_trained/seed_20260909/epoch_100.pt,0800c9e1ee7b4cf64c5099e83f65ae2c8adb1bf072ccdaa45be9f1911ae9bad7,UNAVAILABLE,real_checkpoint_replay,0.0189121758631138,0.0803018161682661,281.4919431935676,2.142642404076342,0.0,0.0,1e-06,0.086343914270401,0.1300357798676937,0.3124204665410565,0.005715427510469,0.0,canonical epsilon=1e-12; zero-vector effects retained,"population, time axis then sample/feature mean",04_gate_statistics/dfa_trained_20260909.csv
N-MNIST,SNN-DFA,20260909,H3,results/paper_v9_signal_processing/03_five_seed/checkpoints/dfa_trained/seed_20260909/epoch_100.pt,completed_epoch_100,800,basis_fit,results/paper_v9_signal_processing/03_five_seed/checkpoints/dfa_trained/seed_20260909/epoch_100.pt,0800c9e1ee7b4cf64c5099e83f65ae2c8adb1bf072ccdaa45be9f1911ae9bad7,UNAVAILABLE,real_checkpoint_replay,0.0076598762941635,0.0495530769009986,173.70456327978292,1.2196309752031165,0.0,0.0,1e-06,0.0866505652666091,0.1357857885571708,0.5007162573507393,0.0022485829195603,0.0,canonical epsilon=1e-12; zero-vector effects retained,"population, time axis then sample/feature mean",04_gate_statistics/dfa_trained_20260909.csv
N-MNIST,SNN-DFA,20260909,H1,results/paper_v9_signal_processing/03_five_seed/checkpoints/dfa_trained/seed_20260909/epoch_100.pt,completed_epoch_100,800,basis_eval,results/paper_v9_signal_processing/03_five_seed/checkpoints/dfa_trained/seed_20260909/epoch_100.pt,0800c9e1ee7b4cf64c5099e83f65ae2c8adb1bf072ccdaa45be9f1911ae9bad7,UNAVAILABLE,real_checkpoint_replay,0.0125399515634074,0.0648233262756018,227.23326754345996,1.7708581180841363,0.0,0.0,1e-06,0.0577606633305549,0.10571942270405,0.2088612055919909,0.0038148680434816,0.0,canonical epsilon=1e-12; zero-vector effects retained,"population, time axis then sample/feature mean",04_gate_statistics/dfa_trained_20260909.csv
N-MNIST,SNN-DFA,20260909,H2,results/paper_v9_signal_processing/03_five_seed/checkpoints/dfa_trained/seed_20260909/epoch_100.pt,completed_epoch_100,800,basis_eval,results/paper_v9_signal_processing/03_five_seed/checkpoints/dfa_trained/seed_20260909/epoch_100.pt,0800c9e1ee7b4cf64c5099e83f65ae2c8adb1bf072ccdaa45be9f1911ae9bad7,UNAVAILABLE,real_checkpoint_replay,0.0187023040796299,0.0798131234254295,279.7788677443478,2.1278719393064502,0.0,0.0,1e-06,0.0862229540944099,0.1306824314420197,0.3143915440178949,0.0056491428788165,0.0,canonical epsilon=1e-12; zero-vector effects retained,"population, time axis then sample/feature mean",04_gate_statistics/dfa_trained_20260909.csv
N-MNIST,SNN-DFA,20260909,H3,results/paper_v9_signal_processing/03_five_seed/checkpoints/dfa_trained/seed_20260909/epoch_100.pt,completed_epoch_100,800,basis_eval,results/paper_v9_signal_processing/03_five_seed/checkpoints/dfa_trained/seed_20260909/epoch_100.pt,0800c9e1ee7b4cf64c5099e83f65ae2c8adb1bf072ccdaa45be9f1911ae9bad7,UNAVAILABLE,real_checkpoint_replay,0.0076949526751224,0.0496889647003527,174.18090768295752,1.2293457530347984,0.0,0.0,1e-06,0.085133671760559,0.1321142973336983,0.4941190481245318,0.0022607538422988,0.0,canonical epsilon=1e-12; zero-vector effects retained,"population, time axis then sample/feature mean",04_gate_statistics/dfa_trained_20260909.csv
N-MNIST,matched SNN-BPTT,20260830,H1,results/experiment03_soft_spectral/experiment03_20260831_server/checkpoints/full_bptt/seed_20260830/epoch_100.pt,completed_epoch_100,800,basis_fit,results/experiment03_soft_spectral/experiment03_20260831_server/checkpoints/full_bptt/seed_20260830/epoch_100.pt,a0b1f2882ec75eaac0ffac0d00a6d8982401e9139ae70995d499e09e067c5b84,UNAVAILABLE,real_checkpoint_replay,0.0050434985229662,0.0397073600540874,139.1911475238634,1.0549207556135278,0.0,0.0,1e-06,0.0410203896462917,0.125035328394259,0.3268774388066552,0.0014647781809786,0.0,canonical epsilon=1e-12; zero-vector effects retained,"population, time axis then sample/feature mean",04_gate_statistics/bptt_trained_20260830.csv
N-MNIST,matched SNN-BPTT,20260830,H2,results/experiment03_soft_spectral/experiment03_20260831_server/checkpoints/full_bptt/seed_20260830/epoch_100.pt,completed_epoch_100,800,basis_fit,results/experiment03_soft_spectral/experiment03_20260831_server/checkpoints/full_bptt/seed_20260830/epoch_100.pt,a0b1f2882ec75eaac0ffac0d00a6d8982401e9139ae70995d499e09e067c5b84,UNAVAILABLE,real_checkpoint_replay,0.0151025261003721,0.0709692675625278,248.77739989515288,1.967766697635616,0.0,0.0,1e-06,0.1365435123443603,0.2190805719499762,0.1838454247762571,0.0042115988755964,0.0,canonical epsilon=1e-12; zero-vector effects retained,"population, time axis then sample/feature mean",04_gate_statistics/bptt_trained_20260830.csv
N-MNIST,matched SNN-BPTT,20260830,H3,results/experiment03_soft_spectral/experiment03_20260831_server/checkpoints/full_bptt/seed_20260830/epoch_100.pt,completed_epoch_100,800,basis_fit,results/experiment03_soft_spectral/experiment03_20260831_server/checkpoints/full_bptt/seed_20260830/epoch_100.pt,a0b1f2882ec75eaac0ffac0d00a6d8982401e9139ae70995d499e09e067c5b84,UNAVAILABLE,real_checkpoint_replay,0.0119089859408186,0.0639059189531289,224.01736555985897,1.7082053746541712,0.0,0.0,1e-06,0.1045815050601959,0.1339438756229522,0.3135009069788383,0.0035642153147322,0.0,canonical epsilon=1e-12; zero-vector effects retained,"population, time axis then sample/feature mean",04_gate_statistics/bptt_trained_20260830.csv
N-MNIST,matched SNN-BPTT,20260830,H1,results/experiment03_soft_spectral/experiment03_20260831_server/checkpoints/full_bptt/seed_20260830/epoch_100.pt,completed_epoch_100,800,basis_eval,results/experiment03_soft_spectral/experiment03_20260831_server/checkpoints/full_bptt/seed_20260830/epoch_100.pt,a0b1f2882ec75eaac0ffac0d00a6d8982401e9139ae70995d499e09e067c5b84,UNAVAILABLE,real_checkpoint_replay,0.0049830244020874,0.0393807484573687,138.04623527384155,1.048535261491168,0.0,0.0,1e-06,0.0410172306001186,0.1234250683249035,0.3276546292977995,0.001442145450009,0.0,canonical epsilon=1e-12; zero-vector effects retained,"population, time axis then sample/feature mean",04_gate_statistics/bptt_trained_20260830.csv
N-MNIST,matched SNN-BPTT,20260830,H2,results/experiment03_soft_spectral/experiment03_20260831_server/checkpoints/full_bptt/seed_20260830/epoch_100.pt,completed_epoch_100,800,basis_eval,results/experiment03_soft_spectral/experiment03_20260831_server/checkpoints/full_bptt/seed_20260830/epoch_100.pt,a0b1f2882ec75eaac0ffac0d00a6d8982401e9139ae70995d499e09e067c5b84,UNAVAILABLE,real_checkpoint_replay,0.0150377400169888,0.0709588811315936,248.74099104706545,1.9675641029383728,0.0,0.0,1e-06,0.1359692066907882,0.2189658396883337,0.1842758553789861,0.004215407288628,0.0,canonical epsilon=1e-12; zero-vector effects retained,"population, time axis then sample/feature mean",04_gate_statistics/bptt_trained_20260830.csv
N-MNIST,matched SNN-BPTT,20260830,H3,results/experiment03_soft_spectral/experiment03_20260831_server/checkpoints/full_bptt/seed_20260830/epoch_100.pt,completed_epoch_100,800,basis_eval,results/experiment03_soft_spectral/experiment03_20260831_server/checkpoints/full_bptt/seed_20260830/epoch_100.pt,a0b1f2882ec75eaac0ffac0d00a6d8982401e9139ae70995d499e09e067c5b84,UNAVAILABLE,real_checkpoint_replay,0.0119642928233141,0.0641525525168102,224.88192086395148,1.7140346876925796,0.0,0.0,1e-06,0.1045855805277824,0.1344863574332419,0.3100885912526802,0.0035900795248301,0.0,canonical epsilon=1e-12; zero-vector effects retained,"population, time axis then sample/feature mean",04_gate_statistics/bptt_trained_20260830.csv
N-MNIST,matched SNN-BPTT,20260831,H1,results/experiment03_soft_spectral/experiment03_20260831_server/checkpoints/full_bptt/seed_20260831/epoch_100.pt,completed_epoch_100,800,basis_fit,results/experiment03_soft_spectral/experiment03_20260831_server/checkpoints/full_bptt/seed_20260831/epoch_100.pt,357d3640f99b0cfbbb828f68ee6a43f64e1a763012803411748d5deacc093fb7,UNAVAILABLE,real_checkpoint_replay,0.0049607311554581,0.0390412332448258,136.85609037447804,1.035139860916875,0.0,0.0,1e-06,0.0433243885636329,0.1263347850191971,0.3317875183469351,0.001413346128059,0.0,canonical epsilon=1e-12; zero-vector effects retained,"population, time axis then sample/feature mean",04_gate_statistics/bptt_trained_20260831.csv
N-MNIST,matched SNN-BPTT,20260831,H2,results/experiment03_soft_spectral/experiment03_20260831_server/checkpoints/full_bptt/seed_20260831/epoch_100.pt,completed_epoch_100,800,basis_fit,results/experiment03_soft_spectral/experiment03_20260831_server/checkpoints/full_bptt/seed_20260831/epoch_100.pt,357d3640f99b0cfbbb828f68ee6a43f64e1a763012803411748d5deacc093fb7,UNAVAILABLE,real_checkpoint_replay,0.0128828049226021,0.0650805446299706,228.1349270307726,1.7975218991488873,0.0,0.0,1e-06,0.1406741887331009,0.2243706186316909,0.2011425058743873,0.0035312923213709,0.0,canonical epsilon=1e-12; zero-vector effects retained,"population, time axis then sample/feature mean",04_gate_statistics/bptt_trained_20260831.csv
N-MNIST,matched SNN-BPTT,20260831,H3,results/experiment03_soft_spectral/experiment03_20260831_server/checkpoints/full_bptt/seed_20260831/epoch_100.pt,completed_epoch_100,800,basis_fit,results/experiment03_soft_spectral/experiment03_20260831_server/checkpoints/full_bptt/seed_20260831/epoch_100.pt,357d3640f99b0cfbbb828f68ee6a43f64e1a763012803411748d5deacc093fb7,UNAVAILABLE,real_checkpoint_replay,0.0143439850100921,0.0705085327346909,247.16232880245752,1.876758093585124,0.0,0.0,1e-06,0.1168170496821403,0.1462445539707277,0.3204066110446362,0.0042731701401481,0.0,canonical epsilon=1e-12; zero-vector effects retained,"population, time axis then sample/feature mean",04_gate_statistics/bptt_trained_20260831.csv
N-MNIST,matched SNN-BPTT,20260831,H1,results/experiment03_soft_spectral/experiment03_20260831_server/checkpoints/full_bptt/seed_20260831/epoch_100.pt,completed_epoch_100,800,basis_eval,results/experiment03_soft_spectral/experiment03_20260831_server/checkpoints/full_bptt/seed_20260831/epoch_100.pt,357d3640f99b0cfbbb828f68ee6a43f64e1a763012803411748d5deacc093fb7,UNAVAILABLE,real_checkpoint_replay,0.0048802819418771,0.0386888169354452,135.62072165588398,1.0284965228339589,0.0,0.0,1e-06,0.0426094457507133,0.1253110053288796,0.331378219031367,0.0013899850256696,0.0,canonical epsilon=1e-12; zero-vector effects retained,"population, time axis then sample/feature mean",04_gate_statistics/bptt_trained_20260831.csv
N-MNIST,matched SNN-BPTT,20260831,H2,results/experiment03_soft_spectral/experiment03_20260831_server/checkpoints/full_bptt/seed_20260831/epoch_100.pt,completed_epoch_100,800,basis_eval,results/experiment03_soft_spectral/experiment03_20260831_server/checkpoints/full_bptt/seed_20260831/epoch_100.pt,357d3640f99b0cfbbb828f68ee6a43f64e1a763012803411748d5deacc093fb7,UNAVAILABLE,real_checkpoint_replay,0.0129342146978605,0.0652265730032109,228.64681844875443,1.802540404012851,0.0,0.0,1e-06,0.1410139799118042,0.2247491267355154,0.2002870847902114,0.0035467337086243,0.0,canonical epsilon=1e-12; zero-vector effects retained,"population, time axis then sample/feature mean",04_gate_statistics/bptt_trained_20260831.csv
N-MNIST,matched SNN-BPTT,20260831,H3,results/experiment03_soft_spectral/experiment03_20260831_server/checkpoints/full_bptt/seed_20260831/epoch_100.pt,completed_epoch_100,800,basis_eval,results/experiment03_soft_spectral/experiment03_20260831_server/checkpoints/full_bptt/seed_20260831/epoch_100.pt,357d3640f99b0cfbbb828f68ee6a43f64e1a763012803411748d5deacc093fb7,UNAVAILABLE,real_checkpoint_replay,0.0141305051423491,0.0698056433860079,244.69840335155408,1.857318678452626,0.0,0.0,1e-06,0.1166584938764572,0.146700350897713,0.3175778123691307,0.0041877434166902,0.0,canonical epsilon=1e-12; zero-vector effects retained,"population, time axis then sample/feature mean",04_gate_statistics/bptt_trained_20260831.csv
N-MNIST,matched SNN-BPTT,20260901,H1,results/experiment03_soft_spectral/experiment03_20260831_server/checkpoints/full_bptt/seed_20260901/epoch_100.pt,completed_epoch_100,800,basis_fit,results/experiment03_soft_spectral/experiment03_20260831_server/checkpoints/full_bptt/seed_20260901/epoch_100.pt,e6fa6653b618112c29d0cb33a3a241b19ca29b81f1b30d540f6941d226efd493,UNAVAILABLE,real_checkpoint_replay,0.0054401159305746,0.0419494878124126,147.05075680414294,1.1195043013333217,0.0,0.0,1e-06,0.0391297824680805,0.1215402634571347,0.3114725414885874,0.0016369020941983,0.0,canonical epsilon=1e-12; zero-vector effects retained,"population, time axis then sample/feature mean",04_gate_statistics/bptt_trained_20260901.csv
N-MNIST,matched SNN-BPTT,20260901,H2,results/experiment03_soft_spectral/experiment03_20260831_server/checkpoints/full_bptt/seed_20260901/epoch_100.pt,completed_epoch_100,800,basis_fit,results/experiment03_soft_spectral/experiment03_20260831_server/checkpoints/full_bptt/seed_20260901/epoch_100.pt,e6fa6653b618112c29d0cb33a3a241b19ca29b81f1b30d540f6941d226efd493,UNAVAILABLE,real_checkpoint_replay,0.0135718135374194,0.0668758717235977,234.42831037336032,1.8503082263917103,0.0,0.0,1e-06,0.1317180693149566,0.2164294671884778,0.1932072173986692,0.0037632681289964,0.0,canonical epsilon=1e-12; zero-vector effects retained,"population, time axis then sample/feature mean",04_gate_statistics/bptt_trained_20260901.csv
N-MNIST,matched SNN-BPTT,20260901,H3,results/experiment03_soft_spectral/experiment03_20260831_server/checkpoints/full_bptt/seed_20260901/epoch_100.pt,completed_epoch_100,800,basis_fit,results/experiment03_soft_spectral/experiment03_20260831_server/checkpoints/full_bptt/seed_20260901/epoch_100.pt,e6fa6653b618112c29d0cb33a3a241b19ca29b81f1b30d540f6941d226efd493,UNAVAILABLE,real_checkpoint_replay,0.0124551652168187,0.0654243293881486,229.34003849944844,1.7446225408574718,0.0,0.0,1e-06,0.1086403131484985,0.1393081164235783,0.3194206584257036,0.0037209979535147,0.0,canonical epsilon=1e-12; zero-vector effects retained,"population, time axis then sample/feature mean",04_gate_statistics/bptt_trained_20260901.csv
N-MNIST,matched SNN-BPTT,20260901,H1,results/experiment03_soft_spectral/experiment03_20260831_server/checkpoints/full_bptt/seed_20260901/epoch_100.pt,completed_epoch_100,800,basis_eval,results/experiment03_soft_spectral/experiment03_20260831_server/checkpoints/full_bptt/seed_20260901/epoch_100.pt,e6fa6653b618112c29d0cb33a3a241b19ca29b81f1b30d540f6941d226efd493,UNAVAILABLE,real_checkpoint_replay,0.0053753653013213,0.0416689307914277,146.0672853861555,1.114611921723209,0.0,0.0,1e-06,0.0393382459878921,0.1208520791256675,0.3125006238176064,0.0016162575454458,0.0,canonical epsilon=1e-12; zero-vector effects retained,"population, time axis then sample/feature mean",04_gate_statistics/bptt_trained_20260901.csv
N-MNIST,matched SNN-BPTT,20260901,H2,results/experiment03_soft_spectral/experiment03_20260831_server/checkpoints/full_bptt/seed_20260901/epoch_100.pt,completed_epoch_100,800,basis_eval,results/experiment03_soft_spectral/experiment03_20260831_server/checkpoints/full_bptt/seed_20260901/epoch_100.pt,e6fa6653b618112c29d0cb33a3a241b19ca29b81f1b30d540f6941d226efd493,UNAVAILABLE,real_checkpoint_replay,0.0134807181793896,0.0667058549274408,233.8323293531461,1.845838816470107,0.0,0.0,1e-06,0.1315821409225464,0.2148349515005773,0.1942299053990308,0.0037464640205474,0.0,canonical epsilon=1e-12; zero-vector effects retained,"population, time axis then sample/feature mean",04_gate_statistics/bptt_trained_20260901.csv
N-MNIST,matched SNN-BPTT,20260901,H3,results/experiment03_soft_spectral/experiment03_20260831_server/checkpoints/full_bptt/seed_20260901/epoch_100.pt,completed_epoch_100,800,basis_eval,results/experiment03_soft_spectral/experiment03_20260831_server/checkpoints/full_bptt/seed_20260901/epoch_100.pt,e6fa6653b618112c29d0cb33a3a241b19ca29b81f1b30d540f6941d226efd493,UNAVAILABLE,real_checkpoint_replay,0.0124749553229916,0.0653589091135715,229.11071267478096,1.7408043431760456,0.0,0.0,1e-06,0.1103080958127975,0.1405442477143256,0.31913447889821,0.0037073822342273,0.0,canonical epsilon=1e-12; zero-vector effects retained,"population, time axis then sample/feature mean",04_gate_statistics/bptt_trained_20260901.csv
N-MNIST,matched SNN-BPTT,20260908,H1,results/paper_v9_signal_processing/03_five_seed/checkpoints/bptt_trained/seed_20260908/epoch_100.pt,completed_epoch_100,800,basis_fit,results/paper_v9_signal_processing/03_five_seed/checkpoints/bptt_trained/seed_20260908/epoch_100.pt,da788649d6b999c28f343f26c74881473c1d5361ccde354e476bd8389f242354,UNAVAILABLE,real_checkpoint_replay,0.0050668167613531,0.0396715885786379,139.06575332214345,1.053603388724676,0.0,0.0,1e-06,0.0407316125929355,0.1238756110736506,0.3285802776218394,0.001462765738831,0.0,canonical epsilon=1e-12; zero-vector effects retained,"population, time axis then sample/feature mean",04_gate_statistics/bptt_trained_20260908.csv
N-MNIST,matched SNN-BPTT,20260908,H2,results/paper_v9_signal_processing/03_five_seed/checkpoints/bptt_trained/seed_20260908/epoch_100.pt,completed_epoch_100,800,basis_fit,results/paper_v9_signal_processing/03_five_seed/checkpoints/bptt_trained/seed_20260908/epoch_100.pt,da788649d6b999c28f343f26c74881473c1d5361ccde354e476bd8389f242354,UNAVAILABLE,real_checkpoint_replay,0.0138763783520421,0.0678788408835308,237.9441429069801,1.8791769345704976,0.0,0.0,1e-06,0.1345759034156799,0.221056940595432,0.1919542275296094,0.0038636493344014,0.0,canonical epsilon=1e-12; zero-vector effects retained,"population, time axis then sample/feature mean",04_gate_statistics/bptt_trained_20260908.csv
N-MNIST,matched SNN-BPTT,20260908,H3,results/paper_v9_signal_processing/03_five_seed/checkpoints/bptt_trained/seed_20260908/epoch_100.pt,completed_epoch_100,800,basis_fit,results/paper_v9_signal_processing/03_five_seed/checkpoints/bptt_trained/seed_20260908/epoch_100.pt,da788649d6b999c28f343f26c74881473c1d5361ccde354e476bd8389f242354,UNAVAILABLE,real_checkpoint_replay,0.013228929755035,0.0675897642238987,236.93080654007315,1.7958994133279205,0.0,0.0,1e-06,0.1119604855775833,0.1428914426953545,0.3313013064986192,0.0039536255518546,0.0,canonical epsilon=1e-12; zero-vector effects retained,"population, time axis then sample/feature mean",04_gate_statistics/bptt_trained_20260908.csv
N-MNIST,matched SNN-BPTT,20260908,H1,results/paper_v9_signal_processing/03_five_seed/checkpoints/bptt_trained/seed_20260908/epoch_100.pt,completed_epoch_100,800,basis_eval,results/paper_v9_signal_processing/03_five_seed/checkpoints/bptt_trained/seed_20260908/epoch_100.pt,da788649d6b999c28f343f26c74881473c1d5361ccde354e476bd8389f242354,UNAVAILABLE,real_checkpoint_replay,0.0050260730295117,0.0395566366391796,138.66279799241434,1.0521110816061932,0.0,0.0,1e-06,0.0407102741301059,0.1234191076375766,0.3312134565331552,0.0014553081128212,0.0,canonical epsilon=1e-12; zero-vector effects retained,"population, time axis then sample/feature mean",04_gate_statistics/bptt_trained_20260908.csv
N-MNIST,matched SNN-BPTT,20260908,H2,results/paper_v9_signal_processing/03_five_seed/checkpoints/bptt_trained/seed_20260908/epoch_100.pt,completed_epoch_100,800,basis_eval,results/paper_v9_signal_processing/03_five_seed/checkpoints/bptt_trained/seed_20260908/epoch_100.pt,da788649d6b999c28f343f26c74881473c1d5361ccde354e476bd8389f242354,UNAVAILABLE,real_checkpoint_replay,0.0138646505112928,0.0677031985912981,237.32844213573028,1.8759603370876288,0.0,0.0,1e-06,0.1348341554403305,0.2206172857781908,0.1900120194229211,0.0038446855042068,0.0,canonical epsilon=1e-12; zero-vector effects retained,"population, time axis then sample/feature mean",04_gate_statistics/bptt_trained_20260908.csv
N-MNIST,matched SNN-BPTT,20260908,H3,results/paper_v9_signal_processing/03_five_seed/checkpoints/bptt_trained/seed_20260908/epoch_100.pt,completed_epoch_100,800,basis_eval,results/paper_v9_signal_processing/03_five_seed/checkpoints/bptt_trained/seed_20260908/epoch_100.pt,da788649d6b999c28f343f26c74881473c1d5361ccde354e476bd8389f242354,UNAVAILABLE,real_checkpoint_replay,0.0131464681705508,0.0674272002430098,236.36095080009815,1.7914473021616142,0.0,0.0,1e-06,0.11151984333992,0.1407895287170611,0.3258342316094736,0.0039363061746149,0.0,canonical epsilon=1e-12; zero-vector effects retained,"population, time axis then sample/feature mean",04_gate_statistics/bptt_trained_20260908.csv
N-MNIST,matched SNN-BPTT,20260909,H1,results/paper_v9_signal_processing/03_five_seed/checkpoints/bptt_trained/seed_20260909/epoch_100.pt,completed_epoch_100,800,basis_fit,results/paper_v9_signal_processing/03_five_seed/checkpoints/bptt_trained/seed_20260909/epoch_100.pt,f9dc34813fda3e71c51cef44b549d13de3c75bc85a692aab5d81bf6e2e52a92e,UNAVAILABLE,real_checkpoint_replay,0.0050246475887817,0.03941687233956,138.17286481074686,1.04621062472296,0.0,0.0,1e-06,0.0414916910231113,0.1245722182615323,0.3292347523332816,0.0014427361271819,0.0,canonical epsilon=1e-12; zero-vector effects retained,"population, time axis then sample/feature mean",04_gate_statistics/bptt_trained_20260909.csv
N-MNIST,matched SNN-BPTT,20260909,H2,results/paper_v9_signal_processing/03_five_seed/checkpoints/bptt_trained/seed_20260909/epoch_100.pt,completed_epoch_100,800,basis_fit,results/paper_v9_signal_processing/03_five_seed/checkpoints/bptt_trained/seed_20260909/epoch_100.pt,f9dc34813fda3e71c51cef44b549d13de3c75bc85a692aab5d81bf6e2e52a92e,UNAVAILABLE,real_checkpoint_replay,0.014702815302631,0.069986352834354,245.3318666553132,1.939741860989949,0.0,0.0,1e-06,0.1348364800214767,0.2184206693519328,0.1864929534136512,0.0041055429882165,0.0,canonical epsilon=1e-12; zero-vector effects retained,"population, time axis then sample/feature mean",04_gate_statistics/bptt_trained_20260909.csv
N-MNIST,matched SNN-BPTT,20260909,H3,results/paper_v9_signal_processing/03_five_seed/checkpoints/bptt_trained/seed_20260909/epoch_100.pt,completed_epoch_100,800,basis_fit,results/paper_v9_signal_processing/03_five_seed/checkpoints/bptt_trained/seed_20260909/epoch_100.pt,f9dc34813fda3e71c51cef44b549d13de3c75bc85a692aab5d81bf6e2e52a92e,UNAVAILABLE,real_checkpoint_replay,0.0121715682184603,0.0645906262150839,226.41755508087644,1.7217097141908355,0.0,0.0,1e-06,0.1044750288128852,0.1343605415170654,0.3213345669972023,0.0036399167776841,0.0,canonical epsilon=1e-12; zero-vector effects retained,"population, time axis then sample/feature mean",04_gate_statistics/bptt_trained_20260909.csv
N-MNIST,matched SNN-BPTT,20260909,H1,results/paper_v9_signal_processing/03_five_seed/checkpoints/bptt_trained/seed_20260909/epoch_100.pt,completed_epoch_100,800,basis_eval,results/paper_v9_signal_processing/03_five_seed/checkpoints/bptt_trained/seed_20260909/epoch_100.pt,f9dc34813fda3e71c51cef44b549d13de3c75bc85a692aab5d81bf6e2e52a92e,UNAVAILABLE,real_checkpoint_replay,0.0049863669911752,0.0392440552450157,137.56706755631572,1.0454245937003706,0.0,0.0,1e-06,0.0413000471889972,0.1224150476311474,0.3258218416900119,0.0014315694864885,0.0,canonical epsilon=1e-12; zero-vector effects retained,"population, time axis then sample/feature mean",04_gate_statistics/bptt_trained_20260909.csv
N-MNIST,matched SNN-BPTT,20260909,H2,results/paper_v9_signal_processing/03_five_seed/checkpoints/bptt_trained/seed_20260909/epoch_100.pt,completed_epoch_100,800,basis_eval,results/paper_v9_signal_processing/03_five_seed/checkpoints/bptt_trained/seed_20260909/epoch_100.pt,f9dc34813fda3e71c51cef44b549d13de3c75bc85a692aab5d81bf6e2e52a92e,UNAVAILABLE,real_checkpoint_replay,0.0146716681071932,0.0698349566640618,244.8011588307477,1.9357493391093228,0.0,0.0,1e-06,0.135347381234169,0.218625540780106,0.1868413080361554,0.0040864960685655,0.0,canonical epsilon=1e-12; zero-vector effects retained,"population, time axis then sample/feature mean",04_gate_statistics/bptt_trained_20260909.csv
N-MNIST,matched SNN-BPTT,20260909,H3,results/paper_v9_signal_processing/03_five_seed/checkpoints/bptt_trained/seed_20260909/epoch_100.pt,completed_epoch_100,800,basis_eval,results/paper_v9_signal_processing/03_five_seed/checkpoints/bptt_trained/seed_20260909/epoch_100.pt,f9dc34813fda3e71c51cef44b549d13de3c75bc85a692aab5d81bf6e2e52a92e,UNAVAILABLE,real_checkpoint_replay,0.0120327858391979,0.0642267914541531,225.14215984397052,1.707364265412857,0.0,0.0,1e-06,0.1051966249942779,0.1346785075687767,0.3229588461136746,0.0035967341081793,0.0,canonical epsilon=1e-12; zero-vector effects retained,"population, time axis then sample/feature mean",04_gate_statistics/bptt_trained_20260909.csv
N-MNIST,temporal ANN-DFA,20260830,H1,results/paper1_experiment03_20260901_server/checkpoints/stageB_ann/temporal_ann_dfa/seed_20260830/epoch_100.pt,completed_epoch_100,800,basis_fit,results/paper1_experiment03_20260901_server/checkpoints/stageB_ann/temporal_ann_dfa/seed_20260830/epoch_100.pt,e9da049cb3b321aa4f5700c71788e8d685b721f654fbafc0fe94502dde8dcc50,UNAVAILABLE,real_checkpoint_replay,0.1472109375,0.3836807755152713,1344.9639400370554,10.772258781929857,0.8527890625,0.8527890625,1e-06,0.42695152759552,0.6575677550712059,0.0818714756639809,0.0826106391059027,0.0,canonical epsilon=1e-12; zero-vector effects retained,"population, time axis then sample/feature mean",04_gate_statistics/temporal_ann_dfa_20260830.csv
N-MNIST,temporal ANN-DFA,20260830,H2,results/paper1_experiment03_20260901_server/checkpoints/stageB_ann/temporal_ann_dfa/seed_20260830/epoch_100.pt,completed_epoch_100,800,basis_fit,results/paper1_experiment03_20260901_server/checkpoints/stageB_ann/temporal_ann_dfa/seed_20260830/epoch_100.pt,e9da049cb3b321aa4f5700c71788e8d685b721f654fbafc0fe94502dde8dcc50,UNAVAILABLE,real_checkpoint_replay,0.1682853190104166,0.4102259365403614,1438.015994347768,11.53972999466894,0.8317146809895833,0.8317146809895833,1e-06,0.6483911275863647,0.7797395765185202,0.0799277711973439,0.0572523708767361,0.0,canonical epsilon=1e-12; zero-vector effects retained,"population, time axis then sample/feature mean",04_gate_statistics/temporal_ann_dfa_20260830.csv
N-MNIST,temporal ANN-DFA,20260830,H3,results/paper1_experiment03_20260901_server/checkpoints/stageB_ann/temporal_ann_dfa/seed_20260830/epoch_100.pt,completed_epoch_100,800,basis_fit,results/paper1_experiment03_20260901_server/checkpoints/stageB_ann/temporal_ann_dfa/seed_20260830/epoch_100.pt,e9da049cb3b321aa4f5700c71788e8d685b721f654fbafc0fe94502dde8dcc50,UNAVAILABLE,real_checkpoint_replay,0.1007014973958333,0.3173349923910588,1112.393815157204,8.95606454513935,0.8992985026041667,0.8992985026041667,1e-06,0.7257709503173828,0.8226539820482333,0.0555925619457642,0.0267966688368055,0.0,canonical epsilon=1e-12; zero-vector effects retained,"population, time axis then sample/feature mean",04_gate_statistics/temporal_ann_dfa_20260830.csv
N-MNIST,temporal ANN-DFA,20260830,H1,results/paper1_experiment03_20260901_server/checkpoints/stageB_ann/temporal_ann_dfa/seed_20260830/epoch_100.pt,completed_epoch_100,800,basis_eval,results/paper1_experiment03_20260901_server/checkpoints/stageB_ann/temporal_ann_dfa/seed_20260830/epoch_100.pt,e9da049cb3b321aa4f5700c71788e8d685b721f654fbafc0fe94502dde8dcc50,UNAVAILABLE,real_checkpoint_replay,0.1473907063802083,0.3839149728523339,1345.7849010893235,10.785597820095637,0.8526092936197917,0.8526092936197917,1e-06,0.4268174767494201,0.657886002856872,0.0799946376648276,0.0825996934678819,0.0,canonical epsilon=1e-12; zero-vector effects retained,"population, time axis then sample/feature mean",04_gate_statistics/temporal_ann_dfa_20260830.csv
N-MNIST,temporal ANN-DFA,20260830,H2,results/paper1_experiment03_20260901_server/checkpoints/stageB_ann/temporal_ann_dfa/seed_20260830/epoch_100.pt,completed_epoch_100,800,basis_eval,results/paper1_experiment03_20260901_server/checkpoints/stageB_ann/temporal_ann_dfa/seed_20260830/epoch_100.pt,e9da049cb3b321aa4f5700c71788e8d685b721f654fbafc0fe94502dde8dcc50,UNAVAILABLE,real_checkpoint_replay,0.16750537109375,0.4092742003764102,1434.679755206715,11.51208213312963,0.83249462890625,0.83249462890625,1e-06,0.6466003656387329,0.7777963849321498,0.0795947779045705,0.0572534993489583,0.0,canonical epsilon=1e-12; zero-vector effects retained,"population, time axis then sample/feature mean",04_gate_statistics/temporal_ann_dfa_20260830.csv
N-MNIST,temporal ANN-DFA,20260830,H3,results/paper1_experiment03_20260901_server/checkpoints/stageB_ann/temporal_ann_dfa/seed_20260830/epoch_100.pt,completed_epoch_100,800,basis_eval,results/paper1_experiment03_20260901_server/checkpoints/stageB_ann/temporal_ann_dfa/seed_20260830/epoch_100.pt,e9da049cb3b321aa4f5700c71788e8d685b721f654fbafc0fe94502dde8dcc50,UNAVAILABLE,real_checkpoint_replay,0.1003014322916666,0.316704013696806,1110.1819670666607,8.937253218721711,0.8996985677083333,0.8996985677083333,1e-06,0.7269340753555298,0.8221378189305495,0.0565353619718021,0.0265881673177083,0.0,canonical epsilon=1e-12; zero-vector effects retained,"population, time axis then sample/feature mean",04_gate_statistics/temporal_ann_dfa_20260830.csv
N-MNIST,temporal ANN-DFA,20260831,H1,results/paper1_experiment03_20260901_server/checkpoints/stageB_ann/temporal_ann_dfa/seed_20260831/epoch_100.pt,completed_epoch_100,800,basis_fit,results/paper1_experiment03_20260901_server/checkpoints/stageB_ann/temporal_ann_dfa/seed_20260831/epoch_100.pt,582eaf2e63392b550e7f2d3208dda5e5757d7501c5ad43b98913f4a243bac29c,UNAVAILABLE,real_checkpoint_replay,0.1221632486979166,0.349518595639655,1225.2110022359414,9.780851371280422,0.8778367513020834,0.8778367513020834,1e-06,0.3485034108161926,0.6041435177752853,0.1003569473901935,0.0776608995225694,0.0,canonical epsilon=1e-12; zero-vector effects retained,"population, time axis then sample/feature mean",04_gate_statistics/temporal_ann_dfa_20260831.csv
N-MNIST,temporal ANN-DFA,20260831,H2,results/paper1_experiment03_20260901_server/checkpoints/stageB_ann/temporal_ann_dfa/seed_20260831/epoch_100.pt,completed_epoch_100,800,basis_fit,results/paper1_experiment03_20260901_server/checkpoints/stageB_ann/temporal_ann_dfa/seed_20260831/epoch_100.pt,582eaf2e63392b550e7f2d3208dda5e5757d7501c5ad43b98913f4a243bac29c,UNAVAILABLE,real_checkpoint_replay,0.2168067220052083,0.4656250873881349,1632.213527697893,13.118233229976546,0.7831932779947917,0.7831932779947917,1e-06,0.6328311562538147,0.7702261079389479,0.0742095374462607,0.0765720621744791,0.0,canonical epsilon=1e-12; zero-vector effects retained,"population, time axis then sample/feature mean",04_gate_statistics/temporal_ann_dfa_20260831.csv
N-MNIST,temporal ANN-DFA,20260831,H3,results/paper1_experiment03_20260901_server/checkpoints/stageB_ann/temporal_ann_dfa/seed_20260831/epoch_100.pt,completed_epoch_100,800,basis_fit,results/paper1_experiment03_20260901_server/checkpoints/stageB_ann/temporal_ann_dfa/seed_20260831/epoch_100.pt,582eaf2e63392b550e7f2d3208dda5e5757d7501c5ad43b98913f4a243bac29c,UNAVAILABLE,real_checkpoint_replay,0.097718017578125,0.3125988125027428,1095.7914947653137,8.827815119275261,0.902281982421875,0.902281982421875,1e-06,0.6789489984512329,0.784167310034353,0.044123326927958,0.0302678792317708,0.0,canonical epsilon=1e-12; zero-vector effects retained,"population, time axis then sample/feature mean",04_gate_statistics/temporal_ann_dfa_20260831.csv
N-MNIST,temporal ANN-DFA,20260831,H1,results/paper1_experiment03_20260901_server/checkpoints/stageB_ann/temporal_ann_dfa/seed_20260831/epoch_100.pt,completed_epoch_100,800,basis_eval,results/paper1_experiment03_20260901_server/checkpoints/stageB_ann/temporal_ann_dfa/seed_20260831/epoch_100.pt,582eaf2e63392b550e7f2d3208dda5e5757d7501c5ad43b98913f4a243bac29c,UNAVAILABLE,real_checkpoint_replay,0.12145361328125,0.3485019559216992,1221.647248595109,9.762507465239452,0.87854638671875,0.87854638671875,1e-06,0.3472561240196228,0.6027973435161783,0.0991652537637865,0.0773242078993055,0.0,canonical epsilon=1e-12; zero-vector effects retained,"population, time axis then sample/feature mean",04_gate_statistics/temporal_ann_dfa_20260831.csv
N-MNIST,temporal ANN-DFA,20260831,H2,results/paper1_experiment03_20260901_server/checkpoints/stageB_ann/temporal_ann_dfa/seed_20260831/epoch_100.pt,completed_epoch_100,800,basis_eval,results/paper1_experiment03_20260901_server/checkpoints/stageB_ann/temporal_ann_dfa/seed_20260831/epoch_100.pt,582eaf2e63392b550e7f2d3208dda5e5757d7501c5ad43b98913f4a243bac29c,UNAVAILABLE,real_checkpoint_replay,0.2172731119791666,0.4661256396929552,1633.9681759446846,13.1315438088423,0.7827268880208333,0.7827268880208333,1e-06,0.6322210431098938,0.7695092555091906,0.0738261719969083,0.0768431803385416,0.0,canonical epsilon=1e-12; zero-vector effects retained,"population, time axis then sample/feature mean",04_gate_statistics/temporal_ann_dfa_20260831.csv
N-MNIST,temporal ANN-DFA,20260831,H3,results/paper1_experiment03_20260901_server/checkpoints/stageB_ann/temporal_ann_dfa/seed_20260831/epoch_100.pt,completed_epoch_100,800,basis_eval,results/paper1_experiment03_20260901_server/checkpoints/stageB_ann/temporal_ann_dfa/seed_20260831/epoch_100.pt,582eaf2e63392b550e7f2d3208dda5e5757d7501c5ad43b98913f4a243bac29c,UNAVAILABLE,real_checkpoint_replay,0.0975904947916666,0.3123947739506323,1095.076253052727,8.821511327895946,0.9024095052083332,0.9024095052083332,1e-06,0.6756280660629272,0.7821727623248197,0.0448263472203549,0.0305285427517361,0.0,canonical epsilon=1e-12; zero-vector effects retained,"population, time axis then sample/feature mean",04_gate_statistics/temporal_ann_dfa_20260831.csv
N-MNIST,temporal ANN-DFA,20260901,H1,results/paper1_experiment03_20260901_server/checkpoints/stageB_ann/temporal_ann_dfa/seed_20260901/epoch_100.pt,completed_epoch_100,800,basis_fit,results/paper1_experiment03_20260901_server/checkpoints/stageB_ann/temporal_ann_dfa/seed_20260901/epoch_100.pt,a6a1094ccb95d20bfdabf58320ff0c4ae9650d4ddb8667a1533d5db24a016a56,UNAVAILABLE,real_checkpoint_replay,0.1099895833333333,0.3316467749478853,1162.5626864818946,9.24909580844662,0.8900104166666667,0.8900104166666667,1e-06,0.3129350244998932,0.5813155345038097,0.1067892021278248,0.0736025173611111,0.0,canonical epsilon=1e-12; zero-vector effects retained,"population, time axis then sample/feature mean",04_gate_statistics/temporal_ann_dfa_20260901.csv
N-MNIST,temporal ANN-DFA,20260901,H2,results/paper1_experiment03_20260901_server/checkpoints/stageB_ann/temporal_ann_dfa/seed_20260901/epoch_100.pt,completed_epoch_100,800,basis_fit,results/paper1_experiment03_20260901_server/checkpoints/stageB_ann/temporal_ann_dfa/seed_20260901/epoch_100.pt,a6a1094ccb95d20bfdabf58320ff0c4ae9650d4ddb8667a1533d5db24a016a56,UNAVAILABLE,real_checkpoint_replay,0.245733642578125,0.4957152837850826,1737.692435386654,13.965087479692247,0.754266357421875,0.754266357421875,1e-06,0.6275787949562073,0.7658364933290372,0.0731677423293209,0.0880699951171875,0.0,canonical epsilon=1e-12; zero-vector effects retained,"population, time axis then sample/feature mean",04_gate_statistics/temporal_ann_dfa_20260901.csv
N-MNIST,temporal ANN-DFA,20260901,H3,results/paper1_experiment03_20260901_server/checkpoints/stageB_ann/temporal_ann_dfa/seed_20260901/epoch_100.pt,completed_epoch_100,800,basis_fit,results/paper1_experiment03_20260901_server/checkpoints/stageB_ann/temporal_ann_dfa/seed_20260901/epoch_100.pt,a6a1094ccb95d20bfdabf58320ff0c4ae9650d4ddb8667a1533d5db24a016a56,UNAVAILABLE,real_checkpoint_replay,0.1228506673177083,0.3505005953171953,1228.6533278349918,9.893083808067994,0.8771493326822917,0.8771493326822917,1e-06,0.6820239424705505,0.7869248906230908,0.0500630568601356,0.0376406222873263,0.0,canonical epsilon=1e-12; zero-vector effects retained,"population, time axis then sample/feature mean",04_gate_statistics/temporal_ann_dfa_20260901.csv
N-MNIST,temporal ANN-DFA,20260901,H1,results/paper1_experiment03_20260901_server/checkpoints/stageB_ann/temporal_ann_dfa/seed_20260901/epoch_100.pt,completed_epoch_100,800,basis_eval,results/paper1_experiment03_20260901_server/checkpoints/stageB_ann/temporal_ann_dfa/seed_20260901/epoch_100.pt,a6a1094ccb95d20bfdabf58320ff0c4ae9650d4ddb8667a1533d5db24a016a56,UNAVAILABLE,real_checkpoint_replay,0.1094585774739583,0.3308452470173303,1159.752990942468,9.238871066611429,0.8905414225260416,0.8905414225260416,1e-06,0.3129514753818512,0.5806844047367569,0.1068860292024256,0.0731793158637152,0.0,canonical epsilon=1e-12; zero-vector effects retained,"population, time axis then sample/feature mean",04_gate_statistics/temporal_ann_dfa_20260901.csv
N-MNIST,temporal ANN-DFA,20260901,H2,results/paper1_experiment03_20260901_server/checkpoints/stageB_ann/temporal_ann_dfa/seed_20260901/epoch_100.pt,completed_epoch_100,800,basis_eval,results/paper1_experiment03_20260901_server/checkpoints/stageB_ann/temporal_ann_dfa/seed_20260901/epoch_100.pt,a6a1094ccb95d20bfdabf58320ff0c4ae9650d4ddb8667a1533d5db24a016a56,UNAVAILABLE,real_checkpoint_replay,0.2445418294270833,0.4945117080788718,1733.47339177733,13.929589011332776,0.7554581705729166,0.7554581705729166,1e-06,0.6252585053443909,0.7627978782816311,0.0736850631615661,0.0881634114583333,0.0,canonical epsilon=1e-12; zero-vector effects retained,"population, time axis then sample/feature mean",04_gate_statistics/temporal_ann_dfa_20260901.csv
N-MNIST,temporal ANN-DFA,20260901,H3,results/paper1_experiment03_20260901_server/checkpoints/stageB_ann/temporal_ann_dfa/seed_20260901/epoch_100.pt,completed_epoch_100,800,basis_eval,results/paper1_experiment03_20260901_server/checkpoints/stageB_ann/temporal_ann_dfa/seed_20260901/epoch_100.pt,a6a1094ccb95d20bfdabf58320ff0c4ae9650d4ddb8667a1533d5db24a016a56,UNAVAILABLE,real_checkpoint_replay,0.1229812825520833,0.3506868725117656,1229.3063084520472,9.898659412602584,0.8770187174479167,0.8770187174479167,1e-06,0.6816695928573608,0.7856542202154253,0.0504255203923943,0.0377342556423611,0.0,canonical epsilon=1e-12; zero-vector effects retained,"population, time axis then sample/feature mean",04_gate_statistics/temporal_ann_dfa_20260901.csv
N-MNIST,temporal ANN-DFA,20260908,H1,results/paper_v9_signal_processing/03_five_seed/checkpoints/temporal_ann_dfa/seed_20260908/epoch_100.pt,completed_epoch_100,800,basis_fit,results/paper_v9_signal_processing/03_five_seed/checkpoints/temporal_ann_dfa/seed_20260908/epoch_100.pt,072604c237c2e886f379d46bf801b4f1fde4a069ae7dd08428aa34fc079c1ecb,UNAVAILABLE,real_checkpoint_replay,0.135890380859375,0.3686331250164247,1292.2155392967536,10.30298419380747,0.864109619140625,0.864109619140625,1e-06,0.4055005013942718,0.6367245722576389,0.0922285279856699,0.0792428249782986,0.0,canonical epsilon=1e-12; zero-vector effects retained,"population, time axis then sample/feature mean",04_gate_statistics/temporal_ann_dfa_20260908.csv
N-MNIST,temporal ANN-DFA,20260908,H2,results/paper_v9_signal_processing/03_five_seed/checkpoints/temporal_ann_dfa/seed_20260908/epoch_100.pt,completed_epoch_100,800,basis_fit,results/paper_v9_signal_processing/03_five_seed/checkpoints/temporal_ann_dfa/seed_20260908/epoch_100.pt,072604c237c2e886f379d46bf801b4f1fde4a069ae7dd08428aa34fc079c1ecb,UNAVAILABLE,real_checkpoint_replay,0.1976180826822916,0.4445425544110391,1558.3103028601204,12.509144423520324,0.8023819173177084,0.8023819173177084,1e-06,0.5875871181488037,0.7400297924783461,0.0821031576907864,0.0787301025390625,0.0,canonical epsilon=1e-12; zero-vector effects retained,"population, time axis then sample/feature mean",04_gate_statistics/temporal_ann_dfa_20260908.csv
N-MNIST,temporal ANN-DFA,20260908,H3,results/paper_v9_signal_processing/03_five_seed/checkpoints/temporal_ann_dfa/seed_20260908/epoch_100.pt,completed_epoch_100,800,basis_fit,results/paper_v9_signal_processing/03_five_seed/checkpoints/temporal_ann_dfa/seed_20260908/epoch_100.pt,072604c237c2e886f379d46bf801b4f1fde4a069ae7dd08428aa34fc079c1ecb,UNAVAILABLE,real_checkpoint_replay,0.1225673014322916,0.3500961317014109,1227.2355112202383,9.881620349553144,0.8774326985677083,0.8774326985677083,1e-06,0.696333646774292,0.8017836225376996,0.0570277482135385,0.036124915907118,0.0,canonical epsilon=1e-12; zero-vector effects retained,"population, time axis then sample/feature mean",04_gate_statistics/temporal_ann_dfa_20260908.csv
N-MNIST,temporal ANN-DFA,20260908,H1,results/paper_v9_signal_processing/03_five_seed/checkpoints/temporal_ann_dfa/seed_20260908/epoch_100.pt,completed_epoch_100,800,basis_eval,results/paper_v9_signal_processing/03_five_seed/checkpoints/temporal_ann_dfa/seed_20260908/epoch_100.pt,072604c237c2e886f379d46bf801b4f1fde4a069ae7dd08428aa34fc079c1ecb,UNAVAILABLE,real_checkpoint_replay,0.1339290364583333,0.3659631627067584,1282.8561883547195,10.241932521758256,0.8660709635416667,0.8660709635416667,1e-06,0.4035816192626953,0.6348784636824462,0.090531491048756,0.0782927951388888,0.0,canonical epsilon=1e-12; zero-vector effects retained,"population, time axis then sample/feature mean",04_gate_statistics/temporal_ann_dfa_20260908.csv
N-MNIST,temporal ANN-DFA,20260908,H2,results/paper_v9_signal_processing/03_five_seed/checkpoints/temporal_ann_dfa/seed_20260908/epoch_100.pt,completed_epoch_100,800,basis_eval,results/paper_v9_signal_processing/03_five_seed/checkpoints/temporal_ann_dfa/seed_20260908/epoch_100.pt,072604c237c2e886f379d46bf801b4f1fde4a069ae7dd08428aa34fc079c1ecb,UNAVAILABLE,real_checkpoint_replay,0.196627197265625,0.4434266537609405,1554.3985975289606,12.47705788949382,0.803372802734375,0.803372802734375,1e-06,0.5858641266822815,0.7365832179537765,0.0810129186076739,0.0785948811848958,0.0,canonical epsilon=1e-12; zero-vector effects retained,"population, time axis then sample/feature mean",04_gate_statistics/temporal_ann_dfa_20260908.csv
N-MNIST,temporal ANN-DFA,20260908,H3,results/paper_v9_signal_processing/03_five_seed/checkpoints/temporal_ann_dfa/seed_20260908/epoch_100.pt,completed_epoch_100,800,basis_eval,results/paper_v9_signal_processing/03_five_seed/checkpoints/temporal_ann_dfa/seed_20260908/epoch_100.pt,072604c237c2e886f379d46bf801b4f1fde4a069ae7dd08428aa34fc079c1ecb,UNAVAILABLE,real_checkpoint_replay,0.1228092447916666,0.3504414998136874,1228.446173016954,9.891293660345127,0.8771907552083333,0.8771907552083333,1e-06,0.6964618563652039,0.7991515075255023,0.0569212922657622,0.036168115234375,0.0,canonical epsilon=1e-12; zero-vector effects retained,"population, time axis then sample/feature mean",04_gate_statistics/temporal_ann_dfa_20260908.csv
N-MNIST,temporal ANN-DFA,20260909,H1,results/paper_v9_signal_processing/03_five_seed/checkpoints/temporal_ann_dfa/seed_20260909/epoch_100.pt,completed_epoch_100,800,basis_fit,results/paper_v9_signal_processing/03_five_seed/checkpoints/temporal_ann_dfa/seed_20260909/epoch_100.pt,81fd5ae699ebe89c5d21e5b3a8f967322f1c97a6d1f3042a2eccfcdc6da0dd0e,UNAVAILABLE,real_checkpoint_replay,0.1025674641927083,0.3202615559081488,1122.652662224608,8.905490330198145,0.8974325358072917,0.8974325358072917,1e-06,0.2292274534702301,0.5208228819416089,0.1227521780790061,0.0762033393012152,0.0,canonical epsilon=1e-12; zero-vector effects retained,"population, time axis then sample/feature mean",04_gate_statistics/temporal_ann_dfa_20260909.csv
N-MNIST,temporal ANN-DFA,20260909,H2,results/paper_v9_signal_processing/03_five_seed/checkpoints/temporal_ann_dfa/seed_20260909/epoch_100.pt,completed_epoch_100,800,basis_fit,results/paper_v9_signal_processing/03_five_seed/checkpoints/temporal_ann_dfa/seed_20260909/epoch_100.pt,81fd5ae699ebe89c5d21e5b3a8f967322f1c97a6d1f3042a2eccfcdc6da0dd0e,UNAVAILABLE,real_checkpoint_replay,0.2295987141927083,0.4791646003125735,1679.6752662345184,13.488211167674711,0.7704012858072916,0.7704012858072916,1e-06,0.546692430973053,0.7140245975664237,0.0817804677373565,0.1002539143880208,0.0,canonical epsilon=1e-12; zero-vector effects retained,"population, time axis then sample/feature mean",04_gate_statistics/temporal_ann_dfa_20260909.csv
N-MNIST,temporal ANN-DFA,20260909,H3,results/paper_v9_signal_processing/03_five_seed/checkpoints/temporal_ann_dfa/seed_20260909/epoch_100.pt,completed_epoch_100,800,basis_fit,results/paper_v9_signal_processing/03_five_seed/checkpoints/temporal_ann_dfa/seed_20260909/epoch_100.pt,81fd5ae699ebe89c5d21e5b3a8f967322f1c97a6d1f3042a2eccfcdc6da0dd0e,UNAVAILABLE,real_checkpoint_replay,0.1186121419270833,0.3444011352000503,1207.272131708506,9.717335155335643,0.8813878580729166,0.8813878580729166,1e-06,0.6897770762443542,0.7934017044120824,0.0591627148232306,0.0353319064670138,0.0,canonical epsilon=1e-12; zero-vector effects retained,"population, time axis then sample/feature mean",04_gate_statistics/temporal_ann_dfa_20260909.csv
N-MNIST,temporal ANN-DFA,20260909,H1,results/paper_v9_signal_processing/03_five_seed/checkpoints/temporal_ann_dfa/seed_20260909/epoch_100.pt,completed_epoch_100,800,basis_eval,results/paper_v9_signal_processing/03_five_seed/checkpoints/temporal_ann_dfa/seed_20260909/epoch_100.pt,81fd5ae699ebe89c5d21e5b3a8f967322f1c97a6d1f3042a2eccfcdc6da0dd0e,UNAVAILABLE,real_checkpoint_replay,0.1019453125,0.3192887603721747,1119.2426010476906,8.8903406977187,0.8980546875,0.8980546875,1e-06,0.2310437113046646,0.5212068591653944,0.1211932486023536,0.0755523708767361,0.0,canonical epsilon=1e-12; zero-vector effects retained,"population, time axis then sample/feature mean",04_gate_statistics/temporal_ann_dfa_20260909.csv
N-MNIST,temporal ANN-DFA,20260909,H2,results/paper_v9_signal_processing/03_five_seed/checkpoints/temporal_ann_dfa/seed_20260909/epoch_100.pt,completed_epoch_100,800,basis_eval,results/paper_v9_signal_processing/03_five_seed/checkpoints/temporal_ann_dfa/seed_20260909/epoch_100.pt,81fd5ae699ebe89c5d21e5b3a8f967322f1c97a6d1f3042a2eccfcdc6da0dd0e,UNAVAILABLE,real_checkpoint_replay,0.229461669921875,0.479021575632951,1679.1739040373395,13.483146641624796,0.770538330078125,0.770538330078125,1e-06,0.5461269021034241,0.7129090693322676,0.0818423743186622,0.1003216064453124,0.0,canonical epsilon=1e-12; zero-vector effects retained,"population, time axis then sample/feature mean",04_gate_statistics/temporal_ann_dfa_20260909.csv
N-MNIST,temporal ANN-DFA,20260909,H3,results/paper_v9_signal_processing/03_five_seed/checkpoints/temporal_ann_dfa/seed_20260909/epoch_100.pt,completed_epoch_100,800,basis_eval,results/paper_v9_signal_processing/03_five_seed/checkpoints/temporal_ann_dfa/seed_20260909/epoch_100.pt,81fd5ae699ebe89c5d21e5b3a8f967322f1c97a6d1f3042a2eccfcdc6da0dd0e,UNAVAILABLE,real_checkpoint_replay,0.118942138671875,0.3448798902108892,1208.9503711898185,9.730485066940432,0.881057861328125,0.881057861328125,1e-06,0.6882070302963257,0.7918636363908244,0.0593568929180343,0.0355989284939236,0.0,canonical epsilon=1e-12; zero-vector effects retained,"population, time axis then sample/feature mean",04_gate_statistics/temporal_ann_dfa_20260909.csv
N-MNIST,MeanGate,20260830,H1,results/paper1_experiment03_20260901_server/checkpoints/stageC_gate/mean_gate/seed_20260830/epoch_100.pt,completed_epoch_100,800,basis_fit,results/paper1_experiment03_20260901_server/checkpoints/stageC_gate/mean_gate/seed_20260830/epoch_100.pt,01dd13b84fc1529257bc4f2248e91b56196e7f5c2918f6a8c2d3f135bfbb8def,UNAVAILABLE,real_checkpoint_replay,0.005678578517299,0.0194050373263311,68.02289070631464,0.5362205122019428,0.0,0.00213623046875,1e-06,1.0,0.9999999999960836,0.0,0.0,0.0,canonical epsilon=1e-12; zero-vector effects retained,"population, time axis then sample/feature mean",04_gate_statistics/mean_gate_20260830.csv
N-MNIST,MeanGate,20260830,H2,results/paper1_experiment03_20260901_server/checkpoints/stageC_gate/mean_gate/seed_20260830/epoch_100.pt,completed_epoch_100,800,basis_fit,results/paper1_experiment03_20260901_server/checkpoints/stageC_gate/mean_gate/seed_20260830/epoch_100.pt,01dd13b84fc1529257bc4f2248e91b56196e7f5c2918f6a8c2d3f135bfbb8def,UNAVAILABLE,real_checkpoint_replay,0.0019187119554513,0.0110156162434204,38.61440960858766,0.3043029046017335,0.0,0.0387060546875,1e-06,1.0,0.9999999999930644,0.0,0.0,0.0,canonical epsilon=1e-12; zero-vector effects retained,"population, time axis then sample/feature mean",04_gate_statistics/mean_gate_20260830.csv
N-MNIST,MeanGate,20260830,H3,results/paper1_experiment03_20260901_server/checkpoints/stageC_gate/mean_gate/seed_20260830/epoch_100.pt,completed_epoch_100,800,basis_fit,results/paper1_experiment03_20260901_server/checkpoints/stageC_gate/mean_gate/seed_20260830/epoch_100.pt,01dd13b84fc1529257bc4f2248e91b56196e7f5c2918f6a8c2d3f135bfbb8def,UNAVAILABLE,real_checkpoint_replay,0.0014283626728529,0.0094907352348223,33.269054562696525,0.2613296262892118,0.0,0.07523193359375,1e-06,1.0,0.9999999999918324,0.0,0.0,0.0,canonical epsilon=1e-12; zero-vector effects retained,"population, time axis then sample/feature mean",04_gate_statistics/mean_gate_20260830.csv
N-MNIST,MeanGate,20260830,H1,results/paper1_experiment03_20260901_server/checkpoints/stageC_gate/mean_gate/seed_20260830/epoch_100.pt,completed_epoch_100,800,basis_eval,results/paper1_experiment03_20260901_server/checkpoints/stageC_gate/mean_gate/seed_20260830/epoch_100.pt,01dd13b84fc1529257bc4f2248e91b56196e7f5c2918f6a8c2d3f135bfbb8def,UNAVAILABLE,real_checkpoint_replay,0.0054758100057597,0.018995341015774,66.58673127579713,0.5249857428221978,0.0,0.0021142578125,1e-06,1.0,0.9999999999960024,0.0,0.0,0.0,canonical epsilon=1e-12; zero-vector effects retained,"population, time axis then sample/feature mean",04_gate_statistics/mean_gate_20260830.csv
N-MNIST,MeanGate,20260830,H2,results/paper1_experiment03_20260901_server/checkpoints/stageC_gate/mean_gate/seed_20260830/epoch_100.pt,completed_epoch_100,800,basis_eval,results/paper1_experiment03_20260901_server/checkpoints/stageC_gate/mean_gate/seed_20260830/epoch_100.pt,01dd13b84fc1529257bc4f2248e91b56196e7f5c2918f6a8c2d3f135bfbb8def,UNAVAILABLE,real_checkpoint_replay,0.0018887438409936,0.0108796540316985,38.13780435848906,0.30080139137792,0.0,0.03978271484375,1e-06,1.0,0.9999999999929948,0.0,0.0,0.0,canonical epsilon=1e-12; zero-vector effects retained,"population, time axis then sample/feature mean",04_gate_statistics/mean_gate_20260830.csv
N-MNIST,MeanGate,20260830,H3,results/paper1_experiment03_20260901_server/checkpoints/stageC_gate/mean_gate/seed_20260830/epoch_100.pt,completed_epoch_100,800,basis_eval,results/paper1_experiment03_20260901_server/checkpoints/stageC_gate/mean_gate/seed_20260830/epoch_100.pt,01dd13b84fc1529257bc4f2248e91b56196e7f5c2918f6a8c2d3f135bfbb8def,UNAVAILABLE,real_checkpoint_replay,0.0014164360070965,0.0094104208921075,32.98751870864166,0.2585738905387781,0.0,0.0768115234375,1e-06,1.0,0.9999999999916924,0.0,0.0,0.0,canonical epsilon=1e-12; zero-vector effects retained,"population, time axis then sample/feature mean",04_gate_statistics/mean_gate_20260830.csv
N-MNIST,MeanGate,20260831,H1,results/paper1_experiment03_20260901_server/checkpoints/stageC_gate/mean_gate/seed_20260831/epoch_100.pt,completed_epoch_100,800,basis_fit,results/paper1_experiment03_20260901_server/checkpoints/stageC_gate/mean_gate/seed_20260831/epoch_100.pt,e3828627eaa748905bfcf0d20803a71acae440a27dee9ecaee8e4a17360ffc40,UNAVAILABLE,real_checkpoint_replay,0.0055372430178898,0.0190066273174812,66.62629455282948,0.5255601876015539,0.0,0.00142578125,1e-06,1.0,0.9999999999960044,0.0,0.0,0.0,canonical epsilon=1e-12; zero-vector effects retained,"population, time axis then sample/feature mean",04_gate_statistics/mean_gate_20260831.csv
N-MNIST,MeanGate,20260831,H2,results/paper1_experiment03_20260901_server/checkpoints/stageC_gate/mean_gate/seed_20260831/epoch_100.pt,completed_epoch_100,800,basis_fit,results/paper1_experiment03_20260901_server/checkpoints/stageC_gate/mean_gate/seed_20260831/epoch_100.pt,e3828627eaa748905bfcf0d20803a71acae440a27dee9ecaee8e4a17360ffc40,UNAVAILABLE,real_checkpoint_replay,0.0020180784268023,0.0113159147808524,39.66708341938851,0.3127651349766021,0.0,0.04121337890625,1e-06,1.0,0.9999999999932714,0.0,0.0,0.0,canonical epsilon=1e-12; zero-vector effects retained,"population, time axis then sample/feature mean",04_gate_statistics/mean_gate_20260831.csv
N-MNIST,MeanGate,20260831,H3,results/paper1_experiment03_20260901_server/checkpoints/stageC_gate/mean_gate/seed_20260831/epoch_100.pt,completed_epoch_100,800,basis_fit,results/paper1_experiment03_20260901_server/checkpoints/stageC_gate/mean_gate/seed_20260831/epoch_100.pt,e3828627eaa748905bfcf0d20803a71acae440a27dee9ecaee8e4a17360ffc40,UNAVAILABLE,real_checkpoint_replay,0.0014499024690425,0.0095362764162946,33.42869572997982,0.2623767984860731,0.0,0.0647607421875,1e-06,1.0,0.9999999999918758,0.0,0.0,0.0,canonical epsilon=1e-12; zero-vector effects retained,"population, time axis then sample/feature mean",04_gate_statistics/mean_gate_20260831.csv
N-MNIST,MeanGate,20260831,H1,results/paper1_experiment03_20260901_server/checkpoints/stageC_gate/mean_gate/seed_20260831/epoch_100.pt,completed_epoch_100,800,basis_eval,results/paper1_experiment03_20260901_server/checkpoints/stageC_gate/mean_gate/seed_20260831/epoch_100.pt,e3828627eaa748905bfcf0d20803a71acae440a27dee9ecaee8e4a17360ffc40,UNAVAILABLE,real_checkpoint_replay,0.0054215905038439,0.0188472688709831,66.06767557121869,0.5221793848285354,0.0,0.0014208984375,1e-06,1.0,0.9999999999959948,0.0,0.0,0.0,canonical epsilon=1e-12; zero-vector effects retained,"population, time axis then sample/feature mean",04_gate_statistics/mean_gate_20260831.csv
N-MNIST,MeanGate,20260831,H2,results/paper1_experiment03_20260901_server/checkpoints/stageC_gate/mean_gate/seed_20260831/epoch_100.pt,completed_epoch_100,800,basis_eval,results/paper1_experiment03_20260901_server/checkpoints/stageC_gate/mean_gate/seed_20260831/epoch_100.pt,e3828627eaa748905bfcf0d20803a71acae440a27dee9ecaee8e4a17360ffc40,UNAVAILABLE,real_checkpoint_replay,0.0019822180154151,0.0110883577061844,38.86939930472822,0.3076290422110657,0.0,0.04145751953125,1e-06,1.0,0.999999999993211,0.0,0.0,0.0,canonical epsilon=1e-12; zero-vector effects retained,"population, time axis then sample/feature mean",04_gate_statistics/mean_gate_20260831.csv
N-MNIST,MeanGate,20260831,H3,results/paper1_experiment03_20260901_server/checkpoints/stageC_gate/mean_gate/seed_20260831/epoch_100.pt,completed_epoch_100,800,basis_eval,results/paper1_experiment03_20260901_server/checkpoints/stageC_gate/mean_gate/seed_20260831/epoch_100.pt,e3828627eaa748905bfcf0d20803a71acae440a27dee9ecaee8e4a17360ffc40,UNAVAILABLE,real_checkpoint_replay,0.0014656843613722,0.0095589369206734,33.50813041421999,0.2627682516845059,0.0,0.067041015625,1e-06,1.0,0.9999999999918322,0.0,0.0,0.0,canonical epsilon=1e-12; zero-vector effects retained,"population, time axis then sample/feature mean",04_gate_statistics/mean_gate_20260831.csv
N-MNIST,MeanGate,20260901,H1,results/paper1_experiment03_20260901_server/checkpoints/stageC_gate/mean_gate/seed_20260901/epoch_100.pt,completed_epoch_100,800,basis_fit,results/paper1_experiment03_20260901_server/checkpoints/stageC_gate/mean_gate/seed_20260901/epoch_100.pt,0f375c4e4900c40a1a6fbb1fe2881ddab1d8194400528405b6ba6218d9121d7a,UNAVAILABLE,real_checkpoint_replay,0.0056864177683203,0.019305086240861,67.67251973569736,0.5341907753197385,0.0,0.001767578125,1e-06,1.0,0.9999999999960804,0.0,0.0,0.0,canonical epsilon=1e-12; zero-vector effects retained,"population, time axis then sample/feature mean",04_gate_statistics/mean_gate_20260901.csv
N-MNIST,MeanGate,20260901,H2,results/paper1_experiment03_20260901_server/checkpoints/stageC_gate/mean_gate/seed_20260901/epoch_100.pt,completed_epoch_100,800,basis_fit,results/paper1_experiment03_20260901_server/checkpoints/stageC_gate/mean_gate/seed_20260901/epoch_100.pt,0f375c4e4900c40a1a6fbb1fe2881ddab1d8194400528405b6ba6218d9121d7a,UNAVAILABLE,real_checkpoint_replay,0.0019199672297104,0.0109215641926288,38.28471725787912,0.3023636689286625,0.0,0.0460302734375,1e-06,1.0,0.9999999999930406,0.0,0.0,0.0,canonical epsilon=1e-12; zero-vector effects retained,"population, time axis then sample/feature mean",04_gate_statistics/mean_gate_20260901.csv
N-MNIST,MeanGate,20260901,H3,results/paper1_experiment03_20260901_server/checkpoints/stageC_gate/mean_gate/seed_20260901/epoch_100.pt,completed_epoch_100,800,basis_fit,results/paper1_experiment03_20260901_server/checkpoints/stageC_gate/mean_gate/seed_20260901/epoch_100.pt,0f375c4e4900c40a1a6fbb1fe2881ddab1d8194400528405b6ba6218d9121d7a,UNAVAILABLE,real_checkpoint_replay,0.0014340985968784,0.0094882389096569,33.26030388363155,0.2607419355669119,0.0,0.07657958984375,1e-06,1.0,0.9999999999917928,0.0,0.0,0.0,canonical epsilon=1e-12; zero-vector effects retained,"population, time axis then sample/feature mean",04_gate_statistics/mean_gate_20260901.csv
N-MNIST,MeanGate,20260901,H1,results/paper1_experiment03_20260901_server/checkpoints/stageC_gate/mean_gate/seed_20260901/epoch_100.pt,completed_epoch_100,800,basis_eval,results/paper1_experiment03_20260901_server/checkpoints/stageC_gate/mean_gate/seed_20260901/epoch_100.pt,0f375c4e4900c40a1a6fbb1fe2881ddab1d8194400528405b6ba6218d9121d7a,UNAVAILABLE,real_checkpoint_replay,0.0055726494665337,0.0191381318338465,67.08727368899784,0.5310172805449596,0.0,0.00182373046875,1e-06,1.0,0.9999999999960864,0.0,0.0,0.0,canonical epsilon=1e-12; zero-vector effects retained,"population, time axis then sample/feature mean",04_gate_statistics/mean_gate_20260901.csv
N-MNIST,MeanGate,20260901,H2,results/paper1_experiment03_20260901_server/checkpoints/stageC_gate/mean_gate/seed_20260901/epoch_100.pt,completed_epoch_100,800,basis_eval,results/paper1_experiment03_20260901_server/checkpoints/stageC_gate/mean_gate/seed_20260901/epoch_100.pt,0f375c4e4900c40a1a6fbb1fe2881ddab1d8194400528405b6ba6218d9121d7a,UNAVAILABLE,real_checkpoint_replay,0.0018964237287165,0.0109408250676082,38.352234798383776,0.3027338589077812,0.0,0.04771484375,1e-06,1.0,0.9999999999930452,0.0,0.0,0.0,canonical epsilon=1e-12; zero-vector effects retained,"population, time axis then sample/feature mean",04_gate_statistics/mean_gate_20260901.csv
N-MNIST,MeanGate,20260901,H3,results/paper1_experiment03_20260901_server/checkpoints/stageC_gate/mean_gate/seed_20260901/epoch_100.pt,completed_epoch_100,800,basis_eval,results/paper1_experiment03_20260901_server/checkpoints/stageC_gate/mean_gate/seed_20260901/epoch_100.pt,0f375c4e4900c40a1a6fbb1fe2881ddab1d8194400528405b6ba6218d9121d7a,UNAVAILABLE,real_checkpoint_replay,0.0014351240046639,0.0095239527237417,33.38549595779986,0.2613844238181688,0.0,0.07800048828125,1e-06,1.0,0.999999999991764,0.0,0.0,0.0,canonical epsilon=1e-12; zero-vector effects retained,"population, time axis then sample/feature mean",04_gate_statistics/mean_gate_20260901.csv
N-MNIST,MeanGate,20260908,H1,results/paper_v9_signal_processing/03_five_seed/checkpoints/mean_gate/seed_20260908/epoch_100.pt,completed_epoch_100,800,basis_fit,results/paper_v9_signal_processing/03_five_seed/checkpoints/mean_gate/seed_20260908/epoch_100.pt,4f6543e926f6caf3499bdb2eab1c969579baa9846b5a8022e7ea364f951cc4cd,UNAVAILABLE,real_checkpoint_replay,0.0055562662782412,0.0191068545479376,66.97763352880816,0.5289774172322927,0.0,0.00122802734375,1e-06,1.0,0.9999999999960416,0.0,0.0,0.0,canonical epsilon=1e-12; zero-vector effects retained,"population, time axis then sample/feature mean",04_gate_statistics/mean_gate_20260908.csv
N-MNIST,MeanGate,20260908,H2,results/paper_v9_signal_processing/03_five_seed/checkpoints/mean_gate/seed_20260908/epoch_100.pt,completed_epoch_100,800,basis_fit,results/paper_v9_signal_processing/03_five_seed/checkpoints/mean_gate/seed_20260908/epoch_100.pt,4f6543e926f6caf3499bdb2eab1c969579baa9846b5a8022e7ea364f951cc4cd,UNAVAILABLE,real_checkpoint_replay,0.0019121935448372,0.0108838763686792,38.1526054414293,0.3008283597832682,0.0,0.04473876953125,1e-06,1.0,0.9999999999929878,0.0,0.0,0.0,canonical epsilon=1e-12; zero-vector effects retained,"population, time axis then sample/feature mean",04_gate_statistics/mean_gate_20260908.csv
N-MNIST,MeanGate,20260908,H3,results/paper_v9_signal_processing/03_five_seed/checkpoints/mean_gate/seed_20260908/epoch_100.pt,completed_epoch_100,800,basis_fit,results/paper_v9_signal_processing/03_five_seed/checkpoints/mean_gate/seed_20260908/epoch_100.pt,4f6543e926f6caf3499bdb2eab1c969579baa9846b5a8022e7ea364f951cc4cd,UNAVAILABLE,real_checkpoint_replay,0.0014630348725328,0.0094483587064669,33.12050684756816,0.259830710002502,0.0,0.062138671875,1e-06,1.0,0.9999999999918092,0.0,0.0,0.0,canonical epsilon=1e-12; zero-vector effects retained,"population, time axis then sample/feature mean",04_gate_statistics/mean_gate_20260908.csv
N-MNIST,MeanGate,20260908,H1,results/paper_v9_signal_processing/03_five_seed/checkpoints/mean_gate/seed_20260908/epoch_100.pt,completed_epoch_100,800,basis_eval,results/paper_v9_signal_processing/03_five_seed/checkpoints/mean_gate/seed_20260908/epoch_100.pt,4f6543e926f6caf3499bdb2eab1c969579baa9846b5a8022e7ea364f951cc4cd,UNAVAILABLE,real_checkpoint_replay,0.0053956050498937,0.0188038396691637,65.91543778887727,0.5208105859652256,0.0,0.00116943359375,1e-06,1.0,0.999999999995993,0.0,0.0,0.0,canonical epsilon=1e-12; zero-vector effects retained,"population, time axis then sample/feature mean",04_gate_statistics/mean_gate_20260908.csv
N-MNIST,MeanGate,20260908,H2,results/paper_v9_signal_processing/03_five_seed/checkpoints/mean_gate/seed_20260908/epoch_100.pt,completed_epoch_100,800,basis_eval,results/paper_v9_signal_processing/03_five_seed/checkpoints/mean_gate/seed_20260908/epoch_100.pt,4f6543e926f6caf3499bdb2eab1c969579baa9846b5a8022e7ea364f951cc4cd,UNAVAILABLE,real_checkpoint_replay,0.0019117252933798,0.0109528876348413,38.3945192155026,0.3023357925202599,0.0,0.04486083984375,1e-06,1.0,0.999999999992988,0.0,0.0,0.0,canonical epsilon=1e-12; zero-vector effects retained,"population, time axis then sample/feature mean",04_gate_statistics/mean_gate_20260908.csv
N-MNIST,MeanGate,20260908,H3,results/paper_v9_signal_processing/03_five_seed/checkpoints/mean_gate/seed_20260908/epoch_100.pt,completed_epoch_100,800,basis_eval,results/paper_v9_signal_processing/03_five_seed/checkpoints/mean_gate/seed_20260908/epoch_100.pt,4f6543e926f6caf3499bdb2eab1c969579baa9846b5a8022e7ea364f951cc4cd,UNAVAILABLE,real_checkpoint_replay,0.0014358131968688,0.0093728222710113,32.855719586046575,0.2576794642939973,0.0,0.06328125,1e-06,1.0,0.9999999999916428,0.0,0.0,0.0,canonical epsilon=1e-12; zero-vector effects retained,"population, time axis then sample/feature mean",04_gate_statistics/mean_gate_20260908.csv
N-MNIST,MeanGate,20260909,H1,results/paper_v9_signal_processing/03_five_seed/checkpoints/mean_gate/seed_20260909/epoch_100.pt,completed_epoch_100,800,basis_fit,results/paper_v9_signal_processing/03_five_seed/checkpoints/mean_gate/seed_20260909/epoch_100.pt,4fe3c1e770a5dd4feaf9d90eebd3c46dc0c459695f8834d3a925086fc5d60654,UNAVAILABLE,real_checkpoint_replay,0.0056004032786933,0.0191698625389161,67.1985032757638,0.5302015895861673,0.0,0.001298828125,1e-06,1.0,0.999999999996044,0.0,0.0,0.0,canonical epsilon=1e-12; zero-vector effects retained,"population, time axis then sample/feature mean",04_gate_statistics/mean_gate_20260909.csv
N-MNIST,MeanGate,20260909,H2,results/paper_v9_signal_processing/03_five_seed/checkpoints/mean_gate/seed_20260909/epoch_100.pt,completed_epoch_100,800,basis_fit,results/paper_v9_signal_processing/03_five_seed/checkpoints/mean_gate/seed_20260909/epoch_100.pt,4fe3c1e770a5dd4feaf9d90eebd3c46dc0c459695f8834d3a925086fc5d60654,UNAVAILABLE,real_checkpoint_replay,0.0018866133987732,0.0107204645658393,37.57977772572931,0.2961573851500441,0.0,0.03653564453125,1e-06,1.0,0.9999999999928754,0.0,0.0,0.0,canonical epsilon=1e-12; zero-vector effects retained,"population, time axis then sample/feature mean",04_gate_statistics/mean_gate_20260909.csv
N-MNIST,MeanGate,20260909,H3,results/paper_v9_signal_processing/03_five_seed/checkpoints/mean_gate/seed_20260909/epoch_100.pt,completed_epoch_100,800,basis_fit,results/paper_v9_signal_processing/03_five_seed/checkpoints/mean_gate/seed_20260909/epoch_100.pt,4fe3c1e770a5dd4feaf9d90eebd3c46dc0c459695f8834d3a925086fc5d60654,UNAVAILABLE,real_checkpoint_replay,0.0013529165744523,0.0091479542885165,32.0674618806198,0.2516213261322931,0.0,0.07968994140625,1e-06,1.0,0.999999999991518,0.0,0.0,0.0,canonical epsilon=1e-12; zero-vector effects retained,"population, time axis then sample/feature mean",04_gate_statistics/mean_gate_20260909.csv
N-MNIST,MeanGate,20260909,H1,results/paper_v9_signal_processing/03_five_seed/checkpoints/mean_gate/seed_20260909/epoch_100.pt,completed_epoch_100,800,basis_eval,results/paper_v9_signal_processing/03_five_seed/checkpoints/mean_gate/seed_20260909/epoch_100.pt,4fe3c1e770a5dd4feaf9d90eebd3c46dc0c459695f8834d3a925086fc5d60654,UNAVAILABLE,real_checkpoint_replay,0.0054692900195883,0.0189337550962293,66.3708464926981,0.5237863994668961,0.0,0.00123046875,1e-06,1.0,0.9999999999960028,0.0,0.0,0.0,canonical epsilon=1e-12; zero-vector effects retained,"population, time axis then sample/feature mean",04_gate_statistics/mean_gate_20260909.csv
N-MNIST,MeanGate,20260909,H2,results/paper_v9_signal_processing/03_five_seed/checkpoints/mean_gate/seed_20260909/epoch_100.pt,completed_epoch_100,800,basis_eval,results/paper_v9_signal_processing/03_five_seed/checkpoints/mean_gate/seed_20260909/epoch_100.pt,4fe3c1e770a5dd4feaf9d90eebd3c46dc0c459695f8834d3a925086fc5d60654,UNAVAILABLE,real_checkpoint_replay,0.0019335436993717,0.0110673957614032,38.79591879268929,0.3065599245246905,0.0,0.03787109375,1e-06,1.0,0.9999999999931668,0.0,0.0,0.0,canonical epsilon=1e-12; zero-vector effects retained,"population, time axis then sample/feature mean",04_gate_statistics/mean_gate_20260909.csv
N-MNIST,MeanGate,20260909,H3,results/paper_v9_signal_processing/03_five_seed/checkpoints/mean_gate/seed_20260909/epoch_100.pt,completed_epoch_100,800,basis_eval,results/paper_v9_signal_processing/03_five_seed/checkpoints/mean_gate/seed_20260909/epoch_100.pt,4fe3c1e770a5dd4feaf9d90eebd3c46dc0c459695f8834d3a925086fc5d60654,UNAVAILABLE,real_checkpoint_replay,0.0013234794854381,0.0090382123069975,31.68276966440626,0.2472630139221082,0.0,0.0827490234375,1e-06,1.0,0.9999999999912352,0.0,0.0,0.0,canonical epsilon=1e-12; zero-vector effects retained,"population, time axis then sample/feature mean",04_gate_statistics/mean_gate_20260909.csv
N-MNIST,ShuffledGate,20260830,H1,results/paper1_experiment03_20260901_server/checkpoints/stageC_gate/shuffled_gate/seed_20260830/epoch_100.pt,completed_epoch_100,800,basis_fit,results/paper1_experiment03_20260901_server/checkpoints/stageC_gate/shuffled_gate/seed_20260830/epoch_100.pt,24d244f8706a1aa0070a87a7ad98a8b74e4936318e21ef2e65013e84971fac29,UNAVAILABLE,real_checkpoint_replay,0.0019507853606733,0.0256182426794776,89.80281215482496,0.6341744407250103,0.0,0.052070556640625,1e-06,0.0134880430996418,0.0161270236044149,0.5250244255369917,0.0006280065841494,0.0,canonical epsilon=1e-12; zero-vector effects retained,"population, time axis then sample/feature mean",04_gate_statistics/shuffled_gate_20260830.csv
N-MNIST,ShuffledGate,20260830,H2,results/paper1_experiment03_20260901_server/checkpoints/stageC_gate/shuffled_gate/seed_20260830/epoch_100.pt,completed_epoch_100,800,basis_fit,results/paper1_experiment03_20260901_server/checkpoints/stageC_gate/shuffled_gate/seed_20260830/epoch_100.pt,24d244f8706a1aa0070a87a7ad98a8b74e4936318e21ef2e65013e84971fac29,UNAVAILABLE,real_checkpoint_replay,0.0004847510734839,0.0127415914216305,44.66468505685405,0.24850890038679,0.0,0.4322501627604166,1e-06,0.0088205495849251,0.0114466736986471,1.0290456102267955,0.0001565170504634,0.0,canonical epsilon=1e-12; zero-vector effects retained,"population, time axis then sample/feature mean",04_gate_statistics/shuffled_gate_20260830.csv
N-MNIST,ShuffledGate,20260830,H3,results/paper1_experiment03_20260901_server/checkpoints/stageC_gate/shuffled_gate/seed_20260830/epoch_100.pt,completed_epoch_100,800,basis_fit,results/paper1_experiment03_20260901_server/checkpoints/stageC_gate/shuffled_gate/seed_20260830/epoch_100.pt,24d244f8706a1aa0070a87a7ad98a8b74e4936318e21ef2e65013e84971fac29,UNAVAILABLE,real_checkpoint_replay,0.0003685753614746,0.0111181187420511,38.97372436499354,0.201713877450653,0.0,0.5394479166666667,1e-06,0.0102175874635577,0.0144424992744536,1.1590171482708354,0.0001192075199223,0.0,canonical epsilon=1e-12; zero-vector effects retained,"population, time axis then sample/feature mean",04_gate_statistics/shuffled_gate_20260830.csv
N-MNIST,ShuffledGate,20260830,H1,results/paper1_experiment03_20260901_server/checkpoints/stageC_gate/shuffled_gate/seed_20260830/epoch_100.pt,completed_epoch_100,800,basis_eval,results/paper1_experiment03_20260901_server/checkpoints/stageC_gate/shuffled_gate/seed_20260830/epoch_100.pt,24d244f8706a1aa0070a87a7ad98a8b74e4936318e21ef2e65013e84971fac29,UNAVAILABLE,real_checkpoint_replay,0.0018816113583703,0.0250273608286625,87.73152051634838,0.6190631090607676,0.0,0.05203662109375,1e-06,0.0134300254285335,0.0164888622484718,0.5290435736558873,0.0005995046860645,0.0,canonical epsilon=1e-12; zero-vector effects retained,"population, time axis then sample/feature mean",04_gate_statistics/shuffled_gate_20260830.csv
N-MNIST,ShuffledGate,20260830,H2,results/paper1_experiment03_20260901_server/checkpoints/stageC_gate/shuffled_gate/seed_20260830/epoch_100.pt,completed_epoch_100,800,basis_eval,results/paper1_experiment03_20260901_server/checkpoints/stageC_gate/shuffled_gate/seed_20260830/epoch_100.pt,24d244f8706a1aa0070a87a7ad98a8b74e4936318e21ef2e65013e84971fac29,UNAVAILABLE,real_checkpoint_replay,0.0004769900724875,0.0125548763837221,44.010169613092266,0.2451351234135193,0.0,0.436268310546875,1e-06,0.0087050795555114,0.0110174185332738,1.0274334558937663,0.0001519902693576,0.0,canonical epsilon=1e-12; zero-vector effects retained,"population, time axis then sample/feature mean",04_gate_statistics/shuffled_gate_20260830.csv
N-MNIST,ShuffledGate,20260830,H3,results/paper1_experiment03_20260901_server/checkpoints/stageC_gate/shuffled_gate/seed_20260830/epoch_100.pt,completed_epoch_100,800,basis_eval,results/paper1_experiment03_20260901_server/checkpoints/stageC_gate/shuffled_gate/seed_20260830/epoch_100.pt,24d244f8706a1aa0070a87a7ad98a8b74e4936318e21ef2e65013e84971fac29,UNAVAILABLE,real_checkpoint_replay,0.0003681343582323,0.0110926714374609,38.88452076338292,0.200652368377006,0.0,0.5401168619791666,1e-06,0.0100832162424921,0.0133203457792458,1.1740459203252698,0.0001186934786648,0.0,canonical epsilon=1e-12; zero-vector effects retained,"population, time axis then sample/feature mean",04_gate_statistics/shuffled_gate_20260830.csv
N-MNIST,ShuffledGate,20260831,H1,results/paper1_experiment03_20260901_server/checkpoints/stageC_gate/shuffled_gate/seed_20260831/epoch_100.pt,completed_epoch_100,800,basis_fit,results/paper1_experiment03_20260901_server/checkpoints/stageC_gate/shuffled_gate/seed_20260831/epoch_100.pt,3cc680946d3d3d57547f7a6888864fddcff727bc1ef1cf30daff6768ea2e1c85,UNAVAILABLE,real_checkpoint_replay,0.0019294558715299,0.0254378455992464,89.17044383386042,0.6292262088965811,0.0,0.046894775390625,1e-06,0.0134428711608052,0.0154099068261042,0.5263586882001807,0.0006192232933257,0.0,canonical epsilon=1e-12; zero-vector effects retained,"population, time axis then sample/feature mean",04_gate_statistics/shuffled_gate_20260831.csv
N-MNIST,ShuffledGate,20260831,H2,results/paper1_experiment03_20260901_server/checkpoints/stageC_gate/shuffled_gate/seed_20260831/epoch_100.pt,completed_epoch_100,800,basis_fit,results/paper1_experiment03_20260901_server/checkpoints/stageC_gate/shuffled_gate/seed_20260831/epoch_100.pt,3cc680946d3d3d57547f7a6888864fddcff727bc1ef1cf30daff6768ea2e1c85,UNAVAILABLE,real_checkpoint_replay,0.000502609194719,0.0129607335828902,45.432871328994615,0.2554028148689207,0.0,0.442128662109375,1e-06,0.0086663831025362,0.0102251321358233,1.006536313187981,0.0001619792815865,0.0,canonical epsilon=1e-12; zero-vector effects retained,"population, time axis then sample/feature mean",04_gate_statistics/shuffled_gate_20260831.csv
N-MNIST,ShuffledGate,20260831,H3,results/paper1_experiment03_20260901_server/checkpoints/stageC_gate/shuffled_gate/seed_20260831/epoch_100.pt,completed_epoch_100,800,basis_fit,results/paper1_experiment03_20260901_server/checkpoints/stageC_gate/shuffled_gate/seed_20260831/epoch_100.pt,3cc680946d3d3d57547f7a6888864fddcff727bc1ef1cf30daff6768ea2e1c85,UNAVAILABLE,real_checkpoint_replay,0.0003778492257984,0.0112273562553201,39.35664820591172,0.2046250605485902,0.0,0.5383592122395834,1e-06,0.0094857942312955,0.0132446007232604,1.162154086677722,0.0001215814910674,0.0,canonical epsilon=1e-12; zero-vector effects retained,"population, time axis then sample/feature mean",04_gate_statistics/shuffled_gate_20260831.csv
N-MNIST,ShuffledGate,20260831,H1,results/paper1_experiment03_20260901_server/checkpoints/stageC_gate/shuffled_gate/seed_20260831/epoch_100.pt,completed_epoch_100,800,basis_eval,results/paper1_experiment03_20260901_server/checkpoints/stageC_gate/shuffled_gate/seed_20260831/epoch_100.pt,3cc680946d3d3d57547f7a6888864fddcff727bc1ef1cf30daff6768ea2e1c85,UNAVAILABLE,real_checkpoint_replay,0.0018749570934992,0.0250270769277202,87.73052532306906,0.6187229401376546,0.0,0.046602294921875,1e-06,0.0132340816780924,0.015375375975997,0.5307585139741079,0.0005996279804263,0.0,canonical epsilon=1e-12; zero-vector effects retained,"population, time axis then sample/feature mean",04_gate_statistics/shuffled_gate_20260831.csv
N-MNIST,ShuffledGate,20260831,H2,results/paper1_experiment03_20260901_server/checkpoints/stageC_gate/shuffled_gate/seed_20260831/epoch_100.pt,completed_epoch_100,800,basis_eval,results/paper1_experiment03_20260901_server/checkpoints/stageC_gate/shuffled_gate/seed_20260831/epoch_100.pt,3cc680946d3d3d57547f7a6888864fddcff727bc1ef1cf30daff6768ea2e1c85,UNAVAILABLE,real_checkpoint_replay,0.0004938151702327,0.0128267889280783,44.96333847204885,0.2522446562530887,0.0,0.444781005859375,1e-06,0.0088810259476304,0.0109641342719778,1.0116810535279768,0.0001585868984774,0.0,canonical epsilon=1e-12; zero-vector effects retained,"population, time axis then sample/feature mean",04_gate_statistics/shuffled_gate_20260831.csv
N-MNIST,ShuffledGate,20260831,H3,results/paper1_experiment03_20260901_server/checkpoints/stageC_gate/shuffled_gate/seed_20260831/epoch_100.pt,completed_epoch_100,800,basis_eval,results/paper1_experiment03_20260901_server/checkpoints/stageC_gate/shuffled_gate/seed_20260831/epoch_100.pt,3cc680946d3d3d57547f7a6888864fddcff727bc1ef1cf30daff6768ea2e1c85,UNAVAILABLE,real_checkpoint_replay,0.0003779216855942,0.0112654620448408,39.49022516906045,0.2057898826840198,0.0,0.5400477701822917,1e-06,0.0094887427985668,0.0129364366237567,1.152122894710836,0.0001224197093566,0.0,canonical epsilon=1e-12; zero-vector effects retained,"population, time axis then sample/feature mean",04_gate_statistics/shuffled_gate_20260831.csv
N-MNIST,ShuffledGate,20260901,H1,results/paper1_experiment03_20260901_server/checkpoints/stageC_gate/shuffled_gate/seed_20260901/epoch_100.pt,completed_epoch_100,800,basis_fit,results/paper1_experiment03_20260901_server/checkpoints/stageC_gate/shuffled_gate/seed_20260901/epoch_100.pt,5de9c6b1dd2a33bc7ada5f0431c39bf97831e179699f7cf6af09f3ba37944213,UNAVAILABLE,real_checkpoint_replay,0.0019486434098667,0.0254776163497898,89.30985719195046,0.6324463692071913,0.0,0.04580419921875,1e-06,0.0134293558076024,0.0157994370548931,0.5201062624460195,0.0006211527785255,0.0,canonical epsilon=1e-12; zero-vector effects retained,"population, time axis then sample/feature mean",04_gate_statistics/shuffled_gate_20260901.csv
N-MNIST,ShuffledGate,20260901,H2,results/paper1_experiment03_20260901_server/checkpoints/stageC_gate/shuffled_gate/seed_20260901/epoch_100.pt,completed_epoch_100,800,basis_fit,results/paper1_experiment03_20260901_server/checkpoints/stageC_gate/shuffled_gate/seed_20260901/epoch_100.pt,5de9c6b1dd2a33bc7ada5f0431c39bf97831e179699f7cf6af09f3ba37944213,UNAVAILABLE,real_checkpoint_replay,0.0004745317415648,0.0125207384873796,43.89050179937269,0.2428326780645584,0.0,0.4720287272135416,1e-06,0.0084842927753925,0.0104241179650999,1.0391656722118667,0.0001511807575765,0.0,canonical epsilon=1e-12; zero-vector effects retained,"population, time axis then sample/feature mean",04_gate_statistics/shuffled_gate_20260901.csv
N-MNIST,ShuffledGate,20260901,H3,results/paper1_experiment03_20260901_server/checkpoints/stageC_gate/shuffled_gate/seed_20260901/epoch_100.pt,completed_epoch_100,800,basis_fit,results/paper1_experiment03_20260901_server/checkpoints/stageC_gate/shuffled_gate/seed_20260901/epoch_100.pt,5de9c6b1dd2a33bc7ada5f0431c39bf97831e179699f7cf6af09f3ba37944213,UNAVAILABLE,real_checkpoint_replay,0.0003612164295899,0.0109017144557567,38.21513550646958,0.1973927423595205,0.0,0.55252197265625,1e-06,0.0100900717079639,0.0135775276843307,1.171303735380154,0.0001146517957984,0.0,canonical epsilon=1e-12; zero-vector effects retained,"population, time axis then sample/feature mean",04_gate_statistics/shuffled_gate_20260901.csv
N-MNIST,ShuffledGate,20260901,H1,results/paper1_experiment03_20260901_server/checkpoints/stageC_gate/shuffled_gate/seed_20260901/epoch_100.pt,completed_epoch_100,800,basis_eval,results/paper1_experiment03_20260901_server/checkpoints/stageC_gate/shuffled_gate/seed_20260901/epoch_100.pt,5de9c6b1dd2a33bc7ada5f0431c39bf97831e179699f7cf6af09f3ba37944213,UNAVAILABLE,real_checkpoint_replay,0.0018945177687118,0.025063525036877,87.85829141307634,0.6203003088637621,0.0,0.045732177734375,1e-06,0.0133906994014978,0.0150995636090331,0.5304676321156386,0.0006012821942669,0.0,canonical epsilon=1e-12; zero-vector effects retained,"population, time axis then sample/feature mean",04_gate_statistics/shuffled_gate_20260901.csv
N-MNIST,ShuffledGate,20260901,H2,results/paper1_experiment03_20260901_server/checkpoints/stageC_gate/shuffled_gate/seed_20260901/epoch_100.pt,completed_epoch_100,800,basis_eval,results/paper1_experiment03_20260901_server/checkpoints/stageC_gate/shuffled_gate/seed_20260901/epoch_100.pt,5de9c6b1dd2a33bc7ada5f0431c39bf97831e179699f7cf6af09f3ba37944213,UNAVAILABLE,real_checkpoint_replay,0.0004697755125454,0.0125201636471502,43.888486740424526,0.2431917251776101,0.0,0.4757493489583333,1e-06,0.0089081320911645,0.0111863488558475,1.0344013122684097,0.0001511394187473,0.0,canonical epsilon=1e-12; zero-vector effects retained,"population, time axis then sample/feature mean",04_gate_statistics/shuffled_gate_20260901.csv
N-MNIST,ShuffledGate,20260901,H3,results/paper1_experiment03_20260901_server/checkpoints/stageC_gate/shuffled_gate/seed_20260901/epoch_100.pt,completed_epoch_100,800,basis_eval,results/paper1_experiment03_20260901_server/checkpoints/stageC_gate/shuffled_gate/seed_20260901/epoch_100.pt,5de9c6b1dd2a33bc7ada5f0431c39bf97831e179699f7cf6af09f3ba37944213,UNAVAILABLE,real_checkpoint_replay,0.0003568311305512,0.0108408361819595,38.00173132201635,0.1945788522241549,0.0,0.5529873046875,1e-06,0.0104861781001091,0.0138356061549545,1.1890954325409449,0.0001133420416693,0.0,canonical epsilon=1e-12; zero-vector effects retained,"population, time axis then sample/feature mean",04_gate_statistics/shuffled_gate_20260901.csv
N-MNIST,ShuffledGate,20260908,H1,results/paper_v9_signal_processing/03_five_seed/checkpoints/shuffled_gate/seed_20260908/epoch_100.pt,completed_epoch_100,800,basis_fit,results/paper_v9_signal_processing/03_five_seed/checkpoints/shuffled_gate/seed_20260908/epoch_100.pt,4d69e086b10457295c0e51da08bcda190d63bf8bb19a0d30d9284a27653879cb,UNAVAILABLE,real_checkpoint_replay,0.0019191668550444,0.0252494804404271,88.51014401604812,0.6255917582664345,0.0,0.0463159993489583,1e-06,0.0134637281298637,0.0161758303582398,0.52568529367157,0.0006101026064137,0.0,canonical epsilon=1e-12; zero-vector effects retained,"population, time axis then sample/feature mean",04_gate_statistics/shuffled_gate_20260908.csv
N-MNIST,ShuffledGate,20260908,H2,results/paper_v9_signal_processing/03_five_seed/checkpoints/shuffled_gate/seed_20260908/epoch_100.pt,completed_epoch_100,800,basis_fit,results/paper_v9_signal_processing/03_five_seed/checkpoints/shuffled_gate/seed_20260908/epoch_100.pt,4d69e086b10457295c0e51da08bcda190d63bf8bb19a0d30d9284a27653879cb,UNAVAILABLE,real_checkpoint_replay,0.0005075587979692,0.0130547361924619,45.762390367243775,0.2576663605145372,0.0,0.450535888671875,1e-06,0.0087017817422747,0.0114235636616129,1.0081630961287344,0.0001643083281205,0.0,canonical epsilon=1e-12; zero-vector effects retained,"population, time axis then sample/feature mean",04_gate_statistics/shuffled_gate_20260908.csv
N-MNIST,ShuffledGate,20260908,H3,results/paper_v9_signal_processing/03_five_seed/checkpoints/shuffled_gate/seed_20260908/epoch_100.pt,completed_epoch_100,800,basis_fit,results/paper_v9_signal_processing/03_five_seed/checkpoints/shuffled_gate/seed_20260908/epoch_100.pt,4d69e086b10457295c0e51da08bcda190d63bf8bb19a0d30d9284a27653879cb,UNAVAILABLE,real_checkpoint_replay,0.0003847369235134,0.0113392862002852,39.749010162504646,0.2072797272617413,0.0,0.54972119140625,1e-06,0.010193252004683,0.0142485114200374,1.1550090231768673,0.0001240166095864,0.0,canonical epsilon=1e-12; zero-vector effects retained,"population, time axis then sample/feature mean",04_gate_statistics/shuffled_gate_20260908.csv
N-MNIST,ShuffledGate,20260908,H1,results/paper_v9_signal_processing/03_five_seed/checkpoints/shuffled_gate/seed_20260908/epoch_100.pt,completed_epoch_100,800,basis_eval,results/paper_v9_signal_processing/03_five_seed/checkpoints/shuffled_gate/seed_20260908/epoch_100.pt,4d69e086b10457295c0e51da08bcda190d63bf8bb19a0d30d9284a27653879cb,UNAVAILABLE,real_checkpoint_replay,0.0018789732436461,0.0249992885363021,87.63311521864338,0.6178735853523276,0.0,0.0461341959635416,1e-06,0.0132106691598892,0.0157630011420447,0.5320106947235071,0.000598283584582,0.0,canonical epsilon=1e-12; zero-vector effects retained,"population, time axis then sample/feature mean",04_gate_statistics/shuffled_gate_20260908.csv
N-MNIST,ShuffledGate,20260908,H2,results/paper_v9_signal_processing/03_five_seed/checkpoints/shuffled_gate/seed_20260908/epoch_100.pt,completed_epoch_100,800,basis_eval,results/paper_v9_signal_processing/03_five_seed/checkpoints/shuffled_gate/seed_20260908/epoch_100.pt,4d69e086b10457295c0e51da08bcda190d63bf8bb19a0d30d9284a27653879cb,UNAVAILABLE,real_checkpoint_replay,0.0004933186334258,0.0128325126322199,44.98340248402483,0.2514652046068372,0.0,0.4541786295572916,1e-06,0.0088083604350686,0.0116551129062962,1.019765153762556,0.0001587747754653,0.0,canonical epsilon=1e-12; zero-vector effects retained,"population, time axis then sample/feature mean",04_gate_statistics/shuffled_gate_20260908.csv
N-MNIST,ShuffledGate,20260908,H3,results/paper_v9_signal_processing/03_five_seed/checkpoints/shuffled_gate/seed_20260908/epoch_100.pt,completed_epoch_100,800,basis_eval,results/paper_v9_signal_processing/03_five_seed/checkpoints/shuffled_gate/seed_20260908/epoch_100.pt,4d69e086b10457295c0e51da08bcda190d63bf8bb19a0d30d9284a27653879cb,UNAVAILABLE,real_checkpoint_replay,0.0003785233481893,0.0111793809269061,39.18847432062471,0.2048024395476373,0.0,0.5517307942708334,1e-06,0.010274457745254,0.0136456189307576,1.1455058633603623,0.0001205348181285,0.0,canonical epsilon=1e-12; zero-vector effects retained,"population, time axis then sample/feature mean",04_gate_statistics/shuffled_gate_20260908.csv
N-MNIST,ShuffledGate,20260909,H1,results/paper_v9_signal_processing/03_five_seed/checkpoints/shuffled_gate/seed_20260909/epoch_100.pt,completed_epoch_100,800,basis_fit,results/paper_v9_signal_processing/03_five_seed/checkpoints/shuffled_gate/seed_20260909/epoch_100.pt,60b10a243add56995bb973da501c313d1203d82be1b61fe97e00a4ab6f6096e9,UNAVAILABLE,real_checkpoint_replay,0.0019222591208181,0.0253430614620085,88.83818520948316,0.6254000341897835,0.0,0.0484515787760416,1e-06,0.0135192703455686,0.0170268561358231,0.5308524364355794,0.0006146286391485,0.0,canonical epsilon=1e-12; zero-vector effects retained,"population, time axis then sample/feature mean",04_gate_statistics/shuffled_gate_20260909.csv
N-MNIST,ShuffledGate,20260909,H2,results/paper_v9_signal_processing/03_five_seed/checkpoints/shuffled_gate/seed_20260909/epoch_100.pt,completed_epoch_100,800,basis_fit,results/paper_v9_signal_processing/03_five_seed/checkpoints/shuffled_gate/seed_20260909/epoch_100.pt,60b10a243add56995bb973da501c313d1203d82be1b61fe97e00a4ab6f6096e9,UNAVAILABLE,real_checkpoint_replay,0.0004844588946397,0.0126967420585383,44.50746900657922,0.2467105680395335,0.0,0.4455730794270833,1e-06,0.008753202855587,0.0121742486307969,1.0368350942980156,0.0001554229567495,0.0,canonical epsilon=1e-12; zero-vector effects retained,"population, time axis then sample/feature mean",04_gate_statistics/shuffled_gate_20260909.csv
N-MNIST,ShuffledGate,20260909,H3,results/paper_v9_signal_processing/03_five_seed/checkpoints/shuffled_gate/seed_20260909/epoch_100.pt,completed_epoch_100,800,basis_fit,results/paper_v9_signal_processing/03_five_seed/checkpoints/shuffled_gate/seed_20260909/epoch_100.pt,60b10a243add56995bb973da501c313d1203d82be1b61fe97e00a4ab6f6096e9,UNAVAILABLE,real_checkpoint_replay,0.0003553290810892,0.0108846649075361,38.15536960466812,0.1963622078574433,0.0,0.5682626953125,1e-06,0.0091750128194689,0.0135014708651197,1.1752316727779404,0.0001142805168873,0.0,canonical epsilon=1e-12; zero-vector effects retained,"population, time axis then sample/feature mean",04_gate_statistics/shuffled_gate_20260909.csv
N-MNIST,ShuffledGate,20260909,H1,results/paper_v9_signal_processing/03_five_seed/checkpoints/shuffled_gate/seed_20260909/epoch_100.pt,completed_epoch_100,800,basis_eval,results/paper_v9_signal_processing/03_five_seed/checkpoints/shuffled_gate/seed_20260909/epoch_100.pt,60b10a243add56995bb973da501c313d1203d82be1b61fe97e00a4ab6f6096e9,UNAVAILABLE,real_checkpoint_replay,0.0018751894379224,0.0249288642247233,87.38624812073364,0.6158029877905365,0.0,0.04818359375,1e-06,0.013192263431847,0.0157758933074851,0.5329241960716667,0.0005949045049301,0.0,canonical epsilon=1e-12; zero-vector effects retained,"population, time axis then sample/feature mean",04_gate_statistics/shuffled_gate_20260909.csv
N-MNIST,ShuffledGate,20260909,H2,results/paper_v9_signal_processing/03_five_seed/checkpoints/shuffled_gate/seed_20260909/epoch_100.pt,completed_epoch_100,800,basis_eval,results/paper_v9_signal_processing/03_five_seed/checkpoints/shuffled_gate/seed_20260909/epoch_100.pt,60b10a243add56995bb973da501c313d1203d82be1b61fe97e00a4ab6f6096e9,UNAVAILABLE,real_checkpoint_replay,0.0004834765163922,0.0126958410283285,44.504310513326026,0.2480727487862399,0.0,0.4495264485677083,1e-06,0.0088034132495522,0.0106303841922049,1.027612135270448,0.0001554298209509,0.0,canonical epsilon=1e-12; zero-vector effects retained,"population, time axis then sample/feature mean",04_gate_statistics/shuffled_gate_20260909.csv
N-MNIST,ShuffledGate,20260909,H3,results/paper_v9_signal_processing/03_five_seed/checkpoints/shuffled_gate/seed_20260909/epoch_100.pt,completed_epoch_100,800,basis_eval,results/paper_v9_signal_processing/03_five_seed/checkpoints/shuffled_gate/seed_20260909/epoch_100.pt,60b10a243add56995bb973da501c313d1203d82be1b61fe97e00a4ab6f6096e9,UNAVAILABLE,real_checkpoint_replay,0.0003586489013815,0.0110272678169951,38.655253318433246,0.1980370206546955,0.0,0.5686871744791666,1e-06,0.0095631293952465,0.0125935654210332,1.1868173713353491,0.0001173222909922,0.0,canonical epsilon=1e-12; zero-vector effects retained,"population, time axis then sample/feature mean",04_gate_statistics/shuffled_gate_20260909.csv
