dataset,method,seed,layer,checkpoint,checkpoint_rule,width,probe_split,source_file,checkpoint_sha256,git_commit,provenance_status,temporal_mode,r50,r80,r90,r95,r99,stable_rank,spectral_entropy,entropy_effective_rank,stable_rank_over_D,entropy_rank_over_D,input_csv
N-MNIST,SNN-DFA,20260830,H1,results/experiment03_soft_spectral/experiment03_20260831_server/checkpoints/full_dense/seed_20260830/epoch_100.pt,completed_epoch_100,800,basis_fit,results/experiment03_soft_spectral/experiment03_20260831_server/checkpoints/full_dense/seed_20260830/epoch_100.pt,b8f2c8c95c5944358405d35f2d38dcb293461fa1e8641e9e6cb29ab98e39a534,UNAVAILABLE,real_checkpoint_replay,timestep,126,324,453,553,686,53.80816553589149,6.143620991532173,465.7369508228153,0.0672602069198643,0.5821711885285191,01_spectral_metrics/dfa_trained_20260830.csv
N-MNIST,SNN-DFA,20260830,H1,results/experiment03_soft_spectral/experiment03_20260831_server/checkpoints/full_dense/seed_20260830/epoch_100.pt,completed_epoch_100,800,basis_fit,results/experiment03_soft_spectral/experiment03_20260831_server/checkpoints/full_dense/seed_20260830/epoch_100.pt,b8f2c8c95c5944358405d35f2d38dcb293461fa1e8641e9e6cb29ab98e39a534,UNAVAILABLE,real_checkpoint_replay,time-collapsed,5,22,49,80,156,6.834553534102869,3.482441208033572,32.53905981071968,0.0085431919176285,0.0406738247633996,01_spectral_metrics/dfa_trained_20260830.csv
N-MNIST,SNN-DFA,20260830,H2,results/experiment03_soft_spectral/experiment03_20260831_server/checkpoints/full_dense/seed_20260830/epoch_100.pt,completed_epoch_100,800,basis_fit,results/experiment03_soft_spectral/experiment03_20260831_server/checkpoints/full_dense/seed_20260830/epoch_100.pt,b8f2c8c95c5944358405d35f2d38dcb293461fa1e8641e9e6cb29ab98e39a534,UNAVAILABLE,real_checkpoint_replay,timestep,98,285,415,519,661,30.284110490252008,5.947189512894527,382.6763194338192,0.037855138112815,0.478345399292274,01_spectral_metrics/dfa_trained_20260830.csv
N-MNIST,SNN-DFA,20260830,H2,results/experiment03_soft_spectral/experiment03_20260831_server/checkpoints/full_dense/seed_20260830/epoch_100.pt,completed_epoch_100,800,basis_fit,results/experiment03_soft_spectral/experiment03_20260831_server/checkpoints/full_dense/seed_20260830/epoch_100.pt,b8f2c8c95c5944358405d35f2d38dcb293461fa1e8641e9e6cb29ab98e39a534,UNAVAILABLE,real_checkpoint_replay,time-collapsed,4,10,26,48,122,4.9433699311350905,2.9821359936127085,19.72991463988223,0.0061792124139188,0.0246623932998527,01_spectral_metrics/dfa_trained_20260830.csv
N-MNIST,SNN-DFA,20260830,H3,results/experiment03_soft_spectral/experiment03_20260831_server/checkpoints/full_dense/seed_20260830/epoch_100.pt,completed_epoch_100,800,basis_fit,results/experiment03_soft_spectral/experiment03_20260831_server/checkpoints/full_dense/seed_20260830/epoch_100.pt,b8f2c8c95c5944358405d35f2d38dcb293461fa1e8641e9e6cb29ab98e39a534,UNAVAILABLE,real_checkpoint_replay,timestep,91,267,398,511,682,37.30006768948867,5.9483583028037295,383.1238491376188,0.0466250846118608,0.4789048114220235,01_spectral_metrics/dfa_trained_20260830.csv
N-MNIST,SNN-DFA,20260830,H3,results/experiment03_soft_spectral/experiment03_20260831_server/checkpoints/full_dense/seed_20260830/epoch_100.pt,completed_epoch_100,800,basis_fit,results/experiment03_soft_spectral/experiment03_20260831_server/checkpoints/full_dense/seed_20260830/epoch_100.pt,b8f2c8c95c5944358405d35f2d38dcb293461fa1e8641e9e6cb29ab98e39a534,UNAVAILABLE,real_checkpoint_replay,time-collapsed,5,16,34,60,132,5.47533903797949,3.2785301471027197,26.53673891736034,0.0068441737974743,0.0331709236467004,01_spectral_metrics/dfa_trained_20260830.csv
N-MNIST,SNN-DFA,20260830,H1,results/experiment03_soft_spectral/experiment03_20260831_server/checkpoints/full_dense/seed_20260830/epoch_100.pt,completed_epoch_100,800,basis_eval,results/experiment03_soft_spectral/experiment03_20260831_server/checkpoints/full_dense/seed_20260830/epoch_100.pt,b8f2c8c95c5944358405d35f2d38dcb293461fa1e8641e9e6cb29ab98e39a534,UNAVAILABLE,real_checkpoint_replay,timestep,124,321,448,546,680,43.271599085746814,6.124434206395464,456.8861368711281,0.0540894988571835,0.5711076710889101,01_spectral_metrics/dfa_trained_20260830.csv
N-MNIST,SNN-DFA,20260830,H1,results/experiment03_soft_spectral/experiment03_20260831_server/checkpoints/full_dense/seed_20260830/epoch_100.pt,completed_epoch_100,800,basis_eval,results/experiment03_soft_spectral/experiment03_20260831_server/checkpoints/full_dense/seed_20260830/epoch_100.pt,b8f2c8c95c5944358405d35f2d38dcb293461fa1e8641e9e6cb29ab98e39a534,UNAVAILABLE,real_checkpoint_replay,time-collapsed,5,21,45,73,148,5.611278314215581,3.414849452488817,30.412370576207078,0.0070140978927694,0.0380154632202588,01_spectral_metrics/dfa_trained_20260830.csv
N-MNIST,SNN-DFA,20260830,H2,results/experiment03_soft_spectral/experiment03_20260831_server/checkpoints/full_dense/seed_20260830/epoch_100.pt,completed_epoch_100,800,basis_eval,results/experiment03_soft_spectral/experiment03_20260831_server/checkpoints/full_dense/seed_20260830/epoch_100.pt,b8f2c8c95c5944358405d35f2d38dcb293461fa1e8641e9e6cb29ab98e39a534,UNAVAILABLE,real_checkpoint_replay,timestep,105,299,427,528,664,34.24198966823596,5.98992145561933,399.38323938594846,0.0428024870852949,0.4992290492324355,01_spectral_metrics/dfa_trained_20260830.csv
N-MNIST,SNN-DFA,20260830,H2,results/experiment03_soft_spectral/experiment03_20260831_server/checkpoints/full_dense/seed_20260830/epoch_100.pt,completed_epoch_100,800,basis_eval,results/experiment03_soft_spectral/experiment03_20260831_server/checkpoints/full_dense/seed_20260830/epoch_100.pt,b8f2c8c95c5944358405d35f2d38dcb293461fa1e8641e9e6cb29ab98e39a534,UNAVAILABLE,real_checkpoint_replay,time-collapsed,4,12,30,53,125,5.643124040481207,3.100893894033417,22.217802768887434,0.0070539050506015,0.0277722534611092,01_spectral_metrics/dfa_trained_20260830.csv
N-MNIST,SNN-DFA,20260830,H3,results/experiment03_soft_spectral/experiment03_20260831_server/checkpoints/full_dense/seed_20260830/epoch_100.pt,completed_epoch_100,800,basis_eval,results/experiment03_soft_spectral/experiment03_20260831_server/checkpoints/full_dense/seed_20260830/epoch_100.pt,b8f2c8c95c5944358405d35f2d38dcb293461fa1e8641e9e6cb29ab98e39a534,UNAVAILABLE,real_checkpoint_replay,timestep,101,281,411,523,688,46.65953694403787,6.013041829297904,408.7247020544724,0.0583244211800473,0.5109058775680905,01_spectral_metrics/dfa_trained_20260830.csv
N-MNIST,SNN-DFA,20260830,H3,results/experiment03_soft_spectral/experiment03_20260831_server/checkpoints/full_dense/seed_20260830/epoch_100.pt,completed_epoch_100,800,basis_eval,results/experiment03_soft_spectral/experiment03_20260831_server/checkpoints/full_dense/seed_20260830/epoch_100.pt,b8f2c8c95c5944358405d35f2d38dcb293461fa1e8641e9e6cb29ab98e39a534,UNAVAILABLE,real_checkpoint_replay,time-collapsed,5,20,39,64,135,6.508378361731506,3.4086699143019006,30.22501565054061,0.0081354729521643,0.0377812695631757,01_spectral_metrics/dfa_trained_20260830.csv
N-MNIST,SNN-DFA,20260831,H1,results/experiment03_soft_spectral/experiment03_20260831_server/checkpoints/full_dense/seed_20260831/epoch_100.pt,completed_epoch_100,800,basis_fit,results/experiment03_soft_spectral/experiment03_20260831_server/checkpoints/full_dense/seed_20260831/epoch_100.pt,b486ef7efe077a5e11dbfa4148cfa5a8ec90514c3508227a9bf491bde631d58a,UNAVAILABLE,real_checkpoint_replay,timestep,128,330,456,553,683,53.60901308495444,6.147377507756159,467.4897894568219,0.067011266356193,0.5843622368210274,01_spectral_metrics/dfa_trained_20260831.csv
N-MNIST,SNN-DFA,20260831,H1,results/experiment03_soft_spectral/experiment03_20260831_server/checkpoints/full_dense/seed_20260831/epoch_100.pt,completed_epoch_100,800,basis_fit,results/experiment03_soft_spectral/experiment03_20260831_server/checkpoints/full_dense/seed_20260831/epoch_100.pt,b486ef7efe077a5e11dbfa4148cfa5a8ec90514c3508227a9bf491bde631d58a,UNAVAILABLE,real_checkpoint_replay,time-collapsed,5,23,48,78,155,7.056107646028772,3.495948771738236,32.98156509006677,0.0088201345575359,0.0412269563625834,01_spectral_metrics/dfa_trained_20260831.csv
N-MNIST,SNN-DFA,20260831,H2,results/experiment03_soft_spectral/experiment03_20260831_server/checkpoints/full_dense/seed_20260831/epoch_100.pt,completed_epoch_100,800,basis_fit,results/experiment03_soft_spectral/experiment03_20260831_server/checkpoints/full_dense/seed_20260831/epoch_100.pt,b486ef7efe077a5e11dbfa4148cfa5a8ec90514c3508227a9bf491bde631d58a,UNAVAILABLE,real_checkpoint_replay,timestep,93,276,405,510,652,30.530134806177617,5.917863792104058,371.6170141565768,0.038162668507722,0.4645212676957209,01_spectral_metrics/dfa_trained_20260831.csv
N-MNIST,SNN-DFA,20260831,H2,results/experiment03_soft_spectral/experiment03_20260831_server/checkpoints/full_dense/seed_20260831/epoch_100.pt,completed_epoch_100,800,basis_fit,results/experiment03_soft_spectral/experiment03_20260831_server/checkpoints/full_dense/seed_20260831/epoch_100.pt,b486ef7efe077a5e11dbfa4148cfa5a8ec90514c3508227a9bf491bde631d58a,UNAVAILABLE,real_checkpoint_replay,time-collapsed,4,10,24,47,116,5.173785424624099,2.955771306105148,19.21653883894336,0.0064672317807801,0.0240206735486792,01_spectral_metrics/dfa_trained_20260831.csv
N-MNIST,SNN-DFA,20260831,H3,results/experiment03_soft_spectral/experiment03_20260831_server/checkpoints/full_dense/seed_20260831/epoch_100.pt,completed_epoch_100,800,basis_fit,results/experiment03_soft_spectral/experiment03_20260831_server/checkpoints/full_dense/seed_20260831/epoch_100.pt,b486ef7efe077a5e11dbfa4148cfa5a8ec90514c3508227a9bf491bde631d58a,UNAVAILABLE,real_checkpoint_replay,timestep,82,247,376,492,673,36.642268750738815,5.878887108164806,357.41126022144766,0.0458028359384235,0.4467640752768095,01_spectral_metrics/dfa_trained_20260831.csv
N-MNIST,SNN-DFA,20260831,H3,results/experiment03_soft_spectral/experiment03_20260831_server/checkpoints/full_dense/seed_20260831/epoch_100.pt,completed_epoch_100,800,basis_fit,results/experiment03_soft_spectral/experiment03_20260831_server/checkpoints/full_dense/seed_20260831/epoch_100.pt,b486ef7efe077a5e11dbfa4148cfa5a8ec90514c3508227a9bf491bde631d58a,UNAVAILABLE,real_checkpoint_replay,time-collapsed,4,13,30,53,119,4.92338532797949,3.122054846808508,22.69296232785903,0.0061542316599743,0.0283662029098237,01_spectral_metrics/dfa_trained_20260831.csv
N-MNIST,SNN-DFA,20260831,H1,results/experiment03_soft_spectral/experiment03_20260831_server/checkpoints/full_dense/seed_20260831/epoch_100.pt,completed_epoch_100,800,basis_eval,results/experiment03_soft_spectral/experiment03_20260831_server/checkpoints/full_dense/seed_20260831/epoch_100.pt,b486ef7efe077a5e11dbfa4148cfa5a8ec90514c3508227a9bf491bde631d58a,UNAVAILABLE,real_checkpoint_replay,timestep,130,331,457,554,682,49.9820209564572,6.159079688863601,472.9925741340908,0.0624775261955714,0.5912407176676135,01_spectral_metrics/dfa_trained_20260831.csv
N-MNIST,SNN-DFA,20260831,H1,results/experiment03_soft_spectral/experiment03_20260831_server/checkpoints/full_dense/seed_20260831/epoch_100.pt,completed_epoch_100,800,basis_eval,results/experiment03_soft_spectral/experiment03_20260831_server/checkpoints/full_dense/seed_20260831/epoch_100.pt,b486ef7efe077a5e11dbfa4148cfa5a8ec90514c3508227a9bf491bde631d58a,UNAVAILABLE,real_checkpoint_replay,time-collapsed,5,22,46,74,147,6.238043945154585,3.478471621428022,32.41014922488221,0.0077975549314432,0.0405126865311027,01_spectral_metrics/dfa_trained_20260831.csv
N-MNIST,SNN-DFA,20260831,H2,results/experiment03_soft_spectral/experiment03_20260831_server/checkpoints/full_dense/seed_20260831/epoch_100.pt,completed_epoch_100,800,basis_eval,results/experiment03_soft_spectral/experiment03_20260831_server/checkpoints/full_dense/seed_20260831/epoch_100.pt,b486ef7efe077a5e11dbfa4148cfa5a8ec90514c3508227a9bf491bde631d58a,UNAVAILABLE,real_checkpoint_replay,timestep,107,296,424,526,660,35.1249940063122,5.999893953740518,403.3860136465792,0.0439062425078902,0.504232517058224,01_spectral_metrics/dfa_trained_20260831.csv
N-MNIST,SNN-DFA,20260831,H2,results/experiment03_soft_spectral/experiment03_20260831_server/checkpoints/full_dense/seed_20260831/epoch_100.pt,completed_epoch_100,800,basis_eval,results/experiment03_soft_spectral/experiment03_20260831_server/checkpoints/full_dense/seed_20260831/epoch_100.pt,b486ef7efe077a5e11dbfa4148cfa5a8ec90514c3508227a9bf491bde631d58a,UNAVAILABLE,real_checkpoint_replay,time-collapsed,4,13,31,54,125,5.841303445865897,3.140958710476501,23.126027399001032,0.0073016293073323,0.0289075342487512,01_spectral_metrics/dfa_trained_20260831.csv
N-MNIST,SNN-DFA,20260831,H3,results/experiment03_soft_spectral/experiment03_20260831_server/checkpoints/full_dense/seed_20260831/epoch_100.pt,completed_epoch_100,800,basis_eval,results/experiment03_soft_spectral/experiment03_20260831_server/checkpoints/full_dense/seed_20260831/epoch_100.pt,b486ef7efe077a5e11dbfa4148cfa5a8ec90514c3508227a9bf491bde631d58a,UNAVAILABLE,real_checkpoint_replay,timestep,92,271,402,516,686,33.2442588043034,5.9484272707822825,383.1502733262303,0.0415553235053792,0.4789378416577878,01_spectral_metrics/dfa_trained_20260831.csv
N-MNIST,SNN-DFA,20260831,H3,results/experiment03_soft_spectral/experiment03_20260831_server/checkpoints/full_dense/seed_20260831/epoch_100.pt,completed_epoch_100,800,basis_eval,results/experiment03_soft_spectral/experiment03_20260831_server/checkpoints/full_dense/seed_20260831/epoch_100.pt,b486ef7efe077a5e11dbfa4148cfa5a8ec90514c3508227a9bf491bde631d58a,UNAVAILABLE,real_checkpoint_replay,time-collapsed,5,19,38,62,132,4.802951083733639,3.333098110601829,28.02503199458031,0.006003688854667,0.0350312899932253,01_spectral_metrics/dfa_trained_20260831.csv
N-MNIST,SNN-DFA,20260901,H1,results/experiment03_soft_spectral/experiment03_20260831_server/checkpoints/full_dense/seed_20260901/epoch_100.pt,completed_epoch_100,800,basis_fit,results/experiment03_soft_spectral/experiment03_20260831_server/checkpoints/full_dense/seed_20260901/epoch_100.pt,554990a77b2d2e8f6498d66d6182e5b9f7b8a61fd2c63c09d3ded066f44b5563,UNAVAILABLE,real_checkpoint_replay,timestep,132,336,464,562,691,49.9708568768181,6.172663651966428,479.46152533345673,0.0624635710960226,0.5993269066668209,01_spectral_metrics/dfa_trained_20260901.csv
N-MNIST,SNN-DFA,20260901,H1,results/experiment03_soft_spectral/experiment03_20260831_server/checkpoints/full_dense/seed_20260901/epoch_100.pt,completed_epoch_100,800,basis_fit,results/experiment03_soft_spectral/experiment03_20260831_server/checkpoints/full_dense/seed_20260901/epoch_100.pt,554990a77b2d2e8f6498d66d6182e5b9f7b8a61fd2c63c09d3ded066f44b5563,UNAVAILABLE,real_checkpoint_replay,time-collapsed,5,22,46,75,152,6.381252325681976,3.4913218458891584,32.82931433211315,0.0079765654071024,0.0410366429151414,01_spectral_metrics/dfa_trained_20260901.csv
N-MNIST,SNN-DFA,20260901,H2,results/experiment03_soft_spectral/experiment03_20260831_server/checkpoints/full_dense/seed_20260901/epoch_100.pt,completed_epoch_100,800,basis_fit,results/experiment03_soft_spectral/experiment03_20260831_server/checkpoints/full_dense/seed_20260901/epoch_100.pt,554990a77b2d2e8f6498d66d6182e5b9f7b8a61fd2c63c09d3ded066f44b5563,UNAVAILABLE,real_checkpoint_replay,timestep,101,295,427,532,676,29.878628066268487,5.978442072438797,394.82478035207487,0.0373482850828356,0.4935309754400936,01_spectral_metrics/dfa_trained_20260901.csv
N-MNIST,SNN-DFA,20260901,H2,results/experiment03_soft_spectral/experiment03_20260831_server/checkpoints/full_dense/seed_20260901/epoch_100.pt,completed_epoch_100,800,basis_fit,results/experiment03_soft_spectral/experiment03_20260831_server/checkpoints/full_dense/seed_20260901/epoch_100.pt,554990a77b2d2e8f6498d66d6182e5b9f7b8a61fd2c63c09d3ded066f44b5563,UNAVAILABLE,real_checkpoint_replay,time-collapsed,4,11,27,49,117,4.957336526036552,3.048128903071999,21.07587250586488,0.0061966706575456,0.026344840632331,01_spectral_metrics/dfa_trained_20260901.csv
N-MNIST,SNN-DFA,20260901,H3,results/experiment03_soft_spectral/experiment03_20260831_server/checkpoints/full_dense/seed_20260901/epoch_100.pt,completed_epoch_100,800,basis_fit,results/experiment03_soft_spectral/experiment03_20260831_server/checkpoints/full_dense/seed_20260901/epoch_100.pt,554990a77b2d2e8f6498d66d6182e5b9f7b8a61fd2c63c09d3ded066f44b5563,UNAVAILABLE,real_checkpoint_replay,timestep,87,265,396,510,681,32.25858830577997,5.909757344680015,368.6166977533627,0.0403232353822249,0.4607708721917034,01_spectral_metrics/dfa_trained_20260901.csv
N-MNIST,SNN-DFA,20260901,H3,results/experiment03_soft_spectral/experiment03_20260831_server/checkpoints/full_dense/seed_20260901/epoch_100.pt,completed_epoch_100,800,basis_fit,results/experiment03_soft_spectral/experiment03_20260831_server/checkpoints/full_dense/seed_20260901/epoch_100.pt,554990a77b2d2e8f6498d66d6182e5b9f7b8a61fd2c63c09d3ded066f44b5563,UNAVAILABLE,real_checkpoint_replay,time-collapsed,5,16,32,53,122,4.800968583088043,3.2209895521443483,25.052899069311135,0.00600121072886,0.0313161238366389,01_spectral_metrics/dfa_trained_20260901.csv
N-MNIST,SNN-DFA,20260901,H1,results/experiment03_soft_spectral/experiment03_20260831_server/checkpoints/full_dense/seed_20260901/epoch_100.pt,completed_epoch_100,800,basis_eval,results/experiment03_soft_spectral/experiment03_20260831_server/checkpoints/full_dense/seed_20260901/epoch_100.pt,554990a77b2d2e8f6498d66d6182e5b9f7b8a61fd2c63c09d3ded066f44b5563,UNAVAILABLE,real_checkpoint_replay,timestep,128,333,463,562,692,49.5920722082469,6.156307662460865,471.6832418205877,0.0619900902603086,0.5896040522757346,01_spectral_metrics/dfa_trained_20260901.csv
N-MNIST,SNN-DFA,20260901,H1,results/experiment03_soft_spectral/experiment03_20260831_server/checkpoints/full_dense/seed_20260901/epoch_100.pt,completed_epoch_100,800,basis_eval,results/experiment03_soft_spectral/experiment03_20260831_server/checkpoints/full_dense/seed_20260901/epoch_100.pt,554990a77b2d2e8f6498d66d6182e5b9f7b8a61fd2c63c09d3ded066f44b5563,UNAVAILABLE,real_checkpoint_replay,time-collapsed,5,22,46,75,155,6.301281462361301,3.456497324887396,31.705726932184305,0.0078766018279516,0.0396321586652303,01_spectral_metrics/dfa_trained_20260901.csv
N-MNIST,SNN-DFA,20260901,H2,results/experiment03_soft_spectral/experiment03_20260831_server/checkpoints/full_dense/seed_20260901/epoch_100.pt,completed_epoch_100,800,basis_eval,results/experiment03_soft_spectral/experiment03_20260831_server/checkpoints/full_dense/seed_20260901/epoch_100.pt,554990a77b2d2e8f6498d66d6182e5b9f7b8a61fd2c63c09d3ded066f44b5563,UNAVAILABLE,real_checkpoint_replay,timestep,106,300,431,537,678,34.045276655207715,6.001673610192041,404.1045413448045,0.0425565958190096,0.5051306766810056,01_spectral_metrics/dfa_trained_20260901.csv
N-MNIST,SNN-DFA,20260901,H2,results/experiment03_soft_spectral/experiment03_20260831_server/checkpoints/full_dense/seed_20260901/epoch_100.pt,completed_epoch_100,800,basis_eval,results/experiment03_soft_spectral/experiment03_20260831_server/checkpoints/full_dense/seed_20260901/epoch_100.pt,554990a77b2d2e8f6498d66d6182e5b9f7b8a61fd2c63c09d3ded066f44b5563,UNAVAILABLE,real_checkpoint_replay,time-collapsed,4,13,31,56,133,5.607787871300137,3.118696454211859,22.616878282739435,0.0070097348391251,0.0282710978534242,01_spectral_metrics/dfa_trained_20260901.csv
N-MNIST,SNN-DFA,20260901,H3,results/experiment03_soft_spectral/experiment03_20260831_server/checkpoints/full_dense/seed_20260901/epoch_100.pt,completed_epoch_100,800,basis_eval,results/experiment03_soft_spectral/experiment03_20260831_server/checkpoints/full_dense/seed_20260901/epoch_100.pt,554990a77b2d2e8f6498d66d6182e5b9f7b8a61fd2c63c09d3ded066f44b5563,UNAVAILABLE,real_checkpoint_replay,timestep,95,273,404,516,685,41.68307580580713,5.969187366391296,391.1876493187913,0.0521038447572589,0.4889845616484891,01_spectral_metrics/dfa_trained_20260901.csv
N-MNIST,SNN-DFA,20260901,H3,results/experiment03_soft_spectral/experiment03_20260831_server/checkpoints/full_dense/seed_20260901/epoch_100.pt,completed_epoch_100,800,basis_eval,results/experiment03_soft_spectral/experiment03_20260831_server/checkpoints/full_dense/seed_20260901/epoch_100.pt,554990a77b2d2e8f6498d66d6182e5b9f7b8a61fd2c63c09d3ded066f44b5563,UNAVAILABLE,real_checkpoint_replay,time-collapsed,5,19,39,64,140,5.676790954104822,3.3716461096955235,29.126432921454324,0.007095988692631,0.0364080411518179,01_spectral_metrics/dfa_trained_20260901.csv
N-MNIST,SNN-DFA,20260908,H1,results/paper_v9_signal_processing/03_five_seed/checkpoints/dfa_trained/seed_20260908/epoch_100.pt,completed_epoch_100,800,basis_fit,results/paper_v9_signal_processing/03_five_seed/checkpoints/dfa_trained/seed_20260908/epoch_100.pt,9aad88592135096912c2e9971ced9f74b63d546bdd69208e989abf481efd833e,UNAVAILABLE,real_checkpoint_replay,timestep,131,329,455,551,681,55.60986441143845,6.1623166065081305,474.5260927407844,0.069512330514298,0.5931576159259805,01_spectral_metrics/dfa_trained_20260908.csv
N-MNIST,SNN-DFA,20260908,H1,results/paper_v9_signal_processing/03_five_seed/checkpoints/dfa_trained/seed_20260908/epoch_100.pt,completed_epoch_100,800,basis_fit,results/paper_v9_signal_processing/03_five_seed/checkpoints/dfa_trained/seed_20260908/epoch_100.pt,9aad88592135096912c2e9971ced9f74b63d546bdd69208e989abf481efd833e,UNAVAILABLE,real_checkpoint_replay,time-collapsed,5,21,44,71,143,7.055255973476994,3.46227947496379,31.88958523950197,0.0088190699668462,0.0398619815493774,01_spectral_metrics/dfa_trained_20260908.csv
N-MNIST,SNN-DFA,20260908,H2,results/paper_v9_signal_processing/03_five_seed/checkpoints/dfa_trained/seed_20260908/epoch_100.pt,completed_epoch_100,800,basis_fit,results/paper_v9_signal_processing/03_five_seed/checkpoints/dfa_trained/seed_20260908/epoch_100.pt,9aad88592135096912c2e9971ced9f74b63d546bdd69208e989abf481efd833e,UNAVAILABLE,real_checkpoint_replay,timestep,104,292,419,523,664,31.107139602594216,5.977350712050054,394.3941192722716,0.0388839245032427,0.4929926490903394,01_spectral_metrics/dfa_trained_20260908.csv
N-MNIST,SNN-DFA,20260908,H2,results/paper_v9_signal_processing/03_five_seed/checkpoints/dfa_trained/seed_20260908/epoch_100.pt,completed_epoch_100,800,basis_fit,results/paper_v9_signal_processing/03_five_seed/checkpoints/dfa_trained/seed_20260908/epoch_100.pt,9aad88592135096912c2e9971ced9f74b63d546bdd69208e989abf481efd833e,UNAVAILABLE,real_checkpoint_replay,time-collapsed,4,11,26,46,109,5.266678677173192,3.0054799408040838,20.195906610022465,0.0065833483464664,0.025244883262528,01_spectral_metrics/dfa_trained_20260908.csv
N-MNIST,SNN-DFA,20260908,H3,results/paper_v9_signal_processing/03_five_seed/checkpoints/dfa_trained/seed_20260908/epoch_100.pt,completed_epoch_100,800,basis_fit,results/paper_v9_signal_processing/03_five_seed/checkpoints/dfa_trained/seed_20260908/epoch_100.pt,9aad88592135096912c2e9971ced9f74b63d546bdd69208e989abf481efd833e,UNAVAILABLE,real_checkpoint_replay,timestep,95,272,402,515,689,42.39681664615548,5.963083983843386,388.8073527662859,0.0529960208076943,0.4860091909578573,01_spectral_metrics/dfa_trained_20260908.csv
N-MNIST,SNN-DFA,20260908,H3,results/paper_v9_signal_processing/03_five_seed/checkpoints/dfa_trained/seed_20260908/epoch_100.pt,completed_epoch_100,800,basis_fit,results/paper_v9_signal_processing/03_five_seed/checkpoints/dfa_trained/seed_20260908/epoch_100.pt,9aad88592135096912c2e9971ced9f74b63d546bdd69208e989abf481efd833e,UNAVAILABLE,real_checkpoint_replay,time-collapsed,5,16,31,51,116,6.18101584331063,3.242231208871025,25.5907564182951,0.0077262698041382,0.0319884455228688,01_spectral_metrics/dfa_trained_20260908.csv
N-MNIST,SNN-DFA,20260908,H1,results/paper_v9_signal_processing/03_five_seed/checkpoints/dfa_trained/seed_20260908/epoch_100.pt,completed_epoch_100,800,basis_eval,results/paper_v9_signal_processing/03_five_seed/checkpoints/dfa_trained/seed_20260908/epoch_100.pt,9aad88592135096912c2e9971ced9f74b63d546bdd69208e989abf481efd833e,UNAVAILABLE,real_checkpoint_replay,timestep,128,331,459,557,683,54.376903728769086,6.149796433048668,468.62198112400233,0.0679711296609613,0.5857774764050029,01_spectral_metrics/dfa_trained_20260908.csv
N-MNIST,SNN-DFA,20260908,H1,results/paper_v9_signal_processing/03_five_seed/checkpoints/dfa_trained/seed_20260908/epoch_100.pt,completed_epoch_100,800,basis_eval,results/paper_v9_signal_processing/03_five_seed/checkpoints/dfa_trained/seed_20260908/epoch_100.pt,9aad88592135096912c2e9971ced9f74b63d546bdd69208e989abf481efd833e,UNAVAILABLE,real_checkpoint_replay,time-collapsed,5,22,46,75,146,7.143520956354827,3.4483099255434806,31.447199263101936,0.0089294011954435,0.0393089990788774,01_spectral_metrics/dfa_trained_20260908.csv
N-MNIST,SNN-DFA,20260908,H2,results/paper_v9_signal_processing/03_five_seed/checkpoints/dfa_trained/seed_20260908/epoch_100.pt,completed_epoch_100,800,basis_eval,results/paper_v9_signal_processing/03_five_seed/checkpoints/dfa_trained/seed_20260908/epoch_100.pt,9aad88592135096912c2e9971ced9f74b63d546bdd69208e989abf481efd833e,UNAVAILABLE,real_checkpoint_replay,timestep,111,307,436,538,671,34.584512110157725,6.0325253402923344,416.76617799115337,0.0432306401376971,0.5209577224889417,01_spectral_metrics/dfa_trained_20260908.csv
N-MNIST,SNN-DFA,20260908,H2,results/paper_v9_signal_processing/03_five_seed/checkpoints/dfa_trained/seed_20260908/epoch_100.pt,completed_epoch_100,800,basis_eval,results/paper_v9_signal_processing/03_five_seed/checkpoints/dfa_trained/seed_20260908/epoch_100.pt,9aad88592135096912c2e9971ced9f74b63d546bdd69208e989abf481efd833e,UNAVAILABLE,real_checkpoint_replay,time-collapsed,4,14,34,58,125,5.704056968775175,3.1728703738545554,23.875918906453396,0.0071300712109689,0.0298448986330667,01_spectral_metrics/dfa_trained_20260908.csv
N-MNIST,SNN-DFA,20260908,H3,results/paper_v9_signal_processing/03_five_seed/checkpoints/dfa_trained/seed_20260908/epoch_100.pt,completed_epoch_100,800,basis_eval,results/paper_v9_signal_processing/03_five_seed/checkpoints/dfa_trained/seed_20260908/epoch_100.pt,9aad88592135096912c2e9971ced9f74b63d546bdd69208e989abf481efd833e,UNAVAILABLE,real_checkpoint_replay,timestep,95,276,408,522,694,44.877746430415456,5.975161818880248,393.5317768104556,0.0560971830380193,0.4919147210130695,01_spectral_metrics/dfa_trained_20260908.csv
N-MNIST,SNN-DFA,20260908,H3,results/paper_v9_signal_processing/03_five_seed/checkpoints/dfa_trained/seed_20260908/epoch_100.pt,completed_epoch_100,800,basis_eval,results/paper_v9_signal_processing/03_five_seed/checkpoints/dfa_trained/seed_20260908/epoch_100.pt,9aad88592135096912c2e9971ced9f74b63d546bdd69208e989abf481efd833e,UNAVAILABLE,real_checkpoint_replay,time-collapsed,4,18,37,62,127,6.112729085538352,3.310901744546076,27.409830996803198,0.0076409113569229,0.0342622887460039,01_spectral_metrics/dfa_trained_20260908.csv
N-MNIST,SNN-DFA,20260909,H1,results/paper_v9_signal_processing/03_five_seed/checkpoints/dfa_trained/seed_20260909/epoch_100.pt,completed_epoch_100,800,basis_fit,results/paper_v9_signal_processing/03_five_seed/checkpoints/dfa_trained/seed_20260909/epoch_100.pt,0800c9e1ee7b4cf64c5099e83f65ae2c8adb1bf072ccdaa45be9f1911ae9bad7,UNAVAILABLE,real_checkpoint_replay,timestep,127,326,452,550,682,53.28343222684681,6.147235173591128,467.42325442319554,0.0666042902835585,0.5842790680289944,01_spectral_metrics/dfa_trained_20260909.csv
N-MNIST,SNN-DFA,20260909,H1,results/paper_v9_signal_processing/03_five_seed/checkpoints/dfa_trained/seed_20260909/epoch_100.pt,completed_epoch_100,800,basis_fit,results/paper_v9_signal_processing/03_five_seed/checkpoints/dfa_trained/seed_20260909/epoch_100.pt,0800c9e1ee7b4cf64c5099e83f65ae2c8adb1bf072ccdaa45be9f1911ae9bad7,UNAVAILABLE,real_checkpoint_replay,time-collapsed,5,23,46,75,152,6.942245033269853,3.489399065968056,32.7662514331588,0.0086778062915873,0.0409578142914485,01_spectral_metrics/dfa_trained_20260909.csv
N-MNIST,SNN-DFA,20260909,H2,results/paper_v9_signal_processing/03_five_seed/checkpoints/dfa_trained/seed_20260909/epoch_100.pt,completed_epoch_100,800,basis_fit,results/paper_v9_signal_processing/03_five_seed/checkpoints/dfa_trained/seed_20260909/epoch_100.pt,0800c9e1ee7b4cf64c5099e83f65ae2c8adb1bf072ccdaa45be9f1911ae9bad7,UNAVAILABLE,real_checkpoint_replay,timestep,103,293,423,528,671,30.845939086496116,5.977957792548335,394.6336209417594,0.0385574238581201,0.4932920261771993,01_spectral_metrics/dfa_trained_20260909.csv
N-MNIST,SNN-DFA,20260909,H2,results/paper_v9_signal_processing/03_five_seed/checkpoints/dfa_trained/seed_20260909/epoch_100.pt,completed_epoch_100,800,basis_fit,results/paper_v9_signal_processing/03_five_seed/checkpoints/dfa_trained/seed_20260909/epoch_100.pt,0800c9e1ee7b4cf64c5099e83f65ae2c8adb1bf072ccdaa45be9f1911ae9bad7,UNAVAILABLE,real_checkpoint_replay,time-collapsed,4,10,26,47,117,5.194399315331118,3.0087981328913345,20.26303181309996,0.0064929991441638,0.0253287897663749,01_spectral_metrics/dfa_trained_20260909.csv
N-MNIST,SNN-DFA,20260909,H3,results/paper_v9_signal_processing/03_five_seed/checkpoints/dfa_trained/seed_20260909/epoch_100.pt,completed_epoch_100,800,basis_fit,results/paper_v9_signal_processing/03_five_seed/checkpoints/dfa_trained/seed_20260909/epoch_100.pt,0800c9e1ee7b4cf64c5099e83f65ae2c8adb1bf072ccdaa45be9f1911ae9bad7,UNAVAILABLE,real_checkpoint_replay,timestep,93,266,396,509,680,40.16878457907769,5.95618802541118,386.13537692926616,0.0502109807238471,0.4826692211615827,01_spectral_metrics/dfa_trained_20260909.csv
N-MNIST,SNN-DFA,20260909,H3,results/paper_v9_signal_processing/03_five_seed/checkpoints/dfa_trained/seed_20260909/epoch_100.pt,completed_epoch_100,800,basis_fit,results/paper_v9_signal_processing/03_five_seed/checkpoints/dfa_trained/seed_20260909/epoch_100.pt,0800c9e1ee7b4cf64c5099e83f65ae2c8adb1bf072ccdaa45be9f1911ae9bad7,UNAVAILABLE,real_checkpoint_replay,time-collapsed,5,17,34,55,123,6.1888889262350935,3.2895212584594,26.83001593761144,0.0077361111577938,0.0335375199220143,01_spectral_metrics/dfa_trained_20260909.csv
N-MNIST,SNN-DFA,20260909,H1,results/paper_v9_signal_processing/03_five_seed/checkpoints/dfa_trained/seed_20260909/epoch_100.pt,completed_epoch_100,800,basis_eval,results/paper_v9_signal_processing/03_five_seed/checkpoints/dfa_trained/seed_20260909/epoch_100.pt,0800c9e1ee7b4cf64c5099e83f65ae2c8adb1bf072ccdaa45be9f1911ae9bad7,UNAVAILABLE,real_checkpoint_replay,timestep,126,325,451,550,683,52.49342029089328,6.1395231779636426,463.83235263569344,0.0656167753636166,0.5797904407946168,01_spectral_metrics/dfa_trained_20260909.csv
N-MNIST,SNN-DFA,20260909,H1,results/paper_v9_signal_processing/03_five_seed/checkpoints/dfa_trained/seed_20260909/epoch_100.pt,completed_epoch_100,800,basis_eval,results/paper_v9_signal_processing/03_five_seed/checkpoints/dfa_trained/seed_20260909/epoch_100.pt,0800c9e1ee7b4cf64c5099e83f65ae2c8adb1bf072ccdaa45be9f1911ae9bad7,UNAVAILABLE,real_checkpoint_replay,time-collapsed,5,22,47,75,147,6.912709425071612,3.457946818222162,31.751717495501627,0.0086408867813395,0.039689646869377,01_spectral_metrics/dfa_trained_20260909.csv
N-MNIST,SNN-DFA,20260909,H2,results/paper_v9_signal_processing/03_five_seed/checkpoints/dfa_trained/seed_20260909/epoch_100.pt,completed_epoch_100,800,basis_eval,results/paper_v9_signal_processing/03_five_seed/checkpoints/dfa_trained/seed_20260909/epoch_100.pt,0800c9e1ee7b4cf64c5099e83f65ae2c8adb1bf072ccdaa45be9f1911ae9bad7,UNAVAILABLE,real_checkpoint_replay,timestep,104,300,432,536,674,33.98108993861835,5.992686556518867,400.4891025474471,0.0424763624232729,0.5006113781843089,01_spectral_metrics/dfa_trained_20260909.csv
N-MNIST,SNN-DFA,20260909,H2,results/paper_v9_signal_processing/03_five_seed/checkpoints/dfa_trained/seed_20260909/epoch_100.pt,completed_epoch_100,800,basis_eval,results/paper_v9_signal_processing/03_five_seed/checkpoints/dfa_trained/seed_20260909/epoch_100.pt,0800c9e1ee7b4cf64c5099e83f65ae2c8adb1bf072ccdaa45be9f1911ae9bad7,UNAVAILABLE,real_checkpoint_replay,time-collapsed,4,12,30,54,123,5.704860544487128,3.09422410942572,22.070107903960427,0.0071310756806089,0.0275876348799505,01_spectral_metrics/dfa_trained_20260909.csv
N-MNIST,SNN-DFA,20260909,H3,results/paper_v9_signal_processing/03_five_seed/checkpoints/dfa_trained/seed_20260909/epoch_100.pt,completed_epoch_100,800,basis_eval,results/paper_v9_signal_processing/03_five_seed/checkpoints/dfa_trained/seed_20260909/epoch_100.pt,0800c9e1ee7b4cf64c5099e83f65ae2c8adb1bf072ccdaa45be9f1911ae9bad7,UNAVAILABLE,real_checkpoint_replay,timestep,90,269,402,517,686,36.91713315621613,5.942550290120197,380.9051104307971,0.0461464164452701,0.4761313880384963,01_spectral_metrics/dfa_trained_20260909.csv
N-MNIST,SNN-DFA,20260909,H3,results/paper_v9_signal_processing/03_five_seed/checkpoints/dfa_trained/seed_20260909/epoch_100.pt,completed_epoch_100,800,basis_eval,results/paper_v9_signal_processing/03_five_seed/checkpoints/dfa_trained/seed_20260909/epoch_100.pt,0800c9e1ee7b4cf64c5099e83f65ae2c8adb1bf072ccdaa45be9f1911ae9bad7,UNAVAILABLE,real_checkpoint_replay,time-collapsed,4,18,38,63,131,5.091874399018138,3.286275114358038,26.743063046798053,0.0063648429987726,0.0334288288084975,01_spectral_metrics/dfa_trained_20260909.csv
N-MNIST,matched SNN-BPTT,20260830,H1,results/experiment03_soft_spectral/experiment03_20260831_server/checkpoints/full_bptt/seed_20260830/epoch_100.pt,completed_epoch_100,800,basis_fit,results/experiment03_soft_spectral/experiment03_20260831_server/checkpoints/full_bptt/seed_20260830/epoch_100.pt,a0b1f2882ec75eaac0ffac0d00a6d8982401e9139ae70995d499e09e067c5b84,UNAVAILABLE,real_checkpoint_replay,timestep,3,10,16,23,47,3.6016499426541277,2.7115326624000406,15.05232798166882,0.0045020624283176,0.018815409977086,01_spectral_metrics/bptt_trained_20260830.csv
N-MNIST,matched SNN-BPTT,20260830,H1,results/experiment03_soft_spectral/experiment03_20260831_server/checkpoints/full_bptt/seed_20260830/epoch_100.pt,completed_epoch_100,800,basis_fit,results/experiment03_soft_spectral/experiment03_20260831_server/checkpoints/full_bptt/seed_20260830/epoch_100.pt,a0b1f2882ec75eaac0ffac0d00a6d8982401e9139ae70995d499e09e067c5b84,UNAVAILABLE,real_checkpoint_replay,time-collapsed,2,5,6,7,11,2.783199282348366,1.8718478205092672,6.500296690220847,0.0034789991029354,0.008125370862776,01_spectral_metrics/bptt_trained_20260830.csv
N-MNIST,matched SNN-BPTT,20260830,H2,results/experiment03_soft_spectral/experiment03_20260831_server/checkpoints/full_bptt/seed_20260830/epoch_100.pt,completed_epoch_100,800,basis_fit,results/experiment03_soft_spectral/experiment03_20260831_server/checkpoints/full_bptt/seed_20260830/epoch_100.pt,a0b1f2882ec75eaac0ffac0d00a6d8982401e9139ae70995d499e09e067c5b84,UNAVAILABLE,real_checkpoint_replay,timestep,2,7,12,17,39,2.2363714641931525,2.248097734758184,9.469704801596114,0.0027954643302414,0.0118371310019951,01_spectral_metrics/bptt_trained_20260830.csv
N-MNIST,matched SNN-BPTT,20260830,H2,results/experiment03_soft_spectral/experiment03_20260831_server/checkpoints/full_bptt/seed_20260830/epoch_100.pt,completed_epoch_100,800,basis_fit,results/experiment03_soft_spectral/experiment03_20260831_server/checkpoints/full_bptt/seed_20260830/epoch_100.pt,a0b1f2882ec75eaac0ffac0d00a6d8982401e9139ae70995d499e09e067c5b84,UNAVAILABLE,real_checkpoint_replay,time-collapsed,2,4,5,7,10,2.174483173140169,1.6723737780793126,5.324792683062177,0.0027181039664252,0.0066559908538277,01_spectral_metrics/bptt_trained_20260830.csv
N-MNIST,matched SNN-BPTT,20260830,H3,results/experiment03_soft_spectral/experiment03_20260831_server/checkpoints/full_bptt/seed_20260830/epoch_100.pt,completed_epoch_100,800,basis_fit,results/experiment03_soft_spectral/experiment03_20260831_server/checkpoints/full_bptt/seed_20260830/epoch_100.pt,a0b1f2882ec75eaac0ffac0d00a6d8982401e9139ae70995d499e09e067c5b84,UNAVAILABLE,real_checkpoint_replay,timestep,2,4,8,12,26,3.015557800179334,2.0343403919931817,7.647206303021875,0.0037694472502241,0.0095590078787773,01_spectral_metrics/bptt_trained_20260830.csv
N-MNIST,matched SNN-BPTT,20260830,H3,results/experiment03_soft_spectral/experiment03_20260831_server/checkpoints/full_bptt/seed_20260830/epoch_100.pt,completed_epoch_100,800,basis_fit,results/experiment03_soft_spectral/experiment03_20260831_server/checkpoints/full_bptt/seed_20260830/epoch_100.pt,a0b1f2882ec75eaac0ffac0d00a6d8982401e9139ae70995d499e09e067c5b84,UNAVAILABLE,real_checkpoint_replay,time-collapsed,2,4,5,6,11,2.730243246829965,1.7050040490505929,5.50140794264549,0.0034128040585374,0.0068767599283068,01_spectral_metrics/bptt_trained_20260830.csv
N-MNIST,matched SNN-BPTT,20260830,H1,results/experiment03_soft_spectral/experiment03_20260831_server/checkpoints/full_bptt/seed_20260830/epoch_100.pt,completed_epoch_100,800,basis_eval,results/experiment03_soft_spectral/experiment03_20260831_server/checkpoints/full_bptt/seed_20260830/epoch_100.pt,a0b1f2882ec75eaac0ffac0d00a6d8982401e9139ae70995d499e09e067c5b84,UNAVAILABLE,real_checkpoint_replay,timestep,3,6,10,16,33,4.575115207563208,2.43335430604155,11.397047219782966,0.005718894009454,0.0142463090247287,01_spectral_metrics/bptt_trained_20260830.csv
N-MNIST,matched SNN-BPTT,20260830,H1,results/experiment03_soft_spectral/experiment03_20260831_server/checkpoints/full_bptt/seed_20260830/epoch_100.pt,completed_epoch_100,800,basis_eval,results/experiment03_soft_spectral/experiment03_20260831_server/checkpoints/full_bptt/seed_20260830/epoch_100.pt,a0b1f2882ec75eaac0ffac0d00a6d8982401e9139ae70995d499e09e067c5b84,UNAVAILABLE,real_checkpoint_replay,time-collapsed,2,3,3,4,6,2.549697564198846,1.3454799600541132,3.840029158975903,0.0031871219552485,0.0048000364487198,01_spectral_metrics/bptt_trained_20260830.csv
N-MNIST,matched SNN-BPTT,20260830,H2,results/experiment03_soft_spectral/experiment03_20260831_server/checkpoints/full_bptt/seed_20260830/epoch_100.pt,completed_epoch_100,800,basis_eval,results/experiment03_soft_spectral/experiment03_20260831_server/checkpoints/full_bptt/seed_20260830/epoch_100.pt,a0b1f2882ec75eaac0ffac0d00a6d8982401e9139ae70995d499e09e067c5b84,UNAVAILABLE,real_checkpoint_replay,timestep,3,8,12,16,31,2.882588801086,2.3931214337473192,10.9476129136874,0.0036032360013574,0.0136845161421092,01_spectral_metrics/bptt_trained_20260830.csv
N-MNIST,matched SNN-BPTT,20260830,H2,results/experiment03_soft_spectral/experiment03_20260831_server/checkpoints/full_bptt/seed_20260830/epoch_100.pt,completed_epoch_100,800,basis_eval,results/experiment03_soft_spectral/experiment03_20260831_server/checkpoints/full_bptt/seed_20260830/epoch_100.pt,a0b1f2882ec75eaac0ffac0d00a6d8982401e9139ae70995d499e09e067c5b84,UNAVAILABLE,real_checkpoint_replay,time-collapsed,1,3,4,5,7,1.7963317580984042,1.3096525389182816,3.704886184778908,0.002245414697623,0.0046311077309736,01_spectral_metrics/bptt_trained_20260830.csv
N-MNIST,matched SNN-BPTT,20260830,H3,results/experiment03_soft_spectral/experiment03_20260831_server/checkpoints/full_bptt/seed_20260830/epoch_100.pt,completed_epoch_100,800,basis_eval,results/experiment03_soft_spectral/experiment03_20260831_server/checkpoints/full_bptt/seed_20260830/epoch_100.pt,a0b1f2882ec75eaac0ffac0d00a6d8982401e9139ae70995d499e09e067c5b84,UNAVAILABLE,real_checkpoint_replay,timestep,4,7,10,14,24,4.79150232163464,2.4562217882857404,11.660671721205034,0.0059893779020433,0.0145758396515062,01_spectral_metrics/bptt_trained_20260830.csv
N-MNIST,matched SNN-BPTT,20260830,H3,results/experiment03_soft_spectral/experiment03_20260831_server/checkpoints/full_bptt/seed_20260830/epoch_100.pt,completed_epoch_100,800,basis_eval,results/experiment03_soft_spectral/experiment03_20260831_server/checkpoints/full_bptt/seed_20260830/epoch_100.pt,a0b1f2882ec75eaac0ffac0d00a6d8982401e9139ae70995d499e09e067c5b84,UNAVAILABLE,real_checkpoint_replay,time-collapsed,2,4,5,6,7,3.175221378909586,1.7177586602264707,5.572025655268317,0.0039690267236369,0.0069650320690853,01_spectral_metrics/bptt_trained_20260830.csv
N-MNIST,matched SNN-BPTT,20260831,H1,results/experiment03_soft_spectral/experiment03_20260831_server/checkpoints/full_bptt/seed_20260831/epoch_100.pt,completed_epoch_100,800,basis_fit,results/experiment03_soft_spectral/experiment03_20260831_server/checkpoints/full_bptt/seed_20260831/epoch_100.pt,357d3640f99b0cfbbb828f68ee6a43f64e1a763012803411748d5deacc093fb7,UNAVAILABLE,real_checkpoint_replay,timestep,1,3,3,4,6,1.7941169735434668,1.2077406308370104,3.3459164456426302,0.0022426462169293,0.0041823955570532,01_spectral_metrics/bptt_trained_20260831.csv
N-MNIST,matched SNN-BPTT,20260831,H1,results/experiment03_soft_spectral/experiment03_20260831_server/checkpoints/full_bptt/seed_20260831/epoch_100.pt,completed_epoch_100,800,basis_fit,results/experiment03_soft_spectral/experiment03_20260831_server/checkpoints/full_bptt/seed_20260831/epoch_100.pt,357d3640f99b0cfbbb828f68ee6a43f64e1a763012803411748d5deacc093fb7,UNAVAILABLE,real_checkpoint_replay,time-collapsed,1,2,2,3,4,1.2663996511893036,0.6965308321371423,2.0067787651765734,0.0015829995639866,0.0025084734564707,01_spectral_metrics/bptt_trained_20260831.csv
N-MNIST,matched SNN-BPTT,20260831,H2,results/experiment03_soft_spectral/experiment03_20260831_server/checkpoints/full_bptt/seed_20260831/epoch_100.pt,completed_epoch_100,800,basis_fit,results/experiment03_soft_spectral/experiment03_20260831_server/checkpoints/full_bptt/seed_20260831/epoch_100.pt,357d3640f99b0cfbbb828f68ee6a43f64e1a763012803411748d5deacc093fb7,UNAVAILABLE,real_checkpoint_replay,timestep,2,3,4,4,7,2.7754926540460483,1.4077259295727882,4.086651495896335,0.0034693658175575,0.0051083143698704,01_spectral_metrics/bptt_trained_20260831.csv
N-MNIST,matched SNN-BPTT,20260831,H2,results/experiment03_soft_spectral/experiment03_20260831_server/checkpoints/full_bptt/seed_20260831/epoch_100.pt,completed_epoch_100,800,basis_fit,results/experiment03_soft_spectral/experiment03_20260831_server/checkpoints/full_bptt/seed_20260831/epoch_100.pt,357d3640f99b0cfbbb828f68ee6a43f64e1a763012803411748d5deacc093fb7,UNAVAILABLE,real_checkpoint_replay,time-collapsed,1,2,3,3,6,1.7649987152974302,1.1281280210677165,3.089866917054364,0.0022062483941217,0.0038623336463179,01_spectral_metrics/bptt_trained_20260831.csv
N-MNIST,matched SNN-BPTT,20260831,H3,results/experiment03_soft_spectral/experiment03_20260831_server/checkpoints/full_bptt/seed_20260831/epoch_100.pt,completed_epoch_100,800,basis_fit,results/experiment03_soft_spectral/experiment03_20260831_server/checkpoints/full_bptt/seed_20260831/epoch_100.pt,357d3640f99b0cfbbb828f68ee6a43f64e1a763012803411748d5deacc093fb7,UNAVAILABLE,real_checkpoint_replay,timestep,2,3,3,3,6,2.574226684419642,1.2637917287656404,3.5388143043487985,0.0032177833555245,0.0044235178804359,01_spectral_metrics/bptt_trained_20260831.csv
N-MNIST,matched SNN-BPTT,20260831,H3,results/experiment03_soft_spectral/experiment03_20260831_server/checkpoints/full_bptt/seed_20260831/epoch_100.pt,completed_epoch_100,800,basis_fit,results/experiment03_soft_spectral/experiment03_20260831_server/checkpoints/full_bptt/seed_20260831/epoch_100.pt,357d3640f99b0cfbbb828f68ee6a43f64e1a763012803411748d5deacc093fb7,UNAVAILABLE,real_checkpoint_replay,time-collapsed,1,3,3,3,5,1.9320892194878323,1.1637627015878862,3.201958652883747,0.0024151115243597,0.0040024483161046,01_spectral_metrics/bptt_trained_20260831.csv
N-MNIST,matched SNN-BPTT,20260831,H1,results/experiment03_soft_spectral/experiment03_20260831_server/checkpoints/full_bptt/seed_20260831/epoch_100.pt,completed_epoch_100,800,basis_eval,results/experiment03_soft_spectral/experiment03_20260831_server/checkpoints/full_bptt/seed_20260831/epoch_100.pt,357d3640f99b0cfbbb828f68ee6a43f64e1a763012803411748d5deacc093fb7,UNAVAILABLE,real_checkpoint_replay,timestep,1,3,5,11,31,1.6723815611879655,1.509973425302605,4.526610499411611,0.0020904769514849,0.0056582631242645,01_spectral_metrics/bptt_trained_20260831.csv
N-MNIST,matched SNN-BPTT,20260831,H1,results/experiment03_soft_spectral/experiment03_20260831_server/checkpoints/full_bptt/seed_20260831/epoch_100.pt,completed_epoch_100,800,basis_eval,results/experiment03_soft_spectral/experiment03_20260831_server/checkpoints/full_bptt/seed_20260831/epoch_100.pt,357d3640f99b0cfbbb828f68ee6a43f64e1a763012803411748d5deacc093fb7,UNAVAILABLE,real_checkpoint_replay,time-collapsed,1,2,4,5,8,1.390533143107428,1.0773372607627978,2.9368490671788883,0.0017381664288842,0.0036710613339736,01_spectral_metrics/bptt_trained_20260831.csv
N-MNIST,matched SNN-BPTT,20260831,H2,results/experiment03_soft_spectral/experiment03_20260831_server/checkpoints/full_bptt/seed_20260831/epoch_100.pt,completed_epoch_100,800,basis_eval,results/experiment03_soft_spectral/experiment03_20260831_server/checkpoints/full_bptt/seed_20260831/epoch_100.pt,357d3640f99b0cfbbb828f68ee6a43f64e1a763012803411748d5deacc093fb7,UNAVAILABLE,real_checkpoint_replay,timestep,1,4,6,11,33,1.5630801797513287,1.56905658934752,4.802115689009256,0.0019538502246891,0.0060026446112615,01_spectral_metrics/bptt_trained_20260831.csv
N-MNIST,matched SNN-BPTT,20260831,H2,results/experiment03_soft_spectral/experiment03_20260831_server/checkpoints/full_bptt/seed_20260831/epoch_100.pt,completed_epoch_100,800,basis_eval,results/experiment03_soft_spectral/experiment03_20260831_server/checkpoints/full_bptt/seed_20260831/epoch_100.pt,357d3640f99b0cfbbb828f68ee6a43f64e1a763012803411748d5deacc093fb7,UNAVAILABLE,real_checkpoint_replay,time-collapsed,1,3,4,6,9,1.4753003919629015,1.197324475116296,3.3112457401198583,0.0018441254899536,0.0041390571751498,01_spectral_metrics/bptt_trained_20260831.csv
N-MNIST,matched SNN-BPTT,20260831,H3,results/experiment03_soft_spectral/experiment03_20260831_server/checkpoints/full_bptt/seed_20260831/epoch_100.pt,completed_epoch_100,800,basis_eval,results/experiment03_soft_spectral/experiment03_20260831_server/checkpoints/full_bptt/seed_20260831/epoch_100.pt,357d3640f99b0cfbbb828f68ee6a43f64e1a763012803411748d5deacc093fb7,UNAVAILABLE,real_checkpoint_replay,timestep,1,3,5,7,22,1.5695249454261682,1.461287066558024,4.311505152882741,0.0019619061817827,0.0053893814411034,01_spectral_metrics/bptt_trained_20260831.csv
N-MNIST,matched SNN-BPTT,20260831,H3,results/experiment03_soft_spectral/experiment03_20260831_server/checkpoints/full_bptt/seed_20260831/epoch_100.pt,completed_epoch_100,800,basis_eval,results/experiment03_soft_spectral/experiment03_20260831_server/checkpoints/full_bptt/seed_20260831/epoch_100.pt,357d3640f99b0cfbbb828f68ee6a43f64e1a763012803411748d5deacc093fb7,UNAVAILABLE,real_checkpoint_replay,time-collapsed,1,2,3,5,9,1.537539393207358,1.1620025642363876,3.1963277229196865,0.0019219242415091,0.0039954096536496,01_spectral_metrics/bptt_trained_20260831.csv
N-MNIST,matched SNN-BPTT,20260901,H1,results/experiment03_soft_spectral/experiment03_20260831_server/checkpoints/full_bptt/seed_20260901/epoch_100.pt,completed_epoch_100,800,basis_fit,results/experiment03_soft_spectral/experiment03_20260831_server/checkpoints/full_bptt/seed_20260901/epoch_100.pt,e6fa6653b618112c29d0cb33a3a241b19ca29b81f1b30d540f6941d226efd493,UNAVAILABLE,real_checkpoint_replay,timestep,1,2,5,8,20,1.3686368513368152,1.2239324237622995,3.4005338151779223,0.001710796064171,0.0042506672689724,01_spectral_metrics/bptt_trained_20260901.csv
N-MNIST,matched SNN-BPTT,20260901,H1,results/experiment03_soft_spectral/experiment03_20260831_server/checkpoints/full_bptt/seed_20260901/epoch_100.pt,completed_epoch_100,800,basis_fit,results/experiment03_soft_spectral/experiment03_20260831_server/checkpoints/full_bptt/seed_20260901/epoch_100.pt,e6fa6653b618112c29d0cb33a3a241b19ca29b81f1b30d540f6941d226efd493,UNAVAILABLE,real_checkpoint_replay,time-collapsed,1,2,2,3,6,1.4456029368302024,0.8843797592052688,2.4214820236840167,0.0018070036710377,0.003026852529605,01_spectral_metrics/bptt_trained_20260901.csv
N-MNIST,matched SNN-BPTT,20260901,H2,results/experiment03_soft_spectral/experiment03_20260831_server/checkpoints/full_bptt/seed_20260901/epoch_100.pt,completed_epoch_100,800,basis_fit,results/experiment03_soft_spectral/experiment03_20260831_server/checkpoints/full_bptt/seed_20260901/epoch_100.pt,e6fa6653b618112c29d0cb33a3a241b19ca29b81f1b30d540f6941d226efd493,UNAVAILABLE,real_checkpoint_replay,timestep,2,4,7,9,22,2.008519850915215,1.7732555175116562,5.889997171906346,0.002510649813644,0.0073624964648829,01_spectral_metrics/bptt_trained_20260901.csv
N-MNIST,matched SNN-BPTT,20260901,H2,results/experiment03_soft_spectral/experiment03_20260831_server/checkpoints/full_bptt/seed_20260901/epoch_100.pt,completed_epoch_100,800,basis_fit,results/experiment03_soft_spectral/experiment03_20260831_server/checkpoints/full_bptt/seed_20260901/epoch_100.pt,e6fa6653b618112c29d0cb33a3a241b19ca29b81f1b30d540f6941d226efd493,UNAVAILABLE,real_checkpoint_replay,time-collapsed,1,2,3,3,7,1.324568675375829,0.8578003954103653,2.357968387201961,0.0016557108442197,0.0029474604840024,01_spectral_metrics/bptt_trained_20260901.csv
N-MNIST,matched SNN-BPTT,20260901,H3,results/experiment03_soft_spectral/experiment03_20260831_server/checkpoints/full_bptt/seed_20260901/epoch_100.pt,completed_epoch_100,800,basis_fit,results/experiment03_soft_spectral/experiment03_20260831_server/checkpoints/full_bptt/seed_20260901/epoch_100.pt,e6fa6653b618112c29d0cb33a3a241b19ca29b81f1b30d540f6941d226efd493,UNAVAILABLE,real_checkpoint_replay,timestep,1,2,4,5,14,1.3654900724481374,1.0988627961880424,3.000751616698685,0.0017068625905601,0.0037509395208733,01_spectral_metrics/bptt_trained_20260901.csv
N-MNIST,matched SNN-BPTT,20260901,H3,results/experiment03_soft_spectral/experiment03_20260831_server/checkpoints/full_bptt/seed_20260901/epoch_100.pt,completed_epoch_100,800,basis_fit,results/experiment03_soft_spectral/experiment03_20260831_server/checkpoints/full_bptt/seed_20260901/epoch_100.pt,e6fa6653b618112c29d0cb33a3a241b19ca29b81f1b30d540f6941d226efd493,UNAVAILABLE,real_checkpoint_replay,time-collapsed,1,2,3,3,6,1.2625520017454115,0.7807099200164191,2.183021486171058,0.0015781900021817,0.0027287768577138,01_spectral_metrics/bptt_trained_20260901.csv
N-MNIST,matched SNN-BPTT,20260901,H1,results/experiment03_soft_spectral/experiment03_20260831_server/checkpoints/full_bptt/seed_20260901/epoch_100.pt,completed_epoch_100,800,basis_eval,results/experiment03_soft_spectral/experiment03_20260831_server/checkpoints/full_bptt/seed_20260901/epoch_100.pt,e6fa6653b618112c29d0cb33a3a241b19ca29b81f1b30d540f6941d226efd493,UNAVAILABLE,real_checkpoint_replay,timestep,1,2,4,7,19,1.7585561803988434,1.4099436637843832,4.095724659944062,0.0021981952254985,0.00511965582493,01_spectral_metrics/bptt_trained_20260901.csv
N-MNIST,matched SNN-BPTT,20260901,H1,results/experiment03_soft_spectral/experiment03_20260831_server/checkpoints/full_bptt/seed_20260901/epoch_100.pt,completed_epoch_100,800,basis_eval,results/experiment03_soft_spectral/experiment03_20260831_server/checkpoints/full_bptt/seed_20260901/epoch_100.pt,e6fa6653b618112c29d0cb33a3a241b19ca29b81f1b30d540f6941d226efd493,UNAVAILABLE,real_checkpoint_replay,time-collapsed,2,2,3,3,7,2.035190736036846,1.193863649081652,3.2998059017188446,0.002543988420046,0.0041247573771485,01_spectral_metrics/bptt_trained_20260901.csv
N-MNIST,matched SNN-BPTT,20260901,H2,results/experiment03_soft_spectral/experiment03_20260831_server/checkpoints/full_bptt/seed_20260901/epoch_100.pt,completed_epoch_100,800,basis_eval,results/experiment03_soft_spectral/experiment03_20260831_server/checkpoints/full_bptt/seed_20260901/epoch_100.pt,e6fa6653b618112c29d0cb33a3a241b19ca29b81f1b30d540f6941d226efd493,UNAVAILABLE,real_checkpoint_replay,timestep,2,3,5,7,16,2.4243378184196698,1.649563297869611,5.204706424432469,0.0030304222730245,0.0065058830305405,01_spectral_metrics/bptt_trained_20260901.csv
N-MNIST,matched SNN-BPTT,20260901,H2,results/experiment03_soft_spectral/experiment03_20260831_server/checkpoints/full_bptt/seed_20260901/epoch_100.pt,completed_epoch_100,800,basis_eval,results/experiment03_soft_spectral/experiment03_20260831_server/checkpoints/full_bptt/seed_20260901/epoch_100.pt,e6fa6653b618112c29d0cb33a3a241b19ca29b81f1b30d540f6941d226efd493,UNAVAILABLE,real_checkpoint_replay,time-collapsed,1,2,3,3,5,1.92053750636569,1.0759800959291017,2.9328659823657275,0.0024006718829571,0.0036660824779571,01_spectral_metrics/bptt_trained_20260901.csv
N-MNIST,matched SNN-BPTT,20260901,H3,results/experiment03_soft_spectral/experiment03_20260831_server/checkpoints/full_bptt/seed_20260901/epoch_100.pt,completed_epoch_100,800,basis_eval,results/experiment03_soft_spectral/experiment03_20260831_server/checkpoints/full_bptt/seed_20260901/epoch_100.pt,e6fa6653b618112c29d0cb33a3a241b19ca29b81f1b30d540f6941d226efd493,UNAVAILABLE,real_checkpoint_replay,timestep,1,3,4,6,10,1.6474949995785335,1.3366589849066692,3.806305314465894,0.0020593687494731,0.0047578816430823,01_spectral_metrics/bptt_trained_20260901.csv
N-MNIST,matched SNN-BPTT,20260901,H3,results/experiment03_soft_spectral/experiment03_20260831_server/checkpoints/full_bptt/seed_20260901/epoch_100.pt,completed_epoch_100,800,basis_eval,results/experiment03_soft_spectral/experiment03_20260831_server/checkpoints/full_bptt/seed_20260901/epoch_100.pt,e6fa6653b618112c29d0cb33a3a241b19ca29b81f1b30d540f6941d226efd493,UNAVAILABLE,real_checkpoint_replay,time-collapsed,2,3,3,4,6,2.43221323208388,1.277421678167033,3.5873783753408666,0.0030402665401048,0.004484222969176,01_spectral_metrics/bptt_trained_20260901.csv
N-MNIST,matched SNN-BPTT,20260908,H1,results/paper_v9_signal_processing/03_five_seed/checkpoints/bptt_trained/seed_20260908/epoch_100.pt,completed_epoch_100,800,basis_fit,results/paper_v9_signal_processing/03_five_seed/checkpoints/bptt_trained/seed_20260908/epoch_100.pt,da788649d6b999c28f343f26c74881473c1d5361ccde354e476bd8389f242354,UNAVAILABLE,real_checkpoint_replay,timestep,1,3,6,11,20,1.6042953859095113,1.5531189643781405,4.726188030549474,0.0020053692323868,0.0059077350381868,01_spectral_metrics/bptt_trained_20260908.csv
N-MNIST,matched SNN-BPTT,20260908,H1,results/paper_v9_signal_processing/03_five_seed/checkpoints/bptt_trained/seed_20260908/epoch_100.pt,completed_epoch_100,800,basis_fit,results/paper_v9_signal_processing/03_five_seed/checkpoints/bptt_trained/seed_20260908/epoch_100.pt,da788649d6b999c28f343f26c74881473c1d5361ccde354e476bd8389f242354,UNAVAILABLE,real_checkpoint_replay,time-collapsed,1,1,3,4,6,1.1939076500621844,0.6878889289339197,1.9895110975595829,0.0014923845625777,0.0024868888719494,01_spectral_metrics/bptt_trained_20260908.csv
N-MNIST,matched SNN-BPTT,20260908,H2,results/paper_v9_signal_processing/03_five_seed/checkpoints/bptt_trained/seed_20260908/epoch_100.pt,completed_epoch_100,800,basis_fit,results/paper_v9_signal_processing/03_five_seed/checkpoints/bptt_trained/seed_20260908/epoch_100.pt,da788649d6b999c28f343f26c74881473c1d5361ccde354e476bd8389f242354,UNAVAILABLE,real_checkpoint_replay,timestep,2,7,10,14,21,3.2899771924454835,2.262942145761537,9.61132552931766,0.0041124714905568,0.012014156911647,01_spectral_metrics/bptt_trained_20260908.csv
N-MNIST,matched SNN-BPTT,20260908,H2,results/paper_v9_signal_processing/03_five_seed/checkpoints/bptt_trained/seed_20260908/epoch_100.pt,completed_epoch_100,800,basis_fit,results/paper_v9_signal_processing/03_five_seed/checkpoints/bptt_trained/seed_20260908/epoch_100.pt,da788649d6b999c28f343f26c74881473c1d5361ccde354e476bd8389f242354,UNAVAILABLE,real_checkpoint_replay,time-collapsed,2,3,4,5,6,2.492536094607553,1.4754586589216665,4.373041047317276,0.0031156701182594,0.0054663013091465,01_spectral_metrics/bptt_trained_20260908.csv
N-MNIST,matched SNN-BPTT,20260908,H3,results/paper_v9_signal_processing/03_five_seed/checkpoints/bptt_trained/seed_20260908/epoch_100.pt,completed_epoch_100,800,basis_fit,results/paper_v9_signal_processing/03_five_seed/checkpoints/bptt_trained/seed_20260908/epoch_100.pt,da788649d6b999c28f343f26c74881473c1d5361ccde354e476bd8389f242354,UNAVAILABLE,real_checkpoint_replay,timestep,3,5,7,9,14,3.740215849394957,2.043352388088199,7.716434369358903,0.0046752698117436,0.0096455429616986,01_spectral_metrics/bptt_trained_20260908.csv
N-MNIST,matched SNN-BPTT,20260908,H3,results/paper_v9_signal_processing/03_five_seed/checkpoints/bptt_trained/seed_20260908/epoch_100.pt,completed_epoch_100,800,basis_fit,results/paper_v9_signal_processing/03_five_seed/checkpoints/bptt_trained/seed_20260908/epoch_100.pt,da788649d6b999c28f343f26c74881473c1d5361ccde354e476bd8389f242354,UNAVAILABLE,real_checkpoint_replay,time-collapsed,2,4,5,5,6,3.049994293695491,1.605973284941297,4.9827068370183465,0.0038124928671193,0.0062283835462729,01_spectral_metrics/bptt_trained_20260908.csv
N-MNIST,matched SNN-BPTT,20260908,H1,results/paper_v9_signal_processing/03_five_seed/checkpoints/bptt_trained/seed_20260908/epoch_100.pt,completed_epoch_100,800,basis_eval,results/paper_v9_signal_processing/03_five_seed/checkpoints/bptt_trained/seed_20260908/epoch_100.pt,da788649d6b999c28f343f26c74881473c1d5361ccde354e476bd8389f242354,UNAVAILABLE,real_checkpoint_replay,timestep,2,6,10,15,31,2.5380060016607078,2.1969392348857717,8.997432284302533,0.0031725075020758,0.0112467903553781,01_spectral_metrics/bptt_trained_20260908.csv
N-MNIST,matched SNN-BPTT,20260908,H1,results/paper_v9_signal_processing/03_five_seed/checkpoints/bptt_trained/seed_20260908/epoch_100.pt,completed_epoch_100,800,basis_eval,results/paper_v9_signal_processing/03_five_seed/checkpoints/bptt_trained/seed_20260908/epoch_100.pt,da788649d6b999c28f343f26c74881473c1d5361ccde354e476bd8389f242354,UNAVAILABLE,real_checkpoint_replay,time-collapsed,2,3,5,6,12,2.134026027569498,1.5789607084363604,4.849912717697189,0.0026675325344618,0.0060623908971214,01_spectral_metrics/bptt_trained_20260908.csv
N-MNIST,matched SNN-BPTT,20260908,H2,results/paper_v9_signal_processing/03_five_seed/checkpoints/bptt_trained/seed_20260908/epoch_100.pt,completed_epoch_100,800,basis_eval,results/paper_v9_signal_processing/03_five_seed/checkpoints/bptt_trained/seed_20260908/epoch_100.pt,da788649d6b999c28f343f26c74881473c1d5361ccde354e476bd8389f242354,UNAVAILABLE,real_checkpoint_replay,timestep,2,4,7,10,23,2.584733093843374,1.9812249936302404,7.251620735667044,0.0032309163673042,0.0090645259195838,01_spectral_metrics/bptt_trained_20260908.csv
N-MNIST,matched SNN-BPTT,20260908,H2,results/paper_v9_signal_processing/03_five_seed/checkpoints/bptt_trained/seed_20260908/epoch_100.pt,completed_epoch_100,800,basis_eval,results/paper_v9_signal_processing/03_five_seed/checkpoints/bptt_trained/seed_20260908/epoch_100.pt,da788649d6b999c28f343f26c74881473c1d5361ccde354e476bd8389f242354,UNAVAILABLE,real_checkpoint_replay,time-collapsed,2,4,5,6,9,2.418917049086167,1.66904336198741,5.307088405494082,0.0030236463113577,0.0066338605068676,01_spectral_metrics/bptt_trained_20260908.csv
N-MNIST,matched SNN-BPTT,20260908,H3,results/paper_v9_signal_processing/03_five_seed/checkpoints/bptt_trained/seed_20260908/epoch_100.pt,completed_epoch_100,800,basis_eval,results/paper_v9_signal_processing/03_five_seed/checkpoints/bptt_trained/seed_20260908/epoch_100.pt,da788649d6b999c28f343f26c74881473c1d5361ccde354e476bd8389f242354,UNAVAILABLE,real_checkpoint_replay,timestep,2,4,6,9,21,2.413798642131956,1.799446012892555,6.046296965865262,0.0030172483026649,0.0075578712073315,01_spectral_metrics/bptt_trained_20260908.csv
N-MNIST,matched SNN-BPTT,20260908,H3,results/paper_v9_signal_processing/03_five_seed/checkpoints/bptt_trained/seed_20260908/epoch_100.pt,completed_epoch_100,800,basis_eval,results/paper_v9_signal_processing/03_five_seed/checkpoints/bptt_trained/seed_20260908/epoch_100.pt,da788649d6b999c28f343f26c74881473c1d5361ccde354e476bd8389f242354,UNAVAILABLE,real_checkpoint_replay,time-collapsed,2,4,5,7,12,3.2776653750868285,1.8230118620631943,6.190475257763621,0.0040970817188585,0.0077380940722045,01_spectral_metrics/bptt_trained_20260908.csv
N-MNIST,matched SNN-BPTT,20260909,H1,results/paper_v9_signal_processing/03_five_seed/checkpoints/bptt_trained/seed_20260909/epoch_100.pt,completed_epoch_100,800,basis_fit,results/paper_v9_signal_processing/03_five_seed/checkpoints/bptt_trained/seed_20260909/epoch_100.pt,f9dc34813fda3e71c51cef44b549d13de3c75bc85a692aab5d81bf6e2e52a92e,UNAVAILABLE,real_checkpoint_replay,timestep,2,5,8,11,20,2.9991930192490663,2.148605646310834,8.572896409759528,0.0037489912740613,0.0107161205121994,01_spectral_metrics/bptt_trained_20260909.csv
N-MNIST,matched SNN-BPTT,20260909,H1,results/paper_v9_signal_processing/03_five_seed/checkpoints/bptt_trained/seed_20260909/epoch_100.pt,completed_epoch_100,800,basis_fit,results/paper_v9_signal_processing/03_five_seed/checkpoints/bptt_trained/seed_20260909/epoch_100.pt,f9dc34813fda3e71c51cef44b549d13de3c75bc85a692aab5d81bf6e2e52a92e,UNAVAILABLE,real_checkpoint_replay,time-collapsed,1,2,3,4,6,1.6277351066320769,1.1627860335228832,3.1988329287679416,0.00203466888329,0.0039985411609599,01_spectral_metrics/bptt_trained_20260909.csv
N-MNIST,matched SNN-BPTT,20260909,H2,results/paper_v9_signal_processing/03_five_seed/checkpoints/bptt_trained/seed_20260909/epoch_100.pt,completed_epoch_100,800,basis_fit,results/paper_v9_signal_processing/03_five_seed/checkpoints/bptt_trained/seed_20260909/epoch_100.pt,f9dc34813fda3e71c51cef44b549d13de3c75bc85a692aab5d81bf6e2e52a92e,UNAVAILABLE,real_checkpoint_replay,timestep,2,5,8,9,16,3.038619343778242,2.074263011685773,7.958678843813854,0.0037982741797228,0.0099483485547673,01_spectral_metrics/bptt_trained_20260909.csv
N-MNIST,matched SNN-BPTT,20260909,H2,results/paper_v9_signal_processing/03_five_seed/checkpoints/bptt_trained/seed_20260909/epoch_100.pt,completed_epoch_100,800,basis_fit,results/paper_v9_signal_processing/03_five_seed/checkpoints/bptt_trained/seed_20260909/epoch_100.pt,f9dc34813fda3e71c51cef44b549d13de3c75bc85a692aab5d81bf6e2e52a92e,UNAVAILABLE,real_checkpoint_replay,time-collapsed,1,1,3,3,6,1.2336808112065396,0.7485166403017293,2.113862072032439,0.0015421010140081,0.0026423275900405,01_spectral_metrics/bptt_trained_20260909.csv
N-MNIST,matched SNN-BPTT,20260909,H3,results/paper_v9_signal_processing/03_five_seed/checkpoints/bptt_trained/seed_20260909/epoch_100.pt,completed_epoch_100,800,basis_fit,results/paper_v9_signal_processing/03_five_seed/checkpoints/bptt_trained/seed_20260909/epoch_100.pt,f9dc34813fda3e71c51cef44b549d13de3c75bc85a692aab5d81bf6e2e52a92e,UNAVAILABLE,real_checkpoint_replay,timestep,2,4,6,7,12,3.2455140541646115,1.8386584375141255,6.288096725194771,0.0040568925677057,0.0078601209064934,01_spectral_metrics/bptt_trained_20260909.csv
N-MNIST,matched SNN-BPTT,20260909,H3,results/paper_v9_signal_processing/03_five_seed/checkpoints/bptt_trained/seed_20260909/epoch_100.pt,completed_epoch_100,800,basis_fit,results/paper_v9_signal_processing/03_five_seed/checkpoints/bptt_trained/seed_20260909/epoch_100.pt,f9dc34813fda3e71c51cef44b549d13de3c75bc85a692aab5d81bf6e2e52a92e,UNAVAILABLE,real_checkpoint_replay,time-collapsed,1,2,3,4,6,1.376400608670501,0.9211428390500702,2.5121597442746757,0.0017205007608381,0.0031401996803433,01_spectral_metrics/bptt_trained_20260909.csv
N-MNIST,matched SNN-BPTT,20260909,H1,results/paper_v9_signal_processing/03_five_seed/checkpoints/bptt_trained/seed_20260909/epoch_100.pt,completed_epoch_100,800,basis_eval,results/paper_v9_signal_processing/03_five_seed/checkpoints/bptt_trained/seed_20260909/epoch_100.pt,f9dc34813fda3e71c51cef44b549d13de3c75bc85a692aab5d81bf6e2e52a92e,UNAVAILABLE,real_checkpoint_replay,timestep,3,8,13,18,28,3.98487991448457,2.528443182574363,12.53397782451435,0.0049810998931057,0.0156674722806429,01_spectral_metrics/bptt_trained_20260909.csv
N-MNIST,matched SNN-BPTT,20260909,H1,results/paper_v9_signal_processing/03_five_seed/checkpoints/bptt_trained/seed_20260909/epoch_100.pt,completed_epoch_100,800,basis_eval,results/paper_v9_signal_processing/03_five_seed/checkpoints/bptt_trained/seed_20260909/epoch_100.pt,f9dc34813fda3e71c51cef44b549d13de3c75bc85a692aab5d81bf6e2e52a92e,UNAVAILABLE,real_checkpoint_replay,time-collapsed,2,3,4,5,5,2.0422099931676514,1.264521923001995,3.5413992698059475,0.0025527624914595,0.0044267490872574,01_spectral_metrics/bptt_trained_20260909.csv
N-MNIST,matched SNN-BPTT,20260909,H2,results/paper_v9_signal_processing/03_five_seed/checkpoints/bptt_trained/seed_20260909/epoch_100.pt,completed_epoch_100,800,basis_eval,results/paper_v9_signal_processing/03_five_seed/checkpoints/bptt_trained/seed_20260909/epoch_100.pt,f9dc34813fda3e71c51cef44b549d13de3c75bc85a692aab5d81bf6e2e52a92e,UNAVAILABLE,real_checkpoint_replay,timestep,4,9,13,18,27,5.307862077167381,2.62819813992247,13.848793818479916,0.0066348275964592,0.0173109922730998,01_spectral_metrics/bptt_trained_20260909.csv
N-MNIST,matched SNN-BPTT,20260909,H2,results/paper_v9_signal_processing/03_five_seed/checkpoints/bptt_trained/seed_20260909/epoch_100.pt,completed_epoch_100,800,basis_eval,results/paper_v9_signal_processing/03_five_seed/checkpoints/bptt_trained/seed_20260909/epoch_100.pt,f9dc34813fda3e71c51cef44b549d13de3c75bc85a692aab5d81bf6e2e52a92e,UNAVAILABLE,real_checkpoint_replay,time-collapsed,2,4,4,5,5,2.767550101151484,1.48383687272511,4.40983323135797,0.0034594376264393,0.0055122915391974,01_spectral_metrics/bptt_trained_20260909.csv
N-MNIST,matched SNN-BPTT,20260909,H3,results/paper_v9_signal_processing/03_five_seed/checkpoints/bptt_trained/seed_20260909/epoch_100.pt,completed_epoch_100,800,basis_eval,results/paper_v9_signal_processing/03_five_seed/checkpoints/bptt_trained/seed_20260909/epoch_100.pt,f9dc34813fda3e71c51cef44b549d13de3c75bc85a692aab5d81bf6e2e52a92e,UNAVAILABLE,real_checkpoint_replay,timestep,2,6,9,12,17,2.8383711135412373,2.1160190282287634,8.298037393511741,0.0035479638919265,0.0103725467418896,01_spectral_metrics/bptt_trained_20260909.csv
N-MNIST,matched SNN-BPTT,20260909,H3,results/paper_v9_signal_processing/03_five_seed/checkpoints/bptt_trained/seed_20260909/epoch_100.pt,completed_epoch_100,800,basis_eval,results/paper_v9_signal_processing/03_five_seed/checkpoints/bptt_trained/seed_20260909/epoch_100.pt,f9dc34813fda3e71c51cef44b549d13de3c75bc85a692aab5d81bf6e2e52a92e,UNAVAILABLE,real_checkpoint_replay,time-collapsed,2,3,4,4,5,2.5128141985585444,1.380728835358647,3.977799732340362,0.0031410177481981,0.0049722496654254,01_spectral_metrics/bptt_trained_20260909.csv
N-MNIST,temporal ANN-DFA,20260830,H1,results/paper1_experiment03_20260901_server/checkpoints/stageB_ann/temporal_ann_dfa/seed_20260830/epoch_100.pt,completed_epoch_100,800,basis_fit,results/paper1_experiment03_20260901_server/checkpoints/stageB_ann/temporal_ann_dfa/seed_20260830/epoch_100.pt,e9da049cb3b321aa4f5700c71788e8d685b721f654fbafc0fe94502dde8dcc50,UNAVAILABLE,real_checkpoint_replay,timestep,39,251,396,505,648,12.063736176862996,5.281444673048867,196.65377063688595,0.0150796702210787,0.2458172132961074,01_spectral_metrics/temporal_ann_dfa_20260830.csv
N-MNIST,temporal ANN-DFA,20260830,H1,results/paper1_experiment03_20260901_server/checkpoints/stageB_ann/temporal_ann_dfa/seed_20260830/epoch_100.pt,completed_epoch_100,800,basis_fit,results/paper1_experiment03_20260901_server/checkpoints/stageB_ann/temporal_ann_dfa/seed_20260830/epoch_100.pt,e9da049cb3b321aa4f5700c71788e8d685b721f654fbafc0fe94502dde8dcc50,UNAVAILABLE,real_checkpoint_replay,time-collapsed,4,8,17,52,200,5.31283234870599,2.8620816124000834,17.497912925199408,0.0066410404358824,0.0218723911564992,01_spectral_metrics/temporal_ann_dfa_20260830.csv
N-MNIST,temporal ANN-DFA,20260830,H2,results/paper1_experiment03_20260901_server/checkpoints/stageB_ann/temporal_ann_dfa/seed_20260830/epoch_100.pt,completed_epoch_100,800,basis_fit,results/paper1_experiment03_20260901_server/checkpoints/stageB_ann/temporal_ann_dfa/seed_20260830/epoch_100.pt,e9da049cb3b321aa4f5700c71788e8d685b721f654fbafc0fe94502dde8dcc50,UNAVAILABLE,real_checkpoint_replay,timestep,7,56,126,190,278,8.30629305988536,4.002647057972913,54.74286595270912,0.0103828663248567,0.0684285824408864,01_spectral_metrics/temporal_ann_dfa_20260830.csv
N-MNIST,temporal ANN-DFA,20260830,H2,results/paper1_experiment03_20260901_server/checkpoints/stageB_ann/temporal_ann_dfa/seed_20260830/epoch_100.pt,completed_epoch_100,800,basis_fit,results/paper1_experiment03_20260901_server/checkpoints/stageB_ann/temporal_ann_dfa/seed_20260830/epoch_100.pt,e9da049cb3b321aa4f5700c71788e8d685b721f654fbafc0fe94502dde8dcc50,UNAVAILABLE,real_checkpoint_replay,time-collapsed,4,8,9,24,91,5.646693790528754,2.665339921926212,14.372834357262336,0.0070583672381609,0.0179660429465779,01_spectral_metrics/temporal_ann_dfa_20260830.csv
N-MNIST,temporal ANN-DFA,20260830,H3,results/paper1_experiment03_20260901_server/checkpoints/stageB_ann/temporal_ann_dfa/seed_20260830/epoch_100.pt,completed_epoch_100,800,basis_fit,results/paper1_experiment03_20260901_server/checkpoints/stageB_ann/temporal_ann_dfa/seed_20260830/epoch_100.pt,e9da049cb3b321aa4f5700c71788e8d685b721f654fbafc0fe94502dde8dcc50,UNAVAILABLE,real_checkpoint_replay,timestep,6,28,65,104,167,7.259929012396139,3.615093261150901,37.15481086449463,0.0090749112654951,0.0464435135806182,01_spectral_metrics/temporal_ann_dfa_20260830.csv
N-MNIST,temporal ANN-DFA,20260830,H3,results/paper1_experiment03_20260901_server/checkpoints/stageB_ann/temporal_ann_dfa/seed_20260830/epoch_100.pt,completed_epoch_100,800,basis_fit,results/paper1_experiment03_20260901_server/checkpoints/stageB_ann/temporal_ann_dfa/seed_20260830/epoch_100.pt,e9da049cb3b321aa4f5700c71788e8d685b721f654fbafc0fe94502dde8dcc50,UNAVAILABLE,real_checkpoint_replay,time-collapsed,4,8,11,22,64,5.457441973052446,2.6463703912387184,14.102758143078926,0.0068218024663155,0.0176284476788486,01_spectral_metrics/temporal_ann_dfa_20260830.csv
N-MNIST,temporal ANN-DFA,20260830,H1,results/paper1_experiment03_20260901_server/checkpoints/stageB_ann/temporal_ann_dfa/seed_20260830/epoch_100.pt,completed_epoch_100,800,basis_eval,results/paper1_experiment03_20260901_server/checkpoints/stageB_ann/temporal_ann_dfa/seed_20260830/epoch_100.pt,e9da049cb3b321aa4f5700c71788e8d685b721f654fbafc0fe94502dde8dcc50,UNAVAILABLE,real_checkpoint_replay,timestep,39,253,399,508,649,11.299350085555766,5.279821817249241,196.33488874433948,0.0141241876069447,0.2454186109304243,01_spectral_metrics/temporal_ann_dfa_20260830.csv
N-MNIST,temporal ANN-DFA,20260830,H1,results/paper1_experiment03_20260901_server/checkpoints/stageB_ann/temporal_ann_dfa/seed_20260830/epoch_100.pt,completed_epoch_100,800,basis_eval,results/paper1_experiment03_20260901_server/checkpoints/stageB_ann/temporal_ann_dfa/seed_20260830/epoch_100.pt,e9da049cb3b321aa4f5700c71788e8d685b721f654fbafc0fe94502dde8dcc50,UNAVAILABLE,real_checkpoint_replay,time-collapsed,4,8,18,53,199,5.0099424136770025,2.8742543906280997,17.712212804968512,0.0062624280170962,0.0221402660062106,01_spectral_metrics/temporal_ann_dfa_20260830.csv
N-MNIST,temporal ANN-DFA,20260830,H2,results/paper1_experiment03_20260901_server/checkpoints/stageB_ann/temporal_ann_dfa/seed_20260830/epoch_100.pt,completed_epoch_100,800,basis_eval,results/paper1_experiment03_20260901_server/checkpoints/stageB_ann/temporal_ann_dfa/seed_20260830/epoch_100.pt,e9da049cb3b321aa4f5700c71788e8d685b721f654fbafc0fe94502dde8dcc50,UNAVAILABLE,real_checkpoint_replay,timestep,7,56,127,192,278,9.040062030377737,4.00773530781531,55.022121189473005,0.0113000775379721,0.0687776514868412,01_spectral_metrics/temporal_ann_dfa_20260830.csv
N-MNIST,temporal ANN-DFA,20260830,H2,results/paper1_experiment03_20260901_server/checkpoints/stageB_ann/temporal_ann_dfa/seed_20260830/epoch_100.pt,completed_epoch_100,800,basis_eval,results/paper1_experiment03_20260901_server/checkpoints/stageB_ann/temporal_ann_dfa/seed_20260830/epoch_100.pt,e9da049cb3b321aa4f5700c71788e8d685b721f654fbafc0fe94502dde8dcc50,UNAVAILABLE,real_checkpoint_replay,time-collapsed,4,8,9,25,92,6.193683019517885,2.676478766244629,14.533826087925906,0.0077421037743973,0.0181672826099073,01_spectral_metrics/temporal_ann_dfa_20260830.csv
N-MNIST,temporal ANN-DFA,20260830,H3,results/paper1_experiment03_20260901_server/checkpoints/stageB_ann/temporal_ann_dfa/seed_20260830/epoch_100.pt,completed_epoch_100,800,basis_eval,results/paper1_experiment03_20260901_server/checkpoints/stageB_ann/temporal_ann_dfa/seed_20260830/epoch_100.pt,e9da049cb3b321aa4f5700c71788e8d685b721f654fbafc0fe94502dde8dcc50,UNAVAILABLE,real_checkpoint_replay,timestep,6,28,64,103,166,8.004640046204486,3.631853820398165,37.78279424883873,0.0100058000577556,0.0472284928110484,01_spectral_metrics/temporal_ann_dfa_20260830.csv
N-MNIST,temporal ANN-DFA,20260830,H3,results/paper1_experiment03_20260901_server/checkpoints/stageB_ann/temporal_ann_dfa/seed_20260830/epoch_100.pt,completed_epoch_100,800,basis_eval,results/paper1_experiment03_20260901_server/checkpoints/stageB_ann/temporal_ann_dfa/seed_20260830/epoch_100.pt,e9da049cb3b321aa4f5700c71788e8d685b721f654fbafc0fe94502dde8dcc50,UNAVAILABLE,real_checkpoint_replay,time-collapsed,4,8,11,23,64,6.037503425095778,2.6744874891530195,14.504914008517751,0.0075468792813697,0.0181311425106471,01_spectral_metrics/temporal_ann_dfa_20260830.csv
N-MNIST,temporal ANN-DFA,20260831,H1,results/paper1_experiment03_20260901_server/checkpoints/stageB_ann/temporal_ann_dfa/seed_20260831/epoch_100.pt,completed_epoch_100,800,basis_fit,results/paper1_experiment03_20260901_server/checkpoints/stageB_ann/temporal_ann_dfa/seed_20260831/epoch_100.pt,582eaf2e63392b550e7f2d3208dda5e5757d7501c5ad43b98913f4a243bac29c,UNAVAILABLE,real_checkpoint_replay,timestep,68,286,425,527,657,12.06068157071065,5.580189691407631,265.12189236156644,0.0150758519633883,0.331402365451958,01_spectral_metrics/temporal_ann_dfa_20260831.csv
N-MNIST,temporal ANN-DFA,20260831,H1,results/paper1_experiment03_20260901_server/checkpoints/stageB_ann/temporal_ann_dfa/seed_20260831/epoch_100.pt,completed_epoch_100,800,basis_fit,results/paper1_experiment03_20260901_server/checkpoints/stageB_ann/temporal_ann_dfa/seed_20260831/epoch_100.pt,582eaf2e63392b550e7f2d3208dda5e5757d7501c5ad43b98913f4a243bac29c,UNAVAILABLE,real_checkpoint_replay,time-collapsed,4,9,30,80,236,4.211243562695425,2.9938921938327283,19.96323224375039,0.0052640544533692,0.0249540403046879,01_spectral_metrics/temporal_ann_dfa_20260831.csv
N-MNIST,temporal ANN-DFA,20260831,H2,results/paper1_experiment03_20260901_server/checkpoints/stageB_ann/temporal_ann_dfa/seed_20260831/epoch_100.pt,completed_epoch_100,800,basis_fit,results/paper1_experiment03_20260901_server/checkpoints/stageB_ann/temporal_ann_dfa/seed_20260831/epoch_100.pt,582eaf2e63392b550e7f2d3208dda5e5757d7501c5ad43b98913f4a243bac29c,UNAVAILABLE,real_checkpoint_replay,timestep,7,68,152,226,325,9.334897198899553,4.165137880459086,64.40156154819292,0.0116686214986244,0.0805019519352411,01_spectral_metrics/temporal_ann_dfa_20260831.csv
N-MNIST,temporal ANN-DFA,20260831,H2,results/paper1_experiment03_20260901_server/checkpoints/stageB_ann/temporal_ann_dfa/seed_20260831/epoch_100.pt,completed_epoch_100,800,basis_fit,results/paper1_experiment03_20260901_server/checkpoints/stageB_ann/temporal_ann_dfa/seed_20260831/epoch_100.pt,582eaf2e63392b550e7f2d3208dda5e5757d7501c5ad43b98913f4a243bac29c,UNAVAILABLE,real_checkpoint_replay,time-collapsed,4,8,10,26,100,5.954230304002693,2.682847619592475,14.62668528428318,0.0074427878800033,0.0182833566053539,01_spectral_metrics/temporal_ann_dfa_20260831.csv
N-MNIST,temporal ANN-DFA,20260831,H3,results/paper1_experiment03_20260901_server/checkpoints/stageB_ann/temporal_ann_dfa/seed_20260831/epoch_100.pt,completed_epoch_100,800,basis_fit,results/paper1_experiment03_20260901_server/checkpoints/stageB_ann/temporal_ann_dfa/seed_20260831/epoch_100.pt,582eaf2e63392b550e7f2d3208dda5e5757d7501c5ad43b98913f4a243bac29c,UNAVAILABLE,real_checkpoint_replay,timestep,7,33,74,115,177,8.045227343547152,3.777150588895794,43.69136952525314,0.0100565341794339,0.0546142119065664,01_spectral_metrics/temporal_ann_dfa_20260831.csv
N-MNIST,temporal ANN-DFA,20260831,H3,results/paper1_experiment03_20260901_server/checkpoints/stageB_ann/temporal_ann_dfa/seed_20260831/epoch_100.pt,completed_epoch_100,800,basis_fit,results/paper1_experiment03_20260901_server/checkpoints/stageB_ann/temporal_ann_dfa/seed_20260831/epoch_100.pt,582eaf2e63392b550e7f2d3208dda5e5757d7501c5ad43b98913f4a243bac29c,UNAVAILABLE,real_checkpoint_replay,time-collapsed,4,8,11,24,69,5.623483025509032,2.67782785496552,14.553446740797389,0.0070293537818862,0.0181918084259967,01_spectral_metrics/temporal_ann_dfa_20260831.csv
N-MNIST,temporal ANN-DFA,20260831,H1,results/paper1_experiment03_20260901_server/checkpoints/stageB_ann/temporal_ann_dfa/seed_20260831/epoch_100.pt,completed_epoch_100,800,basis_eval,results/paper1_experiment03_20260901_server/checkpoints/stageB_ann/temporal_ann_dfa/seed_20260831/epoch_100.pt,582eaf2e63392b550e7f2d3208dda5e5757d7501c5ad43b98913f4a243bac29c,UNAVAILABLE,real_checkpoint_replay,timestep,71,289,429,531,659,11.724735279989597,5.595541081772297,269.2232825000316,0.0146559190999869,0.3365291031250395,01_spectral_metrics/temporal_ann_dfa_20260831.csv
N-MNIST,temporal ANN-DFA,20260831,H1,results/paper1_experiment03_20260901_server/checkpoints/stageB_ann/temporal_ann_dfa/seed_20260831/epoch_100.pt,completed_epoch_100,800,basis_eval,results/paper1_experiment03_20260901_server/checkpoints/stageB_ann/temporal_ann_dfa/seed_20260831/epoch_100.pt,582eaf2e63392b550e7f2d3208dda5e5757d7501c5ad43b98913f4a243bac29c,UNAVAILABLE,real_checkpoint_replay,time-collapsed,4,9,33,84,239,4.080762329357434,3.0205076043803043,20.501695793972385,0.0051009529116967,0.0256271197424654,01_spectral_metrics/temporal_ann_dfa_20260831.csv
N-MNIST,temporal ANN-DFA,20260831,H2,results/paper1_experiment03_20260901_server/checkpoints/stageB_ann/temporal_ann_dfa/seed_20260831/epoch_100.pt,completed_epoch_100,800,basis_eval,results/paper1_experiment03_20260901_server/checkpoints/stageB_ann/temporal_ann_dfa/seed_20260831/epoch_100.pt,582eaf2e63392b550e7f2d3208dda5e5757d7501c5ad43b98913f4a243bac29c,UNAVAILABLE,real_checkpoint_replay,timestep,7,70,154,228,326,10.098933459481254,4.199720921346304,66.6677229061257,0.0126236668243515,0.0833346536326571,01_spectral_metrics/temporal_ann_dfa_20260831.csv
N-MNIST,temporal ANN-DFA,20260831,H2,results/paper1_experiment03_20260901_server/checkpoints/stageB_ann/temporal_ann_dfa/seed_20260831/epoch_100.pt,completed_epoch_100,800,basis_eval,results/paper1_experiment03_20260901_server/checkpoints/stageB_ann/temporal_ann_dfa/seed_20260831/epoch_100.pt,582eaf2e63392b550e7f2d3208dda5e5757d7501c5ad43b98913f4a243bac29c,UNAVAILABLE,real_checkpoint_replay,time-collapsed,4,8,10,27,103,6.415071720239081,2.723403568405339,15.232077536504956,0.0080188396502988,0.0190400969206311,01_spectral_metrics/temporal_ann_dfa_20260831.csv
N-MNIST,temporal ANN-DFA,20260831,H3,results/paper1_experiment03_20260901_server/checkpoints/stageB_ann/temporal_ann_dfa/seed_20260831/epoch_100.pt,completed_epoch_100,800,basis_eval,results/paper1_experiment03_20260901_server/checkpoints/stageB_ann/temporal_ann_dfa/seed_20260831/epoch_100.pt,582eaf2e63392b550e7f2d3208dda5e5757d7501c5ad43b98913f4a243bac29c,UNAVAILABLE,real_checkpoint_replay,timestep,7,34,75,117,178,8.562335975897657,3.80059020072324,44.72757495178621,0.010702919969872,0.0559094686897327,01_spectral_metrics/temporal_ann_dfa_20260831.csv
N-MNIST,temporal ANN-DFA,20260831,H3,results/paper1_experiment03_20260901_server/checkpoints/stageB_ann/temporal_ann_dfa/seed_20260831/epoch_100.pt,completed_epoch_100,800,basis_eval,results/paper1_experiment03_20260901_server/checkpoints/stageB_ann/temporal_ann_dfa/seed_20260831/epoch_100.pt,582eaf2e63392b550e7f2d3208dda5e5757d7501c5ad43b98913f4a243bac29c,UNAVAILABLE,real_checkpoint_replay,time-collapsed,4,8,11,25,71,6.001538125056698,2.7029769866796767,14.92409448893022,0.0075019226563208,0.0186551181111627,01_spectral_metrics/temporal_ann_dfa_20260831.csv
N-MNIST,temporal ANN-DFA,20260901,H1,results/paper1_experiment03_20260901_server/checkpoints/stageB_ann/temporal_ann_dfa/seed_20260901/epoch_100.pt,completed_epoch_100,800,basis_fit,results/paper1_experiment03_20260901_server/checkpoints/stageB_ann/temporal_ann_dfa/seed_20260901/epoch_100.pt,a6a1094ccb95d20bfdabf58320ff0c4ae9650d4ddb8667a1533d5db24a016a56,UNAVAILABLE,real_checkpoint_replay,timestep,81,292,425,524,649,18.071088517883755,5.764476487649221,318.7721192049664,0.0225888606473546,0.3984651490062079,01_spectral_metrics/temporal_ann_dfa_20260901.csv
N-MNIST,temporal ANN-DFA,20260901,H1,results/paper1_experiment03_20260901_server/checkpoints/stageB_ann/temporal_ann_dfa/seed_20260901/epoch_100.pt,completed_epoch_100,800,basis_fit,results/paper1_experiment03_20260901_server/checkpoints/stageB_ann/temporal_ann_dfa/seed_20260901/epoch_100.pt,a6a1094ccb95d20bfdabf58320ff0c4ae9650d4ddb8667a1533d5db24a016a56,UNAVAILABLE,real_checkpoint_replay,time-collapsed,5,13,46,104,256,5.292452611507903,3.31641603620321,27.561394297260144,0.0066155657643848,0.0344517428715751,01_spectral_metrics/temporal_ann_dfa_20260901.csv
N-MNIST,temporal ANN-DFA,20260901,H2,results/paper1_experiment03_20260901_server/checkpoints/stageB_ann/temporal_ann_dfa/seed_20260901/epoch_100.pt,completed_epoch_100,800,basis_fit,results/paper1_experiment03_20260901_server/checkpoints/stageB_ann/temporal_ann_dfa/seed_20260901/epoch_100.pt,a6a1094ccb95d20bfdabf58320ff0c4ae9650d4ddb8667a1533d5db24a016a56,UNAVAILABLE,real_checkpoint_replay,timestep,8,77,170,252,362,9.2903767021476,4.260732080732367,70.86184105848308,0.0116129708776844,0.0885773013231038,01_spectral_metrics/temporal_ann_dfa_20260901.csv
N-MNIST,temporal ANN-DFA,20260901,H2,results/paper1_experiment03_20260901_server/checkpoints/stageB_ann/temporal_ann_dfa/seed_20260901/epoch_100.pt,completed_epoch_100,800,basis_fit,results/paper1_experiment03_20260901_server/checkpoints/stageB_ann/temporal_ann_dfa/seed_20260901/epoch_100.pt,a6a1094ccb95d20bfdabf58320ff0c4ae9650d4ddb8667a1533d5db24a016a56,UNAVAILABLE,real_checkpoint_replay,time-collapsed,4,8,11,28,108,5.92000453954189,2.724971761512657,15.255983114890352,0.0074000056744273,0.0190699788936129,01_spectral_metrics/temporal_ann_dfa_20260901.csv
N-MNIST,temporal ANN-DFA,20260901,H3,results/paper1_experiment03_20260901_server/checkpoints/stageB_ann/temporal_ann_dfa/seed_20260901/epoch_100.pt,completed_epoch_100,800,basis_fit,results/paper1_experiment03_20260901_server/checkpoints/stageB_ann/temporal_ann_dfa/seed_20260901/epoch_100.pt,a6a1094ccb95d20bfdabf58320ff0c4ae9650d4ddb8667a1533d5db24a016a56,UNAVAILABLE,real_checkpoint_replay,timestep,7,38,86,136,209,7.792511407591887,3.8676777308682,47.83118013256657,0.0097406392594898,0.0597889751657082,01_spectral_metrics/temporal_ann_dfa_20260901.csv
N-MNIST,temporal ANN-DFA,20260901,H3,results/paper1_experiment03_20260901_server/checkpoints/stageB_ann/temporal_ann_dfa/seed_20260901/epoch_100.pt,completed_epoch_100,800,basis_fit,results/paper1_experiment03_20260901_server/checkpoints/stageB_ann/temporal_ann_dfa/seed_20260901/epoch_100.pt,a6a1094ccb95d20bfdabf58320ff0c4ae9650d4ddb8667a1533d5db24a016a56,UNAVAILABLE,real_checkpoint_replay,time-collapsed,4,8,12,26,74,5.28767112912738,2.713843390980214,15.087150042805886,0.0066095889114092,0.0188589375535073,01_spectral_metrics/temporal_ann_dfa_20260901.csv
N-MNIST,temporal ANN-DFA,20260901,H1,results/paper1_experiment03_20260901_server/checkpoints/stageB_ann/temporal_ann_dfa/seed_20260901/epoch_100.pt,completed_epoch_100,800,basis_eval,results/paper1_experiment03_20260901_server/checkpoints/stageB_ann/temporal_ann_dfa/seed_20260901/epoch_100.pt,a6a1094ccb95d20bfdabf58320ff0c4ae9650d4ddb8667a1533d5db24a016a56,UNAVAILABLE,real_checkpoint_replay,timestep,86,297,430,527,650,19.451566838291257,5.78704694213585,326.04876045697534,0.024314458547864,0.4075609505712191,01_spectral_metrics/temporal_ann_dfa_20260901.csv
N-MNIST,temporal ANN-DFA,20260901,H1,results/paper1_experiment03_20260901_server/checkpoints/stageB_ann/temporal_ann_dfa/seed_20260901/epoch_100.pt,completed_epoch_100,800,basis_eval,results/paper1_experiment03_20260901_server/checkpoints/stageB_ann/temporal_ann_dfa/seed_20260901/epoch_100.pt,a6a1094ccb95d20bfdabf58320ff0c4ae9650d4ddb8667a1533d5db24a016a56,UNAVAILABLE,real_checkpoint_replay,time-collapsed,5,14,49,107,262,5.700605217166659,3.3526404216901,28.57809232547399,0.0071257565214583,0.0357226154068424,01_spectral_metrics/temporal_ann_dfa_20260901.csv
N-MNIST,temporal ANN-DFA,20260901,H2,results/paper1_experiment03_20260901_server/checkpoints/stageB_ann/temporal_ann_dfa/seed_20260901/epoch_100.pt,completed_epoch_100,800,basis_eval,results/paper1_experiment03_20260901_server/checkpoints/stageB_ann/temporal_ann_dfa/seed_20260901/epoch_100.pt,a6a1094ccb95d20bfdabf58320ff0c4ae9650d4ddb8667a1533d5db24a016a56,UNAVAILABLE,real_checkpoint_replay,timestep,8,78,172,254,363,9.643524788173188,4.2655418983386495,71.20349457611128,0.0120544059852164,0.0890043682201391,01_spectral_metrics/temporal_ann_dfa_20260901.csv
N-MNIST,temporal ANN-DFA,20260901,H2,results/paper1_experiment03_20260901_server/checkpoints/stageB_ann/temporal_ann_dfa/seed_20260901/epoch_100.pt,completed_epoch_100,800,basis_eval,results/paper1_experiment03_20260901_server/checkpoints/stageB_ann/temporal_ann_dfa/seed_20260901/epoch_100.pt,a6a1094ccb95d20bfdabf58320ff0c4ae9650d4ddb8667a1533d5db24a016a56,UNAVAILABLE,real_checkpoint_replay,time-collapsed,4,8,11,29,110,6.071088961696135,2.7261922141434467,15.274613686170545,0.0075888612021201,0.0190932671077131,01_spectral_metrics/temporal_ann_dfa_20260901.csv
N-MNIST,temporal ANN-DFA,20260901,H3,results/paper1_experiment03_20260901_server/checkpoints/stageB_ann/temporal_ann_dfa/seed_20260901/epoch_100.pt,completed_epoch_100,800,basis_eval,results/paper1_experiment03_20260901_server/checkpoints/stageB_ann/temporal_ann_dfa/seed_20260901/epoch_100.pt,a6a1094ccb95d20bfdabf58320ff0c4ae9650d4ddb8667a1533d5db24a016a56,UNAVAILABLE,real_checkpoint_replay,timestep,7,37,85,136,210,7.44574058385848,3.857193185659882,47.33231173609002,0.009307175729823,0.0591653896701125,01_spectral_metrics/temporal_ann_dfa_20260901.csv
N-MNIST,temporal ANN-DFA,20260901,H3,results/paper1_experiment03_20260901_server/checkpoints/stageB_ann/temporal_ann_dfa/seed_20260901/epoch_100.pt,completed_epoch_100,800,basis_eval,results/paper1_experiment03_20260901_server/checkpoints/stageB_ann/temporal_ann_dfa/seed_20260901/epoch_100.pt,a6a1094ccb95d20bfdabf58320ff0c4ae9650d4ddb8667a1533d5db24a016a56,UNAVAILABLE,real_checkpoint_replay,time-collapsed,4,8,11,26,75,5.0272412788455645,2.7025014900253765,14.9169998188119,0.0062840515985569,0.0186462497735148,01_spectral_metrics/temporal_ann_dfa_20260901.csv
N-MNIST,temporal ANN-DFA,20260908,H1,results/paper_v9_signal_processing/03_five_seed/checkpoints/temporal_ann_dfa/seed_20260908/epoch_100.pt,completed_epoch_100,800,basis_fit,results/paper_v9_signal_processing/03_five_seed/checkpoints/temporal_ann_dfa/seed_20260908/epoch_100.pt,072604c237c2e886f379d46bf801b4f1fde4a069ae7dd08428aa34fc079c1ecb,UNAVAILABLE,real_checkpoint_replay,timestep,62,288,433,539,670,10.45803135998666,5.535917850867572,253.6404849692091,0.0130725391999833,0.3170506062115114,01_spectral_metrics/temporal_ann_dfa_20260908.csv
N-MNIST,temporal ANN-DFA,20260908,H1,results/paper_v9_signal_processing/03_five_seed/checkpoints/temporal_ann_dfa/seed_20260908/epoch_100.pt,completed_epoch_100,800,basis_fit,results/paper_v9_signal_processing/03_five_seed/checkpoints/temporal_ann_dfa/seed_20260908/epoch_100.pt,072604c237c2e886f379d46bf801b4f1fde4a069ae7dd08428aa34fc079c1ecb,UNAVAILABLE,real_checkpoint_replay,time-collapsed,4,9,28,75,234,3.791395509440458,2.9611817768809123,19.320791133422752,0.0047392443868005,0.0241509889167784,01_spectral_metrics/temporal_ann_dfa_20260908.csv
N-MNIST,temporal ANN-DFA,20260908,H2,results/paper_v9_signal_processing/03_five_seed/checkpoints/temporal_ann_dfa/seed_20260908/epoch_100.pt,completed_epoch_100,800,basis_fit,results/paper_v9_signal_processing/03_five_seed/checkpoints/temporal_ann_dfa/seed_20260908/epoch_100.pt,072604c237c2e886f379d46bf801b4f1fde4a069ae7dd08428aa34fc079c1ecb,UNAVAILABLE,real_checkpoint_replay,timestep,9,86,176,249,347,9.98050026364258,4.40671973767269,82.00004021350168,0.0124756253295532,0.1025000502668771,01_spectral_metrics/temporal_ann_dfa_20260908.csv
N-MNIST,temporal ANN-DFA,20260908,H2,results/paper_v9_signal_processing/03_five_seed/checkpoints/temporal_ann_dfa/seed_20260908/epoch_100.pt,completed_epoch_100,800,basis_fit,results/paper_v9_signal_processing/03_five_seed/checkpoints/temporal_ann_dfa/seed_20260908/epoch_100.pt,072604c237c2e886f379d46bf801b4f1fde4a069ae7dd08428aa34fc079c1ecb,UNAVAILABLE,real_checkpoint_replay,time-collapsed,4,8,15,34,119,5.870945346749787,2.8315791822590737,16.972241936209574,0.0073386816834372,0.0212153024202619,01_spectral_metrics/temporal_ann_dfa_20260908.csv
N-MNIST,temporal ANN-DFA,20260908,H3,results/paper_v9_signal_processing/03_five_seed/checkpoints/temporal_ann_dfa/seed_20260908/epoch_100.pt,completed_epoch_100,800,basis_fit,results/paper_v9_signal_processing/03_five_seed/checkpoints/temporal_ann_dfa/seed_20260908/epoch_100.pt,072604c237c2e886f379d46bf801b4f1fde4a069ae7dd08428aa34fc079c1ecb,UNAVAILABLE,real_checkpoint_replay,timestep,7,34,78,126,201,7.877142889264988,3.798268384850685,44.62384622442376,0.0098464286115812,0.0557798077805297,01_spectral_metrics/temporal_ann_dfa_20260908.csv
N-MNIST,temporal ANN-DFA,20260908,H3,results/paper_v9_signal_processing/03_five_seed/checkpoints/temporal_ann_dfa/seed_20260908/epoch_100.pt,completed_epoch_100,800,basis_fit,results/paper_v9_signal_processing/03_five_seed/checkpoints/temporal_ann_dfa/seed_20260908/epoch_100.pt,072604c237c2e886f379d46bf801b4f1fde4a069ae7dd08428aa34fc079c1ecb,UNAVAILABLE,real_checkpoint_replay,time-collapsed,4,8,12,25,70,5.511494581294304,2.7208426030394266,15.193118620992545,0.0068893682266178,0.0189913982762406,01_spectral_metrics/temporal_ann_dfa_20260908.csv
N-MNIST,temporal ANN-DFA,20260908,H1,results/paper_v9_signal_processing/03_five_seed/checkpoints/temporal_ann_dfa/seed_20260908/epoch_100.pt,completed_epoch_100,800,basis_eval,results/paper_v9_signal_processing/03_five_seed/checkpoints/temporal_ann_dfa/seed_20260908/epoch_100.pt,072604c237c2e886f379d46bf801b4f1fde4a069ae7dd08428aa34fc079c1ecb,UNAVAILABLE,real_checkpoint_replay,timestep,64,291,436,541,671,9.479222643300744,5.526223921089165,251.19359108933168,0.0118490283041259,0.3139919888616646,01_spectral_metrics/temporal_ann_dfa_20260908.csv
N-MNIST,temporal ANN-DFA,20260908,H1,results/paper_v9_signal_processing/03_five_seed/checkpoints/temporal_ann_dfa/seed_20260908/epoch_100.pt,completed_epoch_100,800,basis_eval,results/paper_v9_signal_processing/03_five_seed/checkpoints/temporal_ann_dfa/seed_20260908/epoch_100.pt,072604c237c2e886f379d46bf801b4f1fde4a069ae7dd08428aa34fc079c1ecb,UNAVAILABLE,real_checkpoint_replay,time-collapsed,4,9,28,77,234,3.493958345244956,2.9348688409241297,18.819034686110232,0.0043674479315561,0.0235237933576377,01_spectral_metrics/temporal_ann_dfa_20260908.csv
N-MNIST,temporal ANN-DFA,20260908,H2,results/paper_v9_signal_processing/03_five_seed/checkpoints/temporal_ann_dfa/seed_20260908/epoch_100.pt,completed_epoch_100,800,basis_eval,results/paper_v9_signal_processing/03_five_seed/checkpoints/temporal_ann_dfa/seed_20260908/epoch_100.pt,072604c237c2e886f379d46bf801b4f1fde4a069ae7dd08428aa34fc079c1ecb,UNAVAILABLE,real_checkpoint_replay,timestep,9,86,176,250,347,9.646108154228484,4.399611068849881,81.41919604457362,0.0120576351927856,0.101773995055717,01_spectral_metrics/temporal_ann_dfa_20260908.csv
N-MNIST,temporal ANN-DFA,20260908,H2,results/paper_v9_signal_processing/03_five_seed/checkpoints/temporal_ann_dfa/seed_20260908/epoch_100.pt,completed_epoch_100,800,basis_eval,results/paper_v9_signal_processing/03_five_seed/checkpoints/temporal_ann_dfa/seed_20260908/epoch_100.pt,072604c237c2e886f379d46bf801b4f1fde4a069ae7dd08428aa34fc079c1ecb,UNAVAILABLE,real_checkpoint_replay,time-collapsed,4,8,15,35,118,5.6903684784509165,2.8294801998592343,16.936654860488034,0.0071129605980636,0.02117081857561,01_spectral_metrics/temporal_ann_dfa_20260908.csv
N-MNIST,temporal ANN-DFA,20260908,H3,results/paper_v9_signal_processing/03_five_seed/checkpoints/temporal_ann_dfa/seed_20260908/epoch_100.pt,completed_epoch_100,800,basis_eval,results/paper_v9_signal_processing/03_five_seed/checkpoints/temporal_ann_dfa/seed_20260908/epoch_100.pt,072604c237c2e886f379d46bf801b4f1fde4a069ae7dd08428aa34fc079c1ecb,UNAVAILABLE,real_checkpoint_replay,timestep,6,34,78,125,201,8.93377688886896,3.807059368118773,45.01786307017882,0.0111672211110862,0.0562723288377235,01_spectral_metrics/temporal_ann_dfa_20260908.csv
N-MNIST,temporal ANN-DFA,20260908,H3,results/paper_v9_signal_processing/03_five_seed/checkpoints/temporal_ann_dfa/seed_20260908/epoch_100.pt,completed_epoch_100,800,basis_eval,results/paper_v9_signal_processing/03_five_seed/checkpoints/temporal_ann_dfa/seed_20260908/epoch_100.pt,072604c237c2e886f379d46bf801b4f1fde4a069ae7dd08428aa34fc079c1ecb,UNAVAILABLE,real_checkpoint_replay,time-collapsed,4,8,12,25,70,6.25492473686617,2.7358055780353627,15.42216218823732,0.0078186559210827,0.0192777027352966,01_spectral_metrics/temporal_ann_dfa_20260908.csv
N-MNIST,temporal ANN-DFA,20260909,H1,results/paper_v9_signal_processing/03_five_seed/checkpoints/temporal_ann_dfa/seed_20260909/epoch_100.pt,completed_epoch_100,800,basis_fit,results/paper_v9_signal_processing/03_five_seed/checkpoints/temporal_ann_dfa/seed_20260909/epoch_100.pt,81fd5ae699ebe89c5d21e5b3a8f967322f1c97a6d1f3042a2eccfcdc6da0dd0e,UNAVAILABLE,real_checkpoint_replay,timestep,103,326,461,558,676,26.755756750594283,5.940586241627818,380.1577285103343,0.0334446959382428,0.4751971606379179,01_spectral_metrics/temporal_ann_dfa_20260909.csv
N-MNIST,temporal ANN-DFA,20260909,H1,results/paper_v9_signal_processing/03_five_seed/checkpoints/temporal_ann_dfa/seed_20260909/epoch_100.pt,completed_epoch_100,800,basis_fit,results/paper_v9_signal_processing/03_five_seed/checkpoints/temporal_ann_dfa/seed_20260909/epoch_100.pt,81fd5ae699ebe89c5d21e5b3a8f967322f1c97a6d1f3042a2eccfcdc6da0dd0e,UNAVAILABLE,real_checkpoint_replay,time-collapsed,5,20,65,131,285,6.654141943885204,3.546281497468937,34.68410446677066,0.0083176774298565,0.0433551305834633,01_spectral_metrics/temporal_ann_dfa_20260909.csv
N-MNIST,temporal ANN-DFA,20260909,H2,results/paper_v9_signal_processing/03_five_seed/checkpoints/temporal_ann_dfa/seed_20260909/epoch_100.pt,completed_epoch_100,800,basis_fit,results/paper_v9_signal_processing/03_five_seed/checkpoints/temporal_ann_dfa/seed_20260909/epoch_100.pt,81fd5ae699ebe89c5d21e5b3a8f967322f1c97a6d1f3042a2eccfcdc6da0dd0e,UNAVAILABLE,real_checkpoint_replay,timestep,9,114,226,320,448,11.214396290196692,4.614063913402644,100.89333941159516,0.0140179953627458,0.1261166742644939,01_spectral_metrics/temporal_ann_dfa_20260909.csv
N-MNIST,temporal ANN-DFA,20260909,H2,results/paper_v9_signal_processing/03_five_seed/checkpoints/temporal_ann_dfa/seed_20260909/epoch_100.pt,completed_epoch_100,800,basis_fit,results/paper_v9_signal_processing/03_five_seed/checkpoints/temporal_ann_dfa/seed_20260909/epoch_100.pt,81fd5ae699ebe89c5d21e5b3a8f967322f1c97a6d1f3042a2eccfcdc6da0dd0e,UNAVAILABLE,real_checkpoint_replay,time-collapsed,5,8,15,38,138,6.401153258497468,2.863055506616931,17.51496234222091,0.0080014415731218,0.0218937029277761,01_spectral_metrics/temporal_ann_dfa_20260909.csv
N-MNIST,temporal ANN-DFA,20260909,H3,results/paper_v9_signal_processing/03_five_seed/checkpoints/temporal_ann_dfa/seed_20260909/epoch_100.pt,completed_epoch_100,800,basis_fit,results/paper_v9_signal_processing/03_five_seed/checkpoints/temporal_ann_dfa/seed_20260909/epoch_100.pt,81fd5ae699ebe89c5d21e5b3a8f967322f1c97a6d1f3042a2eccfcdc6da0dd0e,UNAVAILABLE,real_checkpoint_replay,timestep,6,33,80,128,202,6.992783412076096,3.730478168509782,41.69904256669111,0.0087409792650951,0.0521238032083638,01_spectral_metrics/temporal_ann_dfa_20260909.csv
N-MNIST,temporal ANN-DFA,20260909,H3,results/paper_v9_signal_processing/03_five_seed/checkpoints/temporal_ann_dfa/seed_20260909/epoch_100.pt,completed_epoch_100,800,basis_fit,results/paper_v9_signal_processing/03_five_seed/checkpoints/temporal_ann_dfa/seed_20260909/epoch_100.pt,81fd5ae699ebe89c5d21e5b3a8f967322f1c97a6d1f3042a2eccfcdc6da0dd0e,UNAVAILABLE,real_checkpoint_replay,time-collapsed,4,8,10,24,72,5.1157417840855794,2.653509237715268,14.203795785367426,0.0063946772301069,0.0177547447317092,01_spectral_metrics/temporal_ann_dfa_20260909.csv
N-MNIST,temporal ANN-DFA,20260909,H1,results/paper_v9_signal_processing/03_five_seed/checkpoints/temporal_ann_dfa/seed_20260909/epoch_100.pt,completed_epoch_100,800,basis_eval,results/paper_v9_signal_processing/03_five_seed/checkpoints/temporal_ann_dfa/seed_20260909/epoch_100.pt,81fd5ae699ebe89c5d21e5b3a8f967322f1c97a6d1f3042a2eccfcdc6da0dd0e,UNAVAILABLE,real_checkpoint_replay,timestep,105,330,465,561,678,24.71287021049585,5.946372349929966,382.3637382504408,0.0308910877631198,0.4779546728130509,01_spectral_metrics/temporal_ann_dfa_20260909.csv
N-MNIST,temporal ANN-DFA,20260909,H1,results/paper_v9_signal_processing/03_five_seed/checkpoints/temporal_ann_dfa/seed_20260909/epoch_100.pt,completed_epoch_100,800,basis_eval,results/paper_v9_signal_processing/03_five_seed/checkpoints/temporal_ann_dfa/seed_20260909/epoch_100.pt,81fd5ae699ebe89c5d21e5b3a8f967322f1c97a6d1f3042a2eccfcdc6da0dd0e,UNAVAILABLE,real_checkpoint_replay,time-collapsed,5,21,67,133,288,6.128420007173653,3.528211627967176,34.06299580181603,0.007660525008967,0.04257874475227,01_spectral_metrics/temporal_ann_dfa_20260909.csv
N-MNIST,temporal ANN-DFA,20260909,H2,results/paper_v9_signal_processing/03_five_seed/checkpoints/temporal_ann_dfa/seed_20260909/epoch_100.pt,completed_epoch_100,800,basis_eval,results/paper_v9_signal_processing/03_five_seed/checkpoints/temporal_ann_dfa/seed_20260909/epoch_100.pt,81fd5ae699ebe89c5d21e5b3a8f967322f1c97a6d1f3042a2eccfcdc6da0dd0e,UNAVAILABLE,real_checkpoint_replay,timestep,9,114,226,320,449,10.07465246389669,4.600438698925214,99.52796887889556,0.0125933155798708,0.1244099610986194,01_spectral_metrics/temporal_ann_dfa_20260909.csv
N-MNIST,temporal ANN-DFA,20260909,H2,results/paper_v9_signal_processing/03_five_seed/checkpoints/temporal_ann_dfa/seed_20260909/epoch_100.pt,completed_epoch_100,800,basis_eval,results/paper_v9_signal_processing/03_five_seed/checkpoints/temporal_ann_dfa/seed_20260909/epoch_100.pt,81fd5ae699ebe89c5d21e5b3a8f967322f1c97a6d1f3042a2eccfcdc6da0dd0e,UNAVAILABLE,real_checkpoint_replay,time-collapsed,4,8,15,40,139,5.816196033527777,2.845866480101129,17.21646993644583,0.0072702450419097,0.0215205874205572,01_spectral_metrics/temporal_ann_dfa_20260909.csv
N-MNIST,temporal ANN-DFA,20260909,H3,results/paper_v9_signal_processing/03_five_seed/checkpoints/temporal_ann_dfa/seed_20260909/epoch_100.pt,completed_epoch_100,800,basis_eval,results/paper_v9_signal_processing/03_five_seed/checkpoints/temporal_ann_dfa/seed_20260909/epoch_100.pt,81fd5ae699ebe89c5d21e5b3a8f967322f1c97a6d1f3042a2eccfcdc6da0dd0e,UNAVAILABLE,real_checkpoint_replay,timestep,6,33,80,128,202,6.53063312966606,3.71475707804648,41.04861426356701,0.0081632914120825,0.0513107678294587,01_spectral_metrics/temporal_ann_dfa_20260909.csv
N-MNIST,temporal ANN-DFA,20260909,H3,results/paper_v9_signal_processing/03_five_seed/checkpoints/temporal_ann_dfa/seed_20260909/epoch_100.pt,completed_epoch_100,800,basis_eval,results/paper_v9_signal_processing/03_five_seed/checkpoints/temporal_ann_dfa/seed_20260909/epoch_100.pt,81fd5ae699ebe89c5d21e5b3a8f967322f1c97a6d1f3042a2eccfcdc6da0dd0e,UNAVAILABLE,real_checkpoint_replay,time-collapsed,4,8,10,23,72,4.764782950489814,2.6317236373043427,13.89770387029977,0.0059559786881122,0.0173721298378747,01_spectral_metrics/temporal_ann_dfa_20260909.csv
N-MNIST,MeanGate,20260830,H1,results/paper1_experiment03_20260901_server/checkpoints/stageC_gate/mean_gate/seed_20260830/epoch_100.pt,completed_epoch_100,800,basis_fit,results/paper1_experiment03_20260901_server/checkpoints/stageC_gate/mean_gate/seed_20260830/epoch_100.pt,01dd13b84fc1529257bc4f2248e91b56196e7f5c2918f6a8c2d3f135bfbb8def,UNAVAILABLE,real_checkpoint_replay,timestep,33,101,155,206,311,25.619641560586388,5.025620157763023,152.26465494635835,0.0320245519507329,0.1903308186829479,01_spectral_metrics/mean_gate_20260830.csv
N-MNIST,MeanGate,20260830,H1,results/paper1_experiment03_20260901_server/checkpoints/stageC_gate/mean_gate/seed_20260830/epoch_100.pt,completed_epoch_100,800,basis_fit,results/paper1_experiment03_20260901_server/checkpoints/stageC_gate/mean_gate/seed_20260830/epoch_100.pt,01dd13b84fc1529257bc4f2248e91b56196e7f5c2918f6a8c2d3f135bfbb8def,UNAVAILABLE,real_checkpoint_replay,time-collapsed,33,101,155,206,311,25.619643260676945,5.025620280854401,152.2646736888257,0.0320245540758461,0.1903308421110321,01_spectral_metrics/mean_gate_20260830.csv
N-MNIST,MeanGate,20260830,H2,results/paper1_experiment03_20260901_server/checkpoints/stageC_gate/mean_gate/seed_20260830/epoch_100.pt,completed_epoch_100,800,basis_fit,results/paper1_experiment03_20260901_server/checkpoints/stageC_gate/mean_gate/seed_20260830/epoch_100.pt,01dd13b84fc1529257bc4f2248e91b56196e7f5c2918f6a8c2d3f135bfbb8def,UNAVAILABLE,real_checkpoint_replay,timestep,35,96,143,189,291,31.46151022057846,5.02574098942768,152.28305444968288,0.039326887775723,0.1903538180621036,01_spectral_metrics/mean_gate_20260830.csv
N-MNIST,MeanGate,20260830,H2,results/paper1_experiment03_20260901_server/checkpoints/stageC_gate/mean_gate/seed_20260830/epoch_100.pt,completed_epoch_100,800,basis_fit,results/paper1_experiment03_20260901_server/checkpoints/stageC_gate/mean_gate/seed_20260830/epoch_100.pt,01dd13b84fc1529257bc4f2248e91b56196e7f5c2918f6a8c2d3f135bfbb8def,UNAVAILABLE,real_checkpoint_replay,time-collapsed,35,96,143,189,291,31.46151041423454,5.025741007311435,152.28305717307572,0.0393268880177931,0.1903538214663446,01_spectral_metrics/mean_gate_20260830.csv
N-MNIST,MeanGate,20260830,H3,results/paper1_experiment03_20260901_server/checkpoints/stageC_gate/mean_gate/seed_20260830/epoch_100.pt,completed_epoch_100,800,basis_fit,results/paper1_experiment03_20260901_server/checkpoints/stageC_gate/mean_gate/seed_20260830/epoch_100.pt,01dd13b84fc1529257bc4f2248e91b56196e7f5c2918f6a8c2d3f135bfbb8def,UNAVAILABLE,real_checkpoint_replay,timestep,30,89,138,189,298,29.91301754223288,4.936451472182887,139.27514989842155,0.0373912719277911,0.1740939373730269,01_spectral_metrics/mean_gate_20260830.csv
N-MNIST,MeanGate,20260830,H3,results/paper1_experiment03_20260901_server/checkpoints/stageC_gate/mean_gate/seed_20260830/epoch_100.pt,completed_epoch_100,800,basis_fit,results/paper1_experiment03_20260901_server/checkpoints/stageC_gate/mean_gate/seed_20260830/epoch_100.pt,01dd13b84fc1529257bc4f2248e91b56196e7f5c2918f6a8c2d3f135bfbb8def,UNAVAILABLE,real_checkpoint_replay,time-collapsed,30,89,138,189,298,29.91300947269756,4.936451472871799,139.2751499943699,0.0373912618408719,0.1740939374929624,01_spectral_metrics/mean_gate_20260830.csv
N-MNIST,MeanGate,20260830,H1,results/paper1_experiment03_20260901_server/checkpoints/stageC_gate/mean_gate/seed_20260830/epoch_100.pt,completed_epoch_100,800,basis_eval,results/paper1_experiment03_20260901_server/checkpoints/stageC_gate/mean_gate/seed_20260830/epoch_100.pt,01dd13b84fc1529257bc4f2248e91b56196e7f5c2918f6a8c2d3f135bfbb8def,UNAVAILABLE,real_checkpoint_replay,timestep,34,102,152,202,304,26.506219331148017,5.030308531336527,152.98020460213738,0.033132774163935,0.1912252557526717,01_spectral_metrics/mean_gate_20260830.csv
N-MNIST,MeanGate,20260830,H1,results/paper1_experiment03_20260901_server/checkpoints/stageC_gate/mean_gate/seed_20260830/epoch_100.pt,completed_epoch_100,800,basis_eval,results/paper1_experiment03_20260901_server/checkpoints/stageC_gate/mean_gate/seed_20260830/epoch_100.pt,01dd13b84fc1529257bc4f2248e91b56196e7f5c2918f6a8c2d3f135bfbb8def,UNAVAILABLE,real_checkpoint_replay,time-collapsed,34,102,152,202,304,26.5062206560542,5.030308466918307,152.98019474742534,0.0331327758200677,0.1912252434342816,01_spectral_metrics/mean_gate_20260830.csv
N-MNIST,MeanGate,20260830,H2,results/paper1_experiment03_20260901_server/checkpoints/stageC_gate/mean_gate/seed_20260830/epoch_100.pt,completed_epoch_100,800,basis_eval,results/paper1_experiment03_20260901_server/checkpoints/stageC_gate/mean_gate/seed_20260830/epoch_100.pt,01dd13b84fc1529257bc4f2248e91b56196e7f5c2918f6a8c2d3f135bfbb8def,UNAVAILABLE,real_checkpoint_replay,timestep,37,98,146,194,295,26.642001635206334,5.047923409856643,155.69880594387726,0.0333025020440079,0.1946235074298465,01_spectral_metrics/mean_gate_20260830.csv
N-MNIST,MeanGate,20260830,H2,results/paper1_experiment03_20260901_server/checkpoints/stageC_gate/mean_gate/seed_20260830/epoch_100.pt,completed_epoch_100,800,basis_eval,results/paper1_experiment03_20260901_server/checkpoints/stageC_gate/mean_gate/seed_20260830/epoch_100.pt,01dd13b84fc1529257bc4f2248e91b56196e7f5c2918f6a8c2d3f135bfbb8def,UNAVAILABLE,real_checkpoint_replay,time-collapsed,37,98,146,194,295,26.642000823806857,5.047923678520521,155.69884777452785,0.0333025010297585,0.1946235597181598,01_spectral_metrics/mean_gate_20260830.csv
N-MNIST,MeanGate,20260830,H3,results/paper1_experiment03_20260901_server/checkpoints/stageC_gate/mean_gate/seed_20260830/epoch_100.pt,completed_epoch_100,800,basis_eval,results/paper1_experiment03_20260901_server/checkpoints/stageC_gate/mean_gate/seed_20260830/epoch_100.pt,01dd13b84fc1529257bc4f2248e91b56196e7f5c2918f6a8c2d3f135bfbb8def,UNAVAILABLE,real_checkpoint_replay,timestep,35,99,149,198,298,25.927144888495448,5.0356598458379205,153.80104411581289,0.0324089311106193,0.1922513051447661,01_spectral_metrics/mean_gate_20260830.csv
N-MNIST,MeanGate,20260830,H3,results/paper1_experiment03_20260901_server/checkpoints/stageC_gate/mean_gate/seed_20260830/epoch_100.pt,completed_epoch_100,800,basis_eval,results/paper1_experiment03_20260901_server/checkpoints/stageC_gate/mean_gate/seed_20260830/epoch_100.pt,01dd13b84fc1529257bc4f2248e91b56196e7f5c2918f6a8c2d3f135bfbb8def,UNAVAILABLE,real_checkpoint_replay,time-collapsed,35,99,149,198,298,25.92715067907787,5.035659836929454,153.8010427456814,0.0324089383488473,0.1922513034321017,01_spectral_metrics/mean_gate_20260830.csv
N-MNIST,MeanGate,20260831,H1,results/paper1_experiment03_20260901_server/checkpoints/stageC_gate/mean_gate/seed_20260831/epoch_100.pt,completed_epoch_100,800,basis_fit,results/paper1_experiment03_20260901_server/checkpoints/stageC_gate/mean_gate/seed_20260831/epoch_100.pt,e3828627eaa748905bfcf0d20803a71acae440a27dee9ecaee8e4a17360ffc40,UNAVAILABLE,real_checkpoint_replay,timestep,34,101,153,204,310,23.98350761534388,5.030251631011908,152.97150022647858,0.0299793845191798,0.1912143752830982,01_spectral_metrics/mean_gate_20260831.csv
N-MNIST,MeanGate,20260831,H1,results/paper1_experiment03_20260901_server/checkpoints/stageC_gate/mean_gate/seed_20260831/epoch_100.pt,completed_epoch_100,800,basis_fit,results/paper1_experiment03_20260901_server/checkpoints/stageC_gate/mean_gate/seed_20260831/epoch_100.pt,e3828627eaa748905bfcf0d20803a71acae440a27dee9ecaee8e4a17360ffc40,UNAVAILABLE,real_checkpoint_replay,time-collapsed,34,101,153,204,310,23.9835028088555,5.030251630423126,152.97150013641166,0.0299793785110693,0.1912143751705145,01_spectral_metrics/mean_gate_20260831.csv
N-MNIST,MeanGate,20260831,H2,results/paper1_experiment03_20260901_server/checkpoints/stageC_gate/mean_gate/seed_20260831/epoch_100.pt,completed_epoch_100,800,basis_fit,results/paper1_experiment03_20260901_server/checkpoints/stageC_gate/mean_gate/seed_20260831/epoch_100.pt,e3828627eaa748905bfcf0d20803a71acae440a27dee9ecaee8e4a17360ffc40,UNAVAILABLE,real_checkpoint_replay,timestep,36,102,154,203,303,27.765937085187407,5.058874479863007,157.41324480389227,0.0347074213564842,0.1967665560048653,01_spectral_metrics/mean_gate_20260831.csv
N-MNIST,MeanGate,20260831,H2,results/paper1_experiment03_20260901_server/checkpoints/stageC_gate/mean_gate/seed_20260831/epoch_100.pt,completed_epoch_100,800,basis_fit,results/paper1_experiment03_20260901_server/checkpoints/stageC_gate/mean_gate/seed_20260831/epoch_100.pt,e3828627eaa748905bfcf0d20803a71acae440a27dee9ecaee8e4a17360ffc40,UNAVAILABLE,real_checkpoint_replay,time-collapsed,36,102,154,203,303,27.765931130888298,5.058874468656187,157.41324303979033,0.0347074139136103,0.1967665537997379,01_spectral_metrics/mean_gate_20260831.csv
N-MNIST,MeanGate,20260831,H3,results/paper1_experiment03_20260901_server/checkpoints/stageC_gate/mean_gate/seed_20260831/epoch_100.pt,completed_epoch_100,800,basis_fit,results/paper1_experiment03_20260901_server/checkpoints/stageC_gate/mean_gate/seed_20260831/epoch_100.pt,e3828627eaa748905bfcf0d20803a71acae440a27dee9ecaee8e4a17360ffc40,UNAVAILABLE,real_checkpoint_replay,timestep,30,88,137,188,297,12.632223413246209,4.8783932344677226,131.41933409628433,0.0157902792665577,0.1642741676203554,01_spectral_metrics/mean_gate_20260831.csv
N-MNIST,MeanGate,20260831,H3,results/paper1_experiment03_20260901_server/checkpoints/stageC_gate/mean_gate/seed_20260831/epoch_100.pt,completed_epoch_100,800,basis_fit,results/paper1_experiment03_20260901_server/checkpoints/stageC_gate/mean_gate/seed_20260831/epoch_100.pt,e3828627eaa748905bfcf0d20803a71acae440a27dee9ecaee8e4a17360ffc40,UNAVAILABLE,real_checkpoint_replay,time-collapsed,30,88,137,188,297,12.63222735734056,4.878393480145277,131.41936638306893,0.0157902841966756,0.1642742079788361,01_spectral_metrics/mean_gate_20260831.csv
N-MNIST,MeanGate,20260831,H1,results/paper1_experiment03_20260901_server/checkpoints/stageC_gate/mean_gate/seed_20260831/epoch_100.pt,completed_epoch_100,800,basis_eval,results/paper1_experiment03_20260901_server/checkpoints/stageC_gate/mean_gate/seed_20260831/epoch_100.pt,e3828627eaa748905bfcf0d20803a71acae440a27dee9ecaee8e4a17360ffc40,UNAVAILABLE,real_checkpoint_replay,timestep,34,99,151,201,303,26.499843196034284,5.0223743027795456,151.7712271879795,0.0331248039950428,0.1897140339849743,01_spectral_metrics/mean_gate_20260831.csv
N-MNIST,MeanGate,20260831,H1,results/paper1_experiment03_20260901_server/checkpoints/stageC_gate/mean_gate/seed_20260831/epoch_100.pt,completed_epoch_100,800,basis_eval,results/paper1_experiment03_20260901_server/checkpoints/stageC_gate/mean_gate/seed_20260831/epoch_100.pt,e3828627eaa748905bfcf0d20803a71acae440a27dee9ecaee8e4a17360ffc40,UNAVAILABLE,real_checkpoint_replay,time-collapsed,34,99,151,201,303,26.49984070854701,5.022374270237013,151.77122224895953,0.0331248008856837,0.1897140278111994,01_spectral_metrics/mean_gate_20260831.csv
N-MNIST,MeanGate,20260831,H2,results/paper1_experiment03_20260901_server/checkpoints/stageC_gate/mean_gate/seed_20260831/epoch_100.pt,completed_epoch_100,800,basis_eval,results/paper1_experiment03_20260901_server/checkpoints/stageC_gate/mean_gate/seed_20260831/epoch_100.pt,e3828627eaa748905bfcf0d20803a71acae440a27dee9ecaee8e4a17360ffc40,UNAVAILABLE,real_checkpoint_replay,timestep,36,102,155,206,305,31.967920180856368,5.0776630322516425,160.3987708305139,0.0399599002260704,0.2004984635381423,01_spectral_metrics/mean_gate_20260831.csv
N-MNIST,MeanGate,20260831,H2,results/paper1_experiment03_20260901_server/checkpoints/stageC_gate/mean_gate/seed_20260831/epoch_100.pt,completed_epoch_100,800,basis_eval,results/paper1_experiment03_20260901_server/checkpoints/stageC_gate/mean_gate/seed_20260831/epoch_100.pt,e3828627eaa748905bfcf0d20803a71acae440a27dee9ecaee8e4a17360ffc40,UNAVAILABLE,real_checkpoint_replay,time-collapsed,36,102,155,206,305,31.967923115709358,5.077662911428695,160.39875145066287,0.0399599038946366,0.2004984393133285,01_spectral_metrics/mean_gate_20260831.csv
N-MNIST,MeanGate,20260831,H3,results/paper1_experiment03_20260901_server/checkpoints/stageC_gate/mean_gate/seed_20260831/epoch_100.pt,completed_epoch_100,800,basis_eval,results/paper1_experiment03_20260901_server/checkpoints/stageC_gate/mean_gate/seed_20260831/epoch_100.pt,e3828627eaa748905bfcf0d20803a71acae440a27dee9ecaee8e4a17360ffc40,UNAVAILABLE,real_checkpoint_replay,timestep,35,95,145,194,296,24.301677570733823,5.013504252701888,150.43096170088404,0.0303770969634172,0.188038702126105,01_spectral_metrics/mean_gate_20260831.csv
N-MNIST,MeanGate,20260831,H3,results/paper1_experiment03_20260901_server/checkpoints/stageC_gate/mean_gate/seed_20260831/epoch_100.pt,completed_epoch_100,800,basis_eval,results/paper1_experiment03_20260901_server/checkpoints/stageC_gate/mean_gate/seed_20260831/epoch_100.pt,e3828627eaa748905bfcf0d20803a71acae440a27dee9ecaee8e4a17360ffc40,UNAVAILABLE,real_checkpoint_replay,time-collapsed,35,95,145,194,296,24.301683010916214,5.013504217121757,150.43095634853083,0.0303771037636452,0.1880386954356635,01_spectral_metrics/mean_gate_20260831.csv
N-MNIST,MeanGate,20260901,H1,results/paper1_experiment03_20260901_server/checkpoints/stageC_gate/mean_gate/seed_20260901/epoch_100.pt,completed_epoch_100,800,basis_fit,results/paper1_experiment03_20260901_server/checkpoints/stageC_gate/mean_gate/seed_20260901/epoch_100.pt,0f375c4e4900c40a1a6fbb1fe2881ddab1d8194400528405b6ba6218d9121d7a,UNAVAILABLE,real_checkpoint_replay,timestep,34,100,153,203,311,22.04094520741856,5.030692769049694,153.0389966604533,0.0275511815092731,0.1912987458255666,01_spectral_metrics/mean_gate_20260901.csv
N-MNIST,MeanGate,20260901,H1,results/paper1_experiment03_20260901_server/checkpoints/stageC_gate/mean_gate/seed_20260901/epoch_100.pt,completed_epoch_100,800,basis_fit,results/paper1_experiment03_20260901_server/checkpoints/stageC_gate/mean_gate/seed_20260901/epoch_100.pt,0f375c4e4900c40a1a6fbb1fe2881ddab1d8194400528405b6ba6218d9121d7a,UNAVAILABLE,real_checkpoint_replay,time-collapsed,34,100,153,203,311,22.04094334846522,5.030692703285277,153.03898659593327,0.0275511791855815,0.1912987332449165,01_spectral_metrics/mean_gate_20260901.csv
N-MNIST,MeanGate,20260901,H2,results/paper1_experiment03_20260901_server/checkpoints/stageC_gate/mean_gate/seed_20260901/epoch_100.pt,completed_epoch_100,800,basis_fit,results/paper1_experiment03_20260901_server/checkpoints/stageC_gate/mean_gate/seed_20260901/epoch_100.pt,0f375c4e4900c40a1a6fbb1fe2881ddab1d8194400528405b6ba6218d9121d7a,UNAVAILABLE,real_checkpoint_replay,timestep,33,97,149,198,301,25.57079087797537,5.000165442387592,148.43771496120257,0.0319634885974692,0.1855471437015032,01_spectral_metrics/mean_gate_20260901.csv
N-MNIST,MeanGate,20260901,H2,results/paper1_experiment03_20260901_server/checkpoints/stageC_gate/mean_gate/seed_20260901/epoch_100.pt,completed_epoch_100,800,basis_fit,results/paper1_experiment03_20260901_server/checkpoints/stageC_gate/mean_gate/seed_20260901/epoch_100.pt,0f375c4e4900c40a1a6fbb1fe2881ddab1d8194400528405b6ba6218d9121d7a,UNAVAILABLE,real_checkpoint_replay,time-collapsed,33,97,149,198,301,25.570792737629336,5.000165353696172,148.4377017960514,0.0319634909220366,0.1855471272450642,01_spectral_metrics/mean_gate_20260901.csv
N-MNIST,MeanGate,20260901,H3,results/paper1_experiment03_20260901_server/checkpoints/stageC_gate/mean_gate/seed_20260901/epoch_100.pt,completed_epoch_100,800,basis_fit,results/paper1_experiment03_20260901_server/checkpoints/stageC_gate/mean_gate/seed_20260901/epoch_100.pt,0f375c4e4900c40a1a6fbb1fe2881ddab1d8194400528405b6ba6218d9121d7a,UNAVAILABLE,real_checkpoint_replay,timestep,31,94,140,189,290,19.38031163658088,4.954417819945858,141.80002918922546,0.024225389545726,0.1772500364865318,01_spectral_metrics/mean_gate_20260901.csv
N-MNIST,MeanGate,20260901,H3,results/paper1_experiment03_20260901_server/checkpoints/stageC_gate/mean_gate/seed_20260901/epoch_100.pt,completed_epoch_100,800,basis_fit,results/paper1_experiment03_20260901_server/checkpoints/stageC_gate/mean_gate/seed_20260901/epoch_100.pt,0f375c4e4900c40a1a6fbb1fe2881ddab1d8194400528405b6ba6218d9121d7a,UNAVAILABLE,real_checkpoint_replay,time-collapsed,31,94,140,189,290,19.380322863552102,4.9544177459642285,141.80001869862858,0.0242254035794401,0.1772500233732857,01_spectral_metrics/mean_gate_20260901.csv
N-MNIST,MeanGate,20260901,H1,results/paper1_experiment03_20260901_server/checkpoints/stageC_gate/mean_gate/seed_20260901/epoch_100.pt,completed_epoch_100,800,basis_eval,results/paper1_experiment03_20260901_server/checkpoints/stageC_gate/mean_gate/seed_20260901/epoch_100.pt,0f375c4e4900c40a1a6fbb1fe2881ddab1d8194400528405b6ba6218d9121d7a,UNAVAILABLE,real_checkpoint_replay,timestep,33,100,154,205,309,25.03459055213854,5.024916761493527,152.15759021497365,0.0312932381901731,0.190196987768717,01_spectral_metrics/mean_gate_20260901.csv
N-MNIST,MeanGate,20260901,H1,results/paper1_experiment03_20260901_server/checkpoints/stageC_gate/mean_gate/seed_20260901/epoch_100.pt,completed_epoch_100,800,basis_eval,results/paper1_experiment03_20260901_server/checkpoints/stageC_gate/mean_gate/seed_20260901/epoch_100.pt,0f375c4e4900c40a1a6fbb1fe2881ddab1d8194400528405b6ba6218d9121d7a,UNAVAILABLE,real_checkpoint_replay,time-collapsed,33,100,154,205,309,25.03459483644537,5.024916804137932,152.1575967036436,0.0312932435455567,0.1901969958795545,01_spectral_metrics/mean_gate_20260901.csv
N-MNIST,MeanGate,20260901,H2,results/paper1_experiment03_20260901_server/checkpoints/stageC_gate/mean_gate/seed_20260901/epoch_100.pt,completed_epoch_100,800,basis_eval,results/paper1_experiment03_20260901_server/checkpoints/stageC_gate/mean_gate/seed_20260901/epoch_100.pt,0f375c4e4900c40a1a6fbb1fe2881ddab1d8194400528405b6ba6218d9121d7a,UNAVAILABLE,real_checkpoint_replay,timestep,34,95,145,194,295,25.660755064033104,4.995912340545449,147.80773487662236,0.0320759438300413,0.1847596685957779,01_spectral_metrics/mean_gate_20260901.csv
N-MNIST,MeanGate,20260901,H2,results/paper1_experiment03_20260901_server/checkpoints/stageC_gate/mean_gate/seed_20260901/epoch_100.pt,completed_epoch_100,800,basis_eval,results/paper1_experiment03_20260901_server/checkpoints/stageC_gate/mean_gate/seed_20260901/epoch_100.pt,0f375c4e4900c40a1a6fbb1fe2881ddab1d8194400528405b6ba6218d9121d7a,UNAVAILABLE,real_checkpoint_replay,time-collapsed,34,95,145,194,295,25.660763378705852,4.995912323406304,147.80773234332415,0.0320759542233823,0.1847596654291551,01_spectral_metrics/mean_gate_20260901.csv
N-MNIST,MeanGate,20260901,H3,results/paper1_experiment03_20260901_server/checkpoints/stageC_gate/mean_gate/seed_20260901/epoch_100.pt,completed_epoch_100,800,basis_eval,results/paper1_experiment03_20260901_server/checkpoints/stageC_gate/mean_gate/seed_20260901/epoch_100.pt,0f375c4e4900c40a1a6fbb1fe2881ddab1d8194400528405b6ba6218d9121d7a,UNAVAILABLE,real_checkpoint_replay,timestep,35,96,144,191,295,42.49524734481791,5.033362275982057,153.44808110690605,0.0531190591810223,0.1918101013836325,01_spectral_metrics/mean_gate_20260901.csv
N-MNIST,MeanGate,20260901,H3,results/paper1_experiment03_20260901_server/checkpoints/stageC_gate/mean_gate/seed_20260901/epoch_100.pt,completed_epoch_100,800,basis_eval,results/paper1_experiment03_20260901_server/checkpoints/stageC_gate/mean_gate/seed_20260901/epoch_100.pt,0f375c4e4900c40a1a6fbb1fe2881ddab1d8194400528405b6ba6218d9121d7a,UNAVAILABLE,real_checkpoint_replay,time-collapsed,35,96,144,191,295,42.49524380051154,5.033362186111213,153.4480673163981,0.0531190547506394,0.1918100841454976,01_spectral_metrics/mean_gate_20260901.csv
N-MNIST,MeanGate,20260908,H1,results/paper_v9_signal_processing/03_five_seed/checkpoints/mean_gate/seed_20260908/epoch_100.pt,completed_epoch_100,800,basis_fit,results/paper_v9_signal_processing/03_five_seed/checkpoints/mean_gate/seed_20260908/epoch_100.pt,4f6543e926f6caf3499bdb2eab1c969579baa9846b5a8022e7ea364f951cc4cd,UNAVAILABLE,real_checkpoint_replay,timestep,33,98,151,204,313,20.667915709910822,5.006561543383358,149.39018036300797,0.0258348946373885,0.1867377254537599,01_spectral_metrics/mean_gate_20260908.csv
N-MNIST,MeanGate,20260908,H1,results/paper_v9_signal_processing/03_five_seed/checkpoints/mean_gate/seed_20260908/epoch_100.pt,completed_epoch_100,800,basis_fit,results/paper_v9_signal_processing/03_five_seed/checkpoints/mean_gate/seed_20260908/epoch_100.pt,4f6543e926f6caf3499bdb2eab1c969579baa9846b5a8022e7ea364f951cc4cd,UNAVAILABLE,real_checkpoint_replay,time-collapsed,33,98,151,204,313,20.66791909266982,5.006561560325039,149.39018289392877,0.0258348988658372,0.1867377286174109,01_spectral_metrics/mean_gate_20260908.csv
N-MNIST,MeanGate,20260908,H2,results/paper_v9_signal_processing/03_five_seed/checkpoints/mean_gate/seed_20260908/epoch_100.pt,completed_epoch_100,800,basis_fit,results/paper_v9_signal_processing/03_five_seed/checkpoints/mean_gate/seed_20260908/epoch_100.pt,4f6543e926f6caf3499bdb2eab1c969579baa9846b5a8022e7ea364f951cc4cd,UNAVAILABLE,real_checkpoint_replay,timestep,34,94,145,195,300,24.23263118485556,5.00439518363977,149.06689778979182,0.0302907889810694,0.1863336222372398,01_spectral_metrics/mean_gate_20260908.csv
N-MNIST,MeanGate,20260908,H2,results/paper_v9_signal_processing/03_five_seed/checkpoints/mean_gate/seed_20260908/epoch_100.pt,completed_epoch_100,800,basis_fit,results/paper_v9_signal_processing/03_five_seed/checkpoints/mean_gate/seed_20260908/epoch_100.pt,4f6543e926f6caf3499bdb2eab1c969579baa9846b5a8022e7ea364f951cc4cd,UNAVAILABLE,real_checkpoint_replay,time-collapsed,34,94,145,195,300,24.23262977805356,5.004395192136665,149.06689905639772,0.0302907872225669,0.1863336238204971,01_spectral_metrics/mean_gate_20260908.csv
N-MNIST,MeanGate,20260908,H3,results/paper_v9_signal_processing/03_five_seed/checkpoints/mean_gate/seed_20260908/epoch_100.pt,completed_epoch_100,800,basis_fit,results/paper_v9_signal_processing/03_five_seed/checkpoints/mean_gate/seed_20260908/epoch_100.pt,4f6543e926f6caf3499bdb2eab1c969579baa9846b5a8022e7ea364f951cc4cd,UNAVAILABLE,real_checkpoint_replay,timestep,30,86,135,183,289,29.07071556651688,4.927545806534888,138.04031863880175,0.0363383944581461,0.1725503982985022,01_spectral_metrics/mean_gate_20260908.csv
N-MNIST,MeanGate,20260908,H3,results/paper_v9_signal_processing/03_five_seed/checkpoints/mean_gate/seed_20260908/epoch_100.pt,completed_epoch_100,800,basis_fit,results/paper_v9_signal_processing/03_five_seed/checkpoints/mean_gate/seed_20260908/epoch_100.pt,4f6543e926f6caf3499bdb2eab1c969579baa9846b5a8022e7ea364f951cc4cd,UNAVAILABLE,real_checkpoint_replay,time-collapsed,30,86,135,183,289,29.070713696492614,4.927545791183542,138.04031651969706,0.0363383921206157,0.1725503956496213,01_spectral_metrics/mean_gate_20260908.csv
N-MNIST,MeanGate,20260908,H1,results/paper_v9_signal_processing/03_five_seed/checkpoints/mean_gate/seed_20260908/epoch_100.pt,completed_epoch_100,800,basis_eval,results/paper_v9_signal_processing/03_five_seed/checkpoints/mean_gate/seed_20260908/epoch_100.pt,4f6543e926f6caf3499bdb2eab1c969579baa9846b5a8022e7ea364f951cc4cd,UNAVAILABLE,real_checkpoint_replay,timestep,33,98,149,200,303,26.11457025854628,5.005622352756963,149.24994037228646,0.0326432128231828,0.186562425465358,01_spectral_metrics/mean_gate_20260908.csv
N-MNIST,MeanGate,20260908,H1,results/paper_v9_signal_processing/03_five_seed/checkpoints/mean_gate/seed_20260908/epoch_100.pt,completed_epoch_100,800,basis_eval,results/paper_v9_signal_processing/03_five_seed/checkpoints/mean_gate/seed_20260908/epoch_100.pt,4f6543e926f6caf3499bdb2eab1c969579baa9846b5a8022e7ea364f951cc4cd,UNAVAILABLE,real_checkpoint_replay,time-collapsed,33,98,149,200,303,26.114575184182677,5.005622303638065,149.249933041294,0.0326432189802283,0.1865624163016175,01_spectral_metrics/mean_gate_20260908.csv
N-MNIST,MeanGate,20260908,H2,results/paper_v9_signal_processing/03_five_seed/checkpoints/mean_gate/seed_20260908/epoch_100.pt,completed_epoch_100,800,basis_eval,results/paper_v9_signal_processing/03_five_seed/checkpoints/mean_gate/seed_20260908/epoch_100.pt,4f6543e926f6caf3499bdb2eab1c969579baa9846b5a8022e7ea364f951cc4cd,UNAVAILABLE,real_checkpoint_replay,timestep,35,97,148,200,302,25.603922703413023,5.030100505929417,152.94838414264203,0.0320049033792662,0.1911854801783025,01_spectral_metrics/mean_gate_20260908.csv
N-MNIST,MeanGate,20260908,H2,results/paper_v9_signal_processing/03_five_seed/checkpoints/mean_gate/seed_20260908/epoch_100.pt,completed_epoch_100,800,basis_eval,results/paper_v9_signal_processing/03_five_seed/checkpoints/mean_gate/seed_20260908/epoch_100.pt,4f6543e926f6caf3499bdb2eab1c969579baa9846b5a8022e7ea364f951cc4cd,UNAVAILABLE,real_checkpoint_replay,time-collapsed,35,97,148,200,302,25.603924432424616,5.030100392115902,152.94836673504992,0.0320049055405307,0.1911854584188124,01_spectral_metrics/mean_gate_20260908.csv
N-MNIST,MeanGate,20260908,H3,results/paper_v9_signal_processing/03_five_seed/checkpoints/mean_gate/seed_20260908/epoch_100.pt,completed_epoch_100,800,basis_eval,results/paper_v9_signal_processing/03_five_seed/checkpoints/mean_gate/seed_20260908/epoch_100.pt,4f6543e926f6caf3499bdb2eab1c969579baa9846b5a8022e7ea364f951cc4cd,UNAVAILABLE,real_checkpoint_replay,timestep,30,89,137,184,288,32.557644757200364,4.93702803237456,139.3554735590298,0.0406970559465004,0.1741943419487872,01_spectral_metrics/mean_gate_20260908.csv
N-MNIST,MeanGate,20260908,H3,results/paper_v9_signal_processing/03_five_seed/checkpoints/mean_gate/seed_20260908/epoch_100.pt,completed_epoch_100,800,basis_eval,results/paper_v9_signal_processing/03_five_seed/checkpoints/mean_gate/seed_20260908/epoch_100.pt,4f6543e926f6caf3499bdb2eab1c969579baa9846b5a8022e7ea364f951cc4cd,UNAVAILABLE,real_checkpoint_replay,time-collapsed,30,89,137,184,288,32.5576373082133,4.937027976582933,139.35546578416148,0.0406970466352666,0.1741943322302018,01_spectral_metrics/mean_gate_20260908.csv
N-MNIST,MeanGate,20260909,H1,results/paper_v9_signal_processing/03_five_seed/checkpoints/mean_gate/seed_20260909/epoch_100.pt,completed_epoch_100,800,basis_fit,results/paper_v9_signal_processing/03_five_seed/checkpoints/mean_gate/seed_20260909/epoch_100.pt,4fe3c1e770a5dd4feaf9d90eebd3c46dc0c459695f8834d3a925086fc5d60654,UNAVAILABLE,real_checkpoint_replay,timestep,36,99,150,201,307,25.820409013106055,5.038711916697011,154.2711728688473,0.0322755112663825,0.1928389660860591,01_spectral_metrics/mean_gate_20260909.csv
N-MNIST,MeanGate,20260909,H1,results/paper_v9_signal_processing/03_five_seed/checkpoints/mean_gate/seed_20260909/epoch_100.pt,completed_epoch_100,800,basis_fit,results/paper_v9_signal_processing/03_five_seed/checkpoints/mean_gate/seed_20260909/epoch_100.pt,4fe3c1e770a5dd4feaf9d90eebd3c46dc0c459695f8834d3a925086fc5d60654,UNAVAILABLE,real_checkpoint_replay,time-collapsed,36,99,150,201,307,25.820397990225867,5.0387118340036245,154.2711601116421,0.0322754974877823,0.1928389501395526,01_spectral_metrics/mean_gate_20260909.csv
N-MNIST,MeanGate,20260909,H2,results/paper_v9_signal_processing/03_five_seed/checkpoints/mean_gate/seed_20260909/epoch_100.pt,completed_epoch_100,800,basis_fit,results/paper_v9_signal_processing/03_five_seed/checkpoints/mean_gate/seed_20260909/epoch_100.pt,4fe3c1e770a5dd4feaf9d90eebd3c46dc0c459695f8834d3a925086fc5d60654,UNAVAILABLE,real_checkpoint_replay,timestep,32,92,139,189,292,24.71763585288709,4.958656334091583,142.40232613919082,0.0308970448161088,0.1780029076739885,01_spectral_metrics/mean_gate_20260909.csv
N-MNIST,MeanGate,20260909,H2,results/paper_v9_signal_processing/03_five_seed/checkpoints/mean_gate/seed_20260909/epoch_100.pt,completed_epoch_100,800,basis_fit,results/paper_v9_signal_processing/03_five_seed/checkpoints/mean_gate/seed_20260909/epoch_100.pt,4fe3c1e770a5dd4feaf9d90eebd3c46dc0c459695f8834d3a925086fc5d60654,UNAVAILABLE,real_checkpoint_replay,time-collapsed,32,92,139,189,292,24.717639937864877,4.958656378940524,142.40233252578443,0.030897049922331,0.1780029156572305,01_spectral_metrics/mean_gate_20260909.csv
N-MNIST,MeanGate,20260909,H3,results/paper_v9_signal_processing/03_five_seed/checkpoints/mean_gate/seed_20260909/epoch_100.pt,completed_epoch_100,800,basis_fit,results/paper_v9_signal_processing/03_five_seed/checkpoints/mean_gate/seed_20260909/epoch_100.pt,4fe3c1e770a5dd4feaf9d90eebd3c46dc0c459695f8834d3a925086fc5d60654,UNAVAILABLE,real_checkpoint_replay,timestep,33,94,141,189,292,21.74281807992997,4.962581368096808,142.96235846569013,0.0271785225999124,0.1787029480821126,01_spectral_metrics/mean_gate_20260909.csv
N-MNIST,MeanGate,20260909,H3,results/paper_v9_signal_processing/03_five_seed/checkpoints/mean_gate/seed_20260909/epoch_100.pt,completed_epoch_100,800,basis_fit,results/paper_v9_signal_processing/03_five_seed/checkpoints/mean_gate/seed_20260909/epoch_100.pt,4fe3c1e770a5dd4feaf9d90eebd3c46dc0c459695f8834d3a925086fc5d60654,UNAVAILABLE,real_checkpoint_replay,time-collapsed,33,94,141,189,292,21.74282463527597,4.962581373402249,142.9623592241684,0.0271785307940949,0.1787029490302105,01_spectral_metrics/mean_gate_20260909.csv
N-MNIST,MeanGate,20260909,H1,results/paper_v9_signal_processing/03_five_seed/checkpoints/mean_gate/seed_20260909/epoch_100.pt,completed_epoch_100,800,basis_eval,results/paper_v9_signal_processing/03_five_seed/checkpoints/mean_gate/seed_20260909/epoch_100.pt,4fe3c1e770a5dd4feaf9d90eebd3c46dc0c459695f8834d3a925086fc5d60654,UNAVAILABLE,real_checkpoint_replay,timestep,35,102,154,204,308,21.83510082801972,5.0288394420013525,152.75562801698723,0.0272938760350246,0.190944535021234,01_spectral_metrics/mean_gate_20260909.csv
N-MNIST,MeanGate,20260909,H1,results/paper_v9_signal_processing/03_five_seed/checkpoints/mean_gate/seed_20260909/epoch_100.pt,completed_epoch_100,800,basis_eval,results/paper_v9_signal_processing/03_five_seed/checkpoints/mean_gate/seed_20260909/epoch_100.pt,4fe3c1e770a5dd4feaf9d90eebd3c46dc0c459695f8834d3a925086fc5d60654,UNAVAILABLE,real_checkpoint_replay,time-collapsed,35,102,154,204,308,21.835097068581103,5.028839400116554,152.75562161884864,0.0272938713357263,0.1909445270235608,01_spectral_metrics/mean_gate_20260909.csv
N-MNIST,MeanGate,20260909,H2,results/paper_v9_signal_processing/03_five_seed/checkpoints/mean_gate/seed_20260909/epoch_100.pt,completed_epoch_100,800,basis_eval,results/paper_v9_signal_processing/03_five_seed/checkpoints/mean_gate/seed_20260909/epoch_100.pt,4fe3c1e770a5dd4feaf9d90eebd3c46dc0c459695f8834d3a925086fc5d60654,UNAVAILABLE,real_checkpoint_replay,timestep,34,97,148,197,300,29.59897902294325,5.023653907353336,151.96555865165757,0.036998723778679,0.1899569483145719,01_spectral_metrics/mean_gate_20260909.csv
N-MNIST,MeanGate,20260909,H2,results/paper_v9_signal_processing/03_five_seed/checkpoints/mean_gate/seed_20260909/epoch_100.pt,completed_epoch_100,800,basis_eval,results/paper_v9_signal_processing/03_five_seed/checkpoints/mean_gate/seed_20260909/epoch_100.pt,4fe3c1e770a5dd4feaf9d90eebd3c46dc0c459695f8834d3a925086fc5d60654,UNAVAILABLE,real_checkpoint_replay,time-collapsed,34,97,148,197,300,29.598969294178783,5.023653830045564,151.9655469035393,0.0369987116177234,0.1899569336294241,01_spectral_metrics/mean_gate_20260909.csv
N-MNIST,MeanGate,20260909,H3,results/paper_v9_signal_processing/03_five_seed/checkpoints/mean_gate/seed_20260909/epoch_100.pt,completed_epoch_100,800,basis_eval,results/paper_v9_signal_processing/03_five_seed/checkpoints/mean_gate/seed_20260909/epoch_100.pt,4fe3c1e770a5dd4feaf9d90eebd3c46dc0c459695f8834d3a925086fc5d60654,UNAVAILABLE,real_checkpoint_replay,timestep,35,96,144,191,293,21.888743891789066,5.013073365592923,150.36615690147696,0.0273609298647363,0.1879576961268462,01_spectral_metrics/mean_gate_20260909.csv
N-MNIST,MeanGate,20260909,H3,results/paper_v9_signal_processing/03_five_seed/checkpoints/mean_gate/seed_20260909/epoch_100.pt,completed_epoch_100,800,basis_eval,results/paper_v9_signal_processing/03_five_seed/checkpoints/mean_gate/seed_20260909/epoch_100.pt,4fe3c1e770a5dd4feaf9d90eebd3c46dc0c459695f8834d3a925086fc5d60654,UNAVAILABLE,real_checkpoint_replay,time-collapsed,35,96,144,191,293,21.888746776306206,5.013073413998408,150.36616418002376,0.0273609334703827,0.1879577052250297,01_spectral_metrics/mean_gate_20260909.csv
N-MNIST,ShuffledGate,20260830,H1,results/paper1_experiment03_20260901_server/checkpoints/stageC_gate/shuffled_gate/seed_20260830/epoch_100.pt,completed_epoch_100,800,basis_fit,results/paper1_experiment03_20260901_server/checkpoints/stageC_gate/shuffled_gate/seed_20260830/epoch_100.pt,24d244f8706a1aa0070a87a7ad98a8b74e4936318e21ef2e65013e84971fac29,UNAVAILABLE,real_checkpoint_replay,timestep,147,350,472,563,679,109.34887125131436,6.250534939165971,518.2900041472021,0.1366860890641429,0.6478625051840027,01_spectral_metrics/shuffled_gate_20260830.csv
N-MNIST,ShuffledGate,20260830,H1,results/paper1_experiment03_20260901_server/checkpoints/stageC_gate/shuffled_gate/seed_20260830/epoch_100.pt,completed_epoch_100,800,basis_fit,results/paper1_experiment03_20260901_server/checkpoints/stageC_gate/shuffled_gate/seed_20260830/epoch_100.pt,24d244f8706a1aa0070a87a7ad98a8b74e4936318e21ef2e65013e84971fac29,UNAVAILABLE,real_checkpoint_replay,time-collapsed,29,94,148,201,309,18.641424538718542,4.909856849205084,135.61999890817594,0.0233017806733981,0.1695249986352199,01_spectral_metrics/shuffled_gate_20260830.csv
N-MNIST,ShuffledGate,20260830,H2,results/paper1_experiment03_20260901_server/checkpoints/stageC_gate/shuffled_gate/seed_20260830/epoch_100.pt,completed_epoch_100,800,basis_fit,results/paper1_experiment03_20260901_server/checkpoints/stageC_gate/shuffled_gate/seed_20260830/epoch_100.pt,24d244f8706a1aa0070a87a7ad98a8b74e4936318e21ef2e65013e84971fac29,UNAVAILABLE,real_checkpoint_replay,timestep,103,271,382,470,606,65.94334623592863,5.988167195774207,398.68323158358686,0.0824291827949108,0.4983540394794836,01_spectral_metrics/shuffled_gate_20260830.csv
N-MNIST,ShuffledGate,20260830,H2,results/paper1_experiment03_20260901_server/checkpoints/stageC_gate/shuffled_gate/seed_20260830/epoch_100.pt,completed_epoch_100,800,basis_fit,results/paper1_experiment03_20260901_server/checkpoints/stageC_gate/shuffled_gate/seed_20260830/epoch_100.pt,24d244f8706a1aa0070a87a7ad98a8b74e4936318e21ef2e65013e84971fac29,UNAVAILABLE,real_checkpoint_replay,time-collapsed,36,99,149,197,296,20.18950254191667,5.030750510383027,153.047833591298,0.0252368781773958,0.1913097919891225,01_spectral_metrics/shuffled_gate_20260830.csv
N-MNIST,ShuffledGate,20260830,H3,results/paper1_experiment03_20260901_server/checkpoints/stageC_gate/shuffled_gate/seed_20260830/epoch_100.pt,completed_epoch_100,800,basis_fit,results/paper1_experiment03_20260901_server/checkpoints/stageC_gate/shuffled_gate/seed_20260830/epoch_100.pt,24d244f8706a1aa0070a87a7ad98a8b74e4936318e21ef2e65013e84971fac29,UNAVAILABLE,real_checkpoint_replay,timestep,104,274,395,492,623,69.52859916000222,6.011474417774847,408.0845640576072,0.0869107489500027,0.510105705072009,01_spectral_metrics/shuffled_gate_20260830.csv
N-MNIST,ShuffledGate,20260830,H3,results/paper1_experiment03_20260901_server/checkpoints/stageC_gate/shuffled_gate/seed_20260830/epoch_100.pt,completed_epoch_100,800,basis_fit,results/paper1_experiment03_20260901_server/checkpoints/stageC_gate/shuffled_gate/seed_20260830/epoch_100.pt,24d244f8706a1aa0070a87a7ad98a8b74e4936318e21ef2e65013e84971fac29,UNAVAILABLE,real_checkpoint_replay,time-collapsed,38,104,156,207,307,36.99085919435341,5.1027087753280895,164.46680809176922,0.0462385739929417,0.2055835101147115,01_spectral_metrics/shuffled_gate_20260830.csv
N-MNIST,ShuffledGate,20260830,H1,results/paper1_experiment03_20260901_server/checkpoints/stageC_gate/shuffled_gate/seed_20260830/epoch_100.pt,completed_epoch_100,800,basis_eval,results/paper1_experiment03_20260901_server/checkpoints/stageC_gate/shuffled_gate/seed_20260830/epoch_100.pt,24d244f8706a1aa0070a87a7ad98a8b74e4936318e21ef2e65013e84971fac29,UNAVAILABLE,real_checkpoint_replay,timestep,148,349,470,560,681,81.44989390316843,6.247531436874457,516.735654347156,0.1018123673789605,0.645919567933945,01_spectral_metrics/shuffled_gate_20260830.csv
N-MNIST,ShuffledGate,20260830,H1,results/paper1_experiment03_20260901_server/checkpoints/stageC_gate/shuffled_gate/seed_20260830/epoch_100.pt,completed_epoch_100,800,basis_eval,results/paper1_experiment03_20260901_server/checkpoints/stageC_gate/shuffled_gate/seed_20260830/epoch_100.pt,24d244f8706a1aa0070a87a7ad98a8b74e4936318e21ef2e65013e84971fac29,UNAVAILABLE,real_checkpoint_replay,time-collapsed,32,98,150,201,309,21.80706197686453,4.957267464958491,142.20468522438867,0.0272588274710806,0.1777558565304858,01_spectral_metrics/shuffled_gate_20260830.csv
N-MNIST,ShuffledGate,20260830,H2,results/paper1_experiment03_20260901_server/checkpoints/stageC_gate/shuffled_gate/seed_20260830/epoch_100.pt,completed_epoch_100,800,basis_eval,results/paper1_experiment03_20260901_server/checkpoints/stageC_gate/shuffled_gate/seed_20260830/epoch_100.pt,24d244f8706a1aa0070a87a7ad98a8b74e4936318e21ef2e65013e84971fac29,UNAVAILABLE,real_checkpoint_replay,timestep,107,281,396,483,613,43.778208014114895,6.002459959082033,404.4224334730123,0.0547227600176436,0.5055280418412653,01_spectral_metrics/shuffled_gate_20260830.csv
N-MNIST,ShuffledGate,20260830,H2,results/paper1_experiment03_20260901_server/checkpoints/stageC_gate/shuffled_gate/seed_20260830/epoch_100.pt,completed_epoch_100,800,basis_eval,results/paper1_experiment03_20260901_server/checkpoints/stageC_gate/shuffled_gate/seed_20260830/epoch_100.pt,24d244f8706a1aa0070a87a7ad98a8b74e4936318e21ef2e65013e84971fac29,UNAVAILABLE,real_checkpoint_replay,time-collapsed,39,105,155,204,304,24.57265309355888,5.097366914723808,163.5905917253593,0.0307158163669485,0.2044882396566991,01_spectral_metrics/shuffled_gate_20260830.csv
N-MNIST,ShuffledGate,20260830,H3,results/paper1_experiment03_20260901_server/checkpoints/stageC_gate/shuffled_gate/seed_20260830/epoch_100.pt,completed_epoch_100,800,basis_eval,results/paper1_experiment03_20260901_server/checkpoints/stageC_gate/shuffled_gate/seed_20260830/epoch_100.pt,24d244f8706a1aa0070a87a7ad98a8b74e4936318e21ef2e65013e84971fac29,UNAVAILABLE,real_checkpoint_replay,timestep,89,249,368,466,608,44.554835280171154,5.890865788742279,361.71832049091546,0.0556935441002139,0.4521479006136443,01_spectral_metrics/shuffled_gate_20260830.csv
N-MNIST,ShuffledGate,20260830,H3,results/paper1_experiment03_20260901_server/checkpoints/stageC_gate/shuffled_gate/seed_20260830/epoch_100.pt,completed_epoch_100,800,basis_eval,results/paper1_experiment03_20260901_server/checkpoints/stageC_gate/shuffled_gate/seed_20260830/epoch_100.pt,24d244f8706a1aa0070a87a7ad98a8b74e4936318e21ef2e65013e84971fac29,UNAVAILABLE,real_checkpoint_replay,time-collapsed,35,99,151,201,303,21.999870467619044,5.021828225868847,151.6883710500747,0.0274998380845238,0.1896104638125933,01_spectral_metrics/shuffled_gate_20260830.csv
N-MNIST,ShuffledGate,20260831,H1,results/paper1_experiment03_20260901_server/checkpoints/stageC_gate/shuffled_gate/seed_20260831/epoch_100.pt,completed_epoch_100,800,basis_fit,results/paper1_experiment03_20260901_server/checkpoints/stageC_gate/shuffled_gate/seed_20260831/epoch_100.pt,3cc680946d3d3d57547f7a6888864fddcff727bc1ef1cf30daff6768ea2e1c85,UNAVAILABLE,real_checkpoint_replay,timestep,148,357,481,572,685,109.2312005058638,6.2594549035321645,522.9338130297848,0.1365390006323297,0.653667266287231,01_spectral_metrics/shuffled_gate_20260831.csv
N-MNIST,ShuffledGate,20260831,H1,results/paper1_experiment03_20260901_server/checkpoints/stageC_gate/shuffled_gate/seed_20260831/epoch_100.pt,completed_epoch_100,800,basis_fit,results/paper1_experiment03_20260901_server/checkpoints/stageC_gate/shuffled_gate/seed_20260831/epoch_100.pt,3cc680946d3d3d57547f7a6888864fddcff727bc1ef1cf30daff6768ea2e1c85,UNAVAILABLE,real_checkpoint_replay,time-collapsed,31,100,154,206,312,20.88803541299935,4.976250822271861,144.92999348357569,0.0261100442662491,0.1811624918544696,01_spectral_metrics/shuffled_gate_20260831.csv
N-MNIST,ShuffledGate,20260831,H2,results/paper1_experiment03_20260901_server/checkpoints/stageC_gate/shuffled_gate/seed_20260831/epoch_100.pt,completed_epoch_100,800,basis_fit,results/paper1_experiment03_20260901_server/checkpoints/stageC_gate/shuffled_gate/seed_20260831/epoch_100.pt,3cc680946d3d3d57547f7a6888864fddcff727bc1ef1cf30daff6768ea2e1c85,UNAVAILABLE,real_checkpoint_replay,timestep,95,271,390,485,617,30.60725804738962,5.951801134702707,384.4451533557161,0.038259072559237,0.4805564416946451,01_spectral_metrics/shuffled_gate_20260831.csv
N-MNIST,ShuffledGate,20260831,H2,results/paper1_experiment03_20260901_server/checkpoints/stageC_gate/shuffled_gate/seed_20260831/epoch_100.pt,completed_epoch_100,800,basis_fit,results/paper1_experiment03_20260901_server/checkpoints/stageC_gate/shuffled_gate/seed_20260831/epoch_100.pt,3cc680946d3d3d57547f7a6888864fddcff727bc1ef1cf30daff6768ea2e1c85,UNAVAILABLE,real_checkpoint_replay,time-collapsed,33,97,150,201,302,23.415485622029895,5.010227956839563,149.93891185407958,0.0292693570275373,0.1874236398175994,01_spectral_metrics/shuffled_gate_20260831.csv
N-MNIST,ShuffledGate,20260831,H3,results/paper1_experiment03_20260901_server/checkpoints/stageC_gate/shuffled_gate/seed_20260831/epoch_100.pt,completed_epoch_100,800,basis_fit,results/paper1_experiment03_20260901_server/checkpoints/stageC_gate/shuffled_gate/seed_20260831/epoch_100.pt,3cc680946d3d3d57547f7a6888864fddcff727bc1ef1cf30daff6768ea2e1c85,UNAVAILABLE,real_checkpoint_replay,timestep,82,247,366,465,617,38.19530405250597,5.853190798149613,348.3441048090917,0.0477441300656324,0.4354301310113646,01_spectral_metrics/shuffled_gate_20260831.csv
N-MNIST,ShuffledGate,20260831,H3,results/paper1_experiment03_20260901_server/checkpoints/stageC_gate/shuffled_gate/seed_20260831/epoch_100.pt,completed_epoch_100,800,basis_fit,results/paper1_experiment03_20260901_server/checkpoints/stageC_gate/shuffled_gate/seed_20260831/epoch_100.pt,3cc680946d3d3d57547f7a6888864fddcff727bc1ef1cf30daff6768ea2e1c85,UNAVAILABLE,real_checkpoint_replay,time-collapsed,32,94,143,193,299,22.110668953927973,4.971630772522454,144.26195407940818,0.0276383361924099,0.1803274425992602,01_spectral_metrics/shuffled_gate_20260831.csv
N-MNIST,ShuffledGate,20260831,H1,results/paper1_experiment03_20260901_server/checkpoints/stageC_gate/shuffled_gate/seed_20260831/epoch_100.pt,completed_epoch_100,800,basis_eval,results/paper1_experiment03_20260901_server/checkpoints/stageC_gate/shuffled_gate/seed_20260831/epoch_100.pt,3cc680946d3d3d57547f7a6888864fddcff727bc1ef1cf30daff6768ea2e1c85,UNAVAILABLE,real_checkpoint_replay,timestep,144,351,474,565,683,87.20392297341388,6.2420978787388055,513.9355552681322,0.1090049037167673,0.6424194440851653,01_spectral_metrics/shuffled_gate_20260831.csv
N-MNIST,ShuffledGate,20260831,H1,results/paper1_experiment03_20260901_server/checkpoints/stageC_gate/shuffled_gate/seed_20260831/epoch_100.pt,completed_epoch_100,800,basis_eval,results/paper1_experiment03_20260901_server/checkpoints/stageC_gate/shuffled_gate/seed_20260831/epoch_100.pt,3cc680946d3d3d57547f7a6888864fddcff727bc1ef1cf30daff6768ea2e1c85,UNAVAILABLE,real_checkpoint_replay,time-collapsed,33,99,151,201,304,20.087638645615268,4.973056387328904,144.46776272422008,0.025109548307019,0.1805847034052751,01_spectral_metrics/shuffled_gate_20260831.csv
N-MNIST,ShuffledGate,20260831,H2,results/paper1_experiment03_20260901_server/checkpoints/stageC_gate/shuffled_gate/seed_20260831/epoch_100.pt,completed_epoch_100,800,basis_eval,results/paper1_experiment03_20260901_server/checkpoints/stageC_gate/shuffled_gate/seed_20260831/epoch_100.pt,3cc680946d3d3d57547f7a6888864fddcff727bc1ef1cf30daff6768ea2e1c85,UNAVAILABLE,real_checkpoint_replay,timestep,101,276,393,485,616,47.62285107423707,5.989503328114126,399.2162811757863,0.0595285638427963,0.4990203514697328,01_spectral_metrics/shuffled_gate_20260831.csv
N-MNIST,ShuffledGate,20260831,H2,results/paper1_experiment03_20260901_server/checkpoints/stageC_gate/shuffled_gate/seed_20260831/epoch_100.pt,completed_epoch_100,800,basis_eval,results/paper1_experiment03_20260901_server/checkpoints/stageC_gate/shuffled_gate/seed_20260831/epoch_100.pt,3cc680946d3d3d57547f7a6888864fddcff727bc1ef1cf30daff6768ea2e1c85,UNAVAILABLE,real_checkpoint_replay,time-collapsed,36,101,151,200,299,32.117895692805035,5.053963151019552,156.64203198443843,0.0401473696160063,0.195802539980548,01_spectral_metrics/shuffled_gate_20260831.csv
N-MNIST,ShuffledGate,20260831,H3,results/paper1_experiment03_20260901_server/checkpoints/stageC_gate/shuffled_gate/seed_20260831/epoch_100.pt,completed_epoch_100,800,basis_eval,results/paper1_experiment03_20260901_server/checkpoints/stageC_gate/shuffled_gate/seed_20260831/epoch_100.pt,3cc680946d3d3d57547f7a6888864fddcff727bc1ef1cf30daff6768ea2e1c85,UNAVAILABLE,real_checkpoint_replay,timestep,94,267,383,478,618,30.41035386558694,5.916035836371077,370.9383351916077,0.0380129423319836,0.4636729189895096,01_spectral_metrics/shuffled_gate_20260831.csv
N-MNIST,ShuffledGate,20260831,H3,results/paper1_experiment03_20260901_server/checkpoints/stageC_gate/shuffled_gate/seed_20260831/epoch_100.pt,completed_epoch_100,800,basis_eval,results/paper1_experiment03_20260901_server/checkpoints/stageC_gate/shuffled_gate/seed_20260831/epoch_100.pt,3cc680946d3d3d57547f7a6888864fddcff727bc1ef1cf30daff6768ea2e1c85,UNAVAILABLE,real_checkpoint_replay,time-collapsed,36,102,152,201,303,20.9849011307816,5.038343016993331,154.21427277474888,0.026231126413477,0.1927678409684361,01_spectral_metrics/shuffled_gate_20260831.csv
N-MNIST,ShuffledGate,20260901,H1,results/paper1_experiment03_20260901_server/checkpoints/stageC_gate/shuffled_gate/seed_20260901/epoch_100.pt,completed_epoch_100,800,basis_fit,results/paper1_experiment03_20260901_server/checkpoints/stageC_gate/shuffled_gate/seed_20260901/epoch_100.pt,5de9c6b1dd2a33bc7ada5f0431c39bf97831e179699f7cf6af09f3ba37944213,UNAVAILABLE,real_checkpoint_replay,timestep,148,356,478,569,685,114.5061737325956,6.2544603797459,520.3285191788307,0.1431327171657445,0.6504106489735384,01_spectral_metrics/shuffled_gate_20260901.csv
N-MNIST,ShuffledGate,20260901,H1,results/paper1_experiment03_20260901_server/checkpoints/stageC_gate/shuffled_gate/seed_20260901/epoch_100.pt,completed_epoch_100,800,basis_fit,results/paper1_experiment03_20260901_server/checkpoints/stageC_gate/shuffled_gate/seed_20260901/epoch_100.pt,5de9c6b1dd2a33bc7ada5f0431c39bf97831e179699f7cf6af09f3ba37944213,UNAVAILABLE,real_checkpoint_replay,time-collapsed,29,96,149,200,308,19.312461417491225,4.9311886709055965,138.54409783982828,0.024140576771864,0.1731801222997853,01_spectral_metrics/shuffled_gate_20260901.csv
N-MNIST,ShuffledGate,20260901,H2,results/paper1_experiment03_20260901_server/checkpoints/stageC_gate/shuffled_gate/seed_20260901/epoch_100.pt,completed_epoch_100,800,basis_fit,results/paper1_experiment03_20260901_server/checkpoints/stageC_gate/shuffled_gate/seed_20260901/epoch_100.pt,5de9c6b1dd2a33bc7ada5f0431c39bf97831e179699f7cf6af09f3ba37944213,UNAVAILABLE,real_checkpoint_replay,timestep,105,286,401,496,637,58.77232627260969,6.03422866156321,417.4766696130741,0.0734654078407621,0.5218458370163427,01_spectral_metrics/shuffled_gate_20260901.csv
N-MNIST,ShuffledGate,20260901,H2,results/paper1_experiment03_20260901_server/checkpoints/stageC_gate/shuffled_gate/seed_20260901/epoch_100.pt,completed_epoch_100,800,basis_fit,results/paper1_experiment03_20260901_server/checkpoints/stageC_gate/shuffled_gate/seed_20260901/epoch_100.pt,5de9c6b1dd2a33bc7ada5f0431c39bf97831e179699f7cf6af09f3ba37944213,UNAVAILABLE,real_checkpoint_replay,time-collapsed,37,103,155,205,308,33.24805176069733,5.0839036550129,161.402888953031,0.0415600647008716,0.2017536111912887,01_spectral_metrics/shuffled_gate_20260901.csv
N-MNIST,ShuffledGate,20260901,H3,results/paper1_experiment03_20260901_server/checkpoints/stageC_gate/shuffled_gate/seed_20260901/epoch_100.pt,completed_epoch_100,800,basis_fit,results/paper1_experiment03_20260901_server/checkpoints/stageC_gate/shuffled_gate/seed_20260901/epoch_100.pt,5de9c6b1dd2a33bc7ada5f0431c39bf97831e179699f7cf6af09f3ba37944213,UNAVAILABLE,real_checkpoint_replay,timestep,88,253,369,466,613,51.95649262822553,5.9001097581866535,365.0775359147203,0.0649456157852819,0.4563469198934003,01_spectral_metrics/shuffled_gate_20260901.csv
N-MNIST,ShuffledGate,20260901,H3,results/paper1_experiment03_20260901_server/checkpoints/stageC_gate/shuffled_gate/seed_20260901/epoch_100.pt,completed_epoch_100,800,basis_fit,results/paper1_experiment03_20260901_server/checkpoints/stageC_gate/shuffled_gate/seed_20260901/epoch_100.pt,5de9c6b1dd2a33bc7ada5f0431c39bf97831e179699f7cf6af09f3ba37944213,UNAVAILABLE,real_checkpoint_replay,time-collapsed,34,96,148,198,303,33.655534388857866,5.018496774241352,151.18386940748073,0.0420694179860723,0.1889798367593509,01_spectral_metrics/shuffled_gate_20260901.csv
N-MNIST,ShuffledGate,20260901,H1,results/paper1_experiment03_20260901_server/checkpoints/stageC_gate/shuffled_gate/seed_20260901/epoch_100.pt,completed_epoch_100,800,basis_eval,results/paper1_experiment03_20260901_server/checkpoints/stageC_gate/shuffled_gate/seed_20260901/epoch_100.pt,5de9c6b1dd2a33bc7ada5f0431c39bf97831e179699f7cf6af09f3ba37944213,UNAVAILABLE,real_checkpoint_replay,timestep,145,355,480,571,686,103.17128366106432,6.244486353905396,515.1645447002244,0.1289641045763304,0.6439556808752804,01_spectral_metrics/shuffled_gate_20260901.csv
N-MNIST,ShuffledGate,20260901,H1,results/paper1_experiment03_20260901_server/checkpoints/stageC_gate/shuffled_gate/seed_20260901/epoch_100.pt,completed_epoch_100,800,basis_eval,results/paper1_experiment03_20260901_server/checkpoints/stageC_gate/shuffled_gate/seed_20260901/epoch_100.pt,5de9c6b1dd2a33bc7ada5f0431c39bf97831e179699f7cf6af09f3ba37944213,UNAVAILABLE,real_checkpoint_replay,time-collapsed,30,95,148,200,306,19.923910009710823,4.931598537080567,138.60089401789563,0.0249048875121385,0.1732511175223695,01_spectral_metrics/shuffled_gate_20260901.csv
N-MNIST,ShuffledGate,20260901,H2,results/paper1_experiment03_20260901_server/checkpoints/stageC_gate/shuffled_gate/seed_20260901/epoch_100.pt,completed_epoch_100,800,basis_eval,results/paper1_experiment03_20260901_server/checkpoints/stageC_gate/shuffled_gate/seed_20260901/epoch_100.pt,5de9c6b1dd2a33bc7ada5f0431c39bf97831e179699f7cf6af09f3ba37944213,UNAVAILABLE,real_checkpoint_replay,timestep,110,284,403,501,641,59.017297045262936,6.03694981944939,418.6142365926215,0.0737716213065786,0.5232677957407769,01_spectral_metrics/shuffled_gate_20260901.csv
N-MNIST,ShuffledGate,20260901,H2,results/paper1_experiment03_20260901_server/checkpoints/stageC_gate/shuffled_gate/seed_20260901/epoch_100.pt,completed_epoch_100,800,basis_eval,results/paper1_experiment03_20260901_server/checkpoints/stageC_gate/shuffled_gate/seed_20260901/epoch_100.pt,5de9c6b1dd2a33bc7ada5f0431c39bf97831e179699f7cf6af09f3ba37944213,UNAVAILABLE,real_checkpoint_replay,time-collapsed,41,107,157,205,304,34.19894989831327,5.1280719804866175,168.69156368163098,0.0427486873728915,0.2108644546020387,01_spectral_metrics/shuffled_gate_20260901.csv
N-MNIST,ShuffledGate,20260901,H3,results/paper1_experiment03_20260901_server/checkpoints/stageC_gate/shuffled_gate/seed_20260901/epoch_100.pt,completed_epoch_100,800,basis_eval,results/paper1_experiment03_20260901_server/checkpoints/stageC_gate/shuffled_gate/seed_20260901/epoch_100.pt,5de9c6b1dd2a33bc7ada5f0431c39bf97831e179699f7cf6af09f3ba37944213,UNAVAILABLE,real_checkpoint_replay,timestep,79,237,354,452,604,52.66503260198126,5.830100988878012,340.39305324854547,0.0658312907524765,0.4254913165606818,01_spectral_metrics/shuffled_gate_20260901.csv
N-MNIST,ShuffledGate,20260901,H3,results/paper1_experiment03_20260901_server/checkpoints/stageC_gate/shuffled_gate/seed_20260901/epoch_100.pt,completed_epoch_100,800,basis_eval,results/paper1_experiment03_20260901_server/checkpoints/stageC_gate/shuffled_gate/seed_20260901/epoch_100.pt,5de9c6b1dd2a33bc7ada5f0431c39bf97831e179699f7cf6af09f3ba37944213,UNAVAILABLE,real_checkpoint_replay,time-collapsed,29,91,141,190,288,18.44886226201254,4.892901811622325,133.33994058803094,0.0230610778275156,0.1666749257350386,01_spectral_metrics/shuffled_gate_20260901.csv
N-MNIST,ShuffledGate,20260908,H1,results/paper_v9_signal_processing/03_five_seed/checkpoints/shuffled_gate/seed_20260908/epoch_100.pt,completed_epoch_100,800,basis_fit,results/paper_v9_signal_processing/03_five_seed/checkpoints/shuffled_gate/seed_20260908/epoch_100.pt,4d69e086b10457295c0e51da08bcda190d63bf8bb19a0d30d9284a27653879cb,UNAVAILABLE,real_checkpoint_replay,timestep,135,341,466,559,681,103.45848461955084,6.209354759108381,497.3802176708133,0.1293231057744385,0.6217252720885166,01_spectral_metrics/shuffled_gate_20260908.csv
N-MNIST,ShuffledGate,20260908,H1,results/paper_v9_signal_processing/03_five_seed/checkpoints/shuffled_gate/seed_20260908/epoch_100.pt,completed_epoch_100,800,basis_fit,results/paper_v9_signal_processing/03_five_seed/checkpoints/shuffled_gate/seed_20260908/epoch_100.pt,4d69e086b10457295c0e51da08bcda190d63bf8bb19a0d30d9284a27653879cb,UNAVAILABLE,real_checkpoint_replay,time-collapsed,28,92,145,199,311,18.5127771415795,4.895854153805575,133.73418740873552,0.0231409714269743,0.1671677342609194,01_spectral_metrics/shuffled_gate_20260908.csv
N-MNIST,ShuffledGate,20260908,H2,results/paper_v9_signal_processing/03_five_seed/checkpoints/shuffled_gate/seed_20260908/epoch_100.pt,completed_epoch_100,800,basis_fit,results/paper_v9_signal_processing/03_five_seed/checkpoints/shuffled_gate/seed_20260908/epoch_100.pt,4d69e086b10457295c0e51da08bcda190d63bf8bb19a0d30d9284a27653879cb,UNAVAILABLE,real_checkpoint_replay,timestep,103,281,401,497,634,63.80661154219192,6.018546919606852,410.9809732408879,0.0797582644277399,0.5137262165511098,01_spectral_metrics/shuffled_gate_20260908.csv
N-MNIST,ShuffledGate,20260908,H2,results/paper_v9_signal_processing/03_five_seed/checkpoints/shuffled_gate/seed_20260908/epoch_100.pt,completed_epoch_100,800,basis_fit,results/paper_v9_signal_processing/03_five_seed/checkpoints/shuffled_gate/seed_20260908/epoch_100.pt,4d69e086b10457295c0e51da08bcda190d63bf8bb19a0d30d9284a27653879cb,UNAVAILABLE,real_checkpoint_replay,time-collapsed,37,100,150,200,307,35.1396213143312,5.078973537158115,160.60911200314507,0.043924526642914,0.2007613900039313,01_spectral_metrics/shuffled_gate_20260908.csv
N-MNIST,ShuffledGate,20260908,H3,results/paper_v9_signal_processing/03_five_seed/checkpoints/shuffled_gate/seed_20260908/epoch_100.pt,completed_epoch_100,800,basis_fit,results/paper_v9_signal_processing/03_five_seed/checkpoints/shuffled_gate/seed_20260908/epoch_100.pt,4d69e086b10457295c0e51da08bcda190d63bf8bb19a0d30d9284a27653879cb,UNAVAILABLE,real_checkpoint_replay,timestep,76,240,365,470,623,38.54448534470595,5.808896481220048,333.25117376229684,0.0481806066808824,0.416563967202871,01_spectral_metrics/shuffled_gate_20260908.csv
N-MNIST,ShuffledGate,20260908,H3,results/paper_v9_signal_processing/03_five_seed/checkpoints/shuffled_gate/seed_20260908/epoch_100.pt,completed_epoch_100,800,basis_fit,results/paper_v9_signal_processing/03_five_seed/checkpoints/shuffled_gate/seed_20260908/epoch_100.pt,4d69e086b10457295c0e51da08bcda190d63bf8bb19a0d30d9284a27653879cb,UNAVAILABLE,real_checkpoint_replay,time-collapsed,29,90,143,196,304,25.782320625909296,4.922955293062799,137.40809492237,0.0322279007823866,0.1717601186529625,01_spectral_metrics/shuffled_gate_20260908.csv
N-MNIST,ShuffledGate,20260908,H1,results/paper_v9_signal_processing/03_five_seed/checkpoints/shuffled_gate/seed_20260908/epoch_100.pt,completed_epoch_100,800,basis_eval,results/paper_v9_signal_processing/03_five_seed/checkpoints/shuffled_gate/seed_20260908/epoch_100.pt,4d69e086b10457295c0e51da08bcda190d63bf8bb19a0d30d9284a27653879cb,UNAVAILABLE,real_checkpoint_replay,timestep,144,353,479,570,688,81.0269818724345,6.249370951629935,517.6870720131417,0.1012837273405431,0.6471088400164271,01_spectral_metrics/shuffled_gate_20260908.csv
N-MNIST,ShuffledGate,20260908,H1,results/paper_v9_signal_processing/03_five_seed/checkpoints/shuffled_gate/seed_20260908/epoch_100.pt,completed_epoch_100,800,basis_eval,results/paper_v9_signal_processing/03_five_seed/checkpoints/shuffled_gate/seed_20260908/epoch_100.pt,4d69e086b10457295c0e51da08bcda190d63bf8bb19a0d30d9284a27653879cb,UNAVAILABLE,real_checkpoint_replay,time-collapsed,31,98,150,202,309,20.08071736505492,4.948593201519774,140.97649882971243,0.0251008967063186,0.1762206235371405,01_spectral_metrics/shuffled_gate_20260908.csv
N-MNIST,ShuffledGate,20260908,H2,results/paper_v9_signal_processing/03_five_seed/checkpoints/shuffled_gate/seed_20260908/epoch_100.pt,completed_epoch_100,800,basis_eval,results/paper_v9_signal_processing/03_five_seed/checkpoints/shuffled_gate/seed_20260908/epoch_100.pt,4d69e086b10457295c0e51da08bcda190d63bf8bb19a0d30d9284a27653879cb,UNAVAILABLE,real_checkpoint_replay,timestep,104,284,406,504,642,69.73661380857699,6.031920273712816,416.5140829802015,0.0871707672607212,0.520642603725252,01_spectral_metrics/shuffled_gate_20260908.csv
N-MNIST,ShuffledGate,20260908,H2,results/paper_v9_signal_processing/03_five_seed/checkpoints/shuffled_gate/seed_20260908/epoch_100.pt,completed_epoch_100,800,basis_eval,results/paper_v9_signal_processing/03_five_seed/checkpoints/shuffled_gate/seed_20260908/epoch_100.pt,4d69e086b10457295c0e51da08bcda190d63bf8bb19a0d30d9284a27653879cb,UNAVAILABLE,real_checkpoint_replay,time-collapsed,38,104,158,210,312,36.00383643076339,5.109175444405441,165.5338067592583,0.0450047955384542,0.2069172584490728,01_spectral_metrics/shuffled_gate_20260908.csv
N-MNIST,ShuffledGate,20260908,H3,results/paper_v9_signal_processing/03_five_seed/checkpoints/shuffled_gate/seed_20260908/epoch_100.pt,completed_epoch_100,800,basis_eval,results/paper_v9_signal_processing/03_five_seed/checkpoints/shuffled_gate/seed_20260908/epoch_100.pt,4d69e086b10457295c0e51da08bcda190d63bf8bb19a0d30d9284a27653879cb,UNAVAILABLE,real_checkpoint_replay,timestep,99,274,391,486,631,68.7078713395975,5.99533727195675,401.55209341501774,0.0858848391744968,0.5019401167687721,01_spectral_metrics/shuffled_gate_20260908.csv
N-MNIST,ShuffledGate,20260908,H3,results/paper_v9_signal_processing/03_five_seed/checkpoints/shuffled_gate/seed_20260908/epoch_100.pt,completed_epoch_100,800,basis_eval,results/paper_v9_signal_processing/03_five_seed/checkpoints/shuffled_gate/seed_20260908/epoch_100.pt,4d69e086b10457295c0e51da08bcda190d63bf8bb19a0d30d9284a27653879cb,UNAVAILABLE,real_checkpoint_replay,time-collapsed,37,102,155,204,303,29.005140519615672,5.072756446575832,159.61368813194505,0.0362564256495195,0.1995171101649313,01_spectral_metrics/shuffled_gate_20260908.csv
N-MNIST,ShuffledGate,20260909,H1,results/paper_v9_signal_processing/03_five_seed/checkpoints/shuffled_gate/seed_20260909/epoch_100.pt,completed_epoch_100,800,basis_fit,results/paper_v9_signal_processing/03_five_seed/checkpoints/shuffled_gate/seed_20260909/epoch_100.pt,60b10a243add56995bb973da501c313d1203d82be1b61fe97e00a4ab6f6096e9,UNAVAILABLE,real_checkpoint_replay,timestep,140,350,476,568,688,93.12028399716694,6.233126766337314,509.3456009164827,0.1164003549964586,0.6366820011456034,01_spectral_metrics/shuffled_gate_20260909.csv
N-MNIST,ShuffledGate,20260909,H1,results/paper_v9_signal_processing/03_five_seed/checkpoints/shuffled_gate/seed_20260909/epoch_100.pt,completed_epoch_100,800,basis_fit,results/paper_v9_signal_processing/03_five_seed/checkpoints/shuffled_gate/seed_20260909/epoch_100.pt,60b10a243add56995bb973da501c313d1203d82be1b61fe97e00a4ab6f6096e9,UNAVAILABLE,real_checkpoint_replay,time-collapsed,32,98,152,205,314,19.99487274560584,4.9654491990257394,143.37293879505475,0.0249935909320072,0.1792161734938184,01_spectral_metrics/shuffled_gate_20260909.csv
N-MNIST,ShuffledGate,20260909,H2,results/paper_v9_signal_processing/03_five_seed/checkpoints/shuffled_gate/seed_20260909/epoch_100.pt,completed_epoch_100,800,basis_fit,results/paper_v9_signal_processing/03_five_seed/checkpoints/shuffled_gate/seed_20260909/epoch_100.pt,60b10a243add56995bb973da501c313d1203d82be1b61fe97e00a4ab6f6096e9,UNAVAILABLE,real_checkpoint_replay,timestep,92,263,382,479,617,38.58212352578188,5.932475752385286,377.08693300281874,0.0482276544072273,0.4713586662535234,01_spectral_metrics/shuffled_gate_20260909.csv
N-MNIST,ShuffledGate,20260909,H2,results/paper_v9_signal_processing/03_five_seed/checkpoints/shuffled_gate/seed_20260909/epoch_100.pt,completed_epoch_100,800,basis_fit,results/paper_v9_signal_processing/03_five_seed/checkpoints/shuffled_gate/seed_20260909/epoch_100.pt,60b10a243add56995bb973da501c313d1203d82be1b61fe97e00a4ab6f6096e9,UNAVAILABLE,real_checkpoint_replay,time-collapsed,36,97,148,199,305,32.96672639037912,5.049761125391502,155.9851991323245,0.0412084079879739,0.1949814989154056,01_spectral_metrics/shuffled_gate_20260909.csv
N-MNIST,ShuffledGate,20260909,H3,results/paper_v9_signal_processing/03_five_seed/checkpoints/shuffled_gate/seed_20260909/epoch_100.pt,completed_epoch_100,800,basis_fit,results/paper_v9_signal_processing/03_five_seed/checkpoints/shuffled_gate/seed_20260909/epoch_100.pt,60b10a243add56995bb973da501c313d1203d82be1b61fe97e00a4ab6f6096e9,UNAVAILABLE,real_checkpoint_replay,timestep,93,267,385,477,625,38.1230938626304,5.948162951275205,383.0490126180279,0.047653867328288,0.4788112657725349,01_spectral_metrics/shuffled_gate_20260909.csv
N-MNIST,ShuffledGate,20260909,H3,results/paper_v9_signal_processing/03_five_seed/checkpoints/shuffled_gate/seed_20260909/epoch_100.pt,completed_epoch_100,800,basis_fit,results/paper_v9_signal_processing/03_five_seed/checkpoints/shuffled_gate/seed_20260909/epoch_100.pt,60b10a243add56995bb973da501c313d1203d82be1b61fe97e00a4ab6f6096e9,UNAVAILABLE,real_checkpoint_replay,time-collapsed,35,99,152,203,308,25.45175524930924,5.03972967117294,154.42826297155912,0.0318146940616365,0.1930353287144489,01_spectral_metrics/shuffled_gate_20260909.csv
N-MNIST,ShuffledGate,20260909,H1,results/paper_v9_signal_processing/03_five_seed/checkpoints/shuffled_gate/seed_20260909/epoch_100.pt,completed_epoch_100,800,basis_eval,results/paper_v9_signal_processing/03_five_seed/checkpoints/shuffled_gate/seed_20260909/epoch_100.pt,60b10a243add56995bb973da501c313d1203d82be1b61fe97e00a4ab6f6096e9,UNAVAILABLE,real_checkpoint_replay,timestep,145,353,479,571,689,101.82728464214937,6.245465146357361,515.6690307213756,0.1272841058026866,0.6445862884017195,01_spectral_metrics/shuffled_gate_20260909.csv
N-MNIST,ShuffledGate,20260909,H1,results/paper_v9_signal_processing/03_five_seed/checkpoints/shuffled_gate/seed_20260909/epoch_100.pt,completed_epoch_100,800,basis_eval,results/paper_v9_signal_processing/03_five_seed/checkpoints/shuffled_gate/seed_20260909/epoch_100.pt,60b10a243add56995bb973da501c313d1203d82be1b61fe97e00a4ab6f6096e9,UNAVAILABLE,real_checkpoint_replay,time-collapsed,32,98,150,202,307,19.179226807625906,4.957670409966749,142.26199743851052,0.0239740335095323,0.1778274967981381,01_spectral_metrics/shuffled_gate_20260909.csv
N-MNIST,ShuffledGate,20260909,H2,results/paper_v9_signal_processing/03_five_seed/checkpoints/shuffled_gate/seed_20260909/epoch_100.pt,completed_epoch_100,800,basis_eval,results/paper_v9_signal_processing/03_five_seed/checkpoints/shuffled_gate/seed_20260909/epoch_100.pt,60b10a243add56995bb973da501c313d1203d82be1b61fe97e00a4ab6f6096e9,UNAVAILABLE,real_checkpoint_replay,timestep,112,283,401,493,625,87.19591715655474,6.062366415041462,429.390351317263,0.1089948964456934,0.5367379391465787,01_spectral_metrics/shuffled_gate_20260909.csv
N-MNIST,ShuffledGate,20260909,H2,results/paper_v9_signal_processing/03_five_seed/checkpoints/shuffled_gate/seed_20260909/epoch_100.pt,completed_epoch_100,800,basis_eval,results/paper_v9_signal_processing/03_five_seed/checkpoints/shuffled_gate/seed_20260909/epoch_100.pt,60b10a243add56995bb973da501c313d1203d82be1b61fe97e00a4ab6f6096e9,UNAVAILABLE,real_checkpoint_replay,time-collapsed,40,104,154,203,302,30.56663853317586,5.107857209460503,165.3157380750786,0.0382082981664698,0.2066446725938482,01_spectral_metrics/shuffled_gate_20260909.csv
N-MNIST,ShuffledGate,20260909,H3,results/paper_v9_signal_processing/03_five_seed/checkpoints/shuffled_gate/seed_20260909/epoch_100.pt,completed_epoch_100,800,basis_eval,results/paper_v9_signal_processing/03_five_seed/checkpoints/shuffled_gate/seed_20260909/epoch_100.pt,60b10a243add56995bb973da501c313d1203d82be1b61fe97e00a4ab6f6096e9,UNAVAILABLE,real_checkpoint_replay,timestep,90,255,370,466,612,50.30752703317938,5.918539928655512,371.8683629664731,0.0628844087914742,0.4648354537080914,01_spectral_metrics/shuffled_gate_20260909.csv
N-MNIST,ShuffledGate,20260909,H3,results/paper_v9_signal_processing/03_five_seed/checkpoints/shuffled_gate/seed_20260909/epoch_100.pt,completed_epoch_100,800,basis_eval,results/paper_v9_signal_processing/03_five_seed/checkpoints/shuffled_gate/seed_20260909/epoch_100.pt,60b10a243add56995bb973da501c313d1203d82be1b61fe97e00a4ab6f6096e9,UNAVAILABLE,real_checkpoint_replay,time-collapsed,35,99,151,199,301,28.894358968506143,5.045115687626764,155.2622600818089,0.0361179487106326,0.1940778251022611,01_spectral_metrics/shuffled_gate_20260909.csv
