dataset,method,seed,layer,epoch,checkpoint_role,checkpoint,checkpoint_sha256,model_sha256,probe_split,width,signal,r50,r80,r90,r95,r99,stable_rank,r95_over_D,entropy_effective_rank,mean_abs_g,rms_g,l2_norm_all_T_N_D,mean_per_sample_timestep_l2,exact_zero_fraction,near_zero_fraction,near_zero_threshold,temporal_gate_cosine,adjacent_timestep_cosine,norm_cv_over_time,gate_temporal_variance,zero_norm_fraction,cosine_definition,variance_definition
N-MNIST,SNN-DFA,20260830,H1,0,scheduled,results/experiment03_soft_spectral/experiment03_20260831_server/checkpoints/full_dense/seed_20260830/init.pt,4545a782a6499f7f8acb048d30eab0d6b58c1def15873a649d6416f0b4ccc975,5b01de1b87460e8e2ef1f14349886344692e1b8a8ca55c45b731482a1e010a92,basis_eval,800,pre-gate,4,7,8,9,9,7.044171215975726,0.01125,8.876956563614812,0.010508366365622246,0.018137537283367415,63.579765169233134,0.4566868926257683,0.0,0.0,1e-06,0.623963475227356,0.8155011388195323,0.23082546100653673,0.00019075920413320368,0.0,canonical epsilon=1e-12; zero-vector effects retained,"population, time axis then sample/feature mean"
N-MNIST,SNN-DFA,20260830,H1,0,scheduled,results/experiment03_soft_spectral/experiment03_20260831_server/checkpoints/full_dense/seed_20260830/init.pt,4545a782a6499f7f8acb048d30eab0d6b58c1def15873a649d6416f0b4ccc975,5b01de1b87460e8e2ef1f14349886344692e1b8a8ca55c45b731482a1e010a92,basis_eval,800,time-collapsed,4,8,9,29,125,6.585436512192396,0.03625,14.784149058672561,0.010508366365622246,0.018137537283367415,63.579765169233134,0.4566868926257683,0.0,0.0,1e-06,0.623963475227356,0.8155011388195323,0.23082546100653673,0.00019075920413320368,0.0,canonical epsilon=1e-12; zero-vector effects retained,"population, time axis then sample/feature mean"
N-MNIST,SNN-DFA,20260830,H1,0,scheduled,results/experiment03_soft_spectral/experiment03_20260831_server/checkpoints/full_dense/seed_20260830/init.pt,4545a782a6499f7f8acb048d30eab0d6b58c1def15873a649d6416f0b4ccc975,5b01de1b87460e8e2ef1f14349886344692e1b8a8ca55c45b731482a1e010a92,basis_eval,800,timestep,20,109,194,291,514,15.689562946392288,0.36375,133.51094286080124,0.010508366365622246,0.018137537283367415,63.579765169233134,0.4566868926257683,0.0,0.0,1e-06,0.623963475227356,0.8155011388195323,0.23082546100653673,0.00019075920413320368,0.0,canonical epsilon=1e-12; zero-vector effects retained,"population, time axis then sample/feature mean"
N-MNIST,SNN-DFA,20260830,H2,0,scheduled,results/experiment03_soft_spectral/experiment03_20260831_server/checkpoints/full_dense/seed_20260830/init.pt,4545a782a6499f7f8acb048d30eab0d6b58c1def15873a649d6416f0b4ccc975,5b01de1b87460e8e2ef1f14349886344692e1b8a8ca55c45b731482a1e010a92,basis_eval,800,pre-gate,4,7,8,9,9,6.807728245939056,0.01125,8.808313405950738,0.008296314507010644,0.008319070212877899,29.161871443596056,0.23529857980496086,0.0,0.0,1e-06,0.9997046589851379,0.9998607324564748,0.0013242216881879667,1.9934416110122825e-08,0.0,canonical epsilon=1e-12; zero-vector effects retained,"population, time axis then sample/feature mean"
N-MNIST,SNN-DFA,20260830,H2,0,scheduled,results/experiment03_soft_spectral/experiment03_20260831_server/checkpoints/full_dense/seed_20260830/init.pt,4545a782a6499f7f8acb048d30eab0d6b58c1def15873a649d6416f0b4ccc975,5b01de1b87460e8e2ef1f14349886344692e1b8a8ca55c45b731482a1e010a92,basis_eval,800,time-collapsed,4,7,8,9,9,6.878713447823533,0.01125,8.817598457005602,0.008296314507010644,0.008319070212877899,29.161871443596056,0.23529857980496086,0.0,0.0,1e-06,0.9997046589851379,0.9998607324564748,0.0013242216881879667,1.9934416110122825e-08,0.0,canonical epsilon=1e-12; zero-vector effects retained,"population, time axis then sample/feature mean"
N-MNIST,SNN-DFA,20260830,H2,0,scheduled,results/experiment03_soft_spectral/experiment03_20260831_server/checkpoints/full_dense/seed_20260830/init.pt,4545a782a6499f7f8acb048d30eab0d6b58c1def15873a649d6416f0b4ccc975,5b01de1b87460e8e2ef1f14349886344692e1b8a8ca55c45b731482a1e010a92,basis_eval,800,timestep,4,7,8,9,9,6.880915214694902,0.01125,8.851937473367721,0.008296314507010644,0.008319070212877899,29.161871443596056,0.23529857980496086,0.0,0.0,1e-06,0.9997046589851379,0.9998607324564748,0.0013242216881879667,1.9934416110122825e-08,0.0,canonical epsilon=1e-12; zero-vector effects retained,"population, time axis then sample/feature mean"
N-MNIST,SNN-DFA,20260830,H3,0,scheduled,results/experiment03_soft_spectral/experiment03_20260831_server/checkpoints/full_dense/seed_20260830/init.pt,4545a782a6499f7f8acb048d30eab0d6b58c1def15873a649d6416f0b4ccc975,5b01de1b87460e8e2ef1f14349886344692e1b8a8ca55c45b731482a1e010a92,basis_eval,800,pre-gate,4,7,8,9,9,6.749255155632389,0.01125,8.797429006779392,0.008350924259323317,0.008371724650567031,29.346447592586774,0.23678778161960648,0.0,0.0,1e-06,0.9999457001686096,0.9999924572410259,0.0017174196231226984,3.858402221042608e-09,0.0,canonical epsilon=1e-12; zero-vector effects retained,"population, time axis then sample/feature mean"
N-MNIST,SNN-DFA,20260830,H3,0,scheduled,results/experiment03_soft_spectral/experiment03_20260831_server/checkpoints/full_dense/seed_20260830/init.pt,4545a782a6499f7f8acb048d30eab0d6b58c1def15873a649d6416f0b4ccc975,5b01de1b87460e8e2ef1f14349886344692e1b8a8ca55c45b731482a1e010a92,basis_eval,800,time-collapsed,4,7,8,9,9,6.817827396999982,0.01125,8.794526561470626,0.008350924259323317,0.008371724650567031,29.346447592586774,0.23678778161960648,0.0,0.0,1e-06,0.9999457001686096,0.9999924572410259,0.0017174196231226984,3.858402221042608e-09,0.0,canonical epsilon=1e-12; zero-vector effects retained,"population, time axis then sample/feature mean"
N-MNIST,SNN-DFA,20260830,H3,0,scheduled,results/experiment03_soft_spectral/experiment03_20260831_server/checkpoints/full_dense/seed_20260830/init.pt,4545a782a6499f7f8acb048d30eab0d6b58c1def15873a649d6416f0b4ccc975,5b01de1b87460e8e2ef1f14349886344692e1b8a8ca55c45b731482a1e010a92,basis_eval,800,timestep,4,7,8,9,9,6.818234226522248,0.01125,8.800033753312471,0.008350924259323317,0.008371724650567031,29.346447592586774,0.23678778161960648,0.0,0.0,1e-06,0.9999457001686096,0.9999924572410259,0.0017174196231226984,3.858402221042608e-09,0.0,canonical epsilon=1e-12; zero-vector effects retained,"population, time axis then sample/feature mean"
N-MNIST,SNN-DFA,20260830,H1,10,scheduled,results/experiment03_soft_spectral/experiment03_20260831_server/checkpoints/full_dense/seed_20260830/epoch_010.pt,fbaee1c630dddc64ba9b0602a892a96e6b057780c59a4148e79cb4d9fce28776,569c354e3602f26b642483c41ea03fa9efd40b0378a7a8b91a557ae34a2aa556,basis_eval,800,pre-gate,3,6,7,8,9,4.243395982357019,0.01,7.644683150184646,0.02794520083333943,0.09899111698462834,347.005873696749,2.731844358311661,0.0,0.0,1e-06,0.11777213960886002,0.20550590185928067,0.15411990753278723,0.008274031903489276,0.0,canonical epsilon=1e-12; zero-vector effects retained,"population, time axis then sample/feature mean"
N-MNIST,SNN-DFA,20260830,H1,10,scheduled,results/experiment03_soft_spectral/experiment03_20260831_server/checkpoints/full_dense/seed_20260830/epoch_010.pt,fbaee1c630dddc64ba9b0602a892a96e6b057780c59a4148e79cb4d9fce28776,569c354e3602f26b642483c41ea03fa9efd40b0378a7a8b91a557ae34a2aa556,basis_eval,800,time-collapsed,4,11,29,52,124,5.932802023116983,0.065,21.45821115504888,0.02794520083333943,0.09899111698462834,347.005873696749,2.731844358311661,0.0,0.0,1e-06,0.11777213960886002,0.20550590185928067,0.15411990753278723,0.008274031903489276,0.0,canonical epsilon=1e-12; zero-vector effects retained,"population, time axis then sample/feature mean"
N-MNIST,SNN-DFA,20260830,H1,10,scheduled,results/experiment03_soft_spectral/experiment03_20260831_server/checkpoints/full_dense/seed_20260830/epoch_010.pt,fbaee1c630dddc64ba9b0602a892a96e6b057780c59a4148e79cb4d9fce28776,569c354e3602f26b642483c41ea03fa9efd40b0378a7a8b91a557ae34a2aa556,basis_eval,800,timestep,108,302,431,533,673,31.207537185788308,0.66625,397.65656267960037,0.02794520083333943,0.09899111698462834,347.005873696749,2.731844358311661,0.0,0.0,1e-06,0.11777213960886002,0.20550590185928067,0.15411990753278723,0.008274031903489276,0.0,canonical epsilon=1e-12; zero-vector effects retained,"population, time axis then sample/feature mean"
N-MNIST,SNN-DFA,20260830,H2,10,scheduled,results/experiment03_soft_spectral/experiment03_20260831_server/checkpoints/full_dense/seed_20260830/epoch_010.pt,fbaee1c630dddc64ba9b0602a892a96e6b057780c59a4148e79cb4d9fce28776,569c354e3602f26b642483c41ea03fa9efd40b0378a7a8b91a557ae34a2aa556,basis_eval,800,pre-gate,3,6,7,8,9,4.058914965662677,0.01,7.626272583234582,0.03423553839058712,0.10954048834367634,383.9858971261942,2.9984091902029006,0.0,0.0,1e-06,0.14825651049613953,0.21047238872917326,0.22490937678248865,0.009917320247701943,0.0,canonical epsilon=1e-12; zero-vector effects retained,"population, time axis then sample/feature mean"
N-MNIST,SNN-DFA,20260830,H2,10,scheduled,results/experiment03_soft_spectral/experiment03_20260831_server/checkpoints/full_dense/seed_20260830/epoch_010.pt,fbaee1c630dddc64ba9b0602a892a96e6b057780c59a4148e79cb4d9fce28776,569c354e3602f26b642483c41ea03fa9efd40b0378a7a8b91a557ae34a2aa556,basis_eval,800,time-collapsed,4,8,20,40,107,4.763033084596156,0.05,16.862417546359648,0.03423553839058712,0.10954048834367634,383.9858971261942,2.9984091902029006,0.0,0.0,1e-06,0.14825651049613953,0.21047238872917326,0.22490937678248865,0.009917320247701943,0.0,canonical epsilon=1e-12; zero-vector effects retained,"population, time axis then sample/feature mean"
N-MNIST,SNN-DFA,20260830,H2,10,scheduled,results/experiment03_soft_spectral/experiment03_20260831_server/checkpoints/full_dense/seed_20260830/epoch_010.pt,fbaee1c630dddc64ba9b0602a892a96e6b057780c59a4148e79cb4d9fce28776,569c354e3602f26b642483c41ea03fa9efd40b0378a7a8b91a557ae34a2aa556,basis_eval,800,timestep,100,296,422,522,655,21.25674827233106,0.6525,356.3358834794937,0.03423553839058712,0.10954048834367634,383.9858971261942,2.9984091902029006,0.0,0.0,1e-06,0.14825651049613953,0.21047238872917326,0.22490937678248865,0.009917320247701943,0.0,canonical epsilon=1e-12; zero-vector effects retained,"population, time axis then sample/feature mean"
N-MNIST,SNN-DFA,20260830,H3,10,scheduled,results/experiment03_soft_spectral/experiment03_20260831_server/checkpoints/full_dense/seed_20260830/epoch_010.pt,fbaee1c630dddc64ba9b0602a892a96e6b057780c59a4148e79cb4d9fce28776,569c354e3602f26b642483c41ea03fa9efd40b0378a7a8b91a557ae34a2aa556,basis_eval,800,pre-gate,3,6,7,8,9,4.537360263820278,0.01,7.779284132447299,0.01207339665970006,0.0630255971880373,220.93146419279705,1.6168292032364338,0.0,0.0,1e-06,0.10136294364929199,0.16245642908934274,0.41022972121968154,0.003565740574506402,0.0,canonical epsilon=1e-12; zero-vector effects retained,"population, time axis then sample/feature mean"
N-MNIST,SNN-DFA,20260830,H3,10,scheduled,results/experiment03_soft_spectral/experiment03_20260831_server/checkpoints/full_dense/seed_20260830/epoch_010.pt,fbaee1c630dddc64ba9b0602a892a96e6b057780c59a4148e79cb4d9fce28776,569c354e3602f26b642483c41ea03fa9efd40b0378a7a8b91a557ae34a2aa556,basis_eval,800,time-collapsed,5,17,34,56,128,6.38783789997974,0.07,26.182123684563027,0.01207339665970006,0.0630255971880373,220.93146419279705,1.6168292032364338,0.0,0.0,1e-06,0.10136294364929199,0.16245642908934274,0.41022972121968154,0.003565740574506402,0.0,canonical epsilon=1e-12; zero-vector effects retained,"population, time axis then sample/feature mean"
N-MNIST,SNN-DFA,20260830,H3,10,scheduled,results/experiment03_soft_spectral/experiment03_20260831_server/checkpoints/full_dense/seed_20260830/epoch_010.pt,fbaee1c630dddc64ba9b0602a892a96e6b057780c59a4148e79cb4d9fce28776,569c354e3602f26b642483c41ea03fa9efd40b0378a7a8b91a557ae34a2aa556,basis_eval,800,timestep,117,312,440,544,688,44.448879115806754,0.68,440.34652992379307,0.01207339665970006,0.0630255971880373,220.93146419279705,1.6168292032364338,0.0,0.0,1e-06,0.10136294364929199,0.16245642908934274,0.41022972121968154,0.003565740574506402,0.0,canonical epsilon=1e-12; zero-vector effects retained,"population, time axis then sample/feature mean"
N-MNIST,SNN-DFA,20260830,H1,25,scheduled,results/experiment03_soft_spectral/experiment03_20260831_server/checkpoints/full_dense/seed_20260830/epoch_025.pt,eac461148aee307a21e5af3fba9e848bd4fc10529f7b80212b4dc35d4aeafbc0,3facb508d09701b80ff8395db59c08fffbb82126c7b1ae9f455ed0ef6afe8b4d,basis_eval,800,pre-gate,3,6,7,8,9,4.521030783306693,0.01,7.738207188700399,0.018771240701359954,0.08031674365010998,281.54427035217867,2.209424961672538,0.0,0.0,1e-06,0.08114846050739288,0.1464086155705047,0.17587091161401688,0.00569502275565092,0.0,canonical epsilon=1e-12; zero-vector effects retained,"population, time axis then sample/feature mean"
N-MNIST,SNN-DFA,20260830,H1,25,scheduled,results/experiment03_soft_spectral/experiment03_20260831_server/checkpoints/full_dense/seed_20260830/epoch_025.pt,eac461148aee307a21e5af3fba9e848bd4fc10529f7b80212b4dc35d4aeafbc0,3facb508d09701b80ff8395db59c08fffbb82126c7b1ae9f455ed0ef6afe8b4d,basis_eval,800,time-collapsed,4,15,35,60,136,6.324224732045194,0.075,25.60658658206723,0.018771240701359954,0.08031674365010998,281.54427035217867,2.209424961672538,0.0,0.0,1e-06,0.08114846050739288,0.1464086155705047,0.17587091161401688,0.00569502275565092,0.0,canonical epsilon=1e-12; zero-vector effects retained,"population, time axis then sample/feature mean"
N-MNIST,SNN-DFA,20260830,H1,25,scheduled,results/experiment03_soft_spectral/experiment03_20260831_server/checkpoints/full_dense/seed_20260830/epoch_025.pt,eac461148aee307a21e5af3fba9e848bd4fc10529f7b80212b4dc35d4aeafbc0,3facb508d09701b80ff8395db59c08fffbb82126c7b1ae9f455ed0ef6afe8b4d,basis_eval,800,timestep,113,306,435,538,679,42.31411455995707,0.6725,429.0349166644849,0.018771240701359954,0.08031674365010998,281.54427035217867,2.209424961672538,0.0,0.0,1e-06,0.08114846050739288,0.1464086155705047,0.17587091161401688,0.00569502275565092,0.0,canonical epsilon=1e-12; zero-vector effects retained,"population, time axis then sample/feature mean"
N-MNIST,SNN-DFA,20260830,H2,25,scheduled,results/experiment03_soft_spectral/experiment03_20260831_server/checkpoints/full_dense/seed_20260830/epoch_025.pt,eac461148aee307a21e5af3fba9e848bd4fc10529f7b80212b4dc35d4aeafbc0,3facb508d09701b80ff8395db59c08fffbb82126c7b1ae9f455ed0ef6afe8b4d,basis_eval,800,pre-gate,3,6,7,8,9,4.253600130879577,0.01,7.6817267273442,0.024556363361951303,0.09199334530840067,322.4757143409721,2.477670559621643,0.0,0.0,1e-06,0.11215471476316452,0.16664436453549747,0.28188970325481977,0.007290005697752297,0.0,canonical epsilon=1e-12; zero-vector effects retained,"population, time axis then sample/feature mean"
N-MNIST,SNN-DFA,20260830,H2,25,scheduled,results/experiment03_soft_spectral/experiment03_20260831_server/checkpoints/full_dense/seed_20260830/epoch_025.pt,eac461148aee307a21e5af3fba9e848bd4fc10529f7b80212b4dc35d4aeafbc0,3facb508d09701b80ff8395db59c08fffbb82126c7b1ae9f455ed0ef6afe8b4d,basis_eval,800,time-collapsed,4,9,23,45,114,5.532993869334004,0.05625,18.950820270127068,0.024556363361951303,0.09199334530840067,322.4757143409721,2.477670559621643,0.0,0.0,1e-06,0.11215471476316452,0.16664436453549747,0.28188970325481977,0.007290005697752297,0.0,canonical epsilon=1e-12; zero-vector effects retained,"population, time axis then sample/feature mean"
N-MNIST,SNN-DFA,20260830,H2,25,scheduled,results/experiment03_soft_spectral/experiment03_20260831_server/checkpoints/full_dense/seed_20260830/epoch_025.pt,eac461148aee307a21e5af3fba9e848bd4fc10529f7b80212b4dc35d4aeafbc0,3facb508d09701b80ff8395db59c08fffbb82126c7b1ae9f455ed0ef6afe8b4d,basis_eval,800,timestep,99,288,415,517,656,28.756258488765337,0.64625,374.5198463367422,0.024556363361951303,0.09199334530840067,322.4757143409721,2.477670559621643,0.0,0.0,1e-06,0.11215471476316452,0.16664436453549747,0.28188970325481977,0.007290005697752297,0.0,canonical epsilon=1e-12; zero-vector effects retained,"population, time axis then sample/feature mean"
N-MNIST,SNN-DFA,20260830,H3,25,scheduled,results/experiment03_soft_spectral/experiment03_20260831_server/checkpoints/full_dense/seed_20260830/epoch_025.pt,eac461148aee307a21e5af3fba9e848bd4fc10529f7b80212b4dc35d4aeafbc0,3facb508d09701b80ff8395db59c08fffbb82126c7b1ae9f455ed0ef6afe8b4d,basis_eval,800,pre-gate,3,6,7,8,9,4.859267442284316,0.01,7.863565306698768,0.009691808858278847,0.056080745841537646,196.58681305040182,1.3971999669928787,0.0,0.0,1e-06,0.09974318742752075,0.1594561968668901,0.4756309326826358,0.002851967991769455,0.0,canonical epsilon=1e-12; zero-vector effects retained,"population, time axis then sample/feature mean"
N-MNIST,SNN-DFA,20260830,H3,25,scheduled,results/experiment03_soft_spectral/experiment03_20260831_server/checkpoints/full_dense/seed_20260830/epoch_025.pt,eac461148aee307a21e5af3fba9e848bd4fc10529f7b80212b4dc35d4aeafbc0,3facb508d09701b80ff8395db59c08fffbb82126c7b1ae9f455ed0ef6afe8b4d,basis_eval,800,time-collapsed,5,15,33,56,128,6.412649646905481,0.07,25.411581695249474,0.009691808858278847,0.056080745841537646,196.58681305040182,1.3971999669928787,0.0,0.0,1e-06,0.09974318742752075,0.1594561968668901,0.4756309326826358,0.002851967991769455,0.0,canonical epsilon=1e-12; zero-vector effects retained,"population, time axis then sample/feature mean"
N-MNIST,SNN-DFA,20260830,H3,25,scheduled,results/experiment03_soft_spectral/experiment03_20260831_server/checkpoints/full_dense/seed_20260830/epoch_025.pt,eac461148aee307a21e5af3fba9e848bd4fc10529f7b80212b4dc35d4aeafbc0,3facb508d09701b80ff8395db59c08fffbb82126c7b1ae9f455ed0ef6afe8b4d,basis_eval,800,timestep,103,287,418,527,684,44.28091190023226,0.65875,410.824492681114,0.009691808858278847,0.056080745841537646,196.58681305040182,1.3971999669928787,0.0,0.0,1e-06,0.09974318742752075,0.1594561968668901,0.4756309326826358,0.002851967991769455,0.0,canonical epsilon=1e-12; zero-vector effects retained,"population, time axis then sample/feature mean"
N-MNIST,SNN-DFA,20260830,H1,50,scheduled,results/experiment03_soft_spectral/experiment03_20260831_server/checkpoints/full_dense/seed_20260830/epoch_050.pt,b3652d030e5cc0fb768554ce5e7850f0afc2464353c9c6dcb64cba4bcd36bca1,919cac4b96c7b4dce8337f4f45b3fcd5eb7153401c4c76224c3a9c36a380845a,basis_eval,800,pre-gate,3,6,7,8,9,4.389390129325645,0.01,7.8628422571337975,0.01397123573125514,0.06888682766083883,241.47756431881143,1.8858487727580557,0.0,0.0,1e-06,0.06237016245722771,0.11393873780433797,0.19901541169537984,0.004283257065836979,0.0,canonical epsilon=1e-12; zero-vector effects retained,"population, time axis then sample/feature mean"
N-MNIST,SNN-DFA,20260830,H1,50,scheduled,results/experiment03_soft_spectral/experiment03_20260831_server/checkpoints/full_dense/seed_20260830/epoch_050.pt,b3652d030e5cc0fb768554ce5e7850f0afc2464353c9c6dcb64cba4bcd36bca1,919cac4b96c7b4dce8337f4f45b3fcd5eb7153401c4c76224c3a9c36a380845a,basis_eval,800,time-collapsed,5,19,38,62,129,6.542709723987005,0.0775,29.14742496018487,0.01397123573125514,0.06888682766083883,241.47756431881143,1.8858487727580557,0.0,0.0,1e-06,0.06237016245722771,0.11393873780433797,0.19901541169537984,0.004283257065836979,0.0,canonical epsilon=1e-12; zero-vector effects retained,"population, time axis then sample/feature mean"
N-MNIST,SNN-DFA,20260830,H1,50,scheduled,results/experiment03_soft_spectral/experiment03_20260831_server/checkpoints/full_dense/seed_20260830/epoch_050.pt,b3652d030e5cc0fb768554ce5e7850f0afc2464353c9c6dcb64cba4bcd36bca1,919cac4b96c7b4dce8337f4f45b3fcd5eb7153401c4c76224c3a9c36a380845a,basis_eval,800,timestep,119,312,439,541,680,49.64238103881708,0.67625,449.10870189212585,0.01397123573125514,0.06888682766083883,241.47756431881143,1.8858487727580557,0.0,0.0,1e-06,0.06237016245722771,0.11393873780433797,0.19901541169537984,0.004283257065836979,0.0,canonical epsilon=1e-12; zero-vector effects retained,"population, time axis then sample/feature mean"
N-MNIST,SNN-DFA,20260830,H2,50,scheduled,results/experiment03_soft_spectral/experiment03_20260831_server/checkpoints/full_dense/seed_20260830/epoch_050.pt,b3652d030e5cc0fb768554ce5e7850f0afc2464353c9c6dcb64cba4bcd36bca1,919cac4b96c7b4dce8337f4f45b3fcd5eb7153401c4c76224c3a9c36a380845a,basis_eval,800,pre-gate,3,6,7,8,9,4.131571477076947,0.01,7.804686978101819,0.018580664837090363,0.07962019761400085,279.10258090374646,2.1294108514099412,0.0,0.0,1e-06,0.08906150609254837,0.13637755554387243,0.30646454855795985,0.005604009517704146,0.0,canonical epsilon=1e-12; zero-vector effects retained,"population, time axis then sample/feature mean"
N-MNIST,SNN-DFA,20260830,H2,50,scheduled,results/experiment03_soft_spectral/experiment03_20260831_server/checkpoints/full_dense/seed_20260830/epoch_050.pt,b3652d030e5cc0fb768554ce5e7850f0afc2464353c9c6dcb64cba4bcd36bca1,919cac4b96c7b4dce8337f4f45b3fcd5eb7153401c4c76224c3a9c36a380845a,basis_eval,800,time-collapsed,4,11,27,48,112,5.8212478256299445,0.06,21.400551467201467,0.018580664837090363,0.07962019761400085,279.10258090374646,2.1294108514099412,0.0,0.0,1e-06,0.08906150609254837,0.13637755554387243,0.30646454855795985,0.005604009517704146,0.0,canonical epsilon=1e-12; zero-vector effects retained,"population, time axis then sample/feature mean"
N-MNIST,SNN-DFA,20260830,H2,50,scheduled,results/experiment03_soft_spectral/experiment03_20260831_server/checkpoints/full_dense/seed_20260830/epoch_050.pt,b3652d030e5cc0fb768554ce5e7850f0afc2464353c9c6dcb64cba4bcd36bca1,919cac4b96c7b4dce8337f4f45b3fcd5eb7153401c4c76224c3a9c36a380845a,basis_eval,800,timestep,107,296,422,522,659,33.97110353325323,0.6525,401.32419647598834,0.018580664837090363,0.07962019761400085,279.10258090374646,2.1294108514099412,0.0,0.0,1e-06,0.08906150609254837,0.13637755554387243,0.30646454855795985,0.005604009517704146,0.0,canonical epsilon=1e-12; zero-vector effects retained,"population, time axis then sample/feature mean"
N-MNIST,SNN-DFA,20260830,H3,50,scheduled,results/experiment03_soft_spectral/experiment03_20260831_server/checkpoints/full_dense/seed_20260830/epoch_050.pt,b3652d030e5cc0fb768554ce5e7850f0afc2464353c9c6dcb64cba4bcd36bca1,919cac4b96c7b4dce8337f4f45b3fcd5eb7153401c4c76224c3a9c36a380845a,basis_eval,800,pre-gate,3,6,7,8,9,4.852599200130075,0.01,7.994067655280491,0.0076513092804867105,0.04967038457165825,174.11577644707165,1.2236498174779191,0.0,0.0,1e-06,0.09234029799699783,0.14693844867322542,0.49562694282019687,0.002252239623555429,0.0,canonical epsilon=1e-12; zero-vector effects retained,"population, time axis then sample/feature mean"
N-MNIST,SNN-DFA,20260830,H3,50,scheduled,results/experiment03_soft_spectral/experiment03_20260831_server/checkpoints/full_dense/seed_20260830/epoch_050.pt,b3652d030e5cc0fb768554ce5e7850f0afc2464353c9c6dcb64cba4bcd36bca1,919cac4b96c7b4dce8337f4f45b3fcd5eb7153401c4c76224c3a9c36a380845a,basis_eval,800,time-collapsed,5,18,35,56,119,6.6888498667520535,0.07,27.967085991157052,0.0076513092804867105,0.04967038457165825,174.11577644707165,1.2236498174779191,0.0,0.0,1e-06,0.09234029799699783,0.14693844867322542,0.49562694282019687,0.002252239623555429,0.0,canonical epsilon=1e-12; zero-vector effects retained,"population, time axis then sample/feature mean"
N-MNIST,SNN-DFA,20260830,H3,50,scheduled,results/experiment03_soft_spectral/experiment03_20260831_server/checkpoints/full_dense/seed_20260830/epoch_050.pt,b3652d030e5cc0fb768554ce5e7850f0afc2464353c9c6dcb64cba4bcd36bca1,919cac4b96c7b4dce8337f4f45b3fcd5eb7153401c4c76224c3a9c36a380845a,basis_eval,800,timestep,102,281,410,519,684,50.54199949632988,0.64875,412.0866173083088,0.0076513092804867105,0.04967038457165825,174.11577644707165,1.2236498174779191,0.0,0.0,1e-06,0.09234029799699783,0.14693844867322542,0.49562694282019687,0.002252239623555429,0.0,canonical epsilon=1e-12; zero-vector effects retained,"population, time axis then sample/feature mean"
N-MNIST,SNN-DFA,20260830,H1,75,scheduled,results/experiment03_soft_spectral/experiment03_20260831_server/checkpoints/full_dense/seed_20260830/epoch_075.pt,77b12abeb4d3af5750da0ff8b09b77a9cf096f730e2b771d1a94aa228def8c02,3924ba11d46489fb73edf07c735a1666121c9a4e950a9dfdf02551e0b5c08383,basis_eval,800,pre-gate,3,6,7,8,10,4.136518811315356,0.01,7.684280420383345,0.01287996209962903,0.06580597134798975,230.67785552533837,1.797954570297768,0.0,0.0,1e-06,0.0586097426712513,0.10796959851170072,0.20954025842004123,0.003927157180816312,0.0,canonical epsilon=1e-12; zero-vector effects retained,"population, time axis then sample/feature mean"
N-MNIST,SNN-DFA,20260830,H1,75,scheduled,results/experiment03_soft_spectral/experiment03_20260831_server/checkpoints/full_dense/seed_20260830/epoch_075.pt,77b12abeb4d3af5750da0ff8b09b77a9cf096f730e2b771d1a94aa228def8c02,3924ba11d46489fb73edf07c735a1666121c9a4e950a9dfdf02551e0b5c08383,basis_eval,800,time-collapsed,5,21,43,71,141,5.862539262038072,0.08875,30.48969354768518,0.01287996209962903,0.06580597134798975,230.67785552533837,1.797954570297768,0.0,0.0,1e-06,0.0586097426712513,0.10796959851170072,0.20954025842004123,0.003927157180816312,0.0,canonical epsilon=1e-12; zero-vector effects retained,"population, time axis then sample/feature mean"
N-MNIST,SNN-DFA,20260830,H1,75,scheduled,results/experiment03_soft_spectral/experiment03_20260831_server/checkpoints/full_dense/seed_20260830/epoch_075.pt,77b12abeb4d3af5750da0ff8b09b77a9cf096f730e2b771d1a94aa228def8c02,3924ba11d46489fb73edf07c735a1666121c9a4e950a9dfdf02551e0b5c08383,basis_eval,800,timestep,123,319,445,544,678,45.19987340110123,0.68,456.85522396703135,0.01287996209962903,0.06580597134798975,230.67785552533837,1.797954570297768,0.0,0.0,1e-06,0.0586097426712513,0.10796959851170072,0.20954025842004123,0.003927157180816312,0.0,canonical epsilon=1e-12; zero-vector effects retained,"population, time axis then sample/feature mean"
N-MNIST,SNN-DFA,20260830,H2,75,scheduled,results/experiment03_soft_spectral/experiment03_20260831_server/checkpoints/full_dense/seed_20260830/epoch_075.pt,77b12abeb4d3af5750da0ff8b09b77a9cf096f730e2b771d1a94aa228def8c02,3924ba11d46489fb73edf07c735a1666121c9a4e950a9dfdf02551e0b5c08383,basis_eval,800,pre-gate,3,6,7,8,9,3.8824997139708106,0.01,7.606412871993433,0.017635482366591713,0.07737678692863925,271.2384744197693,2.0621252607064635,0.0,0.0,1e-06,0.08396989852190018,0.12972758954691643,0.3161173172554248,0.0053242415348822405,0.0,canonical epsilon=1e-12; zero-vector effects retained,"population, time axis then sample/feature mean"
N-MNIST,SNN-DFA,20260830,H2,75,scheduled,results/experiment03_soft_spectral/experiment03_20260831_server/checkpoints/full_dense/seed_20260830/epoch_075.pt,77b12abeb4d3af5750da0ff8b09b77a9cf096f730e2b771d1a94aa228def8c02,3924ba11d46489fb73edf07c735a1666121c9a4e950a9dfdf02551e0b5c08383,basis_eval,800,time-collapsed,4,13,30,52,119,5.54679420642788,0.065,22.55697961484905,0.017635482366591713,0.07737678692863925,271.2384744197693,2.0621252607064635,0.0,0.0,1e-06,0.08396989852190018,0.12972758954691643,0.3161173172554248,0.0053242415348822405,0.0,canonical epsilon=1e-12; zero-vector effects retained,"population, time axis then sample/feature mean"
N-MNIST,SNN-DFA,20260830,H2,75,scheduled,results/experiment03_soft_spectral/experiment03_20260831_server/checkpoints/full_dense/seed_20260830/epoch_075.pt,77b12abeb4d3af5750da0ff8b09b77a9cf096f730e2b771d1a94aa228def8c02,3924ba11d46489fb73edf07c735a1666121c9a4e950a9dfdf02551e0b5c08383,basis_eval,800,timestep,104,293,421,523,660,31.902753293711054,0.65375,397.52149266027783,0.017635482366591713,0.07737678692863925,271.2384744197693,2.0621252607064635,0.0,0.0,1e-06,0.08396989852190018,0.12972758954691643,0.3161173172554248,0.0053242415348822405,0.0,canonical epsilon=1e-12; zero-vector effects retained,"population, time axis then sample/feature mean"
N-MNIST,SNN-DFA,20260830,H3,75,scheduled,results/experiment03_soft_spectral/experiment03_20260831_server/checkpoints/full_dense/seed_20260830/epoch_075.pt,77b12abeb4d3af5750da0ff8b09b77a9cf096f730e2b771d1a94aa228def8c02,3924ba11d46489fb73edf07c735a1666121c9a4e950a9dfdf02551e0b5c08383,basis_eval,800,pre-gate,3,6,7,8,10,4.4644910590129285,0.01,7.834494068323333,0.0076154496451038365,0.049472801076552435,173.42316244860896,1.2218454835115513,0.0,0.0,1e-06,0.08953575044870377,0.13832770012156595,0.49337265450592765,0.0022384988370507558,0.0,canonical epsilon=1e-12; zero-vector effects retained,"population, time axis then sample/feature mean"
N-MNIST,SNN-DFA,20260830,H3,75,scheduled,results/experiment03_soft_spectral/experiment03_20260831_server/checkpoints/full_dense/seed_20260830/epoch_075.pt,77b12abeb4d3af5750da0ff8b09b77a9cf096f730e2b771d1a94aa228def8c02,3924ba11d46489fb73edf07c735a1666121c9a4e950a9dfdf02551e0b5c08383,basis_eval,800,time-collapsed,5,19,38,60,127,6.865941276664489,0.075,30.017335862017394,0.0076154496451038365,0.049472801076552435,173.42316244860896,1.2218454835115513,0.0,0.0,1e-06,0.08953575044870377,0.13832770012156595,0.49337265450592765,0.0022384988370507558,0.0,canonical epsilon=1e-12; zero-vector effects retained,"population, time axis then sample/feature mean"
N-MNIST,SNN-DFA,20260830,H3,75,scheduled,results/experiment03_soft_spectral/experiment03_20260831_server/checkpoints/full_dense/seed_20260830/epoch_075.pt,77b12abeb4d3af5750da0ff8b09b77a9cf096f730e2b771d1a94aa228def8c02,3924ba11d46489fb73edf07c735a1666121c9a4e950a9dfdf02551e0b5c08383,basis_eval,800,timestep,101,278,407,518,684,47.90461065231294,0.6475,404.8175438851429,0.0076154496451038365,0.049472801076552435,173.42316244860896,1.2218454835115513,0.0,0.0,1e-06,0.08953575044870377,0.13832770012156595,0.49337265450592765,0.0022384988370507558,0.0,canonical epsilon=1e-12; zero-vector effects retained,"population, time axis then sample/feature mean"
N-MNIST,SNN-DFA,20260830,H1,100,scheduled,results/experiment03_soft_spectral/experiment03_20260831_server/checkpoints/full_dense/seed_20260830/epoch_100.pt,b8f2c8c95c5944358405d35f2d38dcb293461fa1e8641e9e6cb29ab98e39a534,6c4f95e1e937b80f79259b885c97c06089a73529c6f81b903c855ce7e110a457,basis_eval,800,pre-gate,3,6,7,8,10,4.40565268996673,0.01,7.640843646393153,0.012710554099976701,0.06523410797339226,228.6732317168419,1.7826870602967266,0.0,0.0,1e-06,0.0579969622194767,0.10629428567678872,0.20955399112550446,0.003861714857814713,0.0,canonical epsilon=1e-12; zero-vector effects retained,"population, time axis then sample/feature mean"
N-MNIST,SNN-DFA,20260830,H1,100,scheduled,results/experiment03_soft_spectral/experiment03_20260831_server/checkpoints/full_dense/seed_20260830/epoch_100.pt,b8f2c8c95c5944358405d35f2d38dcb293461fa1e8641e9e6cb29ab98e39a534,6c4f95e1e937b80f79259b885c97c06089a73529c6f81b903c855ce7e110a457,basis_eval,800,time-collapsed,5,21,45,73,148,5.611278314215581,0.09125,30.412370576207074,0.012710554099976701,0.06523410797339226,228.6732317168419,1.7826870602967266,0.0,0.0,1e-06,0.0579969622194767,0.10629428567678872,0.20955399112550446,0.003861714857814713,0.0,canonical epsilon=1e-12; zero-vector effects retained,"population, time axis then sample/feature mean"
N-MNIST,SNN-DFA,20260830,H1,100,scheduled,results/experiment03_soft_spectral/experiment03_20260831_server/checkpoints/full_dense/seed_20260830/epoch_100.pt,b8f2c8c95c5944358405d35f2d38dcb293461fa1e8641e9e6cb29ab98e39a534,6c4f95e1e937b80f79259b885c97c06089a73529c6f81b903c855ce7e110a457,basis_eval,800,timestep,124,321,448,546,680,43.271599085746814,0.6825,456.8861368711281,0.012710554099976701,0.06523410797339226,228.6732317168419,1.7826870602967266,0.0,0.0,1e-06,0.0579969622194767,0.10629428567678872,0.20955399112550446,0.003861714857814713,0.0,canonical epsilon=1e-12; zero-vector effects retained,"population, time axis then sample/feature mean"
N-MNIST,SNN-DFA,20260830,H2,100,scheduled,results/experiment03_soft_spectral/experiment03_20260831_server/checkpoints/full_dense/seed_20260830/epoch_100.pt,b8f2c8c95c5944358405d35f2d38dcb293461fa1e8641e9e6cb29ab98e39a534,6c4f95e1e937b80f79259b885c97c06089a73529c6f81b903c855ce7e110a457,basis_eval,800,pre-gate,3,5,7,8,9,4.09435119097498,0.01,7.568448498851652,0.017726797456581095,0.07764606800279632,272.1824188589746,2.0700610027395823,0.0,0.0,1e-06,0.08408932387828827,0.1297228659402475,0.3152189431433105,0.00536123653185263,0.0,canonical epsilon=1e-12; zero-vector effects retained,"population, time axis then sample/feature mean"
N-MNIST,SNN-DFA,20260830,H2,100,scheduled,results/experiment03_soft_spectral/experiment03_20260831_server/checkpoints/full_dense/seed_20260830/epoch_100.pt,b8f2c8c95c5944358405d35f2d38dcb293461fa1e8641e9e6cb29ab98e39a534,6c4f95e1e937b80f79259b885c97c06089a73529c6f81b903c855ce7e110a457,basis_eval,800,time-collapsed,4,12,30,53,125,5.643124040481207,0.06625,22.217802768887434,0.017726797456581095,0.07764606800279632,272.1824188589746,2.0700610027395823,0.0,0.0,1e-06,0.08408932387828827,0.1297228659402475,0.3152189431433105,0.00536123653185263,0.0,canonical epsilon=1e-12; zero-vector effects retained,"population, time axis then sample/feature mean"
N-MNIST,SNN-DFA,20260830,H2,100,scheduled,results/experiment03_soft_spectral/experiment03_20260831_server/checkpoints/full_dense/seed_20260830/epoch_100.pt,b8f2c8c95c5944358405d35f2d38dcb293461fa1e8641e9e6cb29ab98e39a534,6c4f95e1e937b80f79259b885c97c06089a73529c6f81b903c855ce7e110a457,basis_eval,800,timestep,105,299,427,528,664,34.24198966823596,0.66,399.38323938594846,0.017726797456581095,0.07764606800279632,272.1824188589746,2.0700610027395823,0.0,0.0,1e-06,0.08408932387828827,0.1297228659402475,0.3152189431433105,0.00536123653185263,0.0,canonical epsilon=1e-12; zero-vector effects retained,"population, time axis then sample/feature mean"
N-MNIST,SNN-DFA,20260830,H3,100,scheduled,results/experiment03_soft_spectral/experiment03_20260831_server/checkpoints/full_dense/seed_20260830/epoch_100.pt,b8f2c8c95c5944358405d35f2d38dcb293461fa1e8641e9e6cb29ab98e39a534,6c4f95e1e937b80f79259b885c97c06089a73529c6f81b903c855ce7e110a457,basis_eval,800,pre-gate,3,6,7,8,10,4.7124569476745,0.01,7.801225812987391,0.007900390788525375,0.050423429864359874,176.75551976633852,1.2573703594556866,0.0,0.0,1e-06,0.08805899322032928,0.13583248278743368,0.4743338399405651,0.002323273174704108,0.0,canonical epsilon=1e-12; zero-vector effects retained,"population, time axis then sample/feature mean"
N-MNIST,SNN-DFA,20260830,H3,100,scheduled,results/experiment03_soft_spectral/experiment03_20260831_server/checkpoints/full_dense/seed_20260830/epoch_100.pt,b8f2c8c95c5944358405d35f2d38dcb293461fa1e8641e9e6cb29ab98e39a534,6c4f95e1e937b80f79259b885c97c06089a73529c6f81b903c855ce7e110a457,basis_eval,800,time-collapsed,5,20,39,64,135,6.508378361731506,0.08,30.225015650540612,0.007900390788525375,0.050423429864359874,176.75551976633852,1.2573703594556866,0.0,0.0,1e-06,0.08805899322032928,0.13583248278743368,0.4743338399405651,0.002323273174704108,0.0,canonical epsilon=1e-12; zero-vector effects retained,"population, time axis then sample/feature mean"
N-MNIST,SNN-DFA,20260830,H3,100,scheduled,results/experiment03_soft_spectral/experiment03_20260831_server/checkpoints/full_dense/seed_20260830/epoch_100.pt,b8f2c8c95c5944358405d35f2d38dcb293461fa1e8641e9e6cb29ab98e39a534,6c4f95e1e937b80f79259b885c97c06089a73529c6f81b903c855ce7e110a457,basis_eval,800,timestep,101,281,411,523,688,46.65953694403787,0.65375,408.72470205447235,0.007900390788525375,0.050423429864359874,176.75551976633852,1.2573703594556866,0.0,0.0,1e-06,0.08805899322032928,0.13583248278743368,0.4743338399405651,0.002323273174704108,0.0,canonical epsilon=1e-12; zero-vector effects retained,"population, time axis then sample/feature mean"
N-MNIST,SNN-DFA,20260830,H1,49,validation_selected_best,results/experiment03_soft_spectral/experiment03_20260831_server/checkpoints/full_dense/seed_20260830/best_validation.pt,bb65815688d9dcdad1fc5fbef8267073bad00b579209b218f3a68e33c82e6a01,6ebfbd3e98eaef3facbed075f64b5a02b8c08571c3714b1e879c77081c425728,basis_eval,800,pre-gate,3,6,7,8,10,4.3873711703023455,0.01,7.864563467287724,0.014057160153436719,0.06922894432201301,242.6768283995999,1.8956420088427726,0.0,0.0,1e-06,0.06309933215379715,0.11503470002030444,0.19867283170034142,0.00432228411151686,0.0,canonical epsilon=1e-12; zero-vector effects retained,"population, time axis then sample/feature mean"
N-MNIST,SNN-DFA,20260830,H1,49,validation_selected_best,results/experiment03_soft_spectral/experiment03_20260831_server/checkpoints/full_dense/seed_20260830/best_validation.pt,bb65815688d9dcdad1fc5fbef8267073bad00b579209b218f3a68e33c82e6a01,6ebfbd3e98eaef3facbed075f64b5a02b8c08571c3714b1e879c77081c425728,basis_eval,800,time-collapsed,5,18,38,63,137,7.278487891681273,0.07875,28.891359327208345,0.014057160153436719,0.06922894432201301,242.6768283995999,1.8956420088427726,0.0,0.0,1e-06,0.06309933215379715,0.11503470002030444,0.19867283170034142,0.00432228411151686,0.0,canonical epsilon=1e-12; zero-vector effects retained,"population, time axis then sample/feature mean"
N-MNIST,SNN-DFA,20260830,H1,49,validation_selected_best,results/experiment03_soft_spectral/experiment03_20260831_server/checkpoints/full_dense/seed_20260830/best_validation.pt,bb65815688d9dcdad1fc5fbef8267073bad00b579209b218f3a68e33c82e6a01,6ebfbd3e98eaef3facbed075f64b5a02b8c08571c3714b1e879c77081c425728,basis_eval,800,timestep,117,306,432,534,675,54.93942959167003,0.6675,444.09688116480316,0.014057160153436719,0.06922894432201301,242.6768283995999,1.8956420088427726,0.0,0.0,1e-06,0.06309933215379715,0.11503470002030444,0.19867283170034142,0.00432228411151686,0.0,canonical epsilon=1e-12; zero-vector effects retained,"population, time axis then sample/feature mean"
N-MNIST,SNN-DFA,20260830,H2,49,validation_selected_best,results/experiment03_soft_spectral/experiment03_20260831_server/checkpoints/full_dense/seed_20260830/best_validation.pt,bb65815688d9dcdad1fc5fbef8267073bad00b579209b218f3a68e33c82e6a01,6ebfbd3e98eaef3facbed075f64b5a02b8c08571c3714b1e879c77081c425728,basis_eval,800,pre-gate,3,6,7,8,10,4.18284683212478,0.01,7.817630211751399,0.01921911755406344,0.0810327329165164,284.05411657388584,2.1694690895956312,0.0,0.0,1e-06,0.09183230251073837,0.13979277415172414,0.3022980486900433,0.0057868803920687025,0.0,canonical epsilon=1e-12; zero-vector effects retained,"population, time axis then sample/feature mean"
N-MNIST,SNN-DFA,20260830,H2,49,validation_selected_best,results/experiment03_soft_spectral/experiment03_20260831_server/checkpoints/full_dense/seed_20260830/best_validation.pt,bb65815688d9dcdad1fc5fbef8267073bad00b579209b218f3a68e33c82e6a01,6ebfbd3e98eaef3facbed075f64b5a02b8c08571c3714b1e879c77081c425728,basis_eval,800,time-collapsed,4,11,27,48,120,5.501519463229925,0.06,21.326650233345624,0.01921911755406344,0.0810327329165164,284.05411657388584,2.1694690895956312,0.0,0.0,1e-06,0.09183230251073837,0.13979277415172414,0.3022980486900433,0.0057868803920687025,0.0,canonical epsilon=1e-12; zero-vector effects retained,"population, time axis then sample/feature mean"
N-MNIST,SNN-DFA,20260830,H2,49,validation_selected_best,results/experiment03_soft_spectral/experiment03_20260831_server/checkpoints/full_dense/seed_20260830/best_validation.pt,bb65815688d9dcdad1fc5fbef8267073bad00b579209b218f3a68e33c82e6a01,6ebfbd3e98eaef3facbed075f64b5a02b8c08571c3714b1e879c77081c425728,basis_eval,800,timestep,104,291,418,519,658,31.78113168807219,0.64875,394.5624950771,0.01921911755406344,0.0810327329165164,284.05411657388584,2.1694690895956312,0.0,0.0,1e-06,0.09183230251073837,0.13979277415172414,0.3022980486900433,0.0057868803920687025,0.0,canonical epsilon=1e-12; zero-vector effects retained,"population, time axis then sample/feature mean"
N-MNIST,SNN-DFA,20260830,H3,49,validation_selected_best,results/experiment03_soft_spectral/experiment03_20260831_server/checkpoints/full_dense/seed_20260830/best_validation.pt,bb65815688d9dcdad1fc5fbef8267073bad00b579209b218f3a68e33c82e6a01,6ebfbd3e98eaef3facbed075f64b5a02b8c08571c3714b1e879c77081c425728,basis_eval,800,pre-gate,3,6,7,8,10,4.762150166350614,0.01,7.982186035905074,0.007583596514222082,0.04953522497998862,173.6419847208557,1.2182109471182665,0.0,0.0,1e-06,0.09198538213968277,0.14460489084536032,0.49912453508180465,0.0022413925751331946,0.0,canonical epsilon=1e-12; zero-vector effects retained,"population, time axis then sample/feature mean"
N-MNIST,SNN-DFA,20260830,H3,49,validation_selected_best,results/experiment03_soft_spectral/experiment03_20260831_server/checkpoints/full_dense/seed_20260830/best_validation.pt,bb65815688d9dcdad1fc5fbef8267073bad00b579209b218f3a68e33c82e6a01,6ebfbd3e98eaef3facbed075f64b5a02b8c08571c3714b1e879c77081c425728,basis_eval,800,time-collapsed,5,18,34,56,128,6.130319714114891,0.07,27.788995756453307,0.007583596514222082,0.04953522497998862,173.6419847208557,1.2182109471182665,0.0,0.0,1e-06,0.09198538213968277,0.14460489084536032,0.49912453508180465,0.0022413925751331946,0.0,canonical epsilon=1e-12; zero-vector effects retained,"population, time axis then sample/feature mean"
N-MNIST,SNN-DFA,20260830,H3,49,validation_selected_best,results/experiment03_soft_spectral/experiment03_20260831_server/checkpoints/full_dense/seed_20260830/best_validation.pt,bb65815688d9dcdad1fc5fbef8267073bad00b579209b218f3a68e33c82e6a01,6ebfbd3e98eaef3facbed075f64b5a02b8c08571c3714b1e879c77081c425728,basis_eval,800,timestep,101,279,405,514,681,47.31655186020206,0.6425,407.0833892941198,0.007583596514222082,0.04953522497998862,173.6419847208557,1.2182109471182665,0.0,0.0,1e-06,0.09198538213968277,0.14460489084536032,0.49912453508180465,0.0022413925751331946,0.0,canonical epsilon=1e-12; zero-vector effects retained,"population, time axis then sample/feature mean"
N-MNIST,SNN-DFA,20260831,H1,0,scheduled,results/experiment03_soft_spectral/experiment03_20260831_server/checkpoints/full_dense/seed_20260831/init.pt,57e31178a390bddb4408ce3a894affc4ac565cd4378cdb60bf751e1a9dff671d,21792855b56305732efa7b8b712b802abb0d9bd4da1e0b533d899ba7e8a75874,basis_eval,800,pre-gate,4,7,8,9,9,7.002888549598709,0.01125,8.855517104480304,0.010532263847840482,0.017957367457336292,62.94819347068037,0.45294217501683914,0.0,0.0,1e-06,0.6291273832321167,0.8188748997698738,0.22037997066690254,0.000185028972511908,0.0,canonical epsilon=1e-12; zero-vector effects retained,"population, time axis then sample/feature mean"
N-MNIST,SNN-DFA,20260831,H1,0,scheduled,results/experiment03_soft_spectral/experiment03_20260831_server/checkpoints/full_dense/seed_20260831/init.pt,57e31178a390bddb4408ce3a894affc4ac565cd4378cdb60bf751e1a9dff671d,21792855b56305732efa7b8b712b802abb0d9bd4da1e0b533d899ba7e8a75874,basis_eval,800,time-collapsed,4,8,9,27,122,6.385545383062863,0.03375,14.607034727236243,0.010532263847840482,0.017957367457336292,62.94819347068037,0.45294217501683914,0.0,0.0,1e-06,0.6291273832321167,0.8188748997698738,0.22037997066690254,0.000185028972511908,0.0,canonical epsilon=1e-12; zero-vector effects retained,"population, time axis then sample/feature mean"
N-MNIST,SNN-DFA,20260831,H1,0,scheduled,results/experiment03_soft_spectral/experiment03_20260831_server/checkpoints/full_dense/seed_20260831/init.pt,57e31178a390bddb4408ce3a894affc4ac565cd4378cdb60bf751e1a9dff671d,21792855b56305732efa7b8b712b802abb0d9bd4da1e0b533d899ba7e8a75874,basis_eval,800,timestep,18,102,194,295,527,14.864229346396897,0.36875,126.10538436794366,0.010532263847840482,0.017957367457336292,62.94819347068037,0.45294217501683914,0.0,0.0,1e-06,0.6291273832321167,0.8188748997698738,0.22037997066690254,0.000185028972511908,0.0,canonical epsilon=1e-12; zero-vector effects retained,"population, time axis then sample/feature mean"
N-MNIST,SNN-DFA,20260831,H2,0,scheduled,results/experiment03_soft_spectral/experiment03_20260831_server/checkpoints/full_dense/seed_20260831/init.pt,57e31178a390bddb4408ce3a894affc4ac565cd4378cdb60bf751e1a9dff671d,21792855b56305732efa7b8b712b802abb0d9bd4da1e0b533d899ba7e8a75874,basis_eval,800,pre-gate,4,7,8,9,9,6.992873374014555,0.01125,8.838940115829194,0.008282301358592918,0.008303940354137224,29.10883486807647,0.2348706860709413,0.0,0.0,1e-06,0.9997224807739258,0.9998694267356759,0.0011468242760703522,1.8645043152885645e-08,0.0,canonical epsilon=1e-12; zero-vector effects retained,"population, time axis then sample/feature mean"
N-MNIST,SNN-DFA,20260831,H2,0,scheduled,results/experiment03_soft_spectral/experiment03_20260831_server/checkpoints/full_dense/seed_20260831/init.pt,57e31178a390bddb4408ce3a894affc4ac565cd4378cdb60bf751e1a9dff671d,21792855b56305732efa7b8b712b802abb0d9bd4da1e0b533d899ba7e8a75874,basis_eval,800,time-collapsed,4,7,8,9,9,7.069500808349978,0.01125,8.836852312274369,0.008282301358592918,0.008303940354137224,29.10883486807647,0.2348706860709413,0.0,0.0,1e-06,0.9997224807739258,0.9998694267356759,0.0011468242760703522,1.8645043152885645e-08,0.0,canonical epsilon=1e-12; zero-vector effects retained,"population, time axis then sample/feature mean"
N-MNIST,SNN-DFA,20260831,H2,0,scheduled,results/experiment03_soft_spectral/experiment03_20260831_server/checkpoints/full_dense/seed_20260831/init.pt,57e31178a390bddb4408ce3a894affc4ac565cd4378cdb60bf751e1a9dff671d,21792855b56305732efa7b8b712b802abb0d9bd4da1e0b533d899ba7e8a75874,basis_eval,800,timestep,4,7,8,9,9,7.0715933126980435,0.01125,8.868570840050841,0.008282301358592918,0.008303940354137224,29.10883486807647,0.2348706860709413,0.0,0.0,1e-06,0.9997224807739258,0.9998694267356759,0.0011468242760703522,1.8645043152885645e-08,0.0,canonical epsilon=1e-12; zero-vector effects retained,"population, time axis then sample/feature mean"
N-MNIST,SNN-DFA,20260831,H3,0,scheduled,results/experiment03_soft_spectral/experiment03_20260831_server/checkpoints/full_dense/seed_20260831/init.pt,57e31178a390bddb4408ce3a894affc4ac565cd4378cdb60bf751e1a9dff671d,21792855b56305732efa7b8b712b802abb0d9bd4da1e0b533d899ba7e8a75874,basis_eval,800,pre-gate,4,7,8,9,9,6.615103737081311,0.01125,8.790948775471735,0.008288368102783958,0.008310182583304793,29.13071653034731,0.23504734545991865,0.0,0.0,1e-06,0.9999427199363708,0.9999920108924771,0.0009798806043438536,3.891816705705204e-09,0.0,canonical epsilon=1e-12; zero-vector effects retained,"population, time axis then sample/feature mean"
N-MNIST,SNN-DFA,20260831,H3,0,scheduled,results/experiment03_soft_spectral/experiment03_20260831_server/checkpoints/full_dense/seed_20260831/init.pt,57e31178a390bddb4408ce3a894affc4ac565cd4378cdb60bf751e1a9dff671d,21792855b56305732efa7b8b712b802abb0d9bd4da1e0b533d899ba7e8a75874,basis_eval,800,time-collapsed,4,7,8,9,9,6.643948259202837,0.01125,8.792069399833897,0.008288368102783958,0.008310182583304793,29.13071653034731,0.23504734545991865,0.0,0.0,1e-06,0.9999427199363708,0.9999920108924771,0.0009798806043438536,3.891816705705204e-09,0.0,canonical epsilon=1e-12; zero-vector effects retained,"population, time axis then sample/feature mean"
N-MNIST,SNN-DFA,20260831,H3,0,scheduled,results/experiment03_soft_spectral/experiment03_20260831_server/checkpoints/full_dense/seed_20260831/init.pt,57e31178a390bddb4408ce3a894affc4ac565cd4378cdb60bf751e1a9dff671d,21792855b56305732efa7b8b712b802abb0d9bd4da1e0b533d899ba7e8a75874,basis_eval,800,timestep,4,7,8,9,9,6.644360667054924,0.01125,8.797896581989018,0.008288368102783958,0.008310182583304793,29.13071653034731,0.23504734545991865,0.0,0.0,1e-06,0.9999427199363708,0.9999920108924771,0.0009798806043438536,3.891816705705204e-09,0.0,canonical epsilon=1e-12; zero-vector effects retained,"population, time axis then sample/feature mean"
N-MNIST,SNN-DFA,20260831,H1,10,scheduled,results/experiment03_soft_spectral/experiment03_20260831_server/checkpoints/full_dense/seed_20260831/epoch_010.pt,cb3550956084e3b5ee67cef23fab9d96b652cbd5122bb73a2c3655d5db6da68d,55ef1be50062e61ef767f98f29f346b09c3d1a7b680ed6969587d7dde87c7346,basis_eval,800,pre-gate,3,6,7,8,9,4.203621536966674,0.01,7.752359026131127,0.02779083497534593,0.09872000695042893,346.05551797645154,2.7257647688550737,0.0,0.0,1e-06,0.11659958213567734,0.2027399188647434,0.15451038254473032,0.00824346513005103,0.0,canonical epsilon=1e-12; zero-vector effects retained,"population, time axis then sample/feature mean"
N-MNIST,SNN-DFA,20260831,H1,10,scheduled,results/experiment03_soft_spectral/experiment03_20260831_server/checkpoints/full_dense/seed_20260831/epoch_010.pt,cb3550956084e3b5ee67cef23fab9d96b652cbd5122bb73a2c3655d5db6da68d,55ef1be50062e61ef767f98f29f346b09c3d1a7b680ed6969587d7dde87c7346,basis_eval,800,time-collapsed,4,12,30,53,122,5.948873338459191,0.06625,22.40253969288362,0.02779083497534593,0.09872000695042893,346.05551797645154,2.7257647688550737,0.0,0.0,1e-06,0.11659958213567734,0.2027399188647434,0.15451038254473032,0.00824346513005103,0.0,canonical epsilon=1e-12; zero-vector effects retained,"population, time axis then sample/feature mean"
N-MNIST,SNN-DFA,20260831,H1,10,scheduled,results/experiment03_soft_spectral/experiment03_20260831_server/checkpoints/full_dense/seed_20260831/epoch_010.pt,cb3550956084e3b5ee67cef23fab9d96b652cbd5122bb73a2c3655d5db6da68d,55ef1be50062e61ef767f98f29f346b09c3d1a7b680ed6969587d7dde87c7346,basis_eval,800,timestep,113,312,439,539,674,31.385496036623024,0.67375,408.4646924510393,0.02779083497534593,0.09872000695042893,346.05551797645154,2.7257647688550737,0.0,0.0,1e-06,0.11659958213567734,0.2027399188647434,0.15451038254473032,0.00824346513005103,0.0,canonical epsilon=1e-12; zero-vector effects retained,"population, time axis then sample/feature mean"
N-MNIST,SNN-DFA,20260831,H2,10,scheduled,results/experiment03_soft_spectral/experiment03_20260831_server/checkpoints/full_dense/seed_20260831/epoch_010.pt,cb3550956084e3b5ee67cef23fab9d96b652cbd5122bb73a2c3655d5db6da68d,55ef1be50062e61ef767f98f29f346b09c3d1a7b680ed6969587d7dde87c7346,basis_eval,800,pre-gate,3,6,7,8,9,4.101661713888046,0.01,7.74044618510952,0.03469744269355983,0.11041915939474456,387.0660120400876,3.02684042825135,0.0,0.0,1e-06,0.14784127473831177,0.21004496132696818,0.2190111421911452,0.01007406168134909,0.0,canonical epsilon=1e-12; zero-vector effects retained,"population, time axis then sample/feature mean"
N-MNIST,SNN-DFA,20260831,H2,10,scheduled,results/experiment03_soft_spectral/experiment03_20260831_server/checkpoints/full_dense/seed_20260831/epoch_010.pt,cb3550956084e3b5ee67cef23fab9d96b652cbd5122bb73a2c3655d5db6da68d,55ef1be50062e61ef767f98f29f346b09c3d1a7b680ed6969587d7dde87c7346,basis_eval,800,time-collapsed,4,8,19,39,104,4.650419244890953,0.04875,16.721328010892854,0.03469744269355983,0.11041915939474456,387.0660120400876,3.02684042825135,0.0,0.0,1e-06,0.14784127473831177,0.21004496132696818,0.2190111421911452,0.01007406168134909,0.0,canonical epsilon=1e-12; zero-vector effects retained,"population, time axis then sample/feature mean"
N-MNIST,SNN-DFA,20260831,H2,10,scheduled,results/experiment03_soft_spectral/experiment03_20260831_server/checkpoints/full_dense/seed_20260831/epoch_010.pt,cb3550956084e3b5ee67cef23fab9d96b652cbd5122bb73a2c3655d5db6da68d,55ef1be50062e61ef767f98f29f346b09c3d1a7b680ed6969587d7dde87c7346,basis_eval,800,timestep,98,294,423,523,654,20.46590603922843,0.65375,351.46907752848233,0.03469744269355983,0.11041915939474456,387.0660120400876,3.02684042825135,0.0,0.0,1e-06,0.14784127473831177,0.21004496132696818,0.2190111421911452,0.01007406168134909,0.0,canonical epsilon=1e-12; zero-vector effects retained,"population, time axis then sample/feature mean"
N-MNIST,SNN-DFA,20260831,H3,10,scheduled,results/experiment03_soft_spectral/experiment03_20260831_server/checkpoints/full_dense/seed_20260831/epoch_010.pt,cb3550956084e3b5ee67cef23fab9d96b652cbd5122bb73a2c3655d5db6da68d,55ef1be50062e61ef767f98f29f346b09c3d1a7b680ed6969587d7dde87c7346,basis_eval,800,pre-gate,3,6,7,8,9,4.272125531619001,0.01,7.698620747393493,0.01272891559559352,0.06478947243720135,227.11459547338518,1.6633883439619688,0.0,0.0,1e-06,0.1008664220571518,0.16060468053340266,0.40949458574939956,0.0037646983026515812,0.0,canonical epsilon=1e-12; zero-vector effects retained,"population, time axis then sample/feature mean"
N-MNIST,SNN-DFA,20260831,H3,10,scheduled,results/experiment03_soft_spectral/experiment03_20260831_server/checkpoints/full_dense/seed_20260831/epoch_010.pt,cb3550956084e3b5ee67cef23fab9d96b652cbd5122bb73a2c3655d5db6da68d,55ef1be50062e61ef767f98f29f346b09c3d1a7b680ed6969587d7dde87c7346,basis_eval,800,time-collapsed,5,16,34,57,125,5.90636455879372,0.07125,25.382453468694415,0.01272891559559352,0.06478947243720135,227.11459547338518,1.6633883439619688,0.0,0.0,1e-06,0.1008664220571518,0.16060468053340266,0.40949458574939956,0.0037646983026515812,0.0,canonical epsilon=1e-12; zero-vector effects retained,"population, time axis then sample/feature mean"
N-MNIST,SNN-DFA,20260831,H3,10,scheduled,results/experiment03_soft_spectral/experiment03_20260831_server/checkpoints/full_dense/seed_20260831/epoch_010.pt,cb3550956084e3b5ee67cef23fab9d96b652cbd5122bb73a2c3655d5db6da68d,55ef1be50062e61ef767f98f29f346b09c3d1a7b680ed6969587d7dde87c7346,basis_eval,800,timestep,117,312,443,548,692,38.72044602039605,0.685,437.57495989078143,0.01272891559559352,0.06478947243720135,227.11459547338518,1.6633883439619688,0.0,0.0,1e-06,0.1008664220571518,0.16060468053340266,0.40949458574939956,0.0037646983026515812,0.0,canonical epsilon=1e-12; zero-vector effects retained,"population, time axis then sample/feature mean"
N-MNIST,SNN-DFA,20260831,H1,25,scheduled,results/experiment03_soft_spectral/experiment03_20260831_server/checkpoints/full_dense/seed_20260831/epoch_025.pt,4a11ef8d85c926529d9496ddea4a5d913f46644d94b30573d3f98897c16193fb,a3a449a195f9e745ac215fb4e60ef16bd38fb5495701de14b2d2ae6e0c29e91a,basis_eval,800,pre-gate,3,6,7,8,9,4.328626469726118,0.01,7.768227354015083,0.01820808653460727,0.07908017683293762,277.2095788985656,2.172425446191989,0.0,0.0,1e-06,0.08029280602931976,0.1464797665007831,0.17983131368747574,0.0055254870778765905,0.0,canonical epsilon=1e-12; zero-vector effects retained,"population, time axis then sample/feature mean"
N-MNIST,SNN-DFA,20260831,H1,25,scheduled,results/experiment03_soft_spectral/experiment03_20260831_server/checkpoints/full_dense/seed_20260831/epoch_025.pt,4a11ef8d85c926529d9496ddea4a5d913f46644d94b30573d3f98897c16193fb,a3a449a195f9e745ac215fb4e60ef16bd38fb5495701de14b2d2ae6e0c29e91a,basis_eval,800,time-collapsed,4,15,32,57,127,6.532953789480025,0.07125,25.07467297914236,0.01820808653460727,0.07908017683293762,277.2095788985656,2.172425446191989,0.0,0.0,1e-06,0.08029280602931976,0.1464797665007831,0.17983131368747574,0.0055254870778765905,0.0,canonical epsilon=1e-12; zero-vector effects retained,"population, time axis then sample/feature mean"
N-MNIST,SNN-DFA,20260831,H1,25,scheduled,results/experiment03_soft_spectral/experiment03_20260831_server/checkpoints/full_dense/seed_20260831/epoch_025.pt,4a11ef8d85c926529d9496ddea4a5d913f46644d94b30573d3f98897c16193fb,a3a449a195f9e745ac215fb4e60ef16bd38fb5495701de14b2d2ae6e0c29e91a,basis_eval,800,timestep,113,302,428,529,672,43.21201869299058,0.66125,425.3696051590921,0.01820808653460727,0.07908017683293762,277.2095788985656,2.172425446191989,0.0,0.0,1e-06,0.08029280602931976,0.1464797665007831,0.17983131368747574,0.0055254870778765905,0.0,canonical epsilon=1e-12; zero-vector effects retained,"population, time axis then sample/feature mean"
N-MNIST,SNN-DFA,20260831,H2,25,scheduled,results/experiment03_soft_spectral/experiment03_20260831_server/checkpoints/full_dense/seed_20260831/epoch_025.pt,4a11ef8d85c926529d9496ddea4a5d913f46644d94b30573d3f98897c16193fb,a3a449a195f9e745ac215fb4e60ef16bd38fb5495701de14b2d2ae6e0c29e91a,basis_eval,800,pre-gate,3,6,7,8,9,4.339960794269486,0.01,7.756033528314821,0.024998398530493456,0.09293110265385603,325.7629517910405,2.5111832117927806,0.0,0.0,1e-06,0.11585964262485504,0.17044933457659736,0.2686388437901522,0.007406004802171037,0.0,canonical epsilon=1e-12; zero-vector effects retained,"population, time axis then sample/feature mean"
N-MNIST,SNN-DFA,20260831,H2,25,scheduled,results/experiment03_soft_spectral/experiment03_20260831_server/checkpoints/full_dense/seed_20260831/epoch_025.pt,4a11ef8d85c926529d9496ddea4a5d913f46644d94b30573d3f98897c16193fb,a3a449a195f9e745ac215fb4e60ef16bd38fb5495701de14b2d2ae6e0c29e91a,basis_eval,800,time-collapsed,4,9,22,42,107,5.958638098028816,0.0525,18.51887026760549,0.024998398530493456,0.09293110265385603,325.7629517910405,2.5111832117927806,0.0,0.0,1e-06,0.11585964262485504,0.17044933457659736,0.2686388437901522,0.007406004802171037,0.0,canonical epsilon=1e-12; zero-vector effects retained,"population, time axis then sample/feature mean"
N-MNIST,SNN-DFA,20260831,H2,25,scheduled,results/experiment03_soft_spectral/experiment03_20260831_server/checkpoints/full_dense/seed_20260831/epoch_025.pt,4a11ef8d85c926529d9496ddea4a5d913f46644d94b30573d3f98897c16193fb,a3a449a195f9e745ac215fb4e60ef16bd38fb5495701de14b2d2ae6e0c29e91a,basis_eval,800,timestep,98,285,412,514,652,29.271978268065297,0.6425,367.6022879884651,0.024998398530493456,0.09293110265385603,325.7629517910405,2.5111832117927806,0.0,0.0,1e-06,0.11585964262485504,0.17044933457659736,0.2686388437901522,0.007406004802171037,0.0,canonical epsilon=1e-12; zero-vector effects retained,"population, time axis then sample/feature mean"
N-MNIST,SNN-DFA,20260831,H3,25,scheduled,results/experiment03_soft_spectral/experiment03_20260831_server/checkpoints/full_dense/seed_20260831/epoch_025.pt,4a11ef8d85c926529d9496ddea4a5d913f46644d94b30573d3f98897c16193fb,a3a449a195f9e745ac215fb4e60ef16bd38fb5495701de14b2d2ae6e0c29e91a,basis_eval,800,pre-gate,3,6,7,8,9,4.100511360618258,0.01,7.6509025764782805,0.009617792070214948,0.055814296994523095,195.65279676924175,1.379642853885442,0.0,0.0,1e-06,0.10067223757505417,0.15970896459218845,0.4890938239506115,0.0028209069330805414,0.0,canonical epsilon=1e-12; zero-vector effects retained,"population, time axis then sample/feature mean"
N-MNIST,SNN-DFA,20260831,H3,25,scheduled,results/experiment03_soft_spectral/experiment03_20260831_server/checkpoints/full_dense/seed_20260831/epoch_025.pt,4a11ef8d85c926529d9496ddea4a5d913f46644d94b30573d3f98897c16193fb,a3a449a195f9e745ac215fb4e60ef16bd38fb5495701de14b2d2ae6e0c29e91a,basis_eval,800,time-collapsed,4,15,31,52,117,5.350225631375663,0.065,24.331036882960632,0.009617792070214948,0.055814296994523095,195.65279676924175,1.379642853885442,0.0,0.0,1e-06,0.10067223757505417,0.15970896459218845,0.4890938239506115,0.0028209069330805414,0.0,canonical epsilon=1e-12; zero-vector effects retained,"population, time axis then sample/feature mean"
N-MNIST,SNN-DFA,20260831,H3,25,scheduled,results/experiment03_soft_spectral/experiment03_20260831_server/checkpoints/full_dense/seed_20260831/epoch_025.pt,4a11ef8d85c926529d9496ddea4a5d913f46644d94b30573d3f98897c16193fb,a3a449a195f9e745ac215fb4e60ef16bd38fb5495701de14b2d2ae6e0c29e91a,basis_eval,800,timestep,100,281,411,522,685,36.67157984589396,0.6525,399.2509115644306,0.009617792070214948,0.055814296994523095,195.65279676924175,1.379642853885442,0.0,0.0,1e-06,0.10067223757505417,0.15970896459218845,0.4890938239506115,0.0028209069330805414,0.0,canonical epsilon=1e-12; zero-vector effects retained,"population, time axis then sample/feature mean"
N-MNIST,SNN-DFA,20260831,H1,50,scheduled,results/experiment03_soft_spectral/experiment03_20260831_server/checkpoints/full_dense/seed_20260831/epoch_050.pt,f9336d6cc6a80f20162d3da3b87abf25fb5e368bb97ab9e13e57cc365d8cf5e9,5e0f1ddb76e3629a630ca17a63151848b4a2aee031ab92d0b149603d099edb5e,basis_eval,800,pre-gate,3,6,7,8,9,4.209652823129906,0.01,7.751905396989311,0.013737272076237877,0.06830130280736338,239.42505122934537,1.8686574931924,0.0,0.0,1e-06,0.062056440860033035,0.11420483071036983,0.20035258562598346,0.004212039299668282,0.0,canonical epsilon=1e-12; zero-vector effects retained,"population, time axis then sample/feature mean"
N-MNIST,SNN-DFA,20260831,H1,50,scheduled,results/experiment03_soft_spectral/experiment03_20260831_server/checkpoints/full_dense/seed_20260831/epoch_050.pt,f9336d6cc6a80f20162d3da3b87abf25fb5e368bb97ab9e13e57cc365d8cf5e9,5e0f1ddb76e3629a630ca17a63151848b4a2aee031ab92d0b149603d099edb5e,basis_eval,800,time-collapsed,5,21,40,62,126,7.62870133451209,0.0775,30.91020559672655,0.013737272076237877,0.06830130280736338,239.42505122934537,1.8686574931924,0.0,0.0,1e-06,0.062056440860033035,0.11420483071036983,0.20035258562598346,0.004212039299668282,0.0,canonical epsilon=1e-12; zero-vector effects retained,"population, time axis then sample/feature mean"
N-MNIST,SNN-DFA,20260831,H1,50,scheduled,results/experiment03_soft_spectral/experiment03_20260831_server/checkpoints/full_dense/seed_20260831/epoch_050.pt,f9336d6cc6a80f20162d3da3b87abf25fb5e368bb97ab9e13e57cc365d8cf5e9,5e0f1ddb76e3629a630ca17a63151848b4a2aee031ab92d0b149603d099edb5e,basis_eval,800,timestep,124,318,442,540,675,61.57924440617665,0.675,459.50769898327906,0.013737272076237877,0.06830130280736338,239.42505122934537,1.8686574931924,0.0,0.0,1e-06,0.062056440860033035,0.11420483071036983,0.20035258562598346,0.004212039299668282,0.0,canonical epsilon=1e-12; zero-vector effects retained,"population, time axis then sample/feature mean"
N-MNIST,SNN-DFA,20260831,H2,50,scheduled,results/experiment03_soft_spectral/experiment03_20260831_server/checkpoints/full_dense/seed_20260831/epoch_050.pt,f9336d6cc6a80f20162d3da3b87abf25fb5e368bb97ab9e13e57cc365d8cf5e9,5e0f1ddb76e3629a630ca17a63151848b4a2aee031ab92d0b149603d099edb5e,basis_eval,800,pre-gate,3,6,7,8,9,4.175641353835961,0.01,7.756704881369446,0.01896475577913258,0.08052110286519097,282.26063612455164,2.1559722543859716,0.0,0.0,1e-06,0.09048294275999069,0.13703384130029245,0.30075086061999706,0.005721056601722927,0.0,canonical epsilon=1e-12; zero-vector effects retained,"population, time axis then sample/feature mean"
N-MNIST,SNN-DFA,20260831,H2,50,scheduled,results/experiment03_soft_spectral/experiment03_20260831_server/checkpoints/full_dense/seed_20260831/epoch_050.pt,f9336d6cc6a80f20162d3da3b87abf25fb5e368bb97ab9e13e57cc365d8cf5e9,5e0f1ddb76e3629a630ca17a63151848b4a2aee031ab92d0b149603d099edb5e,basis_eval,800,time-collapsed,4,11,26,44,102,5.607346509391794,0.055,20.83896943222902,0.01896475577913258,0.08052110286519097,282.26063612455164,2.1559722543859716,0.0,0.0,1e-06,0.09048294275999069,0.13703384130029245,0.30075086061999706,0.005721056601722927,0.0,canonical epsilon=1e-12; zero-vector effects retained,"population, time axis then sample/feature mean"
N-MNIST,SNN-DFA,20260831,H2,50,scheduled,results/experiment03_soft_spectral/experiment03_20260831_server/checkpoints/full_dense/seed_20260831/epoch_050.pt,f9336d6cc6a80f20162d3da3b87abf25fb5e368bb97ab9e13e57cc365d8cf5e9,5e0f1ddb76e3629a630ca17a63151848b4a2aee031ab92d0b149603d099edb5e,basis_eval,800,timestep,103,289,414,516,655,31.947768648562786,0.645,391.1493343879571,0.01896475577913258,0.08052110286519097,282.26063612455164,2.1559722543859716,0.0,0.0,1e-06,0.09048294275999069,0.13703384130029245,0.30075086061999706,0.005721056601722927,0.0,canonical epsilon=1e-12; zero-vector effects retained,"population, time axis then sample/feature mean"
N-MNIST,SNN-DFA,20260831,H3,50,scheduled,results/experiment03_soft_spectral/experiment03_20260831_server/checkpoints/full_dense/seed_20260831/epoch_050.pt,f9336d6cc6a80f20162d3da3b87abf25fb5e368bb97ab9e13e57cc365d8cf5e9,5e0f1ddb76e3629a630ca17a63151848b4a2aee031ab92d0b149603d099edb5e,basis_eval,800,pre-gate,3,6,7,8,9,4.1701947055809665,0.01,7.661964424174012,0.007592623901807359,0.04947747237942391,173.43953734752031,1.2104850243569374,0.0,0.0,1e-06,0.09270765632390976,0.14458591995251463,0.51368192353692,0.002237982875738366,0.0,canonical epsilon=1e-12; zero-vector effects retained,"population, time axis then sample/feature mean"
N-MNIST,SNN-DFA,20260831,H3,50,scheduled,results/experiment03_soft_spectral/experiment03_20260831_server/checkpoints/full_dense/seed_20260831/epoch_050.pt,f9336d6cc6a80f20162d3da3b87abf25fb5e368bb97ab9e13e57cc365d8cf5e9,5e0f1ddb76e3629a630ca17a63151848b4a2aee031ab92d0b149603d099edb5e,basis_eval,800,time-collapsed,5,18,33,51,110,6.517579767958464,0.06375,27.05581721702542,0.007592623901807359,0.04947747237942391,173.43953734752031,1.2104850243569374,0.0,0.0,1e-06,0.09270765632390976,0.14458591995251463,0.51368192353692,0.002237982875738366,0.0,canonical epsilon=1e-12; zero-vector effects retained,"population, time axis then sample/feature mean"
N-MNIST,SNN-DFA,20260831,H3,50,scheduled,results/experiment03_soft_spectral/experiment03_20260831_server/checkpoints/full_dense/seed_20260831/epoch_050.pt,f9336d6cc6a80f20162d3da3b87abf25fb5e368bb97ab9e13e57cc365d8cf5e9,5e0f1ddb76e3629a630ca17a63151848b4a2aee031ab92d0b149603d099edb5e,basis_eval,800,timestep,97,272,401,512,682,44.607635298896675,0.64,396.67265201988437,0.007592623901807359,0.04947747237942391,173.43953734752031,1.2104850243569374,0.0,0.0,1e-06,0.09270765632390976,0.14458591995251463,0.51368192353692,0.002237982875738366,0.0,canonical epsilon=1e-12; zero-vector effects retained,"population, time axis then sample/feature mean"
N-MNIST,SNN-DFA,20260831,H1,75,scheduled,results/experiment03_soft_spectral/experiment03_20260831_server/checkpoints/full_dense/seed_20260831/epoch_075.pt,b1d3a43e06e782f43e63737dc01ccff931a9cae6f09320f14e6ac9e182ec2b19,cffcc7ff4e305da6a71aba2b6c39659d3cf009722fc65e52eb9cce67520426eb,basis_eval,800,pre-gate,3,6,7,8,10,4.413369090065259,0.01,7.877469074906573,0.012610842071515544,0.0649338086869301,227.62055528037158,1.7729149209898372,0.0,0.0,1e-06,0.05813577398657799,0.10696368459765171,0.2110517643135113,0.0038255723928052186,0.0,canonical epsilon=1e-12; zero-vector effects retained,"population, time axis then sample/feature mean"
N-MNIST,SNN-DFA,20260831,H1,75,scheduled,results/experiment03_soft_spectral/experiment03_20260831_server/checkpoints/full_dense/seed_20260831/epoch_075.pt,b1d3a43e06e782f43e63737dc01ccff931a9cae6f09320f14e6ac9e182ec2b19,cffcc7ff4e305da6a71aba2b6c39659d3cf009722fc65e52eb9cce67520426eb,basis_eval,800,time-collapsed,5,24,49,78,152,6.826346999149463,0.0975,33.45398549683409,0.012610842071515544,0.0649338086869301,227.62055528037158,1.7729149209898372,0.0,0.0,1e-06,0.05813577398657799,0.10696368459765171,0.2110517643135113,0.0038255723928052186,0.0,canonical epsilon=1e-12; zero-vector effects retained,"population, time axis then sample/feature mean"
N-MNIST,SNN-DFA,20260831,H1,75,scheduled,results/experiment03_soft_spectral/experiment03_20260831_server/checkpoints/full_dense/seed_20260831/epoch_075.pt,b1d3a43e06e782f43e63737dc01ccff931a9cae6f09320f14e6ac9e182ec2b19,cffcc7ff4e305da6a71aba2b6c39659d3cf009722fc65e52eb9cce67520426eb,basis_eval,800,timestep,135,336,461,558,684,53.62008699898875,0.6975,480.2662038668724,0.012610842071515544,0.0649338086869301,227.62055528037158,1.7729149209898372,0.0,0.0,1e-06,0.05813577398657799,0.10696368459765171,0.2110517643135113,0.0038255723928052186,0.0,canonical epsilon=1e-12; zero-vector effects retained,"population, time axis then sample/feature mean"
N-MNIST,SNN-DFA,20260831,H2,75,scheduled,results/experiment03_soft_spectral/experiment03_20260831_server/checkpoints/full_dense/seed_20260831/epoch_075.pt,b1d3a43e06e782f43e63737dc01ccff931a9cae6f09320f14e6ac9e182ec2b19,cffcc7ff4e305da6a71aba2b6c39659d3cf009722fc65e52eb9cce67520426eb,basis_eval,800,pre-gate,3,6,7,8,10,4.29081843417617,0.01,7.795043680045185,0.01803260040614815,0.07841268655571582,274.8697422153608,2.095915419365417,0.0,0.0,1e-06,0.08565634489059448,0.12939545478732908,0.3081939559567368,0.005454538650404034,0.0,canonical epsilon=1e-12; zero-vector effects retained,"population, time axis then sample/feature mean"
N-MNIST,SNN-DFA,20260831,H2,75,scheduled,results/experiment03_soft_spectral/experiment03_20260831_server/checkpoints/full_dense/seed_20260831/epoch_075.pt,b1d3a43e06e782f43e63737dc01ccff931a9cae6f09320f14e6ac9e182ec2b19,cffcc7ff4e305da6a71aba2b6c39659d3cf009722fc65e52eb9cce67520426eb,basis_eval,800,time-collapsed,4,13,32,58,128,6.149642546587731,0.0725,23.46809460238971,0.01803260040614815,0.07841268655571582,274.8697422153608,2.095915419365417,0.0,0.0,1e-06,0.08565634489059448,0.12939545478732908,0.3081939559567368,0.005454538650404034,0.0,canonical epsilon=1e-12; zero-vector effects retained,"population, time axis then sample/feature mean"
N-MNIST,SNN-DFA,20260831,H2,75,scheduled,results/experiment03_soft_spectral/experiment03_20260831_server/checkpoints/full_dense/seed_20260831/epoch_075.pt,b1d3a43e06e782f43e63737dc01ccff931a9cae6f09320f14e6ac9e182ec2b19,cffcc7ff4e305da6a71aba2b6c39659d3cf009722fc65e52eb9cce67520426eb,basis_eval,800,timestep,106,297,425,527,660,36.25247950294409,0.65875,400.6621492135388,0.01803260040614815,0.07841268655571582,274.8697422153608,2.095915419365417,0.0,0.0,1e-06,0.08565634489059448,0.12939545478732908,0.3081939559567368,0.005454538650404034,0.0,canonical epsilon=1e-12; zero-vector effects retained,"population, time axis then sample/feature mean"
N-MNIST,SNN-DFA,20260831,H3,75,scheduled,results/experiment03_soft_spectral/experiment03_20260831_server/checkpoints/full_dense/seed_20260831/epoch_075.pt,b1d3a43e06e782f43e63737dc01ccff931a9cae6f09320f14e6ac9e182ec2b19,cffcc7ff4e305da6a71aba2b6c39659d3cf009722fc65e52eb9cce67520426eb,basis_eval,800,pre-gate,3,6,7,8,10,4.026209550700585,0.01,7.638439033116193,0.007639575383941846,0.04945639366050908,173.36564749259333,1.2106340978036765,0.0,0.0,1e-06,0.0907265841960907,0.14365608710272937,0.5148037029723744,0.002237585092208764,0.0,canonical epsilon=1e-12; zero-vector effects retained,"population, time axis then sample/feature mean"
N-MNIST,SNN-DFA,20260831,H3,75,scheduled,results/experiment03_soft_spectral/experiment03_20260831_server/checkpoints/full_dense/seed_20260831/epoch_075.pt,b1d3a43e06e782f43e63737dc01ccff931a9cae6f09320f14e6ac9e182ec2b19,cffcc7ff4e305da6a71aba2b6c39659d3cf009722fc65e52eb9cce67520426eb,basis_eval,800,time-collapsed,5,20,39,66,134,5.53573074594065,0.0825,29.596890660669544,0.007639575383941846,0.04945639366050908,173.36564749259333,1.2106340978036765,0.0,0.0,1e-06,0.0907265841960907,0.14365608710272937,0.5148037029723744,0.002237585092208764,0.0,canonical epsilon=1e-12; zero-vector effects retained,"population, time axis then sample/feature mean"
N-MNIST,SNN-DFA,20260831,H3,75,scheduled,results/experiment03_soft_spectral/experiment03_20260831_server/checkpoints/full_dense/seed_20260831/epoch_075.pt,b1d3a43e06e782f43e63737dc01ccff931a9cae6f09320f14e6ac9e182ec2b19,cffcc7ff4e305da6a71aba2b6c39659d3cf009722fc65e52eb9cce67520426eb,basis_eval,800,timestep,95,273,403,516,686,38.42023279945084,0.645,392.9617401331089,0.007639575383941846,0.04945639366050908,173.36564749259333,1.2106340978036765,0.0,0.0,1e-06,0.0907265841960907,0.14365608710272937,0.5148037029723744,0.002237585092208764,0.0,canonical epsilon=1e-12; zero-vector effects retained,"population, time axis then sample/feature mean"
N-MNIST,SNN-DFA,20260831,H1,100,scheduled,results/experiment03_soft_spectral/experiment03_20260831_server/checkpoints/full_dense/seed_20260831/epoch_100.pt,b486ef7efe077a5e11dbfa4148cfa5a8ec90514c3508227a9bf491bde631d58a,f6f90d14013298a0931c68aec9ed4bb5e5a1593ab47aeddcb82f26c1d76b2df0,basis_eval,800,pre-gate,3,6,7,8,10,4.1090011351617575,0.01,7.617351594532782,0.01245398676100567,0.06451261982676276,226.14410958639056,1.7610448009369934,0.0,0.0,1e-06,0.05752110853791237,0.10575982283333327,0.2122817748212079,0.003778946862800263,0.0,canonical epsilon=1e-12; zero-vector effects retained,"population, time axis then sample/feature mean"
N-MNIST,SNN-DFA,20260831,H1,100,scheduled,results/experiment03_soft_spectral/experiment03_20260831_server/checkpoints/full_dense/seed_20260831/epoch_100.pt,b486ef7efe077a5e11dbfa4148cfa5a8ec90514c3508227a9bf491bde631d58a,f6f90d14013298a0931c68aec9ed4bb5e5a1593ab47aeddcb82f26c1d76b2df0,basis_eval,800,time-collapsed,5,22,46,74,147,6.238043945154585,0.0925,32.41014922488221,0.01245398676100567,0.06451261982676276,226.14410958639056,1.7610448009369934,0.0,0.0,1e-06,0.05752110853791237,0.10575982283333327,0.2122817748212079,0.003778946862800263,0.0,canonical epsilon=1e-12; zero-vector effects retained,"population, time axis then sample/feature mean"
N-MNIST,SNN-DFA,20260831,H1,100,scheduled,results/experiment03_soft_spectral/experiment03_20260831_server/checkpoints/full_dense/seed_20260831/epoch_100.pt,b486ef7efe077a5e11dbfa4148cfa5a8ec90514c3508227a9bf491bde631d58a,f6f90d14013298a0931c68aec9ed4bb5e5a1593ab47aeddcb82f26c1d76b2df0,basis_eval,800,timestep,130,331,457,554,682,49.9820209564572,0.6925,472.99257413409083,0.01245398676100567,0.06451261982676276,226.14410958639056,1.7610448009369934,0.0,0.0,1e-06,0.05752110853791237,0.10575982283333327,0.2122817748212079,0.003778946862800263,0.0,canonical epsilon=1e-12; zero-vector effects retained,"population, time axis then sample/feature mean"
N-MNIST,SNN-DFA,20260831,H2,100,scheduled,results/experiment03_soft_spectral/experiment03_20260831_server/checkpoints/full_dense/seed_20260831/epoch_100.pt,b486ef7efe077a5e11dbfa4148cfa5a8ec90514c3508227a9bf491bde631d58a,f6f90d14013298a0931c68aec9ed4bb5e5a1593ab47aeddcb82f26c1d76b2df0,basis_eval,800,pre-gate,3,6,7,8,10,4.06664634159061,0.01,7.527336999401594,0.018004782387243366,0.07831200738763082,274.51681900620235,2.0919281814342443,0.0,0.0,1e-06,0.08536921441555023,0.12996829505375473,0.3097452987717276,0.005442094008506817,0.0,canonical epsilon=1e-12; zero-vector effects retained,"population, time axis then sample/feature mean"
N-MNIST,SNN-DFA,20260831,H2,100,scheduled,results/experiment03_soft_spectral/experiment03_20260831_server/checkpoints/full_dense/seed_20260831/epoch_100.pt,b486ef7efe077a5e11dbfa4148cfa5a8ec90514c3508227a9bf491bde631d58a,f6f90d14013298a0931c68aec9ed4bb5e5a1593ab47aeddcb82f26c1d76b2df0,basis_eval,800,time-collapsed,4,13,31,54,125,5.841303445865897,0.0675,23.126027399001032,0.018004782387243366,0.07831200738763082,274.51681900620235,2.0919281814342443,0.0,0.0,1e-06,0.08536921441555023,0.12996829505375473,0.3097452987717276,0.005442094008506817,0.0,canonical epsilon=1e-12; zero-vector effects retained,"population, time axis then sample/feature mean"
N-MNIST,SNN-DFA,20260831,H2,100,scheduled,results/experiment03_soft_spectral/experiment03_20260831_server/checkpoints/full_dense/seed_20260831/epoch_100.pt,b486ef7efe077a5e11dbfa4148cfa5a8ec90514c3508227a9bf491bde631d58a,f6f90d14013298a0931c68aec9ed4bb5e5a1593ab47aeddcb82f26c1d76b2df0,basis_eval,800,timestep,107,296,424,526,660,35.1249940063122,0.6575,403.3860136465792,0.018004782387243366,0.07831200738763082,274.51681900620235,2.0919281814342443,0.0,0.0,1e-06,0.08536921441555023,0.12996829505375473,0.3097452987717276,0.005442094008506817,0.0,canonical epsilon=1e-12; zero-vector effects retained,"population, time axis then sample/feature mean"
N-MNIST,SNN-DFA,20260831,H3,100,scheduled,results/experiment03_soft_spectral/experiment03_20260831_server/checkpoints/full_dense/seed_20260831/epoch_100.pt,b486ef7efe077a5e11dbfa4148cfa5a8ec90514c3508227a9bf491bde631d58a,f6f90d14013298a0931c68aec9ed4bb5e5a1593ab47aeddcb82f26c1d76b2df0,basis_eval,800,pre-gate,3,5,7,8,9,3.7621237292742227,0.01,7.375325086349924,0.007846313947869088,0.05024300802452545,176.12306465245896,1.238705116132313,0.0,0.0,1e-06,0.09019283205270767,0.14047261730284932,0.5016102864536154,0.0023065750222065096,0.0,canonical epsilon=1e-12; zero-vector effects retained,"population, time axis then sample/feature mean"
N-MNIST,SNN-DFA,20260831,H3,100,scheduled,results/experiment03_soft_spectral/experiment03_20260831_server/checkpoints/full_dense/seed_20260831/epoch_100.pt,b486ef7efe077a5e11dbfa4148cfa5a8ec90514c3508227a9bf491bde631d58a,f6f90d14013298a0931c68aec9ed4bb5e5a1593ab47aeddcb82f26c1d76b2df0,basis_eval,800,time-collapsed,5,19,38,62,132,4.802951083733639,0.0775,28.02503199458031,0.007846313947869088,0.05024300802452545,176.12306465245896,1.238705116132313,0.0,0.0,1e-06,0.09019283205270767,0.14047261730284932,0.5016102864536154,0.0023065750222065096,0.0,canonical epsilon=1e-12; zero-vector effects retained,"population, time axis then sample/feature mean"
N-MNIST,SNN-DFA,20260831,H3,100,scheduled,results/experiment03_soft_spectral/experiment03_20260831_server/checkpoints/full_dense/seed_20260831/epoch_100.pt,b486ef7efe077a5e11dbfa4148cfa5a8ec90514c3508227a9bf491bde631d58a,f6f90d14013298a0931c68aec9ed4bb5e5a1593ab47aeddcb82f26c1d76b2df0,basis_eval,800,timestep,92,271,402,516,686,33.2442588043034,0.645,383.15027332623026,0.007846313947869088,0.05024300802452545,176.12306465245896,1.238705116132313,0.0,0.0,1e-06,0.09019283205270767,0.14047261730284932,0.5016102864536154,0.0023065750222065096,0.0,canonical epsilon=1e-12; zero-vector effects retained,"population, time axis then sample/feature mean"
N-MNIST,SNN-DFA,20260831,H1,66,validation_selected_best,results/experiment03_soft_spectral/experiment03_20260831_server/checkpoints/full_dense/seed_20260831/best_validation.pt,ca81bbab7fd1be0e953a13bd2ebe8fb553083c19b91465857e082a86f16a3fa4,a787f6f8727c19d35eb00288e8bb91178de803858f862d6c18b5db4aced42722,basis_eval,800,pre-gate,3,6,7,8,10,3.957350835548982,0.01,7.634520187500069,0.01270604945965848,0.06538984867972139,229.21916898389836,1.7868664716566192,0.0,0.0,1e-06,0.05810540169477463,0.10728358348397032,0.20813512315452298,0.0038791940266121854,0.0,canonical epsilon=1e-12; zero-vector effects retained,"population, time axis then sample/feature mean"
N-MNIST,SNN-DFA,20260831,H1,66,validation_selected_best,results/experiment03_soft_spectral/experiment03_20260831_server/checkpoints/full_dense/seed_20260831/best_validation.pt,ca81bbab7fd1be0e953a13bd2ebe8fb553083c19b91465857e082a86f16a3fa4,a787f6f8727c19d35eb00288e8bb91178de803858f862d6c18b5db4aced42722,basis_eval,800,time-collapsed,5,23,47,76,153,6.407626701076656,0.095,33.085034940757,0.01270604945965848,0.06538984867972139,229.21916898389836,1.7868664716566192,0.0,0.0,1e-06,0.05810540169477463,0.10728358348397032,0.20813512315452298,0.0038791940266121854,0.0,canonical epsilon=1e-12; zero-vector effects retained,"population, time axis then sample/feature mean"
N-MNIST,SNN-DFA,20260831,H1,66,validation_selected_best,results/experiment03_soft_spectral/experiment03_20260831_server/checkpoints/full_dense/seed_20260831/best_validation.pt,ca81bbab7fd1be0e953a13bd2ebe8fb553083c19b91465857e082a86f16a3fa4,a787f6f8727c19d35eb00288e8bb91178de803858f862d6c18b5db4aced42722,basis_eval,800,timestep,130,330,456,554,683,52.11793261120561,0.6925,472.082940070375,0.01270604945965848,0.06538984867972139,229.21916898389836,1.7868664716566192,0.0,0.0,1e-06,0.05810540169477463,0.10728358348397032,0.20813512315452298,0.0038791940266121854,0.0,canonical epsilon=1e-12; zero-vector effects retained,"population, time axis then sample/feature mean"
N-MNIST,SNN-DFA,20260831,H2,66,validation_selected_best,results/experiment03_soft_spectral/experiment03_20260831_server/checkpoints/full_dense/seed_20260831/best_validation.pt,ca81bbab7fd1be0e953a13bd2ebe8fb553083c19b91465857e082a86f16a3fa4,a787f6f8727c19d35eb00288e8bb91178de803858f862d6c18b5db4aced42722,basis_eval,800,pre-gate,3,6,7,8,10,3.9231118956913043,0.01,7.54676620209102,0.01801686793888355,0.0784464497121826,274.98809640678223,2.0957373456859396,0.0,0.0,1e-06,0.08544795215129852,0.1301169496462551,0.30992187843462937,0.005462061802403922,0.0,canonical epsilon=1e-12; zero-vector effects retained,"population, time axis then sample/feature mean"
N-MNIST,SNN-DFA,20260831,H2,66,validation_selected_best,results/experiment03_soft_spectral/experiment03_20260831_server/checkpoints/full_dense/seed_20260831/best_validation.pt,ca81bbab7fd1be0e953a13bd2ebe8fb553083c19b91465857e082a86f16a3fa4,a787f6f8727c19d35eb00288e8bb91178de803858f862d6c18b5db4aced42722,basis_eval,800,time-collapsed,4,13,30,56,129,5.641180008154035,0.07,22.897176451161172,0.01801686793888355,0.0784464497121826,274.98809640678223,2.0957373456859396,0.0,0.0,1e-06,0.08544795215129852,0.1301169496462551,0.30992187843462937,0.005462061802403922,0.0,canonical epsilon=1e-12; zero-vector effects retained,"population, time axis then sample/feature mean"
N-MNIST,SNN-DFA,20260831,H2,66,validation_selected_best,results/experiment03_soft_spectral/experiment03_20260831_server/checkpoints/full_dense/seed_20260831/best_validation.pt,ca81bbab7fd1be0e953a13bd2ebe8fb553083c19b91465857e082a86f16a3fa4,a787f6f8727c19d35eb00288e8bb91178de803858f862d6c18b5db4aced42722,basis_eval,800,timestep,105,295,423,524,659,34.28125595378995,0.655,401.4628394695169,0.01801686793888355,0.0784464497121826,274.98809640678223,2.0957373456859396,0.0,0.0,1e-06,0.08544795215129852,0.1301169496462551,0.30992187843462937,0.005462061802403922,0.0,canonical epsilon=1e-12; zero-vector effects retained,"population, time axis then sample/feature mean"
N-MNIST,SNN-DFA,20260831,H3,66,validation_selected_best,results/experiment03_soft_spectral/experiment03_20260831_server/checkpoints/full_dense/seed_20260831/best_validation.pt,ca81bbab7fd1be0e953a13bd2ebe8fb553083c19b91465857e082a86f16a3fa4,a787f6f8727c19d35eb00288e8bb91178de803858f862d6c18b5db4aced42722,basis_eval,800,pre-gate,3,5,7,8,10,3.6746711277967843,0.01,7.407897724292578,0.007198447897251235,0.048047001386734144,168.4251294719821,1.1633371615424302,0.0,0.0,1e-06,0.08893735706806183,0.14133182867082913,0.5382878944827373,0.002119177897523099,0.0,canonical epsilon=1e-12; zero-vector effects retained,"population, time axis then sample/feature mean"
N-MNIST,SNN-DFA,20260831,H3,66,validation_selected_best,results/experiment03_soft_spectral/experiment03_20260831_server/checkpoints/full_dense/seed_20260831/best_validation.pt,ca81bbab7fd1be0e953a13bd2ebe8fb553083c19b91465857e082a86f16a3fa4,a787f6f8727c19d35eb00288e8bb91178de803858f862d6c18b5db4aced42722,basis_eval,800,time-collapsed,5,18,36,61,133,5.116120383471874,0.07625,28.24895428577843,0.007198447897251235,0.048047001386734144,168.4251294719821,1.1633371615424302,0.0,0.0,1e-06,0.08893735706806183,0.14133182867082913,0.5382878944827373,0.002119177897523099,0.0,canonical epsilon=1e-12; zero-vector effects retained,"population, time axis then sample/feature mean"
N-MNIST,SNN-DFA,20260831,H3,66,validation_selected_best,results/experiment03_soft_spectral/experiment03_20260831_server/checkpoints/full_dense/seed_20260831/best_validation.pt,ca81bbab7fd1be0e953a13bd2ebe8fb553083c19b91465857e082a86f16a3fa4,a787f6f8727c19d35eb00288e8bb91178de803858f862d6c18b5db4aced42722,basis_eval,800,timestep,90,262,392,506,682,36.75162095443758,0.6325,379.762154608023,0.007198447897251235,0.048047001386734144,168.4251294719821,1.1633371615424302,0.0,0.0,1e-06,0.08893735706806183,0.14133182867082913,0.5382878944827373,0.002119177897523099,0.0,canonical epsilon=1e-12; zero-vector effects retained,"population, time axis then sample/feature mean"
N-MNIST,SNN-DFA,20260901,H1,0,scheduled,results/experiment03_soft_spectral/experiment03_20260831_server/checkpoints/full_dense/seed_20260901/init.pt,53c8a303f53901833c659466ae743231045803a78891695c2b673e7ec513d5dd,dc414814070183d16ee90423106bad027e583deee7bef2ec8359d283d2985942,basis_eval,800,pre-gate,4,7,8,9,9,6.846293799473487,0.01125,8.803937010574465,0.010478728663563374,0.017784734392341347,62.343041317917695,0.4491964219378711,0.0,0.0,1e-06,0.6310062408447266,0.8215084129446562,0.22610603485059627,0.00017998733831232636,0.0,canonical epsilon=1e-12; zero-vector effects retained,"population, time axis then sample/feature mean"
N-MNIST,SNN-DFA,20260901,H1,0,scheduled,results/experiment03_soft_spectral/experiment03_20260831_server/checkpoints/full_dense/seed_20260901/init.pt,53c8a303f53901833c659466ae743231045803a78891695c2b673e7ec513d5dd,dc414814070183d16ee90423106bad027e583deee7bef2ec8359d283d2985942,basis_eval,800,time-collapsed,4,8,9,24,118,6.33357786835721,0.03,14.09061378964834,0.010478728663563374,0.017784734392341347,62.343041317917695,0.4491964219378711,0.0,0.0,1e-06,0.6310062408447266,0.8215084129446562,0.22610603485059627,0.00017998733831232636,0.0,canonical epsilon=1e-12; zero-vector effects retained,"population, time axis then sample/feature mean"
N-MNIST,SNN-DFA,20260901,H1,0,scheduled,results/experiment03_soft_spectral/experiment03_20260831_server/checkpoints/full_dense/seed_20260901/init.pt,53c8a303f53901833c659466ae743231045803a78891695c2b673e7ec513d5dd,dc414814070183d16ee90423106bad027e583deee7bef2ec8359d283d2985942,basis_eval,800,timestep,17,101,196,299,528,14.476657400812055,0.37375,122.75846903412211,0.010478728663563374,0.017784734392341347,62.343041317917695,0.4491964219378711,0.0,0.0,1e-06,0.6310062408447266,0.8215084129446562,0.22610603485059627,0.00017998733831232636,0.0,canonical epsilon=1e-12; zero-vector effects retained,"population, time axis then sample/feature mean"
N-MNIST,SNN-DFA,20260901,H2,0,scheduled,results/experiment03_soft_spectral/experiment03_20260831_server/checkpoints/full_dense/seed_20260901/init.pt,53c8a303f53901833c659466ae743231045803a78891695c2b673e7ec513d5dd,dc414814070183d16ee90423106bad027e583deee7bef2ec8359d283d2985942,basis_eval,800,pre-gate,4,7,8,9,9,6.877873911976087,0.01125,8.823481568648987,0.00826906142774673,0.008291088248036708,29.06378278218993,0.23450718780634588,0.0,0.0,1e-06,0.9997254610061646,0.9998723846107217,0.0010383833786727576,1.8377748579947776e-08,0.0,canonical epsilon=1e-12; zero-vector effects retained,"population, time axis then sample/feature mean"
N-MNIST,SNN-DFA,20260901,H2,0,scheduled,results/experiment03_soft_spectral/experiment03_20260831_server/checkpoints/full_dense/seed_20260901/init.pt,53c8a303f53901833c659466ae743231045803a78891695c2b673e7ec513d5dd,dc414814070183d16ee90423106bad027e583deee7bef2ec8359d283d2985942,basis_eval,800,time-collapsed,4,7,8,9,9,6.864972994143811,0.01125,8.821528673961529,0.00826906142774673,0.008291088248036708,29.06378278218993,0.23450718780634588,0.0,0.0,1e-06,0.9997254610061646,0.9998723846107217,0.0010383833786727576,1.8377748579947776e-08,0.0,canonical epsilon=1e-12; zero-vector effects retained,"population, time axis then sample/feature mean"
N-MNIST,SNN-DFA,20260901,H2,0,scheduled,results/experiment03_soft_spectral/experiment03_20260831_server/checkpoints/full_dense/seed_20260901/init.pt,53c8a303f53901833c659466ae743231045803a78891695c2b673e7ec513d5dd,dc414814070183d16ee90423106bad027e583deee7bef2ec8359d283d2985942,basis_eval,800,timestep,4,7,8,9,9,6.86701561206974,0.01125,8.853531629710856,0.00826906142774673,0.008291088248036708,29.06378278218993,0.23450718780634588,0.0,0.0,1e-06,0.9997254610061646,0.9998723846107217,0.0010383833786727576,1.8377748579947776e-08,0.0,canonical epsilon=1e-12; zero-vector effects retained,"population, time axis then sample/feature mean"
N-MNIST,SNN-DFA,20260901,H3,0,scheduled,results/experiment03_soft_spectral/experiment03_20260831_server/checkpoints/full_dense/seed_20260901/init.pt,53c8a303f53901833c659466ae743231045803a78891695c2b673e7ec513d5dd,dc414814070183d16ee90423106bad027e583deee7bef2ec8359d283d2985942,basis_eval,800,pre-gate,4,7,8,9,9,6.733466359092454,0.01125,8.829965764619145,0.008324564111166789,0.008346574320514489,29.258285012724713,0.2360765301935569,0.0,0.0,1e-06,0.9999419450759888,0.9999919721532271,0.0014314763286530222,4.0151848832308934e-09,0.0,canonical epsilon=1e-12; zero-vector effects retained,"population, time axis then sample/feature mean"
N-MNIST,SNN-DFA,20260901,H3,0,scheduled,results/experiment03_soft_spectral/experiment03_20260831_server/checkpoints/full_dense/seed_20260901/init.pt,53c8a303f53901833c659466ae743231045803a78891695c2b673e7ec513d5dd,dc414814070183d16ee90423106bad027e583deee7bef2ec8359d283d2985942,basis_eval,800,time-collapsed,4,7,8,9,9,6.738455407824287,0.01125,8.83117769393742,0.008324564111166789,0.008346574320514489,29.258285012724713,0.2360765301935569,0.0,0.0,1e-06,0.9999419450759888,0.9999919721532271,0.0014314763286530222,4.0151848832308934e-09,0.0,canonical epsilon=1e-12; zero-vector effects retained,"population, time axis then sample/feature mean"
N-MNIST,SNN-DFA,20260901,H3,0,scheduled,results/experiment03_soft_spectral/experiment03_20260831_server/checkpoints/full_dense/seed_20260901/init.pt,53c8a303f53901833c659466ae743231045803a78891695c2b673e7ec513d5dd,dc414814070183d16ee90423106bad027e583deee7bef2ec8359d283d2985942,basis_eval,800,timestep,4,7,8,9,9,6.7388686340798545,0.01125,8.837006335952944,0.008324564111166789,0.008346574320514489,29.258285012724713,0.2360765301935569,0.0,0.0,1e-06,0.9999419450759888,0.9999919721532271,0.0014314763286530222,4.0151848832308934e-09,0.0,canonical epsilon=1e-12; zero-vector effects retained,"population, time axis then sample/feature mean"
N-MNIST,SNN-DFA,20260901,H1,10,scheduled,results/experiment03_soft_spectral/experiment03_20260831_server/checkpoints/full_dense/seed_20260901/epoch_010.pt,d48deef83ba2f763e9a930da2b2101fbce6b1f5338ee58ccaf02b9a34cf69086,c46c52f1b3669d62df854417bfaee1ac4727a3480b89c303995b2ca4ab7e0297,basis_eval,800,pre-gate,3,6,7,8,9,4.913608648039296,0.01,7.648692167533246,0.028683023883923107,0.1003079306998646,351.6218645823035,2.7714418004256753,0.0,0.0,1e-06,0.11726639419794083,0.20244119729502483,0.14974212854457486,0.008501923593571872,0.0,canonical epsilon=1e-12; zero-vector effects retained,"population, time axis then sample/feature mean"
N-MNIST,SNN-DFA,20260901,H1,10,scheduled,results/experiment03_soft_spectral/experiment03_20260831_server/checkpoints/full_dense/seed_20260901/epoch_010.pt,d48deef83ba2f763e9a930da2b2101fbce6b1f5338ee58ccaf02b9a34cf69086,c46c52f1b3669d62df854417bfaee1ac4727a3480b89c303995b2ca4ab7e0297,basis_eval,800,time-collapsed,4,12,32,58,133,6.250755807498183,0.0725,22.706682538457514,0.028683023883923107,0.1003079306998646,351.6218645823035,2.7714418004256753,0.0,0.0,1e-06,0.11726639419794083,0.20244119729502483,0.14974212854457486,0.008501923593571872,0.0,canonical epsilon=1e-12; zero-vector effects retained,"population, time axis then sample/feature mean"
N-MNIST,SNN-DFA,20260901,H1,10,scheduled,results/experiment03_soft_spectral/experiment03_20260831_server/checkpoints/full_dense/seed_20260901/epoch_010.pt,d48deef83ba2f763e9a930da2b2101fbce6b1f5338ee58ccaf02b9a34cf69086,c46c52f1b3669d62df854417bfaee1ac4727a3480b89c303995b2ca4ab7e0297,basis_eval,800,timestep,110,313,445,547,684,33.17994011478203,0.68375,408.256960753903,0.028683023883923107,0.1003079306998646,351.6218645823035,2.7714418004256753,0.0,0.0,1e-06,0.11726639419794083,0.20244119729502483,0.14974212854457486,0.008501923593571872,0.0,canonical epsilon=1e-12; zero-vector effects retained,"population, time axis then sample/feature mean"
N-MNIST,SNN-DFA,20260901,H2,10,scheduled,results/experiment03_soft_spectral/experiment03_20260831_server/checkpoints/full_dense/seed_20260901/epoch_010.pt,d48deef83ba2f763e9a930da2b2101fbce6b1f5338ee58ccaf02b9a34cf69086,c46c52f1b3669d62df854417bfaee1ac4727a3480b89c303995b2ca4ab7e0297,basis_eval,800,pre-gate,3,6,7,8,9,4.587599673824326,0.01,7.59474261140623,0.03572957679284279,0.11197843138739932,392.53192207953623,3.0805765219455896,0.0,0.0,1e-06,0.14535647630691528,0.2043909592698998,0.20619437426057963,0.010385053353299329,0.0,canonical epsilon=1e-12; zero-vector effects retained,"population, time axis then sample/feature mean"
N-MNIST,SNN-DFA,20260901,H2,10,scheduled,results/experiment03_soft_spectral/experiment03_20260831_server/checkpoints/full_dense/seed_20260901/epoch_010.pt,d48deef83ba2f763e9a930da2b2101fbce6b1f5338ee58ccaf02b9a34cf69086,c46c52f1b3669d62df854417bfaee1ac4727a3480b89c303995b2ca4ab7e0297,basis_eval,800,time-collapsed,3,8,20,44,116,5.262908495664298,0.055,16.901638287318693,0.03572957679284279,0.11197843138739932,392.53192207953623,3.0805765219455896,0.0,0.0,1e-06,0.14535647630691528,0.2043909592698998,0.20619437426057963,0.010385053353299329,0.0,canonical epsilon=1e-12; zero-vector effects retained,"population, time axis then sample/feature mean"
N-MNIST,SNN-DFA,20260901,H2,10,scheduled,results/experiment03_soft_spectral/experiment03_20260831_server/checkpoints/full_dense/seed_20260901/epoch_010.pt,d48deef83ba2f763e9a930da2b2101fbce6b1f5338ee58ccaf02b9a34cf69086,c46c52f1b3669d62df854417bfaee1ac4727a3480b89c303995b2ca4ab7e0297,basis_eval,800,timestep,102,305,439,543,678,23.751499873628113,0.67875,367.04164730287664,0.03572957679284279,0.11197843138739932,392.53192207953623,3.0805765219455896,0.0,0.0,1e-06,0.14535647630691528,0.2043909592698998,0.20619437426057963,0.010385053353299329,0.0,canonical epsilon=1e-12; zero-vector effects retained,"population, time axis then sample/feature mean"
N-MNIST,SNN-DFA,20260901,H3,10,scheduled,results/experiment03_soft_spectral/experiment03_20260831_server/checkpoints/full_dense/seed_20260901/epoch_010.pt,d48deef83ba2f763e9a930da2b2101fbce6b1f5338ee58ccaf02b9a34cf69086,c46c52f1b3669d62df854417bfaee1ac4727a3480b89c303995b2ca4ab7e0297,basis_eval,800,pre-gate,3,6,7,8,9,4.907257110014339,0.01,7.6987969604339845,0.01334602912830736,0.0664833476907881,233.0523470637163,1.727614655540347,0.0,0.0,1e-06,0.09356024116277695,0.1473973672827709,0.38319265039177997,0.0039664138384085,0.0,canonical epsilon=1e-12; zero-vector effects retained,"population, time axis then sample/feature mean"
N-MNIST,SNN-DFA,20260901,H3,10,scheduled,results/experiment03_soft_spectral/experiment03_20260831_server/checkpoints/full_dense/seed_20260901/epoch_010.pt,d48deef83ba2f763e9a930da2b2101fbce6b1f5338ee58ccaf02b9a34cf69086,c46c52f1b3669d62df854417bfaee1ac4727a3480b89c303995b2ca4ab7e0297,basis_eval,800,time-collapsed,4,16,37,64,138,6.14028782569105,0.08,25.828189818894256,0.01334602912830736,0.0664833476907881,233.0523470637163,1.727614655540347,0.0,0.0,1e-06,0.09356024116277695,0.1473973672827709,0.38319265039177997,0.0039664138384085,0.0,canonical epsilon=1e-12; zero-vector effects retained,"population, time axis then sample/feature mean"
N-MNIST,SNN-DFA,20260901,H3,10,scheduled,results/experiment03_soft_spectral/experiment03_20260831_server/checkpoints/full_dense/seed_20260901/epoch_010.pt,d48deef83ba2f763e9a930da2b2101fbce6b1f5338ee58ccaf02b9a34cf69086,c46c52f1b3669d62df854417bfaee1ac4727a3480b89c303995b2ca4ab7e0297,basis_eval,800,timestep,115,315,448,554,697,40.35346502098066,0.6925,438.2270255897753,0.01334602912830736,0.0664833476907881,233.0523470637163,1.727614655540347,0.0,0.0,1e-06,0.09356024116277695,0.1473973672827709,0.38319265039177997,0.0039664138384085,0.0,canonical epsilon=1e-12; zero-vector effects retained,"population, time axis then sample/feature mean"
N-MNIST,SNN-DFA,20260901,H1,25,scheduled,results/experiment03_soft_spectral/experiment03_20260831_server/checkpoints/full_dense/seed_20260901/epoch_025.pt,133af4fe962d050a5b8359c1b6663044164eaca6969016699e0ac6edfad797f4,ae9a2cf0438b5b82ad513114d293cc245cc1e39ebbcdab336ee6c90a7d1e6690,basis_eval,800,pre-gate,3,5,7,8,9,4.4120600194244926,0.01,7.460179791987352,0.01860452106584472,0.07996988374664184,280.3283791942608,2.2005664459691476,0.0,0.0,1e-06,0.08136296272277832,0.14597218106840168,0.17409784097123465,0.005643727205171132,0.0,canonical epsilon=1e-12; zero-vector effects retained,"population, time axis then sample/feature mean"
N-MNIST,SNN-DFA,20260901,H1,25,scheduled,results/experiment03_soft_spectral/experiment03_20260831_server/checkpoints/full_dense/seed_20260901/epoch_025.pt,133af4fe962d050a5b8359c1b6663044164eaca6969016699e0ac6edfad797f4,ae9a2cf0438b5b82ad513114d293cc245cc1e39ebbcdab336ee6c90a7d1e6690,basis_eval,800,time-collapsed,4,17,36,59,129,6.6405980549906145,0.07375,26.255768040655838,0.01860452106584472,0.07996988374664184,280.3283791942608,2.2005664459691476,0.0,0.0,1e-06,0.08136296272277832,0.14597218106840168,0.17409784097123465,0.005643727205171132,0.0,canonical epsilon=1e-12; zero-vector effects retained,"population, time axis then sample/feature mean"
N-MNIST,SNN-DFA,20260901,H1,25,scheduled,results/experiment03_soft_spectral/experiment03_20260831_server/checkpoints/full_dense/seed_20260901/epoch_025.pt,133af4fe962d050a5b8359c1b6663044164eaca6969016699e0ac6edfad797f4,ae9a2cf0438b5b82ad513114d293cc245cc1e39ebbcdab336ee6c90a7d1e6690,basis_eval,800,timestep,116,309,437,538,678,45.915726917679905,0.6725,436.5563673875567,0.01860452106584472,0.07996988374664184,280.3283791942608,2.2005664459691476,0.0,0.0,1e-06,0.08136296272277832,0.14597218106840168,0.17409784097123465,0.005643727205171132,0.0,canonical epsilon=1e-12; zero-vector effects retained,"population, time axis then sample/feature mean"
N-MNIST,SNN-DFA,20260901,H2,25,scheduled,results/experiment03_soft_spectral/experiment03_20260831_server/checkpoints/full_dense/seed_20260901/epoch_025.pt,133af4fe962d050a5b8359c1b6663044164eaca6969016699e0ac6edfad797f4,ae9a2cf0438b5b82ad513114d293cc245cc1e39ebbcdab336ee6c90a7d1e6690,basis_eval,800,pre-gate,3,5,7,8,9,4.262435901559901,0.01,7.400945876089023,0.025957608307199707,0.09481340824631103,332.3612316828994,2.574538610091155,0.0,0.0,1e-06,0.11606947332620621,0.16865932004685646,0.25440158814331904,0.007703154294254053,0.0,canonical epsilon=1e-12; zero-vector effects retained,"population, time axis then sample/feature mean"
N-MNIST,SNN-DFA,20260901,H2,25,scheduled,results/experiment03_soft_spectral/experiment03_20260831_server/checkpoints/full_dense/seed_20260901/epoch_025.pt,133af4fe962d050a5b8359c1b6663044164eaca6969016699e0ac6edfad797f4,ae9a2cf0438b5b82ad513114d293cc245cc1e39ebbcdab336ee6c90a7d1e6690,basis_eval,800,time-collapsed,3,9,22,43,109,5.135185998426801,0.05375,17.660145783462113,0.025957608307199707,0.09481340824631103,332.3612316828994,2.574538610091155,0.0,0.0,1e-06,0.11606947332620621,0.16865932004685646,0.25440158814331904,0.007703154294254053,0.0,canonical epsilon=1e-12; zero-vector effects retained,"population, time axis then sample/feature mean"
N-MNIST,SNN-DFA,20260901,H2,25,scheduled,results/experiment03_soft_spectral/experiment03_20260831_server/checkpoints/full_dense/seed_20260901/epoch_025.pt,133af4fe962d050a5b8359c1b6663044164eaca6969016699e0ac6edfad797f4,ae9a2cf0438b5b82ad513114d293cc245cc1e39ebbcdab336ee6c90a7d1e6690,basis_eval,800,timestep,101,292,423,529,672,26.532512117080653,0.66125,375.9028094666317,0.025957608307199707,0.09481340824631103,332.3612316828994,2.574538610091155,0.0,0.0,1e-06,0.11606947332620621,0.16865932004685646,0.25440158814331904,0.007703154294254053,0.0,canonical epsilon=1e-12; zero-vector effects retained,"population, time axis then sample/feature mean"
N-MNIST,SNN-DFA,20260901,H3,25,scheduled,results/experiment03_soft_spectral/experiment03_20260831_server/checkpoints/full_dense/seed_20260901/epoch_025.pt,133af4fe962d050a5b8359c1b6663044164eaca6969016699e0ac6edfad797f4,ae9a2cf0438b5b82ad513114d293cc245cc1e39ebbcdab336ee6c90a7d1e6690,basis_eval,800,pre-gate,3,5,7,8,9,4.483728611783903,0.01,7.526573414120598,0.009956334796375052,0.05688048734057098,199.39024638923763,1.4130152279508608,0.0,0.0,1e-06,0.10055836290121078,0.1558914294915768,0.4794565242081852,0.0029190925495307446,0.0,canonical epsilon=1e-12; zero-vector effects retained,"population, time axis then sample/feature mean"
N-MNIST,SNN-DFA,20260901,H3,25,scheduled,results/experiment03_soft_spectral/experiment03_20260831_server/checkpoints/full_dense/seed_20260901/epoch_025.pt,133af4fe962d050a5b8359c1b6663044164eaca6969016699e0ac6edfad797f4,ae9a2cf0438b5b82ad513114d293cc245cc1e39ebbcdab336ee6c90a7d1e6690,basis_eval,800,time-collapsed,4,16,32,54,121,5.720007454483609,0.0675,24.256868882359605,0.009956334796375052,0.05688048734057098,199.39024638923763,1.4130152279508608,0.0,0.0,1e-06,0.10055836290121078,0.1558914294915768,0.4794565242081852,0.0029190925495307446,0.0,canonical epsilon=1e-12; zero-vector effects retained,"population, time axis then sample/feature mean"
N-MNIST,SNN-DFA,20260901,H3,25,scheduled,results/experiment03_soft_spectral/experiment03_20260831_server/checkpoints/full_dense/seed_20260901/epoch_025.pt,133af4fe962d050a5b8359c1b6663044164eaca6969016699e0ac6edfad797f4,ae9a2cf0438b5b82ad513114d293cc245cc1e39ebbcdab336ee6c90a7d1e6690,basis_eval,800,timestep,100,282,413,523,684,36.89239138523352,0.65375,396.8906420777232,0.009956334796375052,0.05688048734057098,199.39024638923763,1.4130152279508608,0.0,0.0,1e-06,0.10055836290121078,0.1558914294915768,0.4794565242081852,0.0029190925495307446,0.0,canonical epsilon=1e-12; zero-vector effects retained,"population, time axis then sample/feature mean"
N-MNIST,SNN-DFA,20260901,H1,50,scheduled,results/experiment03_soft_spectral/experiment03_20260831_server/checkpoints/full_dense/seed_20260901/epoch_050.pt,d850cadfc18bdf54870d6fff48f79f2c3de995f72371006575049a715eb85f2a,5f04f5834eb42d9c07b9a203c9db71008e55baa59be6de36abb07fd066c54dce,basis_eval,800,pre-gate,3,5,6,8,9,3.2810092586016966,0.01,7.101520664990693,0.014151186371995167,0.06932700755357628,243.02058164112708,1.8999297534936288,0.0,0.0,1e-06,0.06280390918254852,0.11322871472435443,0.19583485621651178,0.004336573271956483,0.0,canonical epsilon=1e-12; zero-vector effects retained,"population, time axis then sample/feature mean"
N-MNIST,SNN-DFA,20260901,H1,50,scheduled,results/experiment03_soft_spectral/experiment03_20260831_server/checkpoints/full_dense/seed_20260901/epoch_050.pt,d850cadfc18bdf54870d6fff48f79f2c3de995f72371006575049a715eb85f2a,5f04f5834eb42d9c07b9a203c9db71008e55baa59be6de36abb07fd066c54dce,basis_eval,800,time-collapsed,5,19,38,65,136,5.656412220478409,0.08125,28.627354181651402,0.014151186371995167,0.06932700755357628,243.02058164112708,1.8999297534936288,0.0,0.0,1e-06,0.06280390918254852,0.11322871472435443,0.19583485621651178,0.004336573271956483,0.0,canonical epsilon=1e-12; zero-vector effects retained,"population, time axis then sample/feature mean"
N-MNIST,SNN-DFA,20260901,H1,50,scheduled,results/experiment03_soft_spectral/experiment03_20260831_server/checkpoints/full_dense/seed_20260901/epoch_050.pt,d850cadfc18bdf54870d6fff48f79f2c3de995f72371006575049a715eb85f2a,5f04f5834eb42d9c07b9a203c9db71008e55baa59be6de36abb07fd066c54dce,basis_eval,800,timestep,115,306,434,536,678,45.82908216836934,0.67,441.57685835748333,0.014151186371995167,0.06932700755357628,243.02058164112708,1.8999297534936288,0.0,0.0,1e-06,0.06280390918254852,0.11322871472435443,0.19583485621651178,0.004336573271956483,0.0,canonical epsilon=1e-12; zero-vector effects retained,"population, time axis then sample/feature mean"
N-MNIST,SNN-DFA,20260901,H2,50,scheduled,results/experiment03_soft_spectral/experiment03_20260831_server/checkpoints/full_dense/seed_20260901/epoch_050.pt,d850cadfc18bdf54870d6fff48f79f2c3de995f72371006575049a715eb85f2a,5f04f5834eb42d9c07b9a203c9db71008e55baa59be6de36abb07fd066c54dce,basis_eval,800,pre-gate,3,5,6,8,10,3.286550944815514,0.01,7.0530552237896496,0.019851992353425607,0.08230900906321888,288.5280060788842,2.2185139197485055,0.0,0.0,1e-06,0.0912865623831749,0.1362378196416967,0.28077351371937015,0.005969652836810903,0.0,canonical epsilon=1e-12; zero-vector effects retained,"population, time axis then sample/feature mean"
N-MNIST,SNN-DFA,20260901,H2,50,scheduled,results/experiment03_soft_spectral/experiment03_20260831_server/checkpoints/full_dense/seed_20260901/epoch_050.pt,d850cadfc18bdf54870d6fff48f79f2c3de995f72371006575049a715eb85f2a,5f04f5834eb42d9c07b9a203c9db71008e55baa59be6de36abb07fd066c54dce,basis_eval,800,time-collapsed,4,11,26,50,119,4.548658784757149,0.0625,20.118917903795346,0.019851992353425607,0.08230900906321888,288.5280060788842,2.2185139197485055,0.0,0.0,1e-06,0.0912865623831749,0.1362378196416967,0.28077351371937015,0.005969652836810903,0.0,canonical epsilon=1e-12; zero-vector effects retained,"population, time axis then sample/feature mean"
N-MNIST,SNN-DFA,20260901,H2,50,scheduled,results/experiment03_soft_spectral/experiment03_20260831_server/checkpoints/full_dense/seed_20260901/epoch_050.pt,d850cadfc18bdf54870d6fff48f79f2c3de995f72371006575049a715eb85f2a,5f04f5834eb42d9c07b9a203c9db71008e55baa59be6de36abb07fd066c54dce,basis_eval,800,timestep,101,289,420,527,673,28.08667104166403,0.65875,392.0061687162066,0.019851992353425607,0.08230900906321888,288.5280060788842,2.2185139197485055,0.0,0.0,1e-06,0.0912865623831749,0.1362378196416967,0.28077351371937015,0.005969652836810903,0.0,canonical epsilon=1e-12; zero-vector effects retained,"population, time axis then sample/feature mean"
N-MNIST,SNN-DFA,20260901,H3,50,scheduled,results/experiment03_soft_spectral/experiment03_20260831_server/checkpoints/full_dense/seed_20260901/epoch_050.pt,d850cadfc18bdf54870d6fff48f79f2c3de995f72371006575049a715eb85f2a,5f04f5834eb42d9c07b9a203c9db71008e55baa59be6de36abb07fd066c54dce,basis_eval,800,pre-gate,3,5,7,8,10,3.426433354631565,0.01,7.2210840401074465,0.007846704722160591,0.05042203531874575,176.75063129215934,1.2317977494062016,0.0,0.0,1e-06,0.09061131626367569,0.14346465009375814,0.5156224972616061,0.002322350000262811,0.0,canonical epsilon=1e-12; zero-vector effects retained,"population, time axis then sample/feature mean"
N-MNIST,SNN-DFA,20260901,H3,50,scheduled,results/experiment03_soft_spectral/experiment03_20260831_server/checkpoints/full_dense/seed_20260901/epoch_050.pt,d850cadfc18bdf54870d6fff48f79f2c3de995f72371006575049a715eb85f2a,5f04f5834eb42d9c07b9a203c9db71008e55baa59be6de36abb07fd066c54dce,basis_eval,800,time-collapsed,4,15,32,56,122,4.417709537280196,0.07,24.144130914102853,0.007846704722160591,0.05042203531874575,176.75063129215934,1.2317977494062016,0.0,0.0,1e-06,0.09061131626367569,0.14346465009375814,0.5156224972616061,0.002322350000262811,0.0,canonical epsilon=1e-12; zero-vector effects retained,"population, time axis then sample/feature mean"
N-MNIST,SNN-DFA,20260901,H3,50,scheduled,results/experiment03_soft_spectral/experiment03_20260831_server/checkpoints/full_dense/seed_20260901/epoch_050.pt,d850cadfc18bdf54870d6fff48f79f2c3de995f72371006575049a715eb85f2a,5f04f5834eb42d9c07b9a203c9db71008e55baa59be6de36abb07fd066c54dce,basis_eval,800,timestep,91,264,393,506,678,33.44866635671267,0.6325,378.1315602974137,0.007846704722160591,0.05042203531874575,176.75063129215934,1.2317977494062016,0.0,0.0,1e-06,0.09061131626367569,0.14346465009375814,0.5156224972616061,0.002322350000262811,0.0,canonical epsilon=1e-12; zero-vector effects retained,"population, time axis then sample/feature mean"
N-MNIST,SNN-DFA,20260901,H1,75,scheduled,results/experiment03_soft_spectral/experiment03_20260831_server/checkpoints/full_dense/seed_20260901/epoch_075.pt,bfe8c23bf62f11eccb8c9a04f607622a87c2c2486d34da828c3056440723e8a0,0a9abe105f3dfd9d1fc2d1dbcdc71c329097791251513213f5bd9bc684c093e8,basis_eval,800,pre-gate,3,5,7,8,10,4.255243206697466,0.01,7.624573440945646,0.01315680020172977,0.06656436697323859,233.3363540306956,1.821364433971786,0.0,0.0,1e-06,0.05874992534518242,0.10699689836321212,0.20441973444018657,0.004017816527631768,0.0,canonical epsilon=1e-12; zero-vector effects retained,"population, time axis then sample/feature mean"
N-MNIST,SNN-DFA,20260901,H1,75,scheduled,results/experiment03_soft_spectral/experiment03_20260831_server/checkpoints/full_dense/seed_20260901/epoch_075.pt,bfe8c23bf62f11eccb8c9a04f607622a87c2c2486d34da828c3056440723e8a0,0a9abe105f3dfd9d1fc2d1dbcdc71c329097791251513213f5bd9bc684c093e8,basis_eval,800,time-collapsed,5,20,45,77,153,5.733227364335297,0.09625,30.056108418184255,0.01315680020172977,0.06656436697323859,233.3363540306956,1.821364433971786,0.0,0.0,1e-06,0.05874992534518242,0.10699689836321212,0.20441973444018657,0.004017816527631768,0.0,canonical epsilon=1e-12; zero-vector effects retained,"population, time axis then sample/feature mean"
N-MNIST,SNN-DFA,20260901,H1,75,scheduled,results/experiment03_soft_spectral/experiment03_20260831_server/checkpoints/full_dense/seed_20260901/epoch_075.pt,bfe8c23bf62f11eccb8c9a04f607622a87c2c2486d34da828c3056440723e8a0,0a9abe105f3dfd9d1fc2d1dbcdc71c329097791251513213f5bd9bc684c093e8,basis_eval,800,timestep,123,325,456,556,688,44.99841895971148,0.695,458.820042825295,0.01315680020172977,0.06656436697323859,233.3363540306956,1.821364433971786,0.0,0.0,1e-06,0.05874992534518242,0.10699689836321212,0.20441973444018657,0.004017816527631768,0.0,canonical epsilon=1e-12; zero-vector effects retained,"population, time axis then sample/feature mean"
N-MNIST,SNN-DFA,20260901,H2,75,scheduled,results/experiment03_soft_spectral/experiment03_20260831_server/checkpoints/full_dense/seed_20260901/epoch_075.pt,bfe8c23bf62f11eccb8c9a04f607622a87c2c2486d34da828c3056440723e8a0,0a9abe105f3dfd9d1fc2d1dbcdc71c329097791251513213f5bd9bc684c093e8,basis_eval,800,pre-gate,3,5,7,8,10,4.349392088909764,0.01,7.546996437205119,0.018559127496672493,0.0794558708867243,278.5265459896262,2.1308256182346628,0.0,0.0,1e-06,0.08431088924407959,0.12842431185850708,0.2978794551190389,0.005608221326948091,0.0,canonical epsilon=1e-12; zero-vector effects retained,"population, time axis then sample/feature mean"
N-MNIST,SNN-DFA,20260901,H2,75,scheduled,results/experiment03_soft_spectral/experiment03_20260831_server/checkpoints/full_dense/seed_20260901/epoch_075.pt,bfe8c23bf62f11eccb8c9a04f607622a87c2c2486d34da828c3056440723e8a0,0a9abe105f3dfd9d1fc2d1dbcdc71c329097791251513213f5bd9bc684c093e8,basis_eval,800,time-collapsed,4,12,29,55,131,5.545975068565068,0.06875,21.684595796145125,0.018559127496672493,0.0794558708867243,278.5265459896262,2.1308256182346628,0.0,0.0,1e-06,0.08431088924407959,0.12842431185850708,0.2978794551190389,0.005608221326948091,0.0,canonical epsilon=1e-12; zero-vector effects retained,"population, time axis then sample/feature mean"
N-MNIST,SNN-DFA,20260901,H2,75,scheduled,results/experiment03_soft_spectral/experiment03_20260831_server/checkpoints/full_dense/seed_20260901/epoch_075.pt,bfe8c23bf62f11eccb8c9a04f607622a87c2c2486d34da828c3056440723e8a0,0a9abe105f3dfd9d1fc2d1dbcdc71c329097791251513213f5bd9bc684c093e8,basis_eval,800,timestep,100,291,424,531,675,34.77678117232675,0.66375,393.517135059102,0.018559127496672493,0.0794558708867243,278.5265459896262,2.1308256182346628,0.0,0.0,1e-06,0.08431088924407959,0.12842431185850708,0.2978794551190389,0.005608221326948091,0.0,canonical epsilon=1e-12; zero-vector effects retained,"population, time axis then sample/feature mean"
N-MNIST,SNN-DFA,20260901,H3,75,scheduled,results/experiment03_soft_spectral/experiment03_20260831_server/checkpoints/full_dense/seed_20260901/epoch_075.pt,bfe8c23bf62f11eccb8c9a04f607622a87c2c2486d34da828c3056440723e8a0,0a9abe105f3dfd9d1fc2d1dbcdc71c329097791251513213f5bd9bc684c093e8,basis_eval,800,pre-gate,3,5,7,8,10,4.677159607027261,0.01,7.76655655304738,0.007638546764735828,0.049586859580440186,173.822985907516,1.2148511597119118,0.0,0.0,1e-06,0.08782561868429184,0.13890246900787243,0.5104591844505896,0.0022517790320577113,0.0,canonical epsilon=1e-12; zero-vector effects retained,"population, time axis then sample/feature mean"
N-MNIST,SNN-DFA,20260901,H3,75,scheduled,results/experiment03_soft_spectral/experiment03_20260831_server/checkpoints/full_dense/seed_20260901/epoch_075.pt,bfe8c23bf62f11eccb8c9a04f607622a87c2c2486d34da828c3056440723e8a0,0a9abe105f3dfd9d1fc2d1dbcdc71c329097791251513213f5bd9bc684c093e8,basis_eval,800,time-collapsed,4,17,36,62,136,5.66574974466065,0.0775,27.588385454959873,0.007638546764735828,0.049586859580440186,173.822985907516,1.2148511597119118,0.0,0.0,1e-06,0.08782561868429184,0.13890246900787243,0.5104591844505896,0.0022517790320577113,0.0,canonical epsilon=1e-12; zero-vector effects retained,"population, time axis then sample/feature mean"
N-MNIST,SNN-DFA,20260901,H3,75,scheduled,results/experiment03_soft_spectral/experiment03_20260831_server/checkpoints/full_dense/seed_20260901/epoch_075.pt,bfe8c23bf62f11eccb8c9a04f607622a87c2c2486d34da828c3056440723e8a0,0a9abe105f3dfd9d1fc2d1dbcdc71c329097791251513213f5bd9bc684c093e8,basis_eval,800,timestep,93,263,394,509,682,41.820183174006345,0.63625,386.15479022327816,0.007638546764735828,0.049586859580440186,173.822985907516,1.2148511597119118,0.0,0.0,1e-06,0.08782561868429184,0.13890246900787243,0.5104591844505896,0.0022517790320577113,0.0,canonical epsilon=1e-12; zero-vector effects retained,"population, time axis then sample/feature mean"
N-MNIST,SNN-DFA,20260901,H1,100,scheduled,results/experiment03_soft_spectral/experiment03_20260831_server/checkpoints/full_dense/seed_20260901/epoch_100.pt,554990a77b2d2e8f6498d66d6182e5b9f7b8a61fd2c63c09d3ded066f44b5563,c895e56cc06a06aedbc690d2aedb2037a67e98ce199414b4cd14fefbf25abab2,basis_eval,800,pre-gate,3,6,7,8,10,4.54974749823268,0.01,7.714556083521815,0.012984571570108645,0.06598494218252438,231.3052242498822,1.805772473569588,0.0,0.0,1e-06,0.05813620984554291,0.10643682990235599,0.20446662182213338,0.003951332585411619,0.0,canonical epsilon=1e-12; zero-vector effects retained,"population, time axis then sample/feature mean"
N-MNIST,SNN-DFA,20260901,H1,100,scheduled,results/experiment03_soft_spectral/experiment03_20260831_server/checkpoints/full_dense/seed_20260901/epoch_100.pt,554990a77b2d2e8f6498d66d6182e5b9f7b8a61fd2c63c09d3ded066f44b5563,c895e56cc06a06aedbc690d2aedb2037a67e98ce199414b4cd14fefbf25abab2,basis_eval,800,time-collapsed,5,22,46,75,155,6.301281462361301,0.09375,31.705726932184305,0.012984571570108645,0.06598494218252438,231.3052242498822,1.805772473569588,0.0,0.0,1e-06,0.05813620984554291,0.10643682990235599,0.20446662182213338,0.003951332585411619,0.0,canonical epsilon=1e-12; zero-vector effects retained,"population, time axis then sample/feature mean"
N-MNIST,SNN-DFA,20260901,H1,100,scheduled,results/experiment03_soft_spectral/experiment03_20260831_server/checkpoints/full_dense/seed_20260901/epoch_100.pt,554990a77b2d2e8f6498d66d6182e5b9f7b8a61fd2c63c09d3ded066f44b5563,c895e56cc06a06aedbc690d2aedb2037a67e98ce199414b4cd14fefbf25abab2,basis_eval,800,timestep,128,333,463,562,692,49.592072208246904,0.7025,471.6832418205877,0.012984571570108645,0.06598494218252438,231.3052242498822,1.805772473569588,0.0,0.0,1e-06,0.05813620984554291,0.10643682990235599,0.20446662182213338,0.003951332585411619,0.0,canonical epsilon=1e-12; zero-vector effects retained,"population, time axis then sample/feature mean"
N-MNIST,SNN-DFA,20260901,H2,100,scheduled,results/experiment03_soft_spectral/experiment03_20260831_server/checkpoints/full_dense/seed_20260901/epoch_100.pt,554990a77b2d2e8f6498d66d6182e5b9f7b8a61fd2c63c09d3ded066f44b5563,c895e56cc06a06aedbc690d2aedb2037a67e98ce199414b4cd14fefbf25abab2,basis_eval,800,pre-gate,3,5,7,8,10,4.449532349031258,0.01,7.629464846640015,0.01861929205425522,0.07968198553520729,279.3191737883867,2.138506678302862,0.0,0.0,1e-06,0.08356431126594543,0.1270122363172993,0.29477534009034306,0.00564353486991375,0.0,canonical epsilon=1e-12; zero-vector effects retained,"population, time axis then sample/feature mean"
N-MNIST,SNN-DFA,20260901,H2,100,scheduled,results/experiment03_soft_spectral/experiment03_20260831_server/checkpoints/full_dense/seed_20260901/epoch_100.pt,554990a77b2d2e8f6498d66d6182e5b9f7b8a61fd2c63c09d3ded066f44b5563,c895e56cc06a06aedbc690d2aedb2037a67e98ce199414b4cd14fefbf25abab2,basis_eval,800,time-collapsed,4,13,31,56,133,5.607787871300137,0.07,22.616878282739435,0.01861929205425522,0.07968198553520729,279.3191737883867,2.138506678302862,0.0,0.0,1e-06,0.08356431126594543,0.1270122363172993,0.29477534009034306,0.00564353486991375,0.0,canonical epsilon=1e-12; zero-vector effects retained,"population, time axis then sample/feature mean"
N-MNIST,SNN-DFA,20260901,H2,100,scheduled,results/experiment03_soft_spectral/experiment03_20260831_server/checkpoints/full_dense/seed_20260901/epoch_100.pt,554990a77b2d2e8f6498d66d6182e5b9f7b8a61fd2c63c09d3ded066f44b5563,c895e56cc06a06aedbc690d2aedb2037a67e98ce199414b4cd14fefbf25abab2,basis_eval,800,timestep,106,300,431,537,678,34.045276655207715,0.67125,404.1045413448045,0.01861929205425522,0.07968198553520729,279.3191737883867,2.138506678302862,0.0,0.0,1e-06,0.08356431126594543,0.1270122363172993,0.29477534009034306,0.00564353486991375,0.0,canonical epsilon=1e-12; zero-vector effects retained,"population, time axis then sample/feature mean"
N-MNIST,SNN-DFA,20260901,H3,100,scheduled,results/experiment03_soft_spectral/experiment03_20260831_server/checkpoints/full_dense/seed_20260901/epoch_100.pt,554990a77b2d2e8f6498d66d6182e5b9f7b8a61fd2c63c09d3ded066f44b5563,c895e56cc06a06aedbc690d2aedb2037a67e98ce199414b4cd14fefbf25abab2,basis_eval,800,pre-gate,3,6,7,8,10,4.668167938981916,0.01,7.81883488169368,0.007992614992574013,0.05069469072108671,177.70640418360176,1.2622161225251112,0.0,0.0,1e-06,0.08565442264080048,0.13643557469442336,0.47680069401935254,0.0023495129215000926,0.0,canonical epsilon=1e-12; zero-vector effects retained,"population, time axis then sample/feature mean"
N-MNIST,SNN-DFA,20260901,H3,100,scheduled,results/experiment03_soft_spectral/experiment03_20260831_server/checkpoints/full_dense/seed_20260901/epoch_100.pt,554990a77b2d2e8f6498d66d6182e5b9f7b8a61fd2c63c09d3ded066f44b5563,c895e56cc06a06aedbc690d2aedb2037a67e98ce199414b4cd14fefbf25abab2,basis_eval,800,time-collapsed,5,19,39,64,140,5.676790954104822,0.08,29.126432921454324,0.007992614992574013,0.05069469072108671,177.70640418360176,1.2622161225251112,0.0,0.0,1e-06,0.08565442264080048,0.13643557469442336,0.47680069401935254,0.0023495129215000926,0.0,canonical epsilon=1e-12; zero-vector effects retained,"population, time axis then sample/feature mean"
N-MNIST,SNN-DFA,20260901,H3,100,scheduled,results/experiment03_soft_spectral/experiment03_20260831_server/checkpoints/full_dense/seed_20260901/epoch_100.pt,554990a77b2d2e8f6498d66d6182e5b9f7b8a61fd2c63c09d3ded066f44b5563,c895e56cc06a06aedbc690d2aedb2037a67e98ce199414b4cd14fefbf25abab2,basis_eval,800,timestep,95,273,404,516,685,41.68307580580713,0.645,391.1876493187913,0.007992614992574013,0.05069469072108671,177.70640418360176,1.2622161225251112,0.0,0.0,1e-06,0.08565442264080048,0.13643557469442336,0.47680069401935254,0.0023495129215000926,0.0,canonical epsilon=1e-12; zero-vector effects retained,"population, time axis then sample/feature mean"
N-MNIST,SNN-DFA,20260901,H1,55,validation_selected_best,results/experiment03_soft_spectral/experiment03_20260831_server/checkpoints/full_dense/seed_20260901/best_validation.pt,72190f88e1d071ce9ebee5bc3f3d6632ec9d1c5c691cdc47edd6bddad52cf225,8ed1cf2236a1a1f50c075798dbc35e9164111a03fae4b877adf210073c8f8a70,basis_eval,800,pre-gate,3,5,7,8,10,4.418413908753188,0.01,7.553074368800922,0.013734217215547264,0.068342719617651,239.570234725373,1.872144083199344,0.0,0.0,1e-06,0.060665108263492584,0.110231200683343,0.2008825460959926,0.004225841793681,0.0,canonical epsilon=1e-12; zero-vector effects retained,"population, time axis then sample/feature mean"
N-MNIST,SNN-DFA,20260901,H1,55,validation_selected_best,results/experiment03_soft_spectral/experiment03_20260831_server/checkpoints/full_dense/seed_20260901/best_validation.pt,72190f88e1d071ce9ebee5bc3f3d6632ec9d1c5c691cdc47edd6bddad52cf225,8ed1cf2236a1a1f50c075798dbc35e9164111a03fae4b877adf210073c8f8a70,basis_eval,800,time-collapsed,5,21,43,72,147,6.339179993352515,0.09,31.29020336384203,0.013734217215547264,0.068342719617651,239.570234725373,1.872144083199344,0.0,0.0,1e-06,0.060665108263492584,0.110231200683343,0.2008825460959926,0.004225841793681,0.0,canonical epsilon=1e-12; zero-vector effects retained,"population, time axis then sample/feature mean"
N-MNIST,SNN-DFA,20260901,H1,55,validation_selected_best,results/experiment03_soft_spectral/experiment03_20260831_server/checkpoints/full_dense/seed_20260901/best_validation.pt,72190f88e1d071ce9ebee5bc3f3d6632ec9d1c5c691cdc47edd6bddad52cf225,8ed1cf2236a1a1f50c075798dbc35e9164111a03fae4b877adf210073c8f8a70,basis_eval,800,timestep,124,323,452,553,688,52.21326928015174,0.69125,465.50249333694404,0.013734217215547264,0.068342719617651,239.570234725373,1.872144083199344,0.0,0.0,1e-06,0.060665108263492584,0.110231200683343,0.2008825460959926,0.004225841793681,0.0,canonical epsilon=1e-12; zero-vector effects retained,"population, time axis then sample/feature mean"
N-MNIST,SNN-DFA,20260901,H2,55,validation_selected_best,results/experiment03_soft_spectral/experiment03_20260831_server/checkpoints/full_dense/seed_20260901/best_validation.pt,72190f88e1d071ce9ebee5bc3f3d6632ec9d1c5c691cdc47edd6bddad52cf225,8ed1cf2236a1a1f50c075798dbc35e9164111a03fae4b877adf210073c8f8a70,basis_eval,800,pre-gate,3,5,7,8,10,4.205504829846193,0.01,7.473055383386731,0.019091621426960106,0.08066823811303832,282.7764076077576,2.1742536786726836,0.0,0.0,1e-06,0.08801732957363129,0.1323289757907031,0.2818736241214597,0.005754655436614326,0.0,canonical epsilon=1e-12; zero-vector effects retained,"population, time axis then sample/feature mean"
N-MNIST,SNN-DFA,20260901,H2,55,validation_selected_best,results/experiment03_soft_spectral/experiment03_20260831_server/checkpoints/full_dense/seed_20260901/best_validation.pt,72190f88e1d071ce9ebee5bc3f3d6632ec9d1c5c691cdc47edd6bddad52cf225,8ed1cf2236a1a1f50c075798dbc35e9164111a03fae4b877adf210073c8f8a70,basis_eval,800,time-collapsed,4,12,30,55,128,5.234818829283516,0.06875,21.32768153328366,0.019091621426960106,0.08066823811303832,282.7764076077576,2.1742536786726836,0.0,0.0,1e-06,0.08801732957363129,0.1323289757907031,0.2818736241214597,0.005754655436614326,0.0,canonical epsilon=1e-12; zero-vector effects retained,"population, time axis then sample/feature mean"
N-MNIST,SNN-DFA,20260901,H2,55,validation_selected_best,results/experiment03_soft_spectral/experiment03_20260831_server/checkpoints/full_dense/seed_20260901/best_validation.pt,72190f88e1d071ce9ebee5bc3f3d6632ec9d1c5c691cdc47edd6bddad52cf225,8ed1cf2236a1a1f50c075798dbc35e9164111a03fae4b877adf210073c8f8a70,basis_eval,800,timestep,107,303,435,540,679,31.770718579050367,0.675,406.5584025388296,0.019091621426960106,0.08066823811303832,282.7764076077576,2.1742536786726836,0.0,0.0,1e-06,0.08801732957363129,0.1323289757907031,0.2818736241214597,0.005754655436614326,0.0,canonical epsilon=1e-12; zero-vector effects retained,"population, time axis then sample/feature mean"
N-MNIST,SNN-DFA,20260901,H3,55,validation_selected_best,results/experiment03_soft_spectral/experiment03_20260831_server/checkpoints/full_dense/seed_20260901/best_validation.pt,72190f88e1d071ce9ebee5bc3f3d6632ec9d1c5c691cdc47edd6bddad52cf225,8ed1cf2236a1a1f50c075798dbc35e9164111a03fae4b877adf210073c8f8a70,basis_eval,800,pre-gate,3,5,7,8,10,4.3713667903652285,0.01,7.667624636506105,0.007896619049354235,0.05071687756126647,177.78417847381724,1.2427725364363091,0.0,0.0,1e-06,0.08689889311790466,0.14052778593836493,0.5120830007145485,0.0023533599071955246,0.0,canonical epsilon=1e-12; zero-vector effects retained,"population, time axis then sample/feature mean"
N-MNIST,SNN-DFA,20260901,H3,55,validation_selected_best,results/experiment03_soft_spectral/experiment03_20260831_server/checkpoints/full_dense/seed_20260901/best_validation.pt,72190f88e1d071ce9ebee5bc3f3d6632ec9d1c5c691cdc47edd6bddad52cf225,8ed1cf2236a1a1f50c075798dbc35e9164111a03fae4b877adf210073c8f8a70,basis_eval,800,time-collapsed,5,19,38,64,134,6.346209828734418,0.08,29.39947334510515,0.007896619049354235,0.05071687756126647,177.78417847381724,1.2427725364363091,0.0,0.0,1e-06,0.08689889311790466,0.14052778593836493,0.5120830007145485,0.0023533599071955246,0.0,canonical epsilon=1e-12; zero-vector effects retained,"population, time axis then sample/feature mean"
N-MNIST,SNN-DFA,20260901,H3,55,validation_selected_best,results/experiment03_soft_spectral/experiment03_20260831_server/checkpoints/full_dense/seed_20260901/best_validation.pt,72190f88e1d071ce9ebee5bc3f3d6632ec9d1c5c691cdc47edd6bddad52cf225,8ed1cf2236a1a1f50c075798dbc35e9164111a03fae4b877adf210073c8f8a70,basis_eval,800,timestep,102,286,418,530,692,44.685108515861316,0.6625,412.033460777546,0.007896619049354235,0.05071687756126647,177.78417847381724,1.2427725364363091,0.0,0.0,1e-06,0.08689889311790466,0.14052778593836493,0.5120830007145485,0.0023533599071955246,0.0,canonical epsilon=1e-12; zero-vector effects retained,"population, time axis then sample/feature mean"
N-MNIST,SNN-DFA,20260908,H1,0,scheduled,results/paper_v9_signal_processing/03_five_seed/checkpoints/dfa_trained/seed_20260908/init.pt,3cdf5063006b5d7a687b37e011ec6dfec240d89e1acdb66b28ea8a2e2aa6b1b7,4cc05d3bdd815c88d5f3bac3cf1312ebcc62c2f36cc454d6c7594057002233c6,basis_eval,800,pre-gate,4,7,8,9,9,6.753043275553895,0.01125,8.81168718566345,0.010565425456771806,0.01795448433783949,62.93808691333951,0.4534012981506429,0.0,0.0,1e-06,0.6315996050834656,0.8196236877645549,0.22725909796416852,0.00018272487888777782,0.0,canonical epsilon=1e-12; zero-vector effects retained,"population, time axis then sample/feature mean"
N-MNIST,SNN-DFA,20260908,H1,0,scheduled,results/paper_v9_signal_processing/03_five_seed/checkpoints/dfa_trained/seed_20260908/init.pt,3cdf5063006b5d7a687b37e011ec6dfec240d89e1acdb66b28ea8a2e2aa6b1b7,4cc05d3bdd815c88d5f3bac3cf1312ebcc62c2f36cc454d6c7594057002233c6,basis_eval,800,time-collapsed,4,8,9,25,120,6.802240757891634,0.03125,14.264442257688827,0.010565425456771806,0.01795448433783949,62.93808691333951,0.4534012981506429,0.0,0.0,1e-06,0.6315996050834656,0.8196236877645549,0.22725909796416852,0.00018272487888777782,0.0,canonical epsilon=1e-12; zero-vector effects retained,"population, time axis then sample/feature mean"
N-MNIST,SNN-DFA,20260908,H1,0,scheduled,results/paper_v9_signal_processing/03_five_seed/checkpoints/dfa_trained/seed_20260908/init.pt,3cdf5063006b5d7a687b37e011ec6dfec240d89e1acdb66b28ea8a2e2aa6b1b7,4cc05d3bdd815c88d5f3bac3cf1312ebcc62c2f36cc454d6c7594057002233c6,basis_eval,800,timestep,17,104,200,302,533,15.6280940302053,0.3775,123.87493134069112,0.010565425456771806,0.01795448433783949,62.93808691333951,0.4534012981506429,0.0,0.0,1e-06,0.6315996050834656,0.8196236877645549,0.22725909796416852,0.00018272487888777782,0.0,canonical epsilon=1e-12; zero-vector effects retained,"population, time axis then sample/feature mean"
N-MNIST,SNN-DFA,20260908,H2,0,scheduled,results/paper_v9_signal_processing/03_five_seed/checkpoints/dfa_trained/seed_20260908/init.pt,3cdf5063006b5d7a687b37e011ec6dfec240d89e1acdb66b28ea8a2e2aa6b1b7,4cc05d3bdd815c88d5f3bac3cf1312ebcc62c2f36cc454d6c7594057002233c6,basis_eval,800,pre-gate,4,7,8,9,9,6.889508073590387,0.01125,8.797946036625563,0.008267654543225679,0.00828876674141105,29.055644916287587,0.23444149342422957,0.0,0.0,1e-06,0.9997219443321228,0.999868546303996,0.0010794683333127878,1.86240590146347e-08,0.0,canonical epsilon=1e-12; zero-vector effects retained,"population, time axis then sample/feature mean"
N-MNIST,SNN-DFA,20260908,H2,0,scheduled,results/paper_v9_signal_processing/03_five_seed/checkpoints/dfa_trained/seed_20260908/init.pt,3cdf5063006b5d7a687b37e011ec6dfec240d89e1acdb66b28ea8a2e2aa6b1b7,4cc05d3bdd815c88d5f3bac3cf1312ebcc62c2f36cc454d6c7594057002233c6,basis_eval,800,time-collapsed,4,7,8,9,9,6.918830281262543,0.01125,8.796891770530575,0.008267654543225679,0.00828876674141105,29.055644916287587,0.23444149342422957,0.0,0.0,1e-06,0.9997219443321228,0.999868546303996,0.0010794683333127878,1.86240590146347e-08,0.0,canonical epsilon=1e-12; zero-vector effects retained,"population, time axis then sample/feature mean"
N-MNIST,SNN-DFA,20260908,H2,0,scheduled,results/paper_v9_signal_processing/03_five_seed/checkpoints/dfa_trained/seed_20260908/init.pt,3cdf5063006b5d7a687b37e011ec6dfec240d89e1acdb66b28ea8a2e2aa6b1b7,4cc05d3bdd815c88d5f3bac3cf1312ebcc62c2f36cc454d6c7594057002233c6,basis_eval,800,timestep,4,7,8,9,9,6.920878871958335,0.01125,8.828644113168666,0.008267654543225679,0.00828876674141105,29.055644916287587,0.23444149342422957,0.0,0.0,1e-06,0.9997219443321228,0.999868546303996,0.0010794683333127878,1.86240590146347e-08,0.0,canonical epsilon=1e-12; zero-vector effects retained,"population, time axis then sample/feature mean"
N-MNIST,SNN-DFA,20260908,H3,0,scheduled,results/paper_v9_signal_processing/03_five_seed/checkpoints/dfa_trained/seed_20260908/init.pt,3cdf5063006b5d7a687b37e011ec6dfec240d89e1acdb66b28ea8a2e2aa6b1b7,4cc05d3bdd815c88d5f3bac3cf1312ebcc62c2f36cc454d6c7594057002233c6,basis_eval,800,pre-gate,4,7,8,9,9,6.431804729216177,0.01125,8.779991871263327,0.008311173835517063,0.008331899712005868,29.206844282492494,0.23566153408435445,0.0,0.0,1e-06,0.9999455809593201,0.9999924262789233,0.001226927714707083,3.748287242404589e-09,0.0,canonical epsilon=1e-12; zero-vector effects retained,"population, time axis then sample/feature mean"
N-MNIST,SNN-DFA,20260908,H3,0,scheduled,results/paper_v9_signal_processing/03_five_seed/checkpoints/dfa_trained/seed_20260908/init.pt,3cdf5063006b5d7a687b37e011ec6dfec240d89e1acdb66b28ea8a2e2aa6b1b7,4cc05d3bdd815c88d5f3bac3cf1312ebcc62c2f36cc454d6c7594057002233c6,basis_eval,800,time-collapsed,4,7,8,9,9,6.462756435017323,0.01125,8.78552457930833,0.008311173835517063,0.008331899712005868,29.206844282492494,0.23566153408435445,0.0,0.0,1e-06,0.9999455809593201,0.9999924262789233,0.001226927714707083,3.748287242404589e-09,0.0,canonical epsilon=1e-12; zero-vector effects retained,"population, time axis then sample/feature mean"
N-MNIST,SNN-DFA,20260908,H3,0,scheduled,results/paper_v9_signal_processing/03_five_seed/checkpoints/dfa_trained/seed_20260908/init.pt,3cdf5063006b5d7a687b37e011ec6dfec240d89e1acdb66b28ea8a2e2aa6b1b7,4cc05d3bdd815c88d5f3bac3cf1312ebcc62c2f36cc454d6c7594057002233c6,basis_eval,800,timestep,4,7,8,9,9,6.463131464969788,0.01125,8.790998824353133,0.008311173835517063,0.008331899712005868,29.206844282492494,0.23566153408435445,0.0,0.0,1e-06,0.9999455809593201,0.9999924262789233,0.001226927714707083,3.748287242404589e-09,0.0,canonical epsilon=1e-12; zero-vector effects retained,"population, time axis then sample/feature mean"
N-MNIST,SNN-DFA,20260908,H1,10,scheduled,results/paper_v9_signal_processing/03_five_seed/checkpoints/dfa_trained/seed_20260908/epoch_010.pt,e15b5be89cf747be1a59d587cb47a83d3431e6792c1a9e723aa771579171ec33,d18401316b7caa1845cba08cd74b92e14fb9f7834ff457473c07071c0af7c9c0,basis_eval,800,pre-gate,3,6,7,8,9,5.196001339750875,0.01,7.889821217378935,0.028070201902855103,0.09917710681387296,347.6578469763958,2.738737334251865,0.0,0.0,1e-06,0.11784730106592178,0.20521838996132497,0.1538830248228517,0.008310255223815488,0.0,canonical epsilon=1e-12; zero-vector effects retained,"population, time axis then sample/feature mean"
N-MNIST,SNN-DFA,20260908,H1,10,scheduled,results/paper_v9_signal_processing/03_five_seed/checkpoints/dfa_trained/seed_20260908/epoch_010.pt,e15b5be89cf747be1a59d587cb47a83d3431e6792c1a9e723aa771579171ec33,d18401316b7caa1845cba08cd74b92e14fb9f7834ff457473c07071c0af7c9c0,basis_eval,800,time-collapsed,4,12,31,55,130,6.510423734826782,0.06875,22.97529018343017,0.028070201902855103,0.09917710681387296,347.6578469763958,2.738737334251865,0.0,0.0,1e-06,0.11784730106592178,0.20521838996132497,0.1538830248228517,0.008310255223815488,0.0,canonical epsilon=1e-12; zero-vector effects retained,"population, time axis then sample/feature mean"
N-MNIST,SNN-DFA,20260908,H1,10,scheduled,results/paper_v9_signal_processing/03_five_seed/checkpoints/dfa_trained/seed_20260908/epoch_010.pt,e15b5be89cf747be1a59d587cb47a83d3431e6792c1a9e723aa771579171ec33,d18401316b7caa1845cba08cd74b92e14fb9f7834ff457473c07071c0af7c9c0,basis_eval,800,timestep,111,310,439,541,675,34.58601801853261,0.67625,408.0796149120684,0.028070201902855103,0.09917710681387296,347.6578469763958,2.738737334251865,0.0,0.0,1e-06,0.11784730106592178,0.20521838996132497,0.1538830248228517,0.008310255223815488,0.0,canonical epsilon=1e-12; zero-vector effects retained,"population, time axis then sample/feature mean"
N-MNIST,SNN-DFA,20260908,H2,10,scheduled,results/paper_v9_signal_processing/03_five_seed/checkpoints/dfa_trained/seed_20260908/epoch_010.pt,e15b5be89cf747be1a59d587cb47a83d3431e6792c1a9e723aa771579171ec33,d18401316b7caa1845cba08cd74b92e14fb9f7834ff457473c07071c0af7c9c0,basis_eval,800,pre-gate,3,6,7,8,9,4.722693418821754,0.01,7.859401308964406,0.03421050632463759,0.10944133444608384,383.6383206373895,2.999364544216894,0.0,0.0,1e-06,0.1471635103225708,0.20997084670297633,0.2211925200614402,0.009906695191863548,0.0,canonical epsilon=1e-12; zero-vector effects retained,"population, time axis then sample/feature mean"
N-MNIST,SNN-DFA,20260908,H2,10,scheduled,results/paper_v9_signal_processing/03_five_seed/checkpoints/dfa_trained/seed_20260908/epoch_010.pt,e15b5be89cf747be1a59d587cb47a83d3431e6792c1a9e723aa771579171ec33,d18401316b7caa1845cba08cd74b92e14fb9f7834ff457473c07071c0af7c9c0,basis_eval,800,time-collapsed,4,8,21,42,115,5.92243187519385,0.0525,17.77137386538895,0.03421050632463759,0.10944133444608384,383.6383206373895,2.999364544216894,0.0,0.0,1e-06,0.1471635103225708,0.20997084670297633,0.2211925200614402,0.009906695191863548,0.0,canonical epsilon=1e-12; zero-vector effects retained,"population, time axis then sample/feature mean"
N-MNIST,SNN-DFA,20260908,H2,10,scheduled,results/paper_v9_signal_processing/03_five_seed/checkpoints/dfa_trained/seed_20260908/epoch_010.pt,e15b5be89cf747be1a59d587cb47a83d3431e6792c1a9e723aa771579171ec33,d18401316b7caa1845cba08cd74b92e14fb9f7834ff457473c07071c0af7c9c0,basis_eval,800,timestep,99,296,426,528,663,26.10774901487699,0.66,360.2460195006899,0.03421050632463759,0.10944133444608384,383.6383206373895,2.999364544216894,0.0,0.0,1e-06,0.1471635103225708,0.20997084670297633,0.2211925200614402,0.009906695191863548,0.0,canonical epsilon=1e-12; zero-vector effects retained,"population, time axis then sample/feature mean"
N-MNIST,SNN-DFA,20260908,H3,10,scheduled,results/paper_v9_signal_processing/03_five_seed/checkpoints/dfa_trained/seed_20260908/epoch_010.pt,e15b5be89cf747be1a59d587cb47a83d3431e6792c1a9e723aa771579171ec33,d18401316b7caa1845cba08cd74b92e14fb9f7834ff457473c07071c0af7c9c0,basis_eval,800,pre-gate,3,6,7,8,9,4.8839585628912445,0.01,7.848355551241662,0.012919742079576451,0.06514619446638788,228.36505756710542,1.666190232738264,0.0,0.0,1e-06,0.10594849288463593,0.1672942522745778,0.4173896233541299,0.0037956663013041453,0.0,canonical epsilon=1e-12; zero-vector effects retained,"population, time axis then sample/feature mean"
N-MNIST,SNN-DFA,20260908,H3,10,scheduled,results/paper_v9_signal_processing/03_five_seed/checkpoints/dfa_trained/seed_20260908/epoch_010.pt,e15b5be89cf747be1a59d587cb47a83d3431e6792c1a9e723aa771579171ec33,d18401316b7caa1845cba08cd74b92e14fb9f7834ff457473c07071c0af7c9c0,basis_eval,800,time-collapsed,4,14,34,60,134,6.096570145377672,0.075,24.74865688420953,0.012919742079576451,0.06514619446638788,228.36505756710542,1.666190232738264,0.0,0.0,1e-06,0.10594849288463593,0.1672942522745778,0.4173896233541299,0.0037956663013041453,0.0,canonical epsilon=1e-12; zero-vector effects retained,"population, time axis then sample/feature mean"
N-MNIST,SNN-DFA,20260908,H3,10,scheduled,results/paper_v9_signal_processing/03_five_seed/checkpoints/dfa_trained/seed_20260908/epoch_010.pt,e15b5be89cf747be1a59d587cb47a83d3431e6792c1a9e723aa771579171ec33,d18401316b7caa1845cba08cd74b92e14fb9f7834ff457473c07071c0af7c9c0,basis_eval,800,timestep,114,307,438,545,691,43.302314627613484,0.68125,431.08764130853865,0.012919742079576451,0.06514619446638788,228.36505756710542,1.666190232738264,0.0,0.0,1e-06,0.10594849288463593,0.1672942522745778,0.4173896233541299,0.0037956663013041453,0.0,canonical epsilon=1e-12; zero-vector effects retained,"population, time axis then sample/feature mean"
N-MNIST,SNN-DFA,20260908,H1,25,scheduled,results/paper_v9_signal_processing/03_five_seed/checkpoints/dfa_trained/seed_20260908/epoch_025.pt,dcf9c2f9ca1b0a2e48f4a21fbc95a159c6123b18021431b44579c4206a2dbda0,097c2a92d4afc42a66dde38d7a1f39f150ecff16c0117eb4885297427ecaa9fd,basis_eval,800,pre-gate,3,6,7,8,9,4.195589525214296,0.01,7.9385072297078825,0.0188247939444753,0.08050765470442417,282.2134946140963,2.212872454050006,0.0,0.0,1e-06,0.08204168826341629,0.14750337428704452,0.177571346744562,0.005715768841411744,0.0,canonical epsilon=1e-12; zero-vector effects retained,"population, time axis then sample/feature mean"
N-MNIST,SNN-DFA,20260908,H1,25,scheduled,results/paper_v9_signal_processing/03_five_seed/checkpoints/dfa_trained/seed_20260908/epoch_025.pt,dcf9c2f9ca1b0a2e48f4a21fbc95a159c6123b18021431b44579c4206a2dbda0,097c2a92d4afc42a66dde38d7a1f39f150ecff16c0117eb4885297427ecaa9fd,basis_eval,800,time-collapsed,4,16,34,54,109,6.286868337988327,0.0675,25.142051162782337,0.0188247939444753,0.08050765470442417,282.2134946140963,2.212872454050006,0.0,0.0,1e-06,0.08204168826341629,0.14750337428704452,0.177571346744562,0.005715768841411744,0.0,canonical epsilon=1e-12; zero-vector effects retained,"population, time axis then sample/feature mean"
N-MNIST,SNN-DFA,20260908,H1,25,scheduled,results/paper_v9_signal_processing/03_five_seed/checkpoints/dfa_trained/seed_20260908/epoch_025.pt,dcf9c2f9ca1b0a2e48f4a21fbc95a159c6123b18021431b44579c4206a2dbda0,097c2a92d4afc42a66dde38d7a1f39f150ecff16c0117eb4885297427ecaa9fd,basis_eval,800,timestep,116,306,432,533,673,41.539634862558806,0.66625,432.0296774289028,0.0188247939444753,0.08050765470442417,282.2134946140963,2.212872454050006,0.0,0.0,1e-06,0.08204168826341629,0.14750337428704452,0.177571346744562,0.005715768841411744,0.0,canonical epsilon=1e-12; zero-vector effects retained,"population, time axis then sample/feature mean"
N-MNIST,SNN-DFA,20260908,H2,25,scheduled,results/paper_v9_signal_processing/03_five_seed/checkpoints/dfa_trained/seed_20260908/epoch_025.pt,dcf9c2f9ca1b0a2e48f4a21fbc95a159c6123b18021431b44579c4206a2dbda0,097c2a92d4afc42a66dde38d7a1f39f150ecff16c0117eb4885297427ecaa9fd,basis_eval,800,pre-gate,3,6,7,8,9,3.866024481566714,0.01,7.830540049155749,0.02527870134291059,0.09334250043981053,327.2050756148716,2.5205217451502975,0.0,0.0,1e-06,0.11252996325492859,0.16782384398916922,0.27240136038126994,0.0074991082311134305,0.0,canonical epsilon=1e-12; zero-vector effects retained,"population, time axis then sample/feature mean"
N-MNIST,SNN-DFA,20260908,H2,25,scheduled,results/paper_v9_signal_processing/03_five_seed/checkpoints/dfa_trained/seed_20260908/epoch_025.pt,dcf9c2f9ca1b0a2e48f4a21fbc95a159c6123b18021431b44579c4206a2dbda0,097c2a92d4afc42a66dde38d7a1f39f150ecff16c0117eb4885297427ecaa9fd,basis_eval,800,time-collapsed,4,9,22,42,94,5.01160268339825,0.0525,18.744483689015095,0.02527870134291059,0.09334250043981053,327.2050756148716,2.5205217451502975,0.0,0.0,1e-06,0.11252996325492859,0.16782384398916922,0.27240136038126994,0.0074991082311134305,0.0,canonical epsilon=1e-12; zero-vector effects retained,"population, time axis then sample/feature mean"
N-MNIST,SNN-DFA,20260908,H2,25,scheduled,results/paper_v9_signal_processing/03_five_seed/checkpoints/dfa_trained/seed_20260908/epoch_025.pt,dcf9c2f9ca1b0a2e48f4a21fbc95a159c6123b18021431b44579c4206a2dbda0,097c2a92d4afc42a66dde38d7a1f39f150ecff16c0117eb4885297427ecaa9fd,basis_eval,800,timestep,102,294,422,524,663,25.36486832875987,0.655,380.3945943325262,0.02527870134291059,0.09334250043981053,327.2050756148716,2.5205217451502975,0.0,0.0,1e-06,0.11252996325492859,0.16782384398916922,0.27240136038126994,0.0074991082311134305,0.0,canonical epsilon=1e-12; zero-vector effects retained,"population, time axis then sample/feature mean"
N-MNIST,SNN-DFA,20260908,H3,25,scheduled,results/paper_v9_signal_processing/03_five_seed/checkpoints/dfa_trained/seed_20260908/epoch_025.pt,dcf9c2f9ca1b0a2e48f4a21fbc95a159c6123b18021431b44579c4206a2dbda0,097c2a92d4afc42a66dde38d7a1f39f150ecff16c0117eb4885297427ecaa9fd,basis_eval,800,pre-gate,3,6,7,8,9,4.157166258897428,0.01,7.885034684926979,0.009661321885711558,0.055963203559021006,196.17477746899,1.3914110592020876,0.0,0.0,1e-06,0.0979396253824234,0.15675392051704337,0.47883728834046846,0.0028386697243391805,0.0,canonical epsilon=1e-12; zero-vector effects retained,"population, time axis then sample/feature mean"
N-MNIST,SNN-DFA,20260908,H3,25,scheduled,results/paper_v9_signal_processing/03_five_seed/checkpoints/dfa_trained/seed_20260908/epoch_025.pt,dcf9c2f9ca1b0a2e48f4a21fbc95a159c6123b18021431b44579c4206a2dbda0,097c2a92d4afc42a66dde38d7a1f39f150ecff16c0117eb4885297427ecaa9fd,basis_eval,800,time-collapsed,5,14,31,50,99,6.565105232896278,0.0625,24.502948817411163,0.009661321885711558,0.055963203559021006,196.17477746899,1.3914110592020876,0.0,0.0,1e-06,0.0979396253824234,0.15675392051704337,0.47883728834046846,0.0028386697243391805,0.0,canonical epsilon=1e-12; zero-vector effects retained,"population, time axis then sample/feature mean"
N-MNIST,SNN-DFA,20260908,H3,25,scheduled,results/paper_v9_signal_processing/03_five_seed/checkpoints/dfa_trained/seed_20260908/epoch_025.pt,dcf9c2f9ca1b0a2e48f4a21fbc95a159c6123b18021431b44579c4206a2dbda0,097c2a92d4afc42a66dde38d7a1f39f150ecff16c0117eb4885297427ecaa9fd,basis_eval,800,timestep,108,291,419,528,689,45.2957972271438,0.66,419.18589965626785,0.009661321885711558,0.055963203559021006,196.17477746899,1.3914110592020876,0.0,0.0,1e-06,0.0979396253824234,0.15675392051704337,0.47883728834046846,0.0028386697243391805,0.0,canonical epsilon=1e-12; zero-vector effects retained,"population, time axis then sample/feature mean"
N-MNIST,SNN-DFA,20260908,H1,50,scheduled,results/paper_v9_signal_processing/03_five_seed/checkpoints/dfa_trained/seed_20260908/epoch_050.pt,6c1ae2720a1405efe11104538b926e7fb4e366c6b811ff1ffe9f6314b6690141,a7e560e7b4961e0edac9bb8d0a06454a698ec719b2e60c139e9faa7892ae8076,basis_eval,800,pre-gate,3,6,8,9,10,5.187258999821014,0.01125,8.327934776398145,0.013933151142630962,0.06880407420689133,241.18747834479967,1.8834195183302194,0.0,0.0,1e-06,0.0628901943564415,0.11533718894190087,0.1998787544979388,0.004272180835816846,0.0,canonical epsilon=1e-12; zero-vector effects retained,"population, time axis then sample/feature mean"
N-MNIST,SNN-DFA,20260908,H1,50,scheduled,results/paper_v9_signal_processing/03_five_seed/checkpoints/dfa_trained/seed_20260908/epoch_050.pt,6c1ae2720a1405efe11104538b926e7fb4e366c6b811ff1ffe9f6314b6690141,a7e560e7b4961e0edac9bb8d0a06454a698ec719b2e60c139e9faa7892ae8076,basis_eval,800,time-collapsed,5,18,37,63,140,6.1835400718916835,0.07875,28.348147726299977,0.013933151142630962,0.06880407420689133,241.18747834479967,1.8834195183302194,0.0,0.0,1e-06,0.0628901943564415,0.11533718894190087,0.1998787544979388,0.004272180835816846,0.0,canonical epsilon=1e-12; zero-vector effects retained,"population, time axis then sample/feature mean"
N-MNIST,SNN-DFA,20260908,H1,50,scheduled,results/paper_v9_signal_processing/03_five_seed/checkpoints/dfa_trained/seed_20260908/epoch_050.pt,6c1ae2720a1405efe11104538b926e7fb4e366c6b811ff1ffe9f6314b6690141,a7e560e7b4961e0edac9bb8d0a06454a698ec719b2e60c139e9faa7892ae8076,basis_eval,800,timestep,114,307,435,538,678,47.267377268557,0.6725,439.61158319682744,0.013933151142630962,0.06880407420689133,241.18747834479967,1.8834195183302194,0.0,0.0,1e-06,0.0628901943564415,0.11533718894190087,0.1998787544979388,0.004272180835816846,0.0,canonical epsilon=1e-12; zero-vector effects retained,"population, time axis then sample/feature mean"
N-MNIST,SNN-DFA,20260908,H2,50,scheduled,results/paper_v9_signal_processing/03_five_seed/checkpoints/dfa_trained/seed_20260908/epoch_050.pt,6c1ae2720a1405efe11104538b926e7fb4e366c6b811ff1ffe9f6314b6690141,a7e560e7b4961e0edac9bb8d0a06454a698ec719b2e60c139e9faa7892ae8076,basis_eval,800,pre-gate,3,6,8,9,10,4.76850931861267,0.01125,8.332891597389594,0.019313086024528418,0.08118594910873539,284.5912043476752,2.179383132075509,0.0,0.0,1e-06,0.0905071347951889,0.13719505168032806,0.2935757154818434,0.0058133083131503005,0.0,canonical epsilon=1e-12; zero-vector effects retained,"population, time axis then sample/feature mean"
N-MNIST,SNN-DFA,20260908,H2,50,scheduled,results/paper_v9_signal_processing/03_five_seed/checkpoints/dfa_trained/seed_20260908/epoch_050.pt,6c1ae2720a1405efe11104538b926e7fb4e366c6b811ff1ffe9f6314b6690141,a7e560e7b4961e0edac9bb8d0a06454a698ec719b2e60c139e9faa7892ae8076,basis_eval,800,time-collapsed,5,12,29,53,125,6.62186270079826,0.06625,23.3231890265927,0.019313086024528418,0.08118594910873539,284.5912043476752,2.179383132075509,0.0,0.0,1e-06,0.0905071347951889,0.13719505168032806,0.2935757154818434,0.0058133083131503005,0.0,canonical epsilon=1e-12; zero-vector effects retained,"population, time axis then sample/feature mean"
N-MNIST,SNN-DFA,20260908,H2,50,scheduled,results/paper_v9_signal_processing/03_five_seed/checkpoints/dfa_trained/seed_20260908/epoch_050.pt,6c1ae2720a1405efe11104538b926e7fb4e366c6b811ff1ffe9f6314b6690141,a7e560e7b4961e0edac9bb8d0a06454a698ec719b2e60c139e9faa7892ae8076,basis_eval,800,timestep,107,299,428,530,666,38.91055365151729,0.6625,408.0031468996555,0.019313086024528418,0.08118594910873539,284.5912043476752,2.179383132075509,0.0,0.0,1e-06,0.0905071347951889,0.13719505168032806,0.2935757154818434,0.0058133083131503005,0.0,canonical epsilon=1e-12; zero-vector effects retained,"population, time axis then sample/feature mean"
N-MNIST,SNN-DFA,20260908,H3,50,scheduled,results/paper_v9_signal_processing/03_five_seed/checkpoints/dfa_trained/seed_20260908/epoch_050.pt,6c1ae2720a1405efe11104538b926e7fb4e366c6b811ff1ffe9f6314b6690141,a7e560e7b4961e0edac9bb8d0a06454a698ec719b2e60c139e9faa7892ae8076,basis_eval,800,pre-gate,3,6,8,8,10,4.9296446368792965,0.01,8.281955161883458,0.00795300974880096,0.05082811334323518,178.17410709452975,1.2487552020892623,0.0,0.0,1e-06,0.08786185830831528,0.13925296735386264,0.5005873305599192,0.0023612597714856706,0.0,canonical epsilon=1e-12; zero-vector effects retained,"population, time axis then sample/feature mean"
N-MNIST,SNN-DFA,20260908,H3,50,scheduled,results/paper_v9_signal_processing/03_five_seed/checkpoints/dfa_trained/seed_20260908/epoch_050.pt,6c1ae2720a1405efe11104538b926e7fb4e366c6b811ff1ffe9f6314b6690141,a7e560e7b4961e0edac9bb8d0a06454a698ec719b2e60c139e9faa7892ae8076,basis_eval,800,time-collapsed,5,16,33,57,125,6.741860936360295,0.07125,26.96466305039294,0.00795300974880096,0.05082811334323518,178.17410709452975,1.2487552020892623,0.0,0.0,1e-06,0.08786185830831528,0.13925296735386264,0.5005873305599192,0.0023612597714856706,0.0,canonical epsilon=1e-12; zero-vector effects retained,"population, time axis then sample/feature mean"
N-MNIST,SNN-DFA,20260908,H3,50,scheduled,results/paper_v9_signal_processing/03_five_seed/checkpoints/dfa_trained/seed_20260908/epoch_050.pt,6c1ae2720a1405efe11104538b926e7fb4e366c6b811ff1ffe9f6314b6690141,a7e560e7b4961e0edac9bb8d0a06454a698ec719b2e60c139e9faa7892ae8076,basis_eval,800,timestep,96,271,401,514,688,49.40261888129538,0.6425,397.49400386686546,0.00795300974880096,0.05082811334323518,178.17410709452975,1.2487552020892623,0.0,0.0,1e-06,0.08786185830831528,0.13925296735386264,0.5005873305599192,0.0023612597714856706,0.0,canonical epsilon=1e-12; zero-vector effects retained,"population, time axis then sample/feature mean"
N-MNIST,SNN-DFA,20260908,H1,75,scheduled,results/paper_v9_signal_processing/03_five_seed/checkpoints/dfa_trained/seed_20260908/epoch_075.pt,8060ee3115e55269e38c11116e58242254788d1bb35cca35c2682a118ff35c6e,0c6c58779c6e9008cf2da2c7f767d92944ec92b6fd1e6ee99d9069114da14cd1,basis_eval,800,pre-gate,3,6,7,8,9,4.7622215694238195,0.01,7.923330618883641,0.012919685960888962,0.0659065151408015,231.03030418671506,1.803472890676961,0.0,0.0,1e-06,0.058677081018686295,0.10694563869154981,0.2047258019611729,0.003939337404154311,0.0,canonical epsilon=1e-12; zero-vector effects retained,"population, time axis then sample/feature mean"
N-MNIST,SNN-DFA,20260908,H1,75,scheduled,results/paper_v9_signal_processing/03_five_seed/checkpoints/dfa_trained/seed_20260908/epoch_075.pt,8060ee3115e55269e38c11116e58242254788d1bb35cca35c2682a118ff35c6e,0c6c58779c6e9008cf2da2c7f767d92944ec92b6fd1e6ee99d9069114da14cd1,basis_eval,800,time-collapsed,5,21,45,72,139,6.061892215861165,0.09,30.351347847471445,0.012919685960888962,0.0659065151408015,231.03030418671506,1.803472890676961,0.0,0.0,1e-06,0.058677081018686295,0.10694563869154981,0.2047258019611729,0.003939337404154311,0.0,canonical epsilon=1e-12; zero-vector effects retained,"population, time axis then sample/feature mean"
N-MNIST,SNN-DFA,20260908,H1,75,scheduled,results/paper_v9_signal_processing/03_five_seed/checkpoints/dfa_trained/seed_20260908/epoch_075.pt,8060ee3115e55269e38c11116e58242254788d1bb35cca35c2682a118ff35c6e,0c6c58779c6e9008cf2da2c7f767d92944ec92b6fd1e6ee99d9069114da14cd1,basis_eval,800,timestep,126,325,453,552,683,47.57778038445532,0.69,464.55460446850907,0.012919685960888962,0.0659065151408015,231.03030418671506,1.803472890676961,0.0,0.0,1e-06,0.058677081018686295,0.10694563869154981,0.2047258019611729,0.003939337404154311,0.0,canonical epsilon=1e-12; zero-vector effects retained,"population, time axis then sample/feature mean"
N-MNIST,SNN-DFA,20260908,H2,75,scheduled,results/paper_v9_signal_processing/03_five_seed/checkpoints/dfa_trained/seed_20260908/epoch_075.pt,8060ee3115e55269e38c11116e58242254788d1bb35cca35c2682a118ff35c6e,0c6c58779c6e9008cf2da2c7f767d92944ec92b6fd1e6ee99d9069114da14cd1,basis_eval,800,pre-gate,3,6,7,8,9,4.283337348694698,0.01,7.8772058916681,0.018168060062077024,0.0787190498346054,275.9436755186502,2.1065367034798363,0.0,0.0,1e-06,0.08338183164596558,0.12918658336624864,0.30465432231853884,0.005509822619414042,0.0,canonical epsilon=1e-12; zero-vector effects retained,"population, time axis then sample/feature mean"
N-MNIST,SNN-DFA,20260908,H2,75,scheduled,results/paper_v9_signal_processing/03_five_seed/checkpoints/dfa_trained/seed_20260908/epoch_075.pt,8060ee3115e55269e38c11116e58242254788d1bb35cca35c2682a118ff35c6e,0c6c58779c6e9008cf2da2c7f767d92944ec92b6fd1e6ee99d9069114da14cd1,basis_eval,800,time-collapsed,4,13,31,55,119,6.137639431857821,0.06875,23.330730990346513,0.018168060062077024,0.0787190498346054,275.9436755186502,2.1065367034798363,0.0,0.0,1e-06,0.08338183164596558,0.12918658336624864,0.30465432231853884,0.005509822619414042,0.0,canonical epsilon=1e-12; zero-vector effects retained,"population, time axis then sample/feature mean"
N-MNIST,SNN-DFA,20260908,H2,75,scheduled,results/paper_v9_signal_processing/03_five_seed/checkpoints/dfa_trained/seed_20260908/epoch_075.pt,8060ee3115e55269e38c11116e58242254788d1bb35cca35c2682a118ff35c6e,0c6c58779c6e9008cf2da2c7f767d92944ec92b6fd1e6ee99d9069114da14cd1,basis_eval,800,timestep,105,295,425,529,668,36.27796617780158,0.66125,405.1935010126494,0.018168060062077024,0.0787190498346054,275.9436755186502,2.1065367034798363,0.0,0.0,1e-06,0.08338183164596558,0.12918658336624864,0.30465432231853884,0.005509822619414042,0.0,canonical epsilon=1e-12; zero-vector effects retained,"population, time axis then sample/feature mean"
N-MNIST,SNN-DFA,20260908,H3,75,scheduled,results/paper_v9_signal_processing/03_five_seed/checkpoints/dfa_trained/seed_20260908/epoch_075.pt,8060ee3115e55269e38c11116e58242254788d1bb35cca35c2682a118ff35c6e,0c6c58779c6e9008cf2da2c7f767d92944ec92b6fd1e6ee99d9069114da14cd1,basis_eval,800,pre-gate,3,6,7,8,10,4.619275560435789,0.01,7.920890160395371,0.007827805078841994,0.050330531615725725,176.4298719818278,1.2397793142616413,0.0,0.0,1e-06,0.08581705391407013,0.13562519186114302,0.49826684329963,0.00231946629559949,0.0,canonical epsilon=1e-12; zero-vector effects retained,"population, time axis then sample/feature mean"
N-MNIST,SNN-DFA,20260908,H3,75,scheduled,results/paper_v9_signal_processing/03_five_seed/checkpoints/dfa_trained/seed_20260908/epoch_075.pt,8060ee3115e55269e38c11116e58242254788d1bb35cca35c2682a118ff35c6e,0c6c58779c6e9008cf2da2c7f767d92944ec92b6fd1e6ee99d9069114da14cd1,basis_eval,800,time-collapsed,4,16,34,57,119,5.889382357126238,0.07125,25.4700970997619,0.007827805078841994,0.050330531615725725,176.4298719818278,1.2397793142616413,0.0,0.0,1e-06,0.08581705391407013,0.13562519186114302,0.49826684329963,0.00231946629559949,0.0,canonical epsilon=1e-12; zero-vector effects retained,"population, time axis then sample/feature mean"
N-MNIST,SNN-DFA,20260908,H3,75,scheduled,results/paper_v9_signal_processing/03_five_seed/checkpoints/dfa_trained/seed_20260908/epoch_075.pt,8060ee3115e55269e38c11116e58242254788d1bb35cca35c2682a118ff35c6e,0c6c58779c6e9008cf2da2c7f767d92944ec92b6fd1e6ee99d9069114da14cd1,basis_eval,800,timestep,88,263,396,511,687,40.09901727116102,0.63875,375.9317670473317,0.007827805078841994,0.050330531615725725,176.4298719818278,1.2397793142616413,0.0,0.0,1e-06,0.08581705391407013,0.13562519186114302,0.49826684329963,0.00231946629559949,0.0,canonical epsilon=1e-12; zero-vector effects retained,"population, time axis then sample/feature mean"
N-MNIST,SNN-DFA,20260908,H1,100,scheduled,results/paper_v9_signal_processing/03_five_seed/checkpoints/dfa_trained/seed_20260908/epoch_100.pt,9aad88592135096912c2e9971ced9f74b63d546bdd69208e989abf481efd833e,da22a9fc91ca686325b1700e625f2a08321df51ea51730a8afd6a7ce7c0c8cdc,basis_eval,800,pre-gate,3,6,7,8,9,4.407183254720403,0.01,7.759329674296072,0.012748465471590104,0.06541852801542164,229.31970222612082,1.788884841525267,0.0,0.0,1e-06,0.058096013963222504,0.10670439143411435,0.20708408420170454,0.0038840226140507716,0.0,canonical epsilon=1e-12; zero-vector effects retained,"population, time axis then sample/feature mean"
N-MNIST,SNN-DFA,20260908,H1,100,scheduled,results/paper_v9_signal_processing/03_five_seed/checkpoints/dfa_trained/seed_20260908/epoch_100.pt,9aad88592135096912c2e9971ced9f74b63d546bdd69208e989abf481efd833e,da22a9fc91ca686325b1700e625f2a08321df51ea51730a8afd6a7ce7c0c8cdc,basis_eval,800,time-collapsed,5,22,46,75,146,7.143520956354827,0.09375,31.447199263101936,0.012748465471590104,0.06541852801542164,229.31970222612082,1.788884841525267,0.0,0.0,1e-06,0.058096013963222504,0.10670439143411435,0.20708408420170454,0.0038840226140507716,0.0,canonical epsilon=1e-12; zero-vector effects retained,"population, time axis then sample/feature mean"
N-MNIST,SNN-DFA,20260908,H1,100,scheduled,results/paper_v9_signal_processing/03_five_seed/checkpoints/dfa_trained/seed_20260908/epoch_100.pt,9aad88592135096912c2e9971ced9f74b63d546bdd69208e989abf481efd833e,da22a9fc91ca686325b1700e625f2a08321df51ea51730a8afd6a7ce7c0c8cdc,basis_eval,800,timestep,128,331,459,557,683,54.376903728769086,0.69625,468.62198112400233,0.012748465471590104,0.06541852801542164,229.31970222612082,1.788884841525267,0.0,0.0,1e-06,0.058096013963222504,0.10670439143411435,0.20708408420170454,0.0038840226140507716,0.0,canonical epsilon=1e-12; zero-vector effects retained,"population, time axis then sample/feature mean"
N-MNIST,SNN-DFA,20260908,H2,100,scheduled,results/paper_v9_signal_processing/03_five_seed/checkpoints/dfa_trained/seed_20260908/epoch_100.pt,9aad88592135096912c2e9971ced9f74b63d546bdd69208e989abf481efd833e,da22a9fc91ca686325b1700e625f2a08321df51ea51730a8afd6a7ce7c0c8cdc,basis_eval,800,pre-gate,3,6,7,8,10,3.9761362880471696,0.01,7.6754908546377445,0.018071490313772427,0.07843393042631791,274.9442109970391,2.0978275386700624,0.0,0.0,1e-06,0.08343827724456787,0.12779708757713415,0.3060682971227998,0.005470302065190908,0.0,canonical epsilon=1e-12; zero-vector effects retained,"population, time axis then sample/feature mean"
N-MNIST,SNN-DFA,20260908,H2,100,scheduled,results/paper_v9_signal_processing/03_five_seed/checkpoints/dfa_trained/seed_20260908/epoch_100.pt,9aad88592135096912c2e9971ced9f74b63d546bdd69208e989abf481efd833e,da22a9fc91ca686325b1700e625f2a08321df51ea51730a8afd6a7ce7c0c8cdc,basis_eval,800,time-collapsed,4,14,34,58,125,5.704056968775175,0.0725,23.875918906453393,0.018071490313772427,0.07843393042631791,274.9442109970391,2.0978275386700624,0.0,0.0,1e-06,0.08343827724456787,0.12779708757713415,0.3060682971227998,0.005470302065190908,0.0,canonical epsilon=1e-12; zero-vector effects retained,"population, time axis then sample/feature mean"
N-MNIST,SNN-DFA,20260908,H2,100,scheduled,results/paper_v9_signal_processing/03_five_seed/checkpoints/dfa_trained/seed_20260908/epoch_100.pt,9aad88592135096912c2e9971ced9f74b63d546bdd69208e989abf481efd833e,da22a9fc91ca686325b1700e625f2a08321df51ea51730a8afd6a7ce7c0c8cdc,basis_eval,800,timestep,111,307,436,538,671,34.584512110157725,0.6725,416.76617799115337,0.018071490313772427,0.07843393042631791,274.9442109970391,2.0978275386700624,0.0,0.0,1e-06,0.08343827724456787,0.12779708757713415,0.3060682971227998,0.005470302065190908,0.0,canonical epsilon=1e-12; zero-vector effects retained,"population, time axis then sample/feature mean"
N-MNIST,SNN-DFA,20260908,H3,100,scheduled,results/paper_v9_signal_processing/03_five_seed/checkpoints/dfa_trained/seed_20260908/epoch_100.pt,9aad88592135096912c2e9971ced9f74b63d546bdd69208e989abf481efd833e,da22a9fc91ca686325b1700e625f2a08321df51ea51730a8afd6a7ce7c0c8cdc,basis_eval,800,pre-gate,3,6,7,8,10,4.227904092398562,0.01,7.740354324735882,0.00807524981879026,0.05109664944668385,179.11544009525807,1.2686475287219816,0.0,0.0,1e-06,0.08648013323545456,0.13534266596845598,0.48083150738875535,0.002385791022067064,0.0,canonical epsilon=1e-12; zero-vector effects retained,"population, time axis then sample/feature mean"
N-MNIST,SNN-DFA,20260908,H3,100,scheduled,results/paper_v9_signal_processing/03_five_seed/checkpoints/dfa_trained/seed_20260908/epoch_100.pt,9aad88592135096912c2e9971ced9f74b63d546bdd69208e989abf481efd833e,da22a9fc91ca686325b1700e625f2a08321df51ea51730a8afd6a7ce7c0c8cdc,basis_eval,800,time-collapsed,4,18,37,62,127,6.112729085538352,0.0775,27.409830996803194,0.00807524981879026,0.05109664944668385,179.11544009525807,1.2686475287219816,0.0,0.0,1e-06,0.08648013323545456,0.13534266596845598,0.48083150738875535,0.002385791022067064,0.0,canonical epsilon=1e-12; zero-vector effects retained,"population, time axis then sample/feature mean"
N-MNIST,SNN-DFA,20260908,H3,100,scheduled,results/paper_v9_signal_processing/03_five_seed/checkpoints/dfa_trained/seed_20260908/epoch_100.pt,9aad88592135096912c2e9971ced9f74b63d546bdd69208e989abf481efd833e,da22a9fc91ca686325b1700e625f2a08321df51ea51730a8afd6a7ce7c0c8cdc,basis_eval,800,timestep,95,276,408,522,694,44.877746430415456,0.6525,393.5317768104556,0.00807524981879026,0.05109664944668385,179.11544009525807,1.2686475287219816,0.0,0.0,1e-06,0.08648013323545456,0.13534266596845598,0.48083150738875535,0.002385791022067064,0.0,canonical epsilon=1e-12; zero-vector effects retained,"population, time axis then sample/feature mean"
N-MNIST,SNN-DFA,20260908,H1,78,validation_selected_best,results/paper_v9_signal_processing/03_five_seed/checkpoints/dfa_trained/seed_20260908/best_validation.pt,1f232a7f00f398a11616e8590c1956ce4ef0a06f8e01d23d7431a4ed6edf51a8,9203bdd3bb18959adeebf5c8ee7a9d0bb68e2fdaf4e553f0285dc4ec5f0f5f0a,basis_eval,800,pre-gate,3,5,7,8,10,4.417680124864584,0.01,7.71178558849756,0.01291317541346904,0.06590276101205418,231.01714437232113,1.803279557008337,0.0,0.0,1e-06,0.05859031155705452,0.1073257333506104,0.20464732387039428,0.003939338335628204,0.0,canonical epsilon=1e-12; zero-vector effects retained,"population, time axis then sample/feature mean"
N-MNIST,SNN-DFA,20260908,H1,78,validation_selected_best,results/paper_v9_signal_processing/03_five_seed/checkpoints/dfa_trained/seed_20260908/best_validation.pt,1f232a7f00f398a11616e8590c1956ce4ef0a06f8e01d23d7431a4ed6edf51a8,9203bdd3bb18959adeebf5c8ee7a9d0bb68e2fdaf4e553f0285dc4ec5f0f5f0a,basis_eval,800,time-collapsed,5,20,43,70,141,6.215535793459097,0.0875,29.734793535449786,0.01291317541346904,0.06590276101205418,231.01714437232113,1.803279557008337,0.0,0.0,1e-06,0.05859031155705452,0.1073257333506104,0.20464732387039428,0.003939338335628204,0.0,canonical epsilon=1e-12; zero-vector effects retained,"population, time axis then sample/feature mean"
N-MNIST,SNN-DFA,20260908,H1,78,validation_selected_best,results/paper_v9_signal_processing/03_five_seed/checkpoints/dfa_trained/seed_20260908/best_validation.pt,1f232a7f00f398a11616e8590c1956ce4ef0a06f8e01d23d7431a4ed6edf51a8,9203bdd3bb18959adeebf5c8ee7a9d0bb68e2fdaf4e553f0285dc4ec5f0f5f0a,basis_eval,800,timestep,120,317,445,546,679,48.66246927146424,0.6825,451.93639141684247,0.01291317541346904,0.06590276101205418,231.01714437232113,1.803279557008337,0.0,0.0,1e-06,0.05859031155705452,0.1073257333506104,0.20464732387039428,0.003939338335628204,0.0,canonical epsilon=1e-12; zero-vector effects retained,"population, time axis then sample/feature mean"
N-MNIST,SNN-DFA,20260908,H2,78,validation_selected_best,results/paper_v9_signal_processing/03_five_seed/checkpoints/dfa_trained/seed_20260908/best_validation.pt,1f232a7f00f398a11616e8590c1956ce4ef0a06f8e01d23d7431a4ed6edf51a8,9203bdd3bb18959adeebf5c8ee7a9d0bb68e2fdaf4e553f0285dc4ec5f0f5f0a,basis_eval,800,pre-gate,3,6,7,8,10,4.04428504569405,0.01,7.653490651250351,0.018167131547179114,0.07865044822951255,275.70319778047224,2.103266757053321,0.0,0.0,1e-06,0.08352815359830856,0.12883041827913339,0.30711796283967674,0.005500133892271615,0.0,canonical epsilon=1e-12; zero-vector effects retained,"population, time axis then sample/feature mean"
N-MNIST,SNN-DFA,20260908,H2,78,validation_selected_best,results/paper_v9_signal_processing/03_five_seed/checkpoints/dfa_trained/seed_20260908/best_validation.pt,1f232a7f00f398a11616e8590c1956ce4ef0a06f8e01d23d7431a4ed6edf51a8,9203bdd3bb18959adeebf5c8ee7a9d0bb68e2fdaf4e553f0285dc4ec5f0f5f0a,basis_eval,800,time-collapsed,4,12,30,53,119,5.648627431063471,0.06625,22.1065277274904,0.018167131547179114,0.07865044822951255,275.70319778047224,2.103266757053321,0.0,0.0,1e-06,0.08352815359830856,0.12883041827913339,0.30711796283967674,0.005500133892271615,0.0,canonical epsilon=1e-12; zero-vector effects retained,"population, time axis then sample/feature mean"
N-MNIST,SNN-DFA,20260908,H2,78,validation_selected_best,results/paper_v9_signal_processing/03_five_seed/checkpoints/dfa_trained/seed_20260908/best_validation.pt,1f232a7f00f398a11616e8590c1956ce4ef0a06f8e01d23d7431a4ed6edf51a8,9203bdd3bb18959adeebf5c8ee7a9d0bb68e2fdaf4e553f0285dc4ec5f0f5f0a,basis_eval,800,timestep,101,291,422,526,666,34.682982967051444,0.6575,393.80422523306,0.018167131547179114,0.07865044822951255,275.70319778047224,2.103266757053321,0.0,0.0,1e-06,0.08352815359830856,0.12883041827913339,0.30711796283967674,0.005500133892271615,0.0,canonical epsilon=1e-12; zero-vector effects retained,"population, time axis then sample/feature mean"
N-MNIST,SNN-DFA,20260908,H3,78,validation_selected_best,results/paper_v9_signal_processing/03_five_seed/checkpoints/dfa_trained/seed_20260908/best_validation.pt,1f232a7f00f398a11616e8590c1956ce4ef0a06f8e01d23d7431a4ed6edf51a8,9203bdd3bb18959adeebf5c8ee7a9d0bb68e2fdaf4e553f0285dc4ec5f0f5f0a,basis_eval,800,pre-gate,3,6,7,8,10,4.361046262114685,0.01,7.716680983774088,0.007883418250271236,0.050364915792800176,176.5504031140246,1.2403719004798281,0.0,0.0,1e-06,0.08564560860395432,0.13489396234083476,0.49881919687003046,0.0023229620825176342,0.0,canonical epsilon=1e-12; zero-vector effects retained,"population, time axis then sample/feature mean"
N-MNIST,SNN-DFA,20260908,H3,78,validation_selected_best,results/paper_v9_signal_processing/03_five_seed/checkpoints/dfa_trained/seed_20260908/best_validation.pt,1f232a7f00f398a11616e8590c1956ce4ef0a06f8e01d23d7431a4ed6edf51a8,9203bdd3bb18959adeebf5c8ee7a9d0bb68e2fdaf4e553f0285dc4ec5f0f5f0a,basis_eval,800,time-collapsed,4,15,32,54,118,5.304191907493134,0.0675,23.526303213651506,0.007883418250271236,0.050364915792800176,176.5504031140246,1.2403719004798281,0.0,0.0,1e-06,0.08564560860395432,0.13489396234083476,0.49881919687003046,0.0023229620825176342,0.0,canonical epsilon=1e-12; zero-vector effects retained,"population, time axis then sample/feature mean"
N-MNIST,SNN-DFA,20260908,H3,78,validation_selected_best,results/paper_v9_signal_processing/03_five_seed/checkpoints/dfa_trained/seed_20260908/best_validation.pt,1f232a7f00f398a11616e8590c1956ce4ef0a06f8e01d23d7431a4ed6edf51a8,9203bdd3bb18959adeebf5c8ee7a9d0bb68e2fdaf4e553f0285dc4ec5f0f5f0a,basis_eval,800,timestep,83,255,386,502,683,37.70423399120956,0.6275,362.8393061038656,0.007883418250271236,0.050364915792800176,176.5504031140246,1.2403719004798281,0.0,0.0,1e-06,0.08564560860395432,0.13489396234083476,0.49881919687003046,0.0023229620825176342,0.0,canonical epsilon=1e-12; zero-vector effects retained,"population, time axis then sample/feature mean"
N-MNIST,SNN-DFA,20260909,H1,0,scheduled,results/paper_v9_signal_processing/03_five_seed/checkpoints/dfa_trained/seed_20260909/init.pt,5e505aab236cbecea82e44ed01b9d702e076f64cbafc0085609b36fd148080e4,3cf3c7f815f8aea1b40648e12b1aad1019f91b064aa2ce9b19dcb96433e28dba,basis_eval,800,pre-gate,4,7,8,9,9,6.634093918232228,0.01125,8.820729344382789,0.010335442349285576,0.01726649806494785,60.52640306747326,0.43785398011823556,0.0,0.0,1e-06,0.6367413401603699,0.8243581128706619,0.2253776990424105,0.00016690165717048565,0.0,canonical epsilon=1e-12; zero-vector effects retained,"population, time axis then sample/feature mean"
N-MNIST,SNN-DFA,20260909,H1,0,scheduled,results/paper_v9_signal_processing/03_five_seed/checkpoints/dfa_trained/seed_20260909/init.pt,5e505aab236cbecea82e44ed01b9d702e076f64cbafc0085609b36fd148080e4,3cf3c7f815f8aea1b40648e12b1aad1019f91b064aa2ce9b19dcb96433e28dba,basis_eval,800,time-collapsed,4,8,9,26,123,6.910900541431696,0.0325,14.444367023237621,0.010335442349285576,0.01726649806494785,60.52640306747326,0.43785398011823556,0.0,0.0,1e-06,0.6367413401603699,0.8243581128706619,0.2253776990424105,0.00016690165717048565,0.0,canonical epsilon=1e-12; zero-vector effects retained,"population, time axis then sample/feature mean"
N-MNIST,SNN-DFA,20260909,H1,0,scheduled,results/paper_v9_signal_processing/03_five_seed/checkpoints/dfa_trained/seed_20260909/init.pt,5e505aab236cbecea82e44ed01b9d702e076f64cbafc0085609b36fd148080e4,3cf3c7f815f8aea1b40648e12b1aad1019f91b064aa2ce9b19dcb96433e28dba,basis_eval,800,timestep,18,107,197,294,528,15.916255518460215,0.3675,128.0402311492785,0.010335442349285576,0.01726649806494785,60.52640306747326,0.43785398011823556,0.0,0.0,1e-06,0.6367413401603699,0.8243581128706619,0.2253776990424105,0.00016690165717048565,0.0,canonical epsilon=1e-12; zero-vector effects retained,"population, time axis then sample/feature mean"
N-MNIST,SNN-DFA,20260909,H2,0,scheduled,results/paper_v9_signal_processing/03_five_seed/checkpoints/dfa_trained/seed_20260909/init.pt,5e505aab236cbecea82e44ed01b9d702e076f64cbafc0085609b36fd148080e4,3cf3c7f815f8aea1b40648e12b1aad1019f91b064aa2ce9b19dcb96433e28dba,basis_eval,800,pre-gate,4,7,8,9,9,6.624608019900808,0.01125,8.830773971346492,0.008292775925423863,0.008315073753412675,29.14786215721419,0.23518555593691778,0.0,0.0,1e-06,0.9997541904449463,0.9998877181239247,0.0012747885704684405,1.658621856725177e-08,0.0,canonical epsilon=1e-12; zero-vector effects retained,"population, time axis then sample/feature mean"
N-MNIST,SNN-DFA,20260909,H2,0,scheduled,results/paper_v9_signal_processing/03_five_seed/checkpoints/dfa_trained/seed_20260909/init.pt,5e505aab236cbecea82e44ed01b9d702e076f64cbafc0085609b36fd148080e4,3cf3c7f815f8aea1b40648e12b1aad1019f91b064aa2ce9b19dcb96433e28dba,basis_eval,800,time-collapsed,4,7,8,9,9,6.518920342351593,0.01125,8.823856949385931,0.008292775925423863,0.008315073753412675,29.14786215721419,0.23518555593691778,0.0,0.0,1e-06,0.9997541904449463,0.9998877181239247,0.0012747885704684405,1.658621856725177e-08,0.0,canonical epsilon=1e-12; zero-vector effects retained,"population, time axis then sample/feature mean"
N-MNIST,SNN-DFA,20260909,H2,0,scheduled,results/paper_v9_signal_processing/03_five_seed/checkpoints/dfa_trained/seed_20260909/init.pt,5e505aab236cbecea82e44ed01b9d702e076f64cbafc0085609b36fd148080e4,3cf3c7f815f8aea1b40648e12b1aad1019f91b064aa2ce9b19dcb96433e28dba,basis_eval,800,timestep,4,7,8,9,9,6.520583300856229,0.01125,8.851903635582525,0.008292775925423863,0.008315073753412675,29.14786215721419,0.23518555593691778,0.0,0.0,1e-06,0.9997541904449463,0.9998877181239247,0.0012747885704684405,1.658621856725177e-08,0.0,canonical epsilon=1e-12; zero-vector effects retained,"population, time axis then sample/feature mean"
N-MNIST,SNN-DFA,20260909,H3,0,scheduled,results/paper_v9_signal_processing/03_five_seed/checkpoints/dfa_trained/seed_20260909/init.pt,5e505aab236cbecea82e44ed01b9d702e076f64cbafc0085609b36fd148080e4,3cf3c7f815f8aea1b40648e12b1aad1019f91b064aa2ce9b19dcb96433e28dba,basis_eval,800,pre-gate,4,7,8,9,9,6.758614615879571,0.01125,8.8235977559592,0.008308479039289524,0.008331517387309294,29.20550407214623,0.23565070891388734,0.0,0.0,1e-06,0.9999390840530396,0.9999915704957798,0.0012657535921549285,4.167548148139484e-09,0.0,canonical epsilon=1e-12; zero-vector effects retained,"population, time axis then sample/feature mean"
N-MNIST,SNN-DFA,20260909,H3,0,scheduled,results/paper_v9_signal_processing/03_five_seed/checkpoints/dfa_trained/seed_20260909/init.pt,5e505aab236cbecea82e44ed01b9d702e076f64cbafc0085609b36fd148080e4,3cf3c7f815f8aea1b40648e12b1aad1019f91b064aa2ce9b19dcb96433e28dba,basis_eval,800,time-collapsed,4,7,8,9,9,6.782365717590522,0.01125,8.825892570465458,0.008308479039289524,0.008331517387309294,29.20550407214623,0.23565070891388734,0.0,0.0,1e-06,0.9999390840530396,0.9999915704957798,0.0012657535921549285,4.167548148139484e-09,0.0,canonical epsilon=1e-12; zero-vector effects retained,"population, time axis then sample/feature mean"
N-MNIST,SNN-DFA,20260909,H3,0,scheduled,results/paper_v9_signal_processing/03_five_seed/checkpoints/dfa_trained/seed_20260909/init.pt,5e505aab236cbecea82e44ed01b9d702e076f64cbafc0085609b36fd148080e4,3cf3c7f815f8aea1b40648e12b1aad1019f91b064aa2ce9b19dcb96433e28dba,basis_eval,800,timestep,4,7,8,9,9,6.7828027064950795,0.01125,8.83196206901198,0.008308479039289524,0.008331517387309294,29.20550407214623,0.23565070891388734,0.0,0.0,1e-06,0.9999390840530396,0.9999915704957798,0.0012657535921549285,4.167548148139484e-09,0.0,canonical epsilon=1e-12; zero-vector effects retained,"population, time axis then sample/feature mean"
N-MNIST,SNN-DFA,20260909,H1,10,scheduled,results/paper_v9_signal_processing/03_five_seed/checkpoints/dfa_trained/seed_20260909/epoch_010.pt,80894d4d570b8bd95e4e30545e2fbd836bbeceaaf7bc8ca49ff5b897b0513144,f73a16f652786981a09bb57de271a1991aa114378024ee6663d5a877875b0644,basis_eval,800,pre-gate,3,6,7,8,9,4.575854827860949,0.01,7.720999425614145,0.027811816580704096,0.0986426732315475,345.78443047380904,2.7218801663898877,0.0,0.0,1e-06,0.11642735451459885,0.20264140538812034,0.15431177326639262,0.008231387261457349,0.0,canonical epsilon=1e-12; zero-vector effects retained,"population, time axis then sample/feature mean"
N-MNIST,SNN-DFA,20260909,H1,10,scheduled,results/paper_v9_signal_processing/03_five_seed/checkpoints/dfa_trained/seed_20260909/epoch_010.pt,80894d4d570b8bd95e4e30545e2fbd836bbeceaaf7bc8ca49ff5b897b0513144,f73a16f652786981a09bb57de271a1991aa114378024ee6663d5a877875b0644,basis_eval,800,time-collapsed,4,12,31,54,128,6.179826388733641,0.0675,22.73612953471931,0.027811816580704096,0.0986426732315475,345.78443047380904,2.7218801663898877,0.0,0.0,1e-06,0.11642735451459885,0.20264140538812034,0.15431177326639262,0.008231387261457349,0.0,canonical epsilon=1e-12; zero-vector effects retained,"population, time axis then sample/feature mean"
N-MNIST,SNN-DFA,20260909,H1,10,scheduled,results/paper_v9_signal_processing/03_five_seed/checkpoints/dfa_trained/seed_20260909/epoch_010.pt,80894d4d570b8bd95e4e30545e2fbd836bbeceaaf7bc8ca49ff5b897b0513144,f73a16f652786981a09bb57de271a1991aa114378024ee6663d5a877875b0644,basis_eval,800,timestep,112,309,438,539,679,32.3401835891131,0.67375,407.39895670057297,0.027811816580704096,0.0986426732315475,345.78443047380904,2.7218801663898877,0.0,0.0,1e-06,0.11642735451459885,0.20264140538812034,0.15431177326639262,0.008231387261457349,0.0,canonical epsilon=1e-12; zero-vector effects retained,"population, time axis then sample/feature mean"
N-MNIST,SNN-DFA,20260909,H2,10,scheduled,results/paper_v9_signal_processing/03_five_seed/checkpoints/dfa_trained/seed_20260909/epoch_010.pt,80894d4d570b8bd95e4e30545e2fbd836bbeceaaf7bc8ca49ff5b897b0513144,f73a16f652786981a09bb57de271a1991aa114378024ee6663d5a877875b0644,basis_eval,800,pre-gate,3,6,7,8,9,4.765031733280931,0.01,7.824279421380924,0.03516532967056697,0.11103005980976127,389.20747724133537,3.0425651257746633,0.0,0.0,1e-06,0.14842869341373444,0.2115174963232912,0.2234397274501333,0.010182396089758641,0.0,canonical epsilon=1e-12; zero-vector effects retained,"population, time axis then sample/feature mean"
N-MNIST,SNN-DFA,20260909,H2,10,scheduled,results/paper_v9_signal_processing/03_five_seed/checkpoints/dfa_trained/seed_20260909/epoch_010.pt,80894d4d570b8bd95e4e30545e2fbd836bbeceaaf7bc8ca49ff5b897b0513144,f73a16f652786981a09bb57de271a1991aa114378024ee6663d5a877875b0644,basis_eval,800,time-collapsed,4,8,21,43,112,5.525760619637401,0.05375,17.36612154132722,0.03516532967056697,0.11103005980976127,389.20747724133537,3.0425651257746633,0.0,0.0,1e-06,0.14842869341373444,0.2115174963232912,0.2234397274501333,0.010182396089758641,0.0,canonical epsilon=1e-12; zero-vector effects retained,"population, time axis then sample/feature mean"
N-MNIST,SNN-DFA,20260909,H2,10,scheduled,results/paper_v9_signal_processing/03_five_seed/checkpoints/dfa_trained/seed_20260909/epoch_010.pt,80894d4d570b8bd95e4e30545e2fbd836bbeceaaf7bc8ca49ff5b897b0513144,f73a16f652786981a09bb57de271a1991aa114378024ee6663d5a877875b0644,basis_eval,800,timestep,104,305,435,537,670,24.352193528152032,0.67125,366.57532313749425,0.03516532967056697,0.11103005980976127,389.20747724133537,3.0425651257746633,0.0,0.0,1e-06,0.14842869341373444,0.2115174963232912,0.2234397274501333,0.010182396089758641,0.0,canonical epsilon=1e-12; zero-vector effects retained,"population, time axis then sample/feature mean"
N-MNIST,SNN-DFA,20260909,H3,10,scheduled,results/paper_v9_signal_processing/03_five_seed/checkpoints/dfa_trained/seed_20260909/epoch_010.pt,80894d4d570b8bd95e4e30545e2fbd836bbeceaaf7bc8ca49ff5b897b0513144,f73a16f652786981a09bb57de271a1991aa114378024ee6663d5a877875b0644,basis_eval,800,pre-gate,3,6,7,8,9,4.433224940373475,0.01,7.823860651886031,0.012460466944824807,0.06400564837228111,224.3669594959615,1.631146255868601,0.0,0.0,1e-06,0.10086389631032944,0.1643005221977786,0.43007260875887027,0.003678058299707273,0.0,canonical epsilon=1e-12; zero-vector effects retained,"population, time axis then sample/feature mean"
N-MNIST,SNN-DFA,20260909,H3,10,scheduled,results/paper_v9_signal_processing/03_five_seed/checkpoints/dfa_trained/seed_20260909/epoch_010.pt,80894d4d570b8bd95e4e30545e2fbd836bbeceaaf7bc8ca49ff5b897b0513144,f73a16f652786981a09bb57de271a1991aa114378024ee6663d5a877875b0644,basis_eval,800,time-collapsed,5,16,35,60,131,6.459442728229128,0.075,26.13246547806011,0.012460466944824807,0.06400564837228111,224.3669594959615,1.631146255868601,0.0,0.0,1e-06,0.10086389631032944,0.1643005221977786,0.43007260875887027,0.003678058299707273,0.0,canonical epsilon=1e-12; zero-vector effects retained,"population, time axis then sample/feature mean"
N-MNIST,SNN-DFA,20260909,H3,10,scheduled,results/paper_v9_signal_processing/03_five_seed/checkpoints/dfa_trained/seed_20260909/epoch_010.pt,80894d4d570b8bd95e4e30545e2fbd836bbeceaaf7bc8ca49ff5b897b0513144,f73a16f652786981a09bb57de271a1991aa114378024ee6663d5a877875b0644,basis_eval,800,timestep,118,316,446,549,688,43.63078765237234,0.68625,441.6384700070709,0.012460466944824807,0.06400564837228111,224.3669594959615,1.631146255868601,0.0,0.0,1e-06,0.10086389631032944,0.1643005221977786,0.43007260875887027,0.003678058299707273,0.0,canonical epsilon=1e-12; zero-vector effects retained,"population, time axis then sample/feature mean"
N-MNIST,SNN-DFA,20260909,H1,25,scheduled,results/paper_v9_signal_processing/03_five_seed/checkpoints/dfa_trained/seed_20260909/epoch_025.pt,730568a07c6383f31e86cccc42564ac3a89b8e71a735fed25a8dde6bcd6d4ddf,68c7650a879033a1e0c0c77b1685a7381be0433ca962999d3b32485aa8fa4348,basis_eval,800,pre-gate,3,6,7,8,9,4.8458260401082685,0.01,7.959184995096582,0.018271719421938244,0.07934021268086103,278.12111489643456,2.179197615268094,0.0,0.0,1e-06,0.08107274770736694,0.14636368080802847,0.17791697569247042,0.005556269994061637,0.0,canonical epsilon=1e-12; zero-vector effects retained,"population, time axis then sample/feature mean"
N-MNIST,SNN-DFA,20260909,H1,25,scheduled,results/paper_v9_signal_processing/03_five_seed/checkpoints/dfa_trained/seed_20260909/epoch_025.pt,730568a07c6383f31e86cccc42564ac3a89b8e71a735fed25a8dde6bcd6d4ddf,68c7650a879033a1e0c0c77b1685a7381be0433ca962999d3b32485aa8fa4348,basis_eval,800,time-collapsed,4,14,31,54,116,6.00855999115823,0.0675,24.289279757445016,0.018271719421938244,0.07934021268086103,278.12111489643456,2.179197615268094,0.0,0.0,1e-06,0.08107274770736694,0.14636368080802847,0.17791697569247042,0.005556269994061637,0.0,canonical epsilon=1e-12; zero-vector effects retained,"population, time axis then sample/feature mean"
N-MNIST,SNN-DFA,20260909,H1,25,scheduled,results/paper_v9_signal_processing/03_five_seed/checkpoints/dfa_trained/seed_20260909/epoch_025.pt,730568a07c6383f31e86cccc42564ac3a89b8e71a735fed25a8dde6bcd6d4ddf,68c7650a879033a1e0c0c77b1685a7381be0433ca962999d3b32485aa8fa4348,basis_eval,800,timestep,108,296,423,526,671,40.49916298290602,0.6575,415.9422246931716,0.018271719421938244,0.07934021268086103,278.12111489643456,2.179197615268094,0.0,0.0,1e-06,0.08107274770736694,0.14636368080802847,0.17791697569247042,0.005556269994061637,0.0,canonical epsilon=1e-12; zero-vector effects retained,"population, time axis then sample/feature mean"
N-MNIST,SNN-DFA,20260909,H2,25,scheduled,results/paper_v9_signal_processing/03_five_seed/checkpoints/dfa_trained/seed_20260909/epoch_025.pt,730568a07c6383f31e86cccc42564ac3a89b8e71a735fed25a8dde6bcd6d4ddf,68c7650a879033a1e0c0c77b1685a7381be0433ca962999d3b32485aa8fa4348,basis_eval,800,pre-gate,3,6,7,8,9,4.895028709110149,0.01,8.091712039146012,0.026158804786505657,0.09513143597751945,333.47605384160374,2.5629935223217104,0.0,0.0,1e-06,0.11824458837509155,0.17246298801257465,0.2806157388221247,0.007740191952898879,0.0,canonical epsilon=1e-12; zero-vector effects retained,"population, time axis then sample/feature mean"
N-MNIST,SNN-DFA,20260909,H2,25,scheduled,results/paper_v9_signal_processing/03_five_seed/checkpoints/dfa_trained/seed_20260909/epoch_025.pt,730568a07c6383f31e86cccc42564ac3a89b8e71a735fed25a8dde6bcd6d4ddf,68c7650a879033a1e0c0c77b1685a7381be0433ca962999d3b32485aa8fa4348,basis_eval,800,time-collapsed,4,8,21,40,100,5.672726200607581,0.05,18.053297904562633,0.026158804786505657,0.09513143597751945,333.47605384160374,2.5629935223217104,0.0,0.0,1e-06,0.11824458837509155,0.17246298801257465,0.2806157388221247,0.007740191952898879,0.0,canonical epsilon=1e-12; zero-vector effects retained,"population, time axis then sample/feature mean"
N-MNIST,SNN-DFA,20260909,H2,25,scheduled,results/paper_v9_signal_processing/03_five_seed/checkpoints/dfa_trained/seed_20260909/epoch_025.pt,730568a07c6383f31e86cccc42564ac3a89b8e71a735fed25a8dde6bcd6d4ddf,68c7650a879033a1e0c0c77b1685a7381be0433ca962999d3b32485aa8fa4348,basis_eval,800,timestep,99,290,419,524,666,28.36157258085863,0.655,371.5410805398503,0.026158804786505657,0.09513143597751945,333.47605384160374,2.5629935223217104,0.0,0.0,1e-06,0.11824458837509155,0.17246298801257465,0.2806157388221247,0.007740191952898879,0.0,canonical epsilon=1e-12; zero-vector effects retained,"population, time axis then sample/feature mean"
N-MNIST,SNN-DFA,20260909,H3,25,scheduled,results/paper_v9_signal_processing/03_five_seed/checkpoints/dfa_trained/seed_20260909/epoch_025.pt,730568a07c6383f31e86cccc42564ac3a89b8e71a735fed25a8dde6bcd6d4ddf,68c7650a879033a1e0c0c77b1685a7381be0433ca962999d3b32485aa8fa4348,basis_eval,800,pre-gate,3,6,7,8,9,4.674677473307313,0.01,8.103258203303309,0.009466248197596002,0.05532261895796675,193.92925659867018,1.3579779831026486,0.0,0.0,1e-06,0.10242921859025955,0.16149099567518382,0.5008075880454458,0.0027694797214100775,0.0,canonical epsilon=1e-12; zero-vector effects retained,"population, time axis then sample/feature mean"
N-MNIST,SNN-DFA,20260909,H3,25,scheduled,results/paper_v9_signal_processing/03_five_seed/checkpoints/dfa_trained/seed_20260909/epoch_025.pt,730568a07c6383f31e86cccc42564ac3a89b8e71a735fed25a8dde6bcd6d4ddf,68c7650a879033a1e0c0c77b1685a7381be0433ca962999d3b32485aa8fa4348,basis_eval,800,time-collapsed,4,13,29,49,108,5.263501397617046,0.06125,22.902836798372547,0.009466248197596002,0.05532261895796675,193.92925659867018,1.3579779831026486,0.0,0.0,1e-06,0.10242921859025955,0.16149099567518382,0.5008075880454458,0.0027694797214100775,0.0,canonical epsilon=1e-12; zero-vector effects retained,"population, time axis then sample/feature mean"
N-MNIST,SNN-DFA,20260909,H3,25,scheduled,results/paper_v9_signal_processing/03_five_seed/checkpoints/dfa_trained/seed_20260909/epoch_025.pt,730568a07c6383f31e86cccc42564ac3a89b8e71a735fed25a8dde6bcd6d4ddf,68c7650a879033a1e0c0c77b1685a7381be0433ca962999d3b32485aa8fa4348,basis_eval,800,timestep,103,285,414,523,683,38.37992790220993,0.65375,408.1012180183712,0.009466248197596002,0.05532261895796675,193.92925659867018,1.3579779831026486,0.0,0.0,1e-06,0.10242921859025955,0.16149099567518382,0.5008075880454458,0.0027694797214100775,0.0,canonical epsilon=1e-12; zero-vector effects retained,"population, time axis then sample/feature mean"
N-MNIST,SNN-DFA,20260909,H1,50,scheduled,results/paper_v9_signal_processing/03_five_seed/checkpoints/dfa_trained/seed_20260909/epoch_050.pt,936dbb7821190ac7241bf5b2918468184b6c1adc4321292fee8108cda5a2b58e,89b381055b61ca4d03376bd94cc4ff27abdaeb9505730c25fbd7b7fcac5ddc5b,basis_eval,800,pre-gate,3,6,7,8,9,4.54329604076875,0.01,7.7478497418699455,0.013928934314712657,0.06886000617533973,241.3835436299531,1.883829117758787,0.0,0.0,1e-06,0.062118709087371826,0.11437307594135479,0.20197047431114343,0.0042820156895275975,0.0,canonical epsilon=1e-12; zero-vector effects retained,"population, time axis then sample/feature mean"
N-MNIST,SNN-DFA,20260909,H1,50,scheduled,results/paper_v9_signal_processing/03_five_seed/checkpoints/dfa_trained/seed_20260909/epoch_050.pt,936dbb7821190ac7241bf5b2918468184b6c1adc4321292fee8108cda5a2b58e,89b381055b61ca4d03376bd94cc4ff27abdaeb9505730c25fbd7b7fcac5ddc5b,basis_eval,800,time-collapsed,5,18,38,61,127,5.481452746936861,0.07625,28.414263636612766,0.013928934314712657,0.06886000617533973,241.3835436299531,1.883829117758787,0.0,0.0,1e-06,0.062118709087371826,0.11437307594135479,0.20197047431114343,0.0042820156895275975,0.0,canonical epsilon=1e-12; zero-vector effects retained,"population, time axis then sample/feature mean"
N-MNIST,SNN-DFA,20260909,H1,50,scheduled,results/paper_v9_signal_processing/03_five_seed/checkpoints/dfa_trained/seed_20260909/epoch_050.pt,936dbb7821190ac7241bf5b2918468184b6c1adc4321292fee8108cda5a2b58e,89b381055b61ca4d03376bd94cc4ff27abdaeb9505730c25fbd7b7fcac5ddc5b,basis_eval,800,timestep,116,307,433,534,674,42.782893377631986,0.6675,439.8806873611592,0.013928934314712657,0.06886000617533973,241.3835436299531,1.883829117758787,0.0,0.0,1e-06,0.062118709087371826,0.11437307594135479,0.20197047431114343,0.0042820156895275975,0.0,canonical epsilon=1e-12; zero-vector effects retained,"population, time axis then sample/feature mean"
N-MNIST,SNN-DFA,20260909,H2,50,scheduled,results/paper_v9_signal_processing/03_five_seed/checkpoints/dfa_trained/seed_20260909/epoch_050.pt,936dbb7821190ac7241bf5b2918468184b6c1adc4321292fee8108cda5a2b58e,89b381055b61ca4d03376bd94cc4ff27abdaeb9505730c25fbd7b7fcac5ddc5b,basis_eval,800,pre-gate,3,6,7,8,9,4.6583470257185,0.01,7.897123616624004,0.01975970550421916,0.08214482958150905,287.9524873229622,2.194561974535748,0.0,0.0,1e-06,0.09088402986526489,0.13692899208870232,0.3080369336859373,0.005952270399927704,0.0,canonical epsilon=1e-12; zero-vector effects retained,"population, time axis then sample/feature mean"
N-MNIST,SNN-DFA,20260909,H2,50,scheduled,results/paper_v9_signal_processing/03_five_seed/checkpoints/dfa_trained/seed_20260909/epoch_050.pt,936dbb7821190ac7241bf5b2918468184b6c1adc4321292fee8108cda5a2b58e,89b381055b61ca4d03376bd94cc4ff27abdaeb9505730c25fbd7b7fcac5ddc5b,basis_eval,800,time-collapsed,4,10,27,46,108,6.259243426820662,0.0575,20.845101880154928,0.01975970550421916,0.08214482958150905,287.9524873229622,2.194561974535748,0.0,0.0,1e-06,0.09088402986526489,0.13692899208870232,0.3080369336859373,0.005952270399927704,0.0,canonical epsilon=1e-12; zero-vector effects retained,"population, time axis then sample/feature mean"
N-MNIST,SNN-DFA,20260909,H2,50,scheduled,results/paper_v9_signal_processing/03_five_seed/checkpoints/dfa_trained/seed_20260909/epoch_050.pt,936dbb7821190ac7241bf5b2918468184b6c1adc4321292fee8108cda5a2b58e,89b381055b61ca4d03376bd94cc4ff27abdaeb9505730c25fbd7b7fcac5ddc5b,basis_eval,800,timestep,106,300,430,533,671,37.44764679790006,0.66625,403.4141820462081,0.01975970550421916,0.08214482958150905,287.9524873229622,2.194561974535748,0.0,0.0,1e-06,0.09088402986526489,0.13692899208870232,0.3080369336859373,0.005952270399927704,0.0,canonical epsilon=1e-12; zero-vector effects retained,"population, time axis then sample/feature mean"
N-MNIST,SNN-DFA,20260909,H3,50,scheduled,results/paper_v9_signal_processing/03_five_seed/checkpoints/dfa_trained/seed_20260909/epoch_050.pt,936dbb7821190ac7241bf5b2918468184b6c1adc4321292fee8108cda5a2b58e,89b381055b61ca4d03376bd94cc4ff27abdaeb9505730c25fbd7b7fcac5ddc5b,basis_eval,800,pre-gate,3,6,7,8,9,4.152832452776929,0.01,7.865564296377187,0.007665622159235487,0.04987376930198767,174.82872623685194,1.2236083027605398,0.0,0.0,1e-06,0.08470301330089569,0.13876232322856547,0.5123500713770657,0.0022821581988014417,0.0,canonical epsilon=1e-12; zero-vector effects retained,"population, time axis then sample/feature mean"
N-MNIST,SNN-DFA,20260909,H3,50,scheduled,results/paper_v9_signal_processing/03_five_seed/checkpoints/dfa_trained/seed_20260909/epoch_050.pt,936dbb7821190ac7241bf5b2918468184b6c1adc4321292fee8108cda5a2b58e,89b381055b61ca4d03376bd94cc4ff27abdaeb9505730c25fbd7b7fcac5ddc5b,basis_eval,800,time-collapsed,5,16,33,53,114,5.074858643262035,0.06625,25.26224447671398,0.007665622159235487,0.04987376930198767,174.82872623685194,1.2236083027605398,0.0,0.0,1e-06,0.08470301330089569,0.13876232322856547,0.5123500713770657,0.0022821581988014417,0.0,canonical epsilon=1e-12; zero-vector effects retained,"population, time axis then sample/feature mean"
N-MNIST,SNN-DFA,20260909,H3,50,scheduled,results/paper_v9_signal_processing/03_five_seed/checkpoints/dfa_trained/seed_20260909/epoch_050.pt,936dbb7821190ac7241bf5b2918468184b6c1adc4321292fee8108cda5a2b58e,89b381055b61ca4d03376bd94cc4ff27abdaeb9505730c25fbd7b7fcac5ddc5b,basis_eval,800,timestep,104,285,415,524,686,39.43625234990032,0.655,414.1151803531268,0.007665622159235487,0.04987376930198767,174.82872623685194,1.2236083027605398,0.0,0.0,1e-06,0.08470301330089569,0.13876232322856547,0.5123500713770657,0.0022821581988014417,0.0,canonical epsilon=1e-12; zero-vector effects retained,"population, time axis then sample/feature mean"
N-MNIST,SNN-DFA,20260909,H1,75,scheduled,results/paper_v9_signal_processing/03_five_seed/checkpoints/dfa_trained/seed_20260909/epoch_075.pt,90a08eb6f6b75fd3a91667fc2a7ffe48776d6ddd8a26bb319b91005bcd52fcf5,69d06126e8330fbe0fd6838742edf7c590b0bc897415dabb6bdd4a4c3e145e5f,basis_eval,800,pre-gate,3,6,7,8,10,4.910331215752436,0.01,7.9605133187671,0.012695831244950623,0.06529216375190246,228.87674185753283,1.784625539339129,0.0,0.0,1e-06,0.058244068175554276,0.10720129469220611,0.2061865388320448,0.0038675024519045052,0.0,canonical epsilon=1e-12; zero-vector effects retained,"population, time axis then sample/feature mean"
N-MNIST,SNN-DFA,20260909,H1,75,scheduled,results/paper_v9_signal_processing/03_five_seed/checkpoints/dfa_trained/seed_20260909/epoch_075.pt,90a08eb6f6b75fd3a91667fc2a7ffe48776d6ddd8a26bb319b91005bcd52fcf5,69d06126e8330fbe0fd6838742edf7c590b0bc897415dabb6bdd4a4c3e145e5f,basis_eval,800,time-collapsed,5,22,45,72,142,6.317912466128593,0.09,31.64039365298151,0.012695831244950623,0.06529216375190246,228.87674185753283,1.784625539339129,0.0,0.0,1e-06,0.058244068175554276,0.10720129469220611,0.2061865388320448,0.0038675024519045052,0.0,canonical epsilon=1e-12; zero-vector effects retained,"population, time axis then sample/feature mean"
N-MNIST,SNN-DFA,20260909,H1,75,scheduled,results/paper_v9_signal_processing/03_five_seed/checkpoints/dfa_trained/seed_20260909/epoch_075.pt,90a08eb6f6b75fd3a91667fc2a7ffe48776d6ddd8a26bb319b91005bcd52fcf5,69d06126e8330fbe0fd6838742edf7c590b0bc897415dabb6bdd4a4c3e145e5f,basis_eval,800,timestep,126,322,447,546,682,46.33786555580591,0.6825,460.8427823985086,0.012695831244950623,0.06529216375190246,228.87674185753283,1.784625539339129,0.0,0.0,1e-06,0.058244068175554276,0.10720129469220611,0.2061865388320448,0.0038675024519045052,0.0,canonical epsilon=1e-12; zero-vector effects retained,"population, time axis then sample/feature mean"
N-MNIST,SNN-DFA,20260909,H2,75,scheduled,results/paper_v9_signal_processing/03_five_seed/checkpoints/dfa_trained/seed_20260909/epoch_075.pt,90a08eb6f6b75fd3a91667fc2a7ffe48776d6ddd8a26bb319b91005bcd52fcf5,69d06126e8330fbe0fd6838742edf7c590b0bc897415dabb6bdd4a4c3e145e5f,basis_eval,800,pre-gate,3,6,7,8,10,4.7787532352038555,0.01,8.005455155286079,0.018689702919140554,0.07977896954462839,279.6591438983168,2.127512102734475,0.0,0.0,1e-06,0.08648033440113068,0.13060792914263275,0.31315147161856344,0.00564134040291014,0.0,canonical epsilon=1e-12; zero-vector effects retained,"population, time axis then sample/feature mean"
N-MNIST,SNN-DFA,20260909,H2,75,scheduled,results/paper_v9_signal_processing/03_five_seed/checkpoints/dfa_trained/seed_20260909/epoch_075.pt,90a08eb6f6b75fd3a91667fc2a7ffe48776d6ddd8a26bb319b91005bcd52fcf5,69d06126e8330fbe0fd6838742edf7c590b0bc897415dabb6bdd4a4c3e145e5f,basis_eval,800,time-collapsed,4,12,31,53,122,5.4196912368655985,0.06625,22.34657691699009,0.018689702919140554,0.07977896954462839,279.6591438983168,2.127512102734475,0.0,0.0,1e-06,0.08648033440113068,0.13060792914263275,0.31315147161856344,0.00564134040291014,0.0,canonical epsilon=1e-12; zero-vector effects retained,"population, time axis then sample/feature mean"
N-MNIST,SNN-DFA,20260909,H2,75,scheduled,results/paper_v9_signal_processing/03_five_seed/checkpoints/dfa_trained/seed_20260909/epoch_075.pt,90a08eb6f6b75fd3a91667fc2a7ffe48776d6ddd8a26bb319b91005bcd52fcf5,69d06126e8330fbe0fd6838742edf7c590b0bc897415dabb6bdd4a4c3e145e5f,basis_eval,800,timestep,108,303,433,536,674,32.50669548113537,0.67,406.55555251255583,0.018689702919140554,0.07977896954462839,279.6591438983168,2.127512102734475,0.0,0.0,1e-06,0.08648033440113068,0.13060792914263275,0.31315147161856344,0.00564134040291014,0.0,canonical epsilon=1e-12; zero-vector effects retained,"population, time axis then sample/feature mean"
N-MNIST,SNN-DFA,20260909,H3,75,scheduled,results/paper_v9_signal_processing/03_five_seed/checkpoints/dfa_trained/seed_20260909/epoch_075.pt,90a08eb6f6b75fd3a91667fc2a7ffe48776d6ddd8a26bb319b91005bcd52fcf5,69d06126e8330fbe0fd6838742edf7c590b0bc897415dabb6bdd4a4c3e145e5f,basis_eval,800,pre-gate,3,6,7,8,10,4.732030948620163,0.01,8.078659911103017,0.007495449217448157,0.04909663962437026,172.10455692781125,1.2042383627547202,0.0,0.0,1e-06,0.08731452375650406,0.13609841843564713,0.5092030823331362,0.0022083843688976814,0.0,canonical epsilon=1e-12; zero-vector effects retained,"population, time axis then sample/feature mean"
N-MNIST,SNN-DFA,20260909,H3,75,scheduled,results/paper_v9_signal_processing/03_five_seed/checkpoints/dfa_trained/seed_20260909/epoch_075.pt,90a08eb6f6b75fd3a91667fc2a7ffe48776d6ddd8a26bb319b91005bcd52fcf5,69d06126e8330fbe0fd6838742edf7c590b0bc897415dabb6bdd4a4c3e145e5f,basis_eval,800,time-collapsed,5,18,37,61,128,5.789682306531909,0.07625,27.967147425128466,0.007495449217448157,0.04909663962437026,172.10455692781125,1.2042383627547202,0.0,0.0,1e-06,0.08731452375650406,0.13609841843564713,0.5092030823331362,0.0022083843688976814,0.0,canonical epsilon=1e-12; zero-vector effects retained,"population, time axis then sample/feature mean"
N-MNIST,SNN-DFA,20260909,H3,75,scheduled,results/paper_v9_signal_processing/03_five_seed/checkpoints/dfa_trained/seed_20260909/epoch_075.pt,90a08eb6f6b75fd3a91667fc2a7ffe48776d6ddd8a26bb319b91005bcd52fcf5,69d06126e8330fbe0fd6838742edf7c590b0bc897415dabb6bdd4a4c3e145e5f,basis_eval,800,timestep,98,277,408,520,686,43.31842241102865,0.65,400.96813580514424,0.007495449217448157,0.04909663962437026,172.10455692781125,1.2042383627547202,0.0,0.0,1e-06,0.08731452375650406,0.13609841843564713,0.5092030823331362,0.0022083843688976814,0.0,canonical epsilon=1e-12; zero-vector effects retained,"population, time axis then sample/feature mean"
N-MNIST,SNN-DFA,20260909,H1,100,scheduled,results/paper_v9_signal_processing/03_five_seed/checkpoints/dfa_trained/seed_20260909/epoch_100.pt,0800c9e1ee7b4cf64c5099e83f65ae2c8adb1bf072ccdaa45be9f1911ae9bad7,50564632168eadd8c318f5a62be099560bb4e40fe5c7824bd8ea76061b1a80eb,basis_eval,800,pre-gate,3,5,7,8,10,4.436983962806044,0.01,7.690719897495831,0.012539951563407405,0.06482332627560182,227.23326754345993,1.7708581180841363,0.0,0.0,1e-06,0.05776066333055496,0.10571942270405006,0.20886120559199095,0.0038148680434816305,0.0,canonical epsilon=1e-12; zero-vector effects retained,"population, time axis then sample/feature mean"
N-MNIST,SNN-DFA,20260909,H1,100,scheduled,results/paper_v9_signal_processing/03_five_seed/checkpoints/dfa_trained/seed_20260909/epoch_100.pt,0800c9e1ee7b4cf64c5099e83f65ae2c8adb1bf072ccdaa45be9f1911ae9bad7,50564632168eadd8c318f5a62be099560bb4e40fe5c7824bd8ea76061b1a80eb,basis_eval,800,time-collapsed,5,22,47,75,147,6.912709425071612,0.09375,31.751717495501627,0.012539951563407405,0.06482332627560182,227.23326754345993,1.7708581180841363,0.0,0.0,1e-06,0.05776066333055496,0.10571942270405006,0.20886120559199095,0.0038148680434816305,0.0,canonical epsilon=1e-12; zero-vector effects retained,"population, time axis then sample/feature mean"
N-MNIST,SNN-DFA,20260909,H1,100,scheduled,results/paper_v9_signal_processing/03_five_seed/checkpoints/dfa_trained/seed_20260909/epoch_100.pt,0800c9e1ee7b4cf64c5099e83f65ae2c8adb1bf072ccdaa45be9f1911ae9bad7,50564632168eadd8c318f5a62be099560bb4e40fe5c7824bd8ea76061b1a80eb,basis_eval,800,timestep,126,325,451,550,683,52.49342029089328,0.6875,463.83235263569344,0.012539951563407405,0.06482332627560182,227.23326754345993,1.7708581180841363,0.0,0.0,1e-06,0.05776066333055496,0.10571942270405006,0.20886120559199095,0.0038148680434816305,0.0,canonical epsilon=1e-12; zero-vector effects retained,"population, time axis then sample/feature mean"
N-MNIST,SNN-DFA,20260909,H2,100,scheduled,results/paper_v9_signal_processing/03_five_seed/checkpoints/dfa_trained/seed_20260909/epoch_100.pt,0800c9e1ee7b4cf64c5099e83f65ae2c8adb1bf072ccdaa45be9f1911ae9bad7,50564632168eadd8c318f5a62be099560bb4e40fe5c7824bd8ea76061b1a80eb,basis_eval,800,pre-gate,3,5,7,8,10,4.502721810985261,0.01,7.7735430075262455,0.018702304079629924,0.07981312342542955,279.7788677443478,2.1278719393064502,0.0,0.0,1e-06,0.08622295409440994,0.13068243144201971,0.31439154401789493,0.005649142878816516,0.0,canonical epsilon=1e-12; zero-vector effects retained,"population, time axis then sample/feature mean"
N-MNIST,SNN-DFA,20260909,H2,100,scheduled,results/paper_v9_signal_processing/03_five_seed/checkpoints/dfa_trained/seed_20260909/epoch_100.pt,0800c9e1ee7b4cf64c5099e83f65ae2c8adb1bf072ccdaa45be9f1911ae9bad7,50564632168eadd8c318f5a62be099560bb4e40fe5c7824bd8ea76061b1a80eb,basis_eval,800,time-collapsed,4,12,30,54,123,5.704860544487128,0.0675,22.070107903960427,0.018702304079629924,0.07981312342542955,279.7788677443478,2.1278719393064502,0.0,0.0,1e-06,0.08622295409440994,0.13068243144201971,0.31439154401789493,0.005649142878816516,0.0,canonical epsilon=1e-12; zero-vector effects retained,"population, time axis then sample/feature mean"
N-MNIST,SNN-DFA,20260909,H2,100,scheduled,results/paper_v9_signal_processing/03_five_seed/checkpoints/dfa_trained/seed_20260909/epoch_100.pt,0800c9e1ee7b4cf64c5099e83f65ae2c8adb1bf072ccdaa45be9f1911ae9bad7,50564632168eadd8c318f5a62be099560bb4e40fe5c7824bd8ea76061b1a80eb,basis_eval,800,timestep,104,300,432,536,674,33.98108993861835,0.67,400.4891025474471,0.018702304079629924,0.07981312342542955,279.7788677443478,2.1278719393064502,0.0,0.0,1e-06,0.08622295409440994,0.13068243144201971,0.31439154401789493,0.005649142878816516,0.0,canonical epsilon=1e-12; zero-vector effects retained,"population, time axis then sample/feature mean"
N-MNIST,SNN-DFA,20260909,H3,100,scheduled,results/paper_v9_signal_processing/03_five_seed/checkpoints/dfa_trained/seed_20260909/epoch_100.pt,0800c9e1ee7b4cf64c5099e83f65ae2c8adb1bf072ccdaa45be9f1911ae9bad7,50564632168eadd8c318f5a62be099560bb4e40fe5c7824bd8ea76061b1a80eb,basis_eval,800,pre-gate,3,6,7,8,10,4.44595721370444,0.01,7.868952573736738,0.0076949526751224195,0.04968896470035277,174.18090768295752,1.2293457530347984,0.0,0.0,1e-06,0.08513367176055908,0.13211429733369834,0.4941190481245318,0.002260753842298817,0.0,canonical epsilon=1e-12; zero-vector effects retained,"population, time axis then sample/feature mean"
N-MNIST,SNN-DFA,20260909,H3,100,scheduled,results/paper_v9_signal_processing/03_five_seed/checkpoints/dfa_trained/seed_20260909/epoch_100.pt,0800c9e1ee7b4cf64c5099e83f65ae2c8adb1bf072ccdaa45be9f1911ae9bad7,50564632168eadd8c318f5a62be099560bb4e40fe5c7824bd8ea76061b1a80eb,basis_eval,800,time-collapsed,4,18,38,63,131,5.091874399018138,0.07875,26.743063046798053,0.0076949526751224195,0.04968896470035277,174.18090768295752,1.2293457530347984,0.0,0.0,1e-06,0.08513367176055908,0.13211429733369834,0.4941190481245318,0.002260753842298817,0.0,canonical epsilon=1e-12; zero-vector effects retained,"population, time axis then sample/feature mean"
N-MNIST,SNN-DFA,20260909,H3,100,scheduled,results/paper_v9_signal_processing/03_five_seed/checkpoints/dfa_trained/seed_20260909/epoch_100.pt,0800c9e1ee7b4cf64c5099e83f65ae2c8adb1bf072ccdaa45be9f1911ae9bad7,50564632168eadd8c318f5a62be099560bb4e40fe5c7824bd8ea76061b1a80eb,basis_eval,800,timestep,90,269,402,517,686,36.917133156216124,0.64625,380.9051104307971,0.0076949526751224195,0.04968896470035277,174.18090768295752,1.2293457530347984,0.0,0.0,1e-06,0.08513367176055908,0.13211429733369834,0.4941190481245318,0.002260753842298817,0.0,canonical epsilon=1e-12; zero-vector effects retained,"population, time axis then sample/feature mean"
N-MNIST,SNN-DFA,20260909,H1,42,validation_selected_best,results/paper_v9_signal_processing/03_five_seed/checkpoints/dfa_trained/seed_20260909/best_validation.pt,d36813c543b9b2e0408637db5f0b4df3f2bd7dfbe2525d5d474515e8986ac724,087a1fbfb92edc55adcb6e4584bc2d68a8e2387465e3e4397e4ef4efb8ef3452,basis_eval,800,pre-gate,3,5,7,8,9,4.367668998334918,0.01,7.686698876178071,0.014844651260313,0.07113065401977033,249.3431279150443,1.947669148096572,0.0,0.0,1e-06,0.06639774143695831,0.12157886540817311,0.19588364748903825,0.0045456114282774965,0.0,canonical epsilon=1e-12; zero-vector effects retained,"population, time axis then sample/feature mean"
N-MNIST,SNN-DFA,20260909,H1,42,validation_selected_best,results/paper_v9_signal_processing/03_five_seed/checkpoints/dfa_trained/seed_20260909/best_validation.pt,d36813c543b9b2e0408637db5f0b4df3f2bd7dfbe2525d5d474515e8986ac724,087a1fbfb92edc55adcb6e4584bc2d68a8e2387465e3e4397e4ef4efb8ef3452,basis_eval,800,time-collapsed,5,18,39,67,142,6.458188309723097,0.08375,28.61022982548494,0.014844651260313,0.07113065401977033,249.3431279150443,1.947669148096572,0.0,0.0,1e-06,0.06639774143695831,0.12157886540817311,0.19588364748903825,0.0045456114282774965,0.0,canonical epsilon=1e-12; zero-vector effects retained,"population, time axis then sample/feature mean"
N-MNIST,SNN-DFA,20260909,H1,42,validation_selected_best,results/paper_v9_signal_processing/03_five_seed/checkpoints/dfa_trained/seed_20260909/best_validation.pt,d36813c543b9b2e0408637db5f0b4df3f2bd7dfbe2525d5d474515e8986ac724,087a1fbfb92edc55adcb6e4584bc2d68a8e2387465e3e4397e4ef4efb8ef3452,basis_eval,800,timestep,116,310,439,539,677,47.59395612043523,0.67375,440.3939599343505,0.014844651260313,0.07113065401977033,249.3431279150443,1.947669148096572,0.0,0.0,1e-06,0.06639774143695831,0.12157886540817311,0.19588364748903825,0.0045456114282774965,0.0,canonical epsilon=1e-12; zero-vector effects retained,"population, time axis then sample/feature mean"
N-MNIST,SNN-DFA,20260909,H2,42,validation_selected_best,results/paper_v9_signal_processing/03_five_seed/checkpoints/dfa_trained/seed_20260909/best_validation.pt,d36813c543b9b2e0408637db5f0b4df3f2bd7dfbe2525d5d474515e8986ac724,087a1fbfb92edc55adcb6e4584bc2d68a8e2387465e3e4397e4ef4efb8ef3452,basis_eval,800,pre-gate,3,6,7,8,9,4.388107840610718,0.01,7.80523449705932,0.021511639022442738,0.0859326582698434,301.23043430898616,2.2986061376204607,0.0,0.0,1e-06,0.09715508669614792,0.14594229436172898,0.30255965917802574,0.006466573511233955,0.0,canonical epsilon=1e-12; zero-vector effects retained,"population, time axis then sample/feature mean"
N-MNIST,SNN-DFA,20260909,H2,42,validation_selected_best,results/paper_v9_signal_processing/03_five_seed/checkpoints/dfa_trained/seed_20260909/best_validation.pt,d36813c543b9b2e0408637db5f0b4df3f2bd7dfbe2525d5d474515e8986ac724,087a1fbfb92edc55adcb6e4584bc2d68a8e2387465e3e4397e4ef4efb8ef3452,basis_eval,800,time-collapsed,4,10,27,50,122,4.993876770831692,0.0625,19.89531670244381,0.021511639022442738,0.0859326582698434,301.23043430898616,2.2986061376204607,0.0,0.0,1e-06,0.09715508669614792,0.14594229436172898,0.30255965917802574,0.006466573511233955,0.0,canonical epsilon=1e-12; zero-vector effects retained,"population, time axis then sample/feature mean"
N-MNIST,SNN-DFA,20260909,H2,42,validation_selected_best,results/paper_v9_signal_processing/03_five_seed/checkpoints/dfa_trained/seed_20260909/best_validation.pt,d36813c543b9b2e0408637db5f0b4df3f2bd7dfbe2525d5d474515e8986ac724,087a1fbfb92edc55adcb6e4584bc2d68a8e2387465e3e4397e4ef4efb8ef3452,basis_eval,800,timestep,104,303,434,537,674,29.18089436943901,0.67125,392.4324699600742,0.021511639022442738,0.0859326582698434,301.23043430898616,2.2986061376204607,0.0,0.0,1e-06,0.09715508669614792,0.14594229436172898,0.30255965917802574,0.006466573511233955,0.0,canonical epsilon=1e-12; zero-vector effects retained,"population, time axis then sample/feature mean"
N-MNIST,SNN-DFA,20260909,H3,42,validation_selected_best,results/paper_v9_signal_processing/03_five_seed/checkpoints/dfa_trained/seed_20260909/best_validation.pt,d36813c543b9b2e0408637db5f0b4df3f2bd7dfbe2525d5d474515e8986ac724,087a1fbfb92edc55adcb6e4584bc2d68a8e2387465e3e4397e4ef4efb8ef3452,basis_eval,800,pre-gate,3,6,7,8,9,4.447212605564636,0.01,7.873528325530868,0.008319179179277651,0.05186885500591764,181.8223482797258,1.2729594864672784,0.0,0.0,1e-06,0.08682045340538025,0.14319250572381326,0.5103914602557714,0.0024637929992883507,0.0,canonical epsilon=1e-12; zero-vector effects retained,"population, time axis then sample/feature mean"
N-MNIST,SNN-DFA,20260909,H3,42,validation_selected_best,results/paper_v9_signal_processing/03_five_seed/checkpoints/dfa_trained/seed_20260909/best_validation.pt,d36813c543b9b2e0408637db5f0b4df3f2bd7dfbe2525d5d474515e8986ac724,087a1fbfb92edc55adcb6e4584bc2d68a8e2387465e3e4397e4ef4efb8ef3452,basis_eval,800,time-collapsed,5,18,36,62,132,5.702693553628527,0.0775,27.17233745622352,0.008319179179277651,0.05186885500591764,181.8223482797258,1.2729594864672784,0.0,0.0,1e-06,0.08682045340538025,0.14319250572381326,0.5103914602557714,0.0024637929992883507,0.0,canonical epsilon=1e-12; zero-vector effects retained,"population, time axis then sample/feature mean"
N-MNIST,SNN-DFA,20260909,H3,42,validation_selected_best,results/paper_v9_signal_processing/03_five_seed/checkpoints/dfa_trained/seed_20260909/best_validation.pt,d36813c543b9b2e0408637db5f0b4df3f2bd7dfbe2525d5d474515e8986ac724,087a1fbfb92edc55adcb6e4584bc2d68a8e2387465e3e4397e4ef4efb8ef3452,basis_eval,800,timestep,104,290,422,532,691,43.029250745204706,0.665,414.90050661010355,0.008319179179277651,0.05186885500591764,181.8223482797258,1.2729594864672784,0.0,0.0,1e-06,0.08682045340538025,0.14319250572381326,0.5103914602557714,0.0024637929992883507,0.0,canonical epsilon=1e-12; zero-vector effects retained,"population, time axis then sample/feature mean"
