control_scope,dataset,source_model,seed,layer,probe_split,N,T,D,coordinate_system,offline_only,family,condition,alpha,scale_mode,mask_seed,target_zero_fraction,achieved_zero_fraction,mask_replicate,marginal_preservation_check,r50,r80,r90,r95,r99,stable_rank,spectral_entropy,entropy_effective_rank,normalized_entropy_effective_rank,mean_abs_g,rms_g,exact_zero_fraction,near_zero_fraction,temporal_gate_cosine,adjacent_timestep_cosine,checkpoint_sha256,method,epoch100_test_accuracy,selected_test_accuracy,source_file
offline_post_hoc,N-MNIST,SNN-DFA,20260830,H1,basis_eval,512,30,800,same_trained_model_and_neuron_coordinates,True,magnitude_sparsity,0,nan,unscaled,nan,0.0,0.0,nan,nan,124,321,448,546,680,43.271599085746814,6.124434206395464,456.8861368711281,0.5711076710889101,0.0127105540999767,0.0652341079733922,0.0,0.0,0.0579969622194767,0.1062942856767887,b8f2c8c95c5944358405d35f2d38dcb293461fa1e8641e9e6cb29ab98e39a534,,,,results/frozen_sources/mechanisms/magnitude_sparsification_per_seed.csv#row=2
offline_post_hoc,N-MNIST,SNN-DFA,20260830,H1,basis_eval,512,30,800,same_trained_model_and_neuron_coordinates,True,magnitude_sparsity,0,nan,global_frobenius_norm_matched,nan,0.0,0.0,nan,nan,124,321,448,546,680,43.271599085746814,6.124434206395464,456.8861368711281,0.5711076710889101,0.0127105540999767,0.0652341079733922,0.0,0.0,0.0579969622194767,0.1062942856767887,b8f2c8c95c5944358405d35f2d38dcb293461fa1e8641e9e6cb29ab98e39a534,,,,results/frozen_sources/mechanisms/magnitude_sparsification_per_seed.csv#row=3
offline_post_hoc,N-MNIST,SNN-DFA,20260830,H1,basis_eval,512,30,800,same_trained_model_and_neuron_coordinates,True,magnitude_sparsity,0.25,nan,unscaled,nan,0.25,0.25,nan,nan,124,321,448,546,680,43.285593245194725,6.124517532889842,456.9242091774371,0.5711552614717964,0.0126956662959693,0.0652340988753754,0.25,0.25,0.0579348802566528,0.1062890706973363,b8f2c8c95c5944358405d35f2d38dcb293461fa1e8641e9e6cb29ab98e39a534,,,,results/frozen_sources/mechanisms/magnitude_sparsification_per_seed.csv#row=4
offline_post_hoc,N-MNIST,SNN-DFA,20260830,H1,basis_eval,512,30,800,same_trained_model_and_neuron_coordinates,True,magnitude_sparsity,0.25,nan,global_frobenius_norm_matched,nan,0.25,0.25,nan,nan,124,321,448,546,680,43.285593245194725,6.124517532889842,456.9242091774371,0.5711552614717964,0.0126956662959693,0.0652340988753754,0.25,0.25,0.0579348802566528,0.1062890706973363,b8f2c8c95c5944358405d35f2d38dcb293461fa1e8641e9e6cb29ab98e39a534,,,,results/frozen_sources/mechanisms/magnitude_sparsification_per_seed.csv#row=5
offline_post_hoc,N-MNIST,SNN-DFA,20260830,H1,basis_eval,512,30,800,same_trained_model_and_neuron_coordinates,True,magnitude_sparsity,0.50,nan,unscaled,nan,0.5,0.5,nan,nan,124,321,448,546,680,43.435493912303016,6.125221772494088,457.246106634844,0.571557633293555,0.0126248498723907,0.0652339229371384,0.5,0.5,0.0574967935681343,0.1061078171118218,b8f2c8c95c5944358405d35f2d38dcb293461fa1e8641e9e6cb29ab98e39a534,,,,results/frozen_sources/mechanisms/magnitude_sparsification_per_seed.csv#row=6
offline_post_hoc,N-MNIST,SNN-DFA,20260830,H1,basis_eval,512,30,800,same_trained_model_and_neuron_coordinates,True,magnitude_sparsity,0.50,nan,global_frobenius_norm_matched,nan,0.5,0.5,nan,nan,124,321,448,546,680,43.435493912303016,6.125221772494088,457.246106634844,0.571557633293555,0.0126248498723907,0.0652339229371384,0.5,0.5,0.0574967935681343,0.1061078171118218,b8f2c8c95c5944358405d35f2d38dcb293461fa1e8641e9e6cb29ab98e39a534,,,,results/frozen_sources/mechanisms/magnitude_sparsification_per_seed.csv#row=7
offline_post_hoc,N-MNIST,SNN-DFA,20260830,H1,basis_eval,512,30,800,same_trained_model_and_neuron_coordinates,True,magnitude_sparsity,0.75,nan,unscaled,nan,0.75,0.75,nan,nan,124,321,448,546,680,44.57399467575234,6.129788982650015,459.3392219070615,0.574174027383827,0.0123340991677316,0.0652308090385949,0.75,0.75,0.0552615858614444,0.1035836082057067,b8f2c8c95c5944358405d35f2d38dcb293461fa1e8641e9e6cb29ab98e39a534,,,,results/frozen_sources/mechanisms/magnitude_sparsification_per_seed.csv#row=8
offline_post_hoc,N-MNIST,SNN-DFA,20260830,H1,basis_eval,512,30,800,same_trained_model_and_neuron_coordinates,True,magnitude_sparsity,0.75,nan,global_frobenius_norm_matched,nan,0.75,0.75,nan,nan,124,321,448,546,680,44.57399467575234,6.129788982650015,459.3392219070615,0.574174027383827,0.0123341065106887,0.0652308479069113,0.75,0.75,0.0552615858614444,0.1035836082057067,b8f2c8c95c5944358405d35f2d38dcb293461fa1e8641e9e6cb29ab98e39a534,,,,results/frozen_sources/mechanisms/magnitude_sparsification_per_seed.csv#row=9
offline_post_hoc,N-MNIST,SNN-DFA,20260830,H1,basis_eval,512,30,800,same_trained_model_and_neuron_coordinates,True,magnitude_sparsity,ann_matched,nan,unscaled,nan,0.8526092936197917,0.8526092936197917,nan,nan,125,322,449,547,680,46.85160500528606,6.13778126633026,463.0251009493671,0.5787813761867089,0.0119200944656096,0.0652168893232967,0.8526092936197917,0.8526092936197917,0.0517836511135101,0.0979664976441272,b8f2c8c95c5944358405d35f2d38dcb293461fa1e8641e9e6cb29ab98e39a534,,,,results/frozen_sources/mechanisms/magnitude_sparsification_per_seed.csv#row=10
offline_post_hoc,N-MNIST,SNN-DFA,20260830,H1,basis_eval,512,30,800,same_trained_model_and_neuron_coordinates,True,magnitude_sparsity,ann_matched,nan,global_frobenius_norm_matched,nan,0.8526092936197917,0.8526092936197917,nan,nan,125,322,449,547,680,46.85160500528606,6.13778126633026,463.0251009493671,0.5787813761867089,0.0119203886099961,0.0652184986402067,0.8526092936197917,0.8526092936197917,0.0517836511135101,0.0979664976441272,b8f2c8c95c5944358405d35f2d38dcb293461fa1e8641e9e6cb29ab98e39a534,,,,results/frozen_sources/mechanisms/magnitude_sparsification_per_seed.csv#row=11
offline_post_hoc,N-MNIST,SNN-DFA,20260830,H2,basis_eval,512,30,800,same_trained_model_and_neuron_coordinates,True,magnitude_sparsity,0,nan,unscaled,nan,0.0,0.0,nan,nan,105,299,427,528,664,34.24198966823596,5.98992145561933,399.38323938594846,0.4992290492324355,0.017726797456581,0.0776460680027963,0.0,0.0,0.0840893238782882,0.1297228659402475,b8f2c8c95c5944358405d35f2d38dcb293461fa1e8641e9e6cb29ab98e39a534,,,,results/frozen_sources/mechanisms/magnitude_sparsification_per_seed.csv#row=12
offline_post_hoc,N-MNIST,SNN-DFA,20260830,H2,basis_eval,512,30,800,same_trained_model_and_neuron_coordinates,True,magnitude_sparsity,0,nan,global_frobenius_norm_matched,nan,0.0,0.0,nan,nan,105,299,427,528,664,34.24198966823596,5.98992145561933,399.38323938594846,0.4992290492324355,0.017726797456581,0.0776460680027963,0.0,0.0,0.0840893238782882,0.1297228659402475,b8f2c8c95c5944358405d35f2d38dcb293461fa1e8641e9e6cb29ab98e39a534,,,,results/frozen_sources/mechanisms/magnitude_sparsification_per_seed.csv#row=13
offline_post_hoc,N-MNIST,SNN-DFA,20260830,H2,basis_eval,512,30,800,same_trained_model_and_neuron_coordinates,True,magnitude_sparsity,0.25,nan,unscaled,nan,0.25,0.25,nan,nan,105,299,427,528,664,34.251744515517025,5.990036316206748,399.4291154140526,0.4992863942675657,0.0176827852991687,0.0776459838217307,0.25,0.25,0.0838412418961525,0.1296852290596324,b8f2c8c95c5944358405d35f2d38dcb293461fa1e8641e9e6cb29ab98e39a534,,,,results/frozen_sources/mechanisms/magnitude_sparsification_per_seed.csv#row=14
offline_post_hoc,N-MNIST,SNN-DFA,20260830,H2,basis_eval,512,30,800,same_trained_model_and_neuron_coordinates,True,magnitude_sparsity,0.25,nan,global_frobenius_norm_matched,nan,0.25,0.25,nan,nan,105,299,427,528,664,34.251744515517025,5.990036316206748,399.4291154140526,0.4992863942675657,0.0176827852991687,0.0776459838217307,0.25,0.25,0.0838412418961525,0.1296852290596324,b8f2c8c95c5944358405d35f2d38dcb293461fa1e8641e9e6cb29ab98e39a534,,,,results/frozen_sources/mechanisms/magnitude_sparsification_per_seed.csv#row=15
offline_post_hoc,N-MNIST,SNN-DFA,20260830,H2,basis_eval,512,30,800,same_trained_model_and_neuron_coordinates,True,magnitude_sparsity,0.50,nan,unscaled,nan,0.5,0.5,nan,nan,105,299,427,528,664,34.38119671949375,5.991272638994592,399.9232441199176,0.4999040551498969,0.0174936979174835,0.0776449837470449,0.5,0.5,0.0825379192829132,0.1290150833174744,b8f2c8c95c5944358405d35f2d38dcb293461fa1e8641e9e6cb29ab98e39a534,,,,results/frozen_sources/mechanisms/magnitude_sparsification_per_seed.csv#row=16
offline_post_hoc,N-MNIST,SNN-DFA,20260830,H2,basis_eval,512,30,800,same_trained_model_and_neuron_coordinates,True,magnitude_sparsity,0.50,nan,global_frobenius_norm_matched,nan,0.5,0.5,nan,nan,105,299,427,528,664,34.38119671949375,5.991272638994592,399.9232441199176,0.4999040551498969,0.0174936979174835,0.0776449837470449,0.5,0.5,0.0825379192829132,0.1290150833174744,b8f2c8c95c5944358405d35f2d38dcb293461fa1e8641e9e6cb29ab98e39a534,,,,results/frozen_sources/mechanisms/magnitude_sparsification_per_seed.csv#row=17
offline_post_hoc,N-MNIST,SNN-DFA,20260830,H2,basis_eval,512,30,800,same_trained_model_and_neuron_coordinates,True,magnitude_sparsity,0.75,nan,unscaled,nan,0.75,0.75,nan,nan,106,300,428,529,664,35.45424714634704,6.000809703056302,403.7555833033266,0.5046944791291582,0.0168943626396421,0.0776343091190619,0.75,0.75,0.0776851400732994,0.1236898497749777,b8f2c8c95c5944358405d35f2d38dcb293461fa1e8641e9e6cb29ab98e39a534,,,,results/frozen_sources/mechanisms/magnitude_sparsification_per_seed.csv#row=18
offline_post_hoc,N-MNIST,SNN-DFA,20260830,H2,basis_eval,512,30,800,same_trained_model_and_neuron_coordinates,True,magnitude_sparsity,0.75,nan,global_frobenius_norm_matched,nan,0.75,0.75,nan,nan,106,300,428,529,664,35.45424714634704,6.000809703056302,403.7555833033266,0.5046944791291582,0.0168944411831518,0.077634670053074,0.75,0.75,0.0776851400732994,0.1236898497749777,b8f2c8c95c5944358405d35f2d38dcb293461fa1e8641e9e6cb29ab98e39a534,,,,results/frozen_sources/mechanisms/magnitude_sparsification_per_seed.csv#row=19
offline_post_hoc,N-MNIST,SNN-DFA,20260830,H2,basis_eval,512,30,800,same_trained_model_and_neuron_coordinates,True,magnitude_sparsity,ann_matched,nan,unscaled,nan,0.83249462890625,0.83249462890625,nan,nan,108,301,429,530,665,36.9823162205371,6.013588073055424,408.9480263607152,0.511185032950894,0.0163435134256001,0.0776095586887751,0.83249462890625,0.83249462890625,0.0729282945394516,0.1169018045746014,b8f2c8c95c5944358405d35f2d38dcb293461fa1e8641e9e6cb29ab98e39a534,,,,results/frozen_sources/mechanisms/magnitude_sparsification_per_seed.csv#row=20
offline_post_hoc,N-MNIST,SNN-DFA,20260830,H2,basis_eval,512,30,800,same_trained_model_and_neuron_coordinates,True,magnitude_sparsity,ann_matched,nan,global_frobenius_norm_matched,nan,0.83249462890625,0.83249462890625,nan,nan,108,301,429,530,665,36.9823162205371,6.013588073055424,408.9480263607152,0.511185032950894,0.0163445265400375,0.0776143696083519,0.83249462890625,0.83249462890625,0.0729282945394516,0.1169018045746014,b8f2c8c95c5944358405d35f2d38dcb293461fa1e8641e9e6cb29ab98e39a534,,,,results/frozen_sources/mechanisms/magnitude_sparsification_per_seed.csv#row=21
offline_post_hoc,N-MNIST,SNN-DFA,20260830,H3,basis_eval,512,30,800,same_trained_model_and_neuron_coordinates,True,magnitude_sparsity,0,nan,unscaled,nan,0.0,0.0,nan,nan,101,281,411,523,688,46.65953694403787,6.013041829297904,408.7247020544724,0.5109058775680905,0.0079003907885253,0.0504234298643598,0.0,0.0,0.0880589932203292,0.1358324827874336,b8f2c8c95c5944358405d35f2d38dcb293461fa1e8641e9e6cb29ab98e39a534,,,,results/frozen_sources/mechanisms/magnitude_sparsification_per_seed.csv#row=22
offline_post_hoc,N-MNIST,SNN-DFA,20260830,H3,basis_eval,512,30,800,same_trained_model_and_neuron_coordinates,True,magnitude_sparsity,0,nan,global_frobenius_norm_matched,nan,0.0,0.0,nan,nan,101,281,411,523,688,46.65953694403787,6.013041829297904,408.7247020544724,0.5109058775680905,0.0079003907885253,0.0504234298643598,0.0,0.0,0.0880589932203292,0.1358324827874336,b8f2c8c95c5944358405d35f2d38dcb293461fa1e8641e9e6cb29ab98e39a534,,,,results/frozen_sources/mechanisms/magnitude_sparsification_per_seed.csv#row=23
offline_post_hoc,N-MNIST,SNN-DFA,20260830,H3,basis_eval,512,30,800,same_trained_model_and_neuron_coordinates,True,magnitude_sparsity,0.25,nan,unscaled,nan,0.25,0.25,nan,nan,101,281,411,523,688,46.693817790175466,6.013223428853534,408.7989330186917,0.5109986662733647,0.0078512040545715,0.0504233129428646,0.25,0.25,0.0878171399235725,0.1357633064412164,b8f2c8c95c5944358405d35f2d38dcb293461fa1e8641e9e6cb29ab98e39a534,,,,results/frozen_sources/mechanisms/magnitude_sparsification_per_seed.csv#row=24
offline_post_hoc,N-MNIST,SNN-DFA,20260830,H3,basis_eval,512,30,800,same_trained_model_and_neuron_coordinates,True,magnitude_sparsity,0.25,nan,global_frobenius_norm_matched,nan,0.25,0.25,nan,nan,101,281,411,523,688,46.693817790175466,6.013223428853534,408.7989330186917,0.5109986662733647,0.0078512040545715,0.0504233129428646,0.25,0.25,0.0878171399235725,0.1357633064412164,b8f2c8c95c5944358405d35f2d38dcb293461fa1e8641e9e6cb29ab98e39a534,,,,results/frozen_sources/mechanisms/magnitude_sparsification_per_seed.csv#row=25
offline_post_hoc,N-MNIST,SNN-DFA,20260830,H3,basis_eval,512,30,800,same_trained_model_and_neuron_coordinates,True,magnitude_sparsity,0.50,nan,unscaled,nan,0.5,0.5,nan,nan,101,281,411,523,688,46.795590462659774,6.013697023479322,408.992583848774,0.5112407298109675,0.0077364771185965,0.0504227748290696,0.5,0.5,0.0870884656906127,0.1354173789063772,b8f2c8c95c5944358405d35f2d38dcb293461fa1e8641e9e6cb29ab98e39a534,,,,results/frozen_sources/mechanisms/magnitude_sparsification_per_seed.csv#row=26
offline_post_hoc,N-MNIST,SNN-DFA,20260830,H3,basis_eval,512,30,800,same_trained_model_and_neuron_coordinates,True,magnitude_sparsity,0.50,nan,global_frobenius_norm_matched,nan,0.5,0.5,nan,nan,101,281,411,523,688,46.795590462659774,6.013697023479322,408.992583848774,0.5112407298109675,0.0077364771185965,0.0504227748290696,0.5,0.5,0.0870884656906127,0.1354173789063772,b8f2c8c95c5944358405d35f2d38dcb293461fa1e8641e9e6cb29ab98e39a534,,,,results/frozen_sources/mechanisms/magnitude_sparsification_per_seed.csv#row=27
offline_post_hoc,N-MNIST,SNN-DFA,20260830,H3,basis_eval,512,30,800,same_trained_model_and_neuron_coordinates,True,magnitude_sparsity,0.75,nan,unscaled,nan,0.75,0.75,nan,nan,102,282,412,523,688,47.20910231117461,6.01551140792938,409.7353272403696,0.5121691590504619,0.0075098719468451,0.0504206203543616,0.75,0.75,0.0851054489612579,0.1339619333757937,b8f2c8c95c5944358405d35f2d38dcb293461fa1e8641e9e6cb29ab98e39a534,,,,results/frozen_sources/mechanisms/magnitude_sparsification_per_seed.csv#row=28
offline_post_hoc,N-MNIST,SNN-DFA,20260830,H3,basis_eval,512,30,800,same_trained_model_and_neuron_coordinates,True,magnitude_sparsity,0.75,nan,global_frobenius_norm_matched,nan,0.75,0.75,nan,nan,102,282,412,523,688,47.20910231117461,6.01551140792938,409.7353272403696,0.5121691590504619,0.0075098737230184,0.0504206323460816,0.75,0.75,0.0851054489612579,0.1339619333757937,b8f2c8c95c5944358405d35f2d38dcb293461fa1e8641e9e6cb29ab98e39a534,,,,results/frozen_sources/mechanisms/magnitude_sparsification_per_seed.csv#row=29
offline_post_hoc,N-MNIST,SNN-DFA,20260830,H3,basis_eval,512,30,800,same_trained_model_and_neuron_coordinates,True,magnitude_sparsity,ann_matched,nan,unscaled,nan,0.8996985677083333,0.8996985677083333,nan,nan,103,283,413,524,689,49.43823811220677,6.02427047554116,413.339990372485,0.5166749879656062,0.007116304713613,0.0504086234061557,0.8996985677083333,0.8996985677083333,0.0790207162499427,0.1267032635020762,b8f2c8c95c5944358405d35f2d38dcb293461fa1e8641e9e6cb29ab98e39a534,,,,results/frozen_sources/mechanisms/magnitude_sparsification_per_seed.csv#row=30
offline_post_hoc,N-MNIST,SNN-DFA,20260830,H3,basis_eval,512,30,800,same_trained_model_and_neuron_coordinates,True,magnitude_sparsity,ann_matched,nan,global_frobenius_norm_matched,nan,0.8996985677083333,0.8996985677083333,nan,nan,103,283,413,524,689,49.43823811220677,6.02427047554116,413.339990372485,0.5166749879656062,0.0071164633516001,0.0504097471251661,0.8996985677083333,0.8996985677083333,0.0790207162499427,0.1267032635020762,b8f2c8c95c5944358405d35f2d38dcb293461fa1e8641e9e6cb29ab98e39a534,,,,results/frozen_sources/mechanisms/magnitude_sparsification_per_seed.csv#row=31
offline_post_hoc,N-MNIST,SNN-DFA,20260831,H1,basis_eval,512,30,800,same_trained_model_and_neuron_coordinates,True,magnitude_sparsity,0,nan,unscaled,nan,0.0,0.0,nan,nan,130,331,457,554,682,49.9820209564572,6.159079688863601,472.9925741340908,0.5912407176676135,0.0124539867610056,0.0645126198267627,0.0,0.0,0.0575211085379123,0.1057598228333332,b486ef7efe077a5e11dbfa4148cfa5a8ec90514c3508227a9bf491bde631d58a,,,,results/frozen_sources/mechanisms/magnitude_sparsification_per_seed.csv#row=32
offline_post_hoc,N-MNIST,SNN-DFA,20260831,H1,basis_eval,512,30,800,same_trained_model_and_neuron_coordinates,True,magnitude_sparsity,0,nan,global_frobenius_norm_matched,nan,0.0,0.0,nan,nan,130,331,457,554,682,49.9820209564572,6.159079688863601,472.9925741340908,0.5912407176676135,0.0124539867610056,0.0645126198267627,0.0,0.0,0.0575211085379123,0.1057598228333332,b486ef7efe077a5e11dbfa4148cfa5a8ec90514c3508227a9bf491bde631d58a,,,,results/frozen_sources/mechanisms/magnitude_sparsification_per_seed.csv#row=33
offline_post_hoc,N-MNIST,SNN-DFA,20260831,H1,basis_eval,512,30,800,same_trained_model_and_neuron_coordinates,True,magnitude_sparsity,0.25,nan,unscaled,nan,0.25,0.25,nan,nan,130,331,457,554,682,50.005244894574886,6.159162394303104,473.0316948105404,0.5912896185131755,0.0124395828323672,0.0645126111684623,0.25,0.25,0.0574600845575332,0.1057545905606294,b486ef7efe077a5e11dbfa4148cfa5a8ec90514c3508227a9bf491bde631d58a,,,,results/frozen_sources/mechanisms/magnitude_sparsification_per_seed.csv#row=34
offline_post_hoc,N-MNIST,SNN-DFA,20260831,H1,basis_eval,512,30,800,same_trained_model_and_neuron_coordinates,True,magnitude_sparsity,0.25,nan,global_frobenius_norm_matched,nan,0.25,0.25,nan,nan,130,331,457,554,682,50.005244894574886,6.159162394303104,473.0316948105404,0.5912896185131755,0.0124395828323672,0.0645126111684623,0.25,0.25,0.0574600845575332,0.1057545905606294,b486ef7efe077a5e11dbfa4148cfa5a8ec90514c3508227a9bf491bde631d58a,,,,results/frozen_sources/mechanisms/magnitude_sparsification_per_seed.csv#row=35
offline_post_hoc,N-MNIST,SNN-DFA,20260831,H1,basis_eval,512,30,800,same_trained_model_and_neuron_coordinates,True,magnitude_sparsity,0.50,nan,unscaled,nan,0.5,0.5,nan,nan,131,331,457,554,682,50.241447975271846,6.159876720492547,473.36971445234826,0.5917121430654353,0.0123707355326074,0.0645124430962793,0.5,0.5,0.0570313483476638,0.105579259372582,b486ef7efe077a5e11dbfa4148cfa5a8ec90514c3508227a9bf491bde631d58a,,,,results/frozen_sources/mechanisms/magnitude_sparsification_per_seed.csv#row=36
offline_post_hoc,N-MNIST,SNN-DFA,20260831,H1,basis_eval,512,30,800,same_trained_model_and_neuron_coordinates,True,magnitude_sparsity,0.50,nan,global_frobenius_norm_matched,nan,0.5,0.5,nan,nan,131,331,457,554,682,50.241447975271846,6.159876720492547,473.36971445234826,0.5917121430654353,0.0123707355326074,0.0645124430962793,0.5,0.5,0.0570313483476638,0.105579259372582,b486ef7efe077a5e11dbfa4148cfa5a8ec90514c3508227a9bf491bde631d58a,,,,results/frozen_sources/mechanisms/magnitude_sparsification_per_seed.csv#row=37
offline_post_hoc,N-MNIST,SNN-DFA,20260831,H1,basis_eval,512,30,800,same_trained_model_and_neuron_coordinates,True,magnitude_sparsity,0.75,nan,unscaled,nan,0.75,0.75,nan,nan,131,331,457,554,682,51.80423874657861,6.164293360842853,475.4650419817901,0.5943313024772376,0.0120888295502204,0.0645094852000294,0.75,0.75,0.0548569373786449,0.1031374354265438,b486ef7efe077a5e11dbfa4148cfa5a8ec90514c3508227a9bf491bde631d58a,,,,results/frozen_sources/mechanisms/magnitude_sparsification_per_seed.csv#row=38
offline_post_hoc,N-MNIST,SNN-DFA,20260831,H1,basis_eval,512,30,800,same_trained_model_and_neuron_coordinates,True,magnitude_sparsity,0.75,nan,global_frobenius_norm_matched,nan,0.75,0.75,nan,nan,131,331,457,554,682,51.80423874657861,6.164293360842853,475.4650419817901,0.5943313024772376,0.0120888367455344,0.0645095236282036,0.75,0.75,0.0548569373786449,0.1031374354265438,b486ef7efe077a5e11dbfa4148cfa5a8ec90514c3508227a9bf491bde631d58a,,,,results/frozen_sources/mechanisms/magnitude_sparsification_per_seed.csv#row=39
offline_post_hoc,N-MNIST,SNN-DFA,20260831,H1,basis_eval,512,30,800,same_trained_model_and_neuron_coordinates,True,magnitude_sparsity,ann_matched,nan,unscaled,nan,0.87854638671875,0.87854638671875,nan,nan,133,333,459,555,683,56.17840228411755,6.175720899494875,480.92960088847,0.6011620011105875,0.0114888544555543,0.0644842830812818,0.87854638671875,0.87854638671875,0.0497517436742782,0.09461680561562,b486ef7efe077a5e11dbfa4148cfa5a8ec90514c3508227a9bf491bde631d58a,,,,results/frozen_sources/mechanisms/magnitude_sparsification_per_seed.csv#row=40
offline_post_hoc,N-MNIST,SNN-DFA,20260831,H1,basis_eval,512,30,800,same_trained_model_and_neuron_coordinates,True,magnitude_sparsity,ann_matched,nan,global_frobenius_norm_matched,nan,0.87854638671875,0.87854638671875,nan,nan,133,333,459,555,683,56.17840228411755,6.175720899494875,480.92960088847,0.6011620011105875,0.0114897734428404,0.0644894411474936,0.87854638671875,0.87854638671875,0.0497517436742782,0.09461680561562,b486ef7efe077a5e11dbfa4148cfa5a8ec90514c3508227a9bf491bde631d58a,,,,results/frozen_sources/mechanisms/magnitude_sparsification_per_seed.csv#row=41
offline_post_hoc,N-MNIST,SNN-DFA,20260831,H2,basis_eval,512,30,800,same_trained_model_and_neuron_coordinates,True,magnitude_sparsity,0,nan,unscaled,nan,0.0,0.0,nan,nan,107,296,424,526,660,35.1249940063122,5.999893953740518,403.3860136465792,0.504232517058224,0.0180047823872433,0.0783120073876308,0.0,0.0,0.0853692144155502,0.1299682950537547,b486ef7efe077a5e11dbfa4148cfa5a8ec90514c3508227a9bf491bde631d58a,,,,results/frozen_sources/mechanisms/magnitude_sparsification_per_seed.csv#row=42
offline_post_hoc,N-MNIST,SNN-DFA,20260831,H2,basis_eval,512,30,800,same_trained_model_and_neuron_coordinates,True,magnitude_sparsity,0,nan,global_frobenius_norm_matched,nan,0.0,0.0,nan,nan,107,296,424,526,660,35.1249940063122,5.999893953740518,403.3860136465792,0.504232517058224,0.0180047823872433,0.0783120073876308,0.0,0.0,0.0853692144155502,0.1299682950537547,b486ef7efe077a5e11dbfa4148cfa5a8ec90514c3508227a9bf491bde631d58a,,,,results/frozen_sources/mechanisms/magnitude_sparsification_per_seed.csv#row=43
offline_post_hoc,N-MNIST,SNN-DFA,20260831,H2,basis_eval,512,30,800,same_trained_model_and_neuron_coordinates,True,magnitude_sparsity,0.25,nan,unscaled,nan,0.25,0.25,nan,nan,107,296,424,526,660,35.14819161887907,6.000010966031068,403.43321752967535,0.5042915219120941,0.0179642831909606,0.0783119313275335,0.25,0.25,0.0851466655731201,0.1299352285924948,b486ef7efe077a5e11dbfa4148cfa5a8ec90514c3508227a9bf491bde631d58a,,,,results/frozen_sources/mechanisms/magnitude_sparsification_per_seed.csv#row=44
offline_post_hoc,N-MNIST,SNN-DFA,20260831,H2,basis_eval,512,30,800,same_trained_model_and_neuron_coordinates,True,magnitude_sparsity,0.25,nan,global_frobenius_norm_matched,nan,0.25,0.25,nan,nan,107,296,424,526,660,35.14819161887907,6.000010966031068,403.43321752967535,0.5042915219120941,0.0179642831909606,0.0783119313275335,0.25,0.25,0.0851466655731201,0.1299352285924948,b486ef7efe077a5e11dbfa4148cfa5a8ec90514c3508227a9bf491bde631d58a,,,,results/frozen_sources/mechanisms/magnitude_sparsification_per_seed.csv#row=45
offline_post_hoc,N-MNIST,SNN-DFA,20260831,H2,basis_eval,512,30,800,same_trained_model_and_neuron_coordinates,True,magnitude_sparsity,0.50,nan,unscaled,nan,0.5,0.5,nan,nan,107,296,424,526,660,35.333077915028746,6.0013001920918425,403.9536695655736,0.504942086956967,0.0177735458054426,0.07831091857795,0.5,0.5,0.0838425979018211,0.129268907761867,b486ef7efe077a5e11dbfa4148cfa5a8ec90514c3508227a9bf491bde631d58a,,,,results/frozen_sources/mechanisms/magnitude_sparsification_per_seed.csv#row=46
offline_post_hoc,N-MNIST,SNN-DFA,20260831,H2,basis_eval,512,30,800,same_trained_model_and_neuron_coordinates,True,magnitude_sparsity,0.50,nan,global_frobenius_norm_matched,nan,0.5,0.5,nan,nan,107,296,424,526,660,35.333077915028746,6.0013001920918425,403.9536695655736,0.504942086956967,0.0177735458054426,0.07831091857795,0.5,0.5,0.0838425979018211,0.129268907761867,b486ef7efe077a5e11dbfa4148cfa5a8ec90514c3508227a9bf491bde631d58a,,,,results/frozen_sources/mechanisms/magnitude_sparsification_per_seed.csv#row=47
offline_post_hoc,N-MNIST,SNN-DFA,20260831,H2,basis_eval,512,30,800,same_trained_model_and_neuron_coordinates,True,magnitude_sparsity,0.75,nan,unscaled,nan,0.75,0.75,nan,nan,108,297,425,527,660,36.61251013996207,6.011056512916467,407.9140591655502,0.5098925739569378,0.0171596807717131,0.0782997913927911,0.75,0.75,0.0788340345025062,0.1237761118331807,b486ef7efe077a5e11dbfa4148cfa5a8ec90514c3508227a9bf491bde631d58a,,,,results/frozen_sources/mechanisms/magnitude_sparsification_per_seed.csv#row=48
offline_post_hoc,N-MNIST,SNN-DFA,20260831,H2,basis_eval,512,30,800,same_trained_model_and_neuron_coordinates,True,magnitude_sparsity,0.75,nan,global_frobenius_norm_matched,nan,0.75,0.75,nan,nan,108,297,425,527,660,36.61251013996207,6.011056512916467,407.9140591655502,0.5098925739569378,0.0171597585022004,0.0783001460819895,0.75,0.75,0.0788340345025062,0.1237761118331807,b486ef7efe077a5e11dbfa4148cfa5a8ec90514c3508227a9bf491bde631d58a,,,,results/frozen_sources/mechanisms/magnitude_sparsification_per_seed.csv#row=49
offline_post_hoc,N-MNIST,SNN-DFA,20260831,H2,basis_eval,512,30,800,same_trained_model_and_neuron_coordinates,True,magnitude_sparsity,ann_matched,nan,unscaled,nan,0.7827268880208333,0.7827268880208333,nan,nan,108,298,426,527,660,37.163024079561694,6.014887343075403,409.4797055937448,0.5118496319921809,0.0169819609519712,0.0782935941443468,0.7827268880208333,0.7827268880208333,0.0772990062832832,0.1217058103546025,b486ef7efe077a5e11dbfa4148cfa5a8ec90514c3508227a9bf491bde631d58a,,,,results/frozen_sources/mechanisms/magnitude_sparsification_per_seed.csv#row=50
offline_post_hoc,N-MNIST,SNN-DFA,20260831,H2,basis_eval,512,30,800,same_trained_model_and_neuron_coordinates,True,magnitude_sparsity,ann_matched,nan,global_frobenius_norm_matched,nan,0.7827268880208333,0.7827268880208333,nan,nan,108,298,426,527,660,37.163024079561694,6.014887343075403,409.4797055937448,0.5118496319921809,0.0169821694651545,0.0782945554752602,0.7827268880208333,0.7827268880208333,0.0772990062832832,0.1217058103546025,b486ef7efe077a5e11dbfa4148cfa5a8ec90514c3508227a9bf491bde631d58a,,,,results/frozen_sources/mechanisms/magnitude_sparsification_per_seed.csv#row=51
offline_post_hoc,N-MNIST,SNN-DFA,20260831,H3,basis_eval,512,30,800,same_trained_model_and_neuron_coordinates,True,magnitude_sparsity,0,nan,unscaled,nan,0.0,0.0,nan,nan,92,271,402,516,686,33.2442588043034,5.9484272707822825,383.1502733262303,0.4789378416577878,0.007846313947869,0.0502430080245254,0.0,0.0,0.0901928320527076,0.1404726173028493,b486ef7efe077a5e11dbfa4148cfa5a8ec90514c3508227a9bf491bde631d58a,,,,results/frozen_sources/mechanisms/magnitude_sparsification_per_seed.csv#row=52
offline_post_hoc,N-MNIST,SNN-DFA,20260831,H3,basis_eval,512,30,800,same_trained_model_and_neuron_coordinates,True,magnitude_sparsity,0,nan,global_frobenius_norm_matched,nan,0.0,0.0,nan,nan,92,271,402,516,686,33.2442588043034,5.9484272707822825,383.1502733262303,0.4789378416577878,0.007846313947869,0.0502430080245254,0.0,0.0,0.0901928320527076,0.1404726173028493,b486ef7efe077a5e11dbfa4148cfa5a8ec90514c3508227a9bf491bde631d58a,,,,results/frozen_sources/mechanisms/magnitude_sparsification_per_seed.csv#row=53
offline_post_hoc,N-MNIST,SNN-DFA,20260831,H3,basis_eval,512,30,800,same_trained_model_and_neuron_coordinates,True,magnitude_sparsity,0.25,nan,unscaled,nan,0.25,0.25,nan,nan,92,271,403,516,686,33.279589195869775,5.948622841662719,383.225213690362,0.4790315171129524,0.0077952185403491,0.0502428817715937,0.25,0.25,0.0899075642228126,0.1403856373653374,b486ef7efe077a5e11dbfa4148cfa5a8ec90514c3508227a9bf491bde631d58a,,,,results/frozen_sources/mechanisms/magnitude_sparsification_per_seed.csv#row=54
offline_post_hoc,N-MNIST,SNN-DFA,20260831,H3,basis_eval,512,30,800,same_trained_model_and_neuron_coordinates,True,magnitude_sparsity,0.25,nan,global_frobenius_norm_matched,nan,0.25,0.25,nan,nan,92,271,403,516,686,33.279589195869775,5.948622841662719,383.225213690362,0.4790315171129524,0.0077952185403491,0.0502428817715937,0.25,0.25,0.0899075642228126,0.1403856373653374,b486ef7efe077a5e11dbfa4148cfa5a8ec90514c3508227a9bf491bde631d58a,,,,results/frozen_sources/mechanisms/magnitude_sparsification_per_seed.csv#row=55
offline_post_hoc,N-MNIST,SNN-DFA,20260831,H3,basis_eval,512,30,800,same_trained_model_and_neuron_coordinates,True,magnitude_sparsity,0.50,nan,unscaled,nan,0.5,0.5,nan,nan,92,271,403,516,686,33.35740518994967,5.949099215613386,383.4078156893674,0.4792597696117092,0.0076771351519979,0.0502423102502693,0.5,0.5,0.0890540406107902,0.1399770582725987,b486ef7efe077a5e11dbfa4148cfa5a8ec90514c3508227a9bf491bde631d58a,,,,results/frozen_sources/mechanisms/magnitude_sparsification_per_seed.csv#row=56
offline_post_hoc,N-MNIST,SNN-DFA,20260831,H3,basis_eval,512,30,800,same_trained_model_and_neuron_coordinates,True,magnitude_sparsity,0.50,nan,global_frobenius_norm_matched,nan,0.5,0.5,nan,nan,92,271,403,516,686,33.35740518994967,5.949099215613386,383.4078156893674,0.4792597696117092,0.0076771351519979,0.0502423102502693,0.5,0.5,0.0890540406107902,0.1399770582725987,b486ef7efe077a5e11dbfa4148cfa5a8ec90514c3508227a9bf491bde631d58a,,,,results/frozen_sources/mechanisms/magnitude_sparsification_per_seed.csv#row=57
offline_post_hoc,N-MNIST,SNN-DFA,20260831,H3,basis_eval,512,30,800,same_trained_model_and_neuron_coordinates,True,magnitude_sparsity,0.75,nan,unscaled,nan,0.75,0.75,nan,nan,92,271,403,516,686,33.63341909315596,5.950889965031498,384.09501813225774,0.4801187726653221,0.0074470271101146,0.0502400854367194,0.75,0.75,0.0868552029132843,0.1383970613191034,b486ef7efe077a5e11dbfa4148cfa5a8ec90514c3508227a9bf491bde631d58a,,,,results/frozen_sources/mechanisms/magnitude_sparsification_per_seed.csv#row=58
offline_post_hoc,N-MNIST,SNN-DFA,20260831,H3,basis_eval,512,30,800,same_trained_model_and_neuron_coordinates,True,magnitude_sparsity,0.75,nan,global_frobenius_norm_matched,nan,0.75,0.75,nan,nan,92,271,403,516,686,33.63341909315596,5.950889965031498,384.09501813225774,0.4801187726653221,0.0074470288713302,0.0502400973831522,0.75,0.75,0.0868552029132843,0.1383970613191034,b486ef7efe077a5e11dbfa4148cfa5a8ec90514c3508227a9bf491bde631d58a,,,,results/frozen_sources/mechanisms/magnitude_sparsification_per_seed.csv#row=59
offline_post_hoc,N-MNIST,SNN-DFA,20260831,H3,basis_eval,512,30,800,same_trained_model_and_neuron_coordinates,True,magnitude_sparsity,ann_matched,nan,unscaled,nan,0.9024095052083332,0.9024095052083332,nan,nan,93,272,404,517,686,35.10412596795056,5.960131674559636,387.6611659905794,0.4845764574882242,0.0070405946073062,0.050227405006687,0.9024095052083332,0.9024095052083332,0.0800590217113494,0.1303222011695354,b486ef7efe077a5e11dbfa4148cfa5a8ec90514c3508227a9bf491bde631d58a,,,,results/frozen_sources/mechanisms/magnitude_sparsification_per_seed.csv#row=60
offline_post_hoc,N-MNIST,SNN-DFA,20260831,H3,basis_eval,512,30,800,same_trained_model_and_neuron_coordinates,True,magnitude_sparsity,ann_matched,nan,global_frobenius_norm_matched,nan,0.9024095052083332,0.9024095052083332,nan,nan,93,272,404,517,686,35.10412596795056,5.960131674559636,387.6611659905794,0.4845764574882242,0.0070407784146934,0.0502287162844352,0.9024095052083332,0.9024095052083332,0.0800590217113494,0.1303222011695354,b486ef7efe077a5e11dbfa4148cfa5a8ec90514c3508227a9bf491bde631d58a,,,,results/frozen_sources/mechanisms/magnitude_sparsification_per_seed.csv#row=61
offline_post_hoc,N-MNIST,SNN-DFA,20260901,H1,basis_eval,512,30,800,same_trained_model_and_neuron_coordinates,True,magnitude_sparsity,0,nan,unscaled,nan,0.0,0.0,nan,nan,128,333,463,562,692,49.5920722082469,6.156307662460865,471.6832418205877,0.5896040522757346,0.0129845715701086,0.0659849421825243,0.0,0.0,0.0581362098455429,0.1064368299023559,554990a77b2d2e8f6498d66d6182e5b9f7b8a61fd2c63c09d3ded066f44b5563,,,,results/frozen_sources/mechanisms/magnitude_sparsification_per_seed.csv#row=62
offline_post_hoc,N-MNIST,SNN-DFA,20260901,H1,basis_eval,512,30,800,same_trained_model_and_neuron_coordinates,True,magnitude_sparsity,0,nan,global_frobenius_norm_matched,nan,0.0,0.0,nan,nan,128,333,463,562,692,49.5920722082469,6.156307662460865,471.6832418205877,0.5896040522757346,0.0129845715701086,0.0659849421825243,0.0,0.0,0.0581362098455429,0.1064368299023559,554990a77b2d2e8f6498d66d6182e5b9f7b8a61fd2c63c09d3ded066f44b5563,,,,results/frozen_sources/mechanisms/magnitude_sparsification_per_seed.csv#row=63
offline_post_hoc,N-MNIST,SNN-DFA,20260901,H1,basis_eval,512,30,800,same_trained_model_and_neuron_coordinates,True,magnitude_sparsity,0.25,nan,unscaled,nan,0.25,0.25,nan,nan,128,333,463,562,692,49.61451231868027,6.156409869543874,471.731453652592,0.58966431706574,0.012967864987876,0.0659849309426031,0.25,0.25,0.0580641590058803,0.1064298067362084,554990a77b2d2e8f6498d66d6182e5b9f7b8a61fd2c63c09d3ded066f44b5563,,,,results/frozen_sources/mechanisms/magnitude_sparsification_per_seed.csv#row=64
offline_post_hoc,N-MNIST,SNN-DFA,20260901,H1,basis_eval,512,30,800,same_trained_model_and_neuron_coordinates,True,magnitude_sparsity,0.25,nan,global_frobenius_norm_matched,nan,0.25,0.25,nan,nan,128,333,463,562,692,49.61451231868027,6.156409869543874,471.731453652592,0.58966431706574,0.012967864987876,0.0659849309426031,0.25,0.25,0.0580641590058803,0.1064298067362084,554990a77b2d2e8f6498d66d6182e5b9f7b8a61fd2c63c09d3ded066f44b5563,,,,results/frozen_sources/mechanisms/magnitude_sparsification_per_seed.csv#row=65
offline_post_hoc,N-MNIST,SNN-DFA,20260901,H1,basis_eval,512,30,800,same_trained_model_and_neuron_coordinates,True,magnitude_sparsity,0.50,nan,unscaled,nan,0.5,0.5,nan,nan,128,333,463,562,692,49.83948890912017,6.157201729867152,472.10514701092666,0.5901314337636583,0.0128915102360115,0.0659847299166383,0.5,0.5,0.0575964301824569,0.1062248896637688,554990a77b2d2e8f6498d66d6182e5b9f7b8a61fd2c63c09d3ded066f44b5563,,,,results/frozen_sources/mechanisms/magnitude_sparsification_per_seed.csv#row=66
offline_post_hoc,N-MNIST,SNN-DFA,20260901,H1,basis_eval,512,30,800,same_trained_model_and_neuron_coordinates,True,magnitude_sparsity,0.50,nan,global_frobenius_norm_matched,nan,0.5,0.5,nan,nan,128,333,463,562,692,49.83948890912017,6.157201729867152,472.10514701092666,0.5901314337636583,0.0128915102360115,0.0659847299166383,0.5,0.5,0.0575964301824569,0.1062248896637688,554990a77b2d2e8f6498d66d6182e5b9f7b8a61fd2c63c09d3ded066f44b5563,,,,results/frozen_sources/mechanisms/magnitude_sparsification_per_seed.csv#row=67
offline_post_hoc,N-MNIST,SNN-DFA,20260901,H1,basis_eval,512,30,800,same_trained_model_and_neuron_coordinates,True,magnitude_sparsity,0.75,nan,unscaled,nan,0.75,0.75,nan,nan,129,334,463,562,692,51.29535363540086,6.161907028886484,474.3317772686612,0.5929147215858265,0.0125856961367708,0.0659813390419628,0.75,0.75,0.05529061332345,0.1035761196812502,554990a77b2d2e8f6498d66d6182e5b9f7b8a61fd2c63c09d3ded066f44b5563,,,,results/frozen_sources/mechanisms/magnitude_sparsification_per_seed.csv#row=68
offline_post_hoc,N-MNIST,SNN-DFA,20260901,H1,basis_eval,512,30,800,same_trained_model_and_neuron_coordinates,True,magnitude_sparsity,0.75,nan,global_frobenius_norm_matched,nan,0.75,0.75,nan,nan,129,334,463,562,692,51.29535363540086,6.161907028886484,474.3317772686612,0.5929147215858265,0.0125857051305317,0.0659813862208456,0.75,0.75,0.05529061332345,0.1035761196812502,554990a77b2d2e8f6498d66d6182e5b9f7b8a61fd2c63c09d3ded066f44b5563,,,,results/frozen_sources/mechanisms/magnitude_sparsification_per_seed.csv#row=69
offline_post_hoc,N-MNIST,SNN-DFA,20260901,H1,basis_eval,512,30,800,same_trained_model_and_neuron_coordinates,True,magnitude_sparsity,ann_matched,nan,unscaled,nan,0.8905414225260416,0.8905414225260416,nan,nan,131,336,465,563,693,56.44409728339456,6.176293467791222,481.2050447784079,0.6015063059730098,0.0118109057209089,0.0659422166191161,0.8905414225260416,0.8905414225260416,0.0489111430943012,0.0927837277379916,554990a77b2d2e8f6498d66d6182e5b9f7b8a61fd2c63c09d3ded066f44b5563,,,,results/frozen_sources/mechanisms/magnitude_sparsification_per_seed.csv#row=70
offline_post_hoc,N-MNIST,SNN-DFA,20260901,H1,basis_eval,512,30,800,same_trained_model_and_neuron_coordinates,True,magnitude_sparsity,ann_matched,nan,global_frobenius_norm_matched,nan,0.8905414225260416,0.8905414225260416,nan,nan,131,336,465,563,693,56.44409728339456,6.176293467791222,481.2050447784079,0.6015063059730098,0.0118130613220547,0.0659542516903138,0.8905414225260416,0.8905414225260416,0.0489111430943012,0.0927837277379916,554990a77b2d2e8f6498d66d6182e5b9f7b8a61fd2c63c09d3ded066f44b5563,,,,results/frozen_sources/mechanisms/magnitude_sparsification_per_seed.csv#row=71
offline_post_hoc,N-MNIST,SNN-DFA,20260901,H2,basis_eval,512,30,800,same_trained_model_and_neuron_coordinates,True,magnitude_sparsity,0,nan,unscaled,nan,0.0,0.0,nan,nan,106,300,431,537,678,34.045276655207715,6.001673610192041,404.1045413448045,0.5051306766810056,0.0186192920542552,0.0796819855352072,0.0,0.0,0.0835643112659454,0.1270122363172993,554990a77b2d2e8f6498d66d6182e5b9f7b8a61fd2c63c09d3ded066f44b5563,,,,results/frozen_sources/mechanisms/magnitude_sparsification_per_seed.csv#row=72
offline_post_hoc,N-MNIST,SNN-DFA,20260901,H2,basis_eval,512,30,800,same_trained_model_and_neuron_coordinates,True,magnitude_sparsity,0,nan,global_frobenius_norm_matched,nan,0.0,0.0,nan,nan,106,300,431,537,678,34.045276655207715,6.001673610192041,404.1045413448045,0.5051306766810056,0.0186192920542552,0.0796819855352072,0.0,0.0,0.0835643112659454,0.1270122363172993,554990a77b2d2e8f6498d66d6182e5b9f7b8a61fd2c63c09d3ded066f44b5563,,,,results/frozen_sources/mechanisms/magnitude_sparsification_per_seed.csv#row=73
offline_post_hoc,N-MNIST,SNN-DFA,20260901,H2,basis_eval,512,30,800,same_trained_model_and_neuron_coordinates,True,magnitude_sparsity,0.25,nan,unscaled,nan,0.25,0.25,nan,nan,106,300,431,537,678,34.06724456062081,6.001837358581532,404.17071823066686,0.5052133977883336,0.0185651193983004,0.0796818716108112,0.25,0.25,0.0832652449607849,0.1269581548586096,554990a77b2d2e8f6498d66d6182e5b9f7b8a61fd2c63c09d3ded066f44b5563,,,,results/frozen_sources/mechanisms/magnitude_sparsification_per_seed.csv#row=74
offline_post_hoc,N-MNIST,SNN-DFA,20260901,H2,basis_eval,512,30,800,same_trained_model_and_neuron_coordinates,True,magnitude_sparsity,0.25,nan,global_frobenius_norm_matched,nan,0.25,0.25,nan,nan,106,300,431,537,678,34.06724456062081,6.001837358581532,404.17071823066686,0.5052133977883336,0.0185651193983004,0.0796818716108112,0.25,0.25,0.0832652449607849,0.1269581548586096,554990a77b2d2e8f6498d66d6182e5b9f7b8a61fd2c63c09d3ded066f44b5563,,,,results/frozen_sources/mechanisms/magnitude_sparsification_per_seed.csv#row=75
offline_post_hoc,N-MNIST,SNN-DFA,20260901,H2,basis_eval,512,30,800,same_trained_model_and_neuron_coordinates,True,magnitude_sparsity,0.50,nan,unscaled,nan,0.5,0.5,nan,nan,106,300,431,537,678,34.25132809906785,6.003294898000606,404.7602425075932,0.5059503031344914,0.0183559480681831,0.0796806838968695,0.5,0.5,0.0818854123353958,0.1261696550304098,554990a77b2d2e8f6498d66d6182e5b9f7b8a61fd2c63c09d3ded066f44b5563,,,,results/frozen_sources/mechanisms/magnitude_sparsification_per_seed.csv#row=76
offline_post_hoc,N-MNIST,SNN-DFA,20260901,H2,basis_eval,512,30,800,same_trained_model_and_neuron_coordinates,True,magnitude_sparsity,0.50,nan,global_frobenius_norm_matched,nan,0.5,0.5,nan,nan,106,300,431,537,678,34.25132809906785,6.003294898000606,404.7602425075932,0.5059503031344914,0.0183559480681831,0.0796806838968695,0.5,0.5,0.0818854123353958,0.1261696550304098,554990a77b2d2e8f6498d66d6182e5b9f7b8a61fd2c63c09d3ded066f44b5563,,,,results/frozen_sources/mechanisms/magnitude_sparsification_per_seed.csv#row=77
offline_post_hoc,N-MNIST,SNN-DFA,20260901,H2,basis_eval,512,30,800,same_trained_model_and_neuron_coordinates,True,magnitude_sparsity,0.75,nan,unscaled,nan,0.75,0.75,nan,nan,107,301,432,538,678,35.55116246143482,6.013817065661641,409.04168315802656,0.5113021039475332,0.0177010415512858,0.0796682719037437,0.75,0.75,0.076805979013443,0.12041447537106,554990a77b2d2e8f6498d66d6182e5b9f7b8a61fd2c63c09d3ded066f44b5563,,,,results/frozen_sources/mechanisms/magnitude_sparsification_per_seed.csv#row=78
offline_post_hoc,N-MNIST,SNN-DFA,20260901,H2,basis_eval,512,30,800,same_trained_model_and_neuron_coordinates,True,magnitude_sparsity,0.75,nan,global_frobenius_norm_matched,nan,0.75,0.75,nan,nan,107,301,432,538,678,35.55116246143482,6.013817065661641,409.04168315802656,0.5113021039475332,0.0177011407261052,0.0796687182715077,0.75,0.75,0.076805979013443,0.12041447537106,554990a77b2d2e8f6498d66d6182e5b9f7b8a61fd2c63c09d3ded066f44b5563,,,,results/frozen_sources/mechanisms/magnitude_sparsification_per_seed.csv#row=79
offline_post_hoc,N-MNIST,SNN-DFA,20260901,H2,basis_eval,512,30,800,same_trained_model_and_neuron_coordinates,True,magnitude_sparsity,ann_matched,nan,unscaled,nan,0.7554581705729166,0.7554581705729166,nan,nan,107,301,432,538,678,35.627492592470574,6.014397188723408,409.2790465149724,0.5115988081437155,0.017672818719154,0.079667355891488,0.7554581705729166,0.7554581705729166,0.0765765458345413,0.1201070318164864,554990a77b2d2e8f6498d66d6182e5b9f7b8a61fd2c63c09d3ded066f44b5563,,,,results/frozen_sources/mechanisms/magnitude_sparsification_per_seed.csv#row=80
offline_post_hoc,N-MNIST,SNN-DFA,20260901,H2,basis_eval,512,30,800,same_trained_model_and_neuron_coordinates,True,magnitude_sparsity,ann_matched,nan,global_frobenius_norm_matched,nan,0.7554581705729166,0.7554581705729166,nan,nan,107,301,432,538,678,35.627492592470574,6.014397188723408,409.2790465149724,0.5115988081437155,0.0176729261622848,0.0796678402392442,0.7554581705729166,0.7554581705729166,0.0765765458345413,0.1201070318164864,554990a77b2d2e8f6498d66d6182e5b9f7b8a61fd2c63c09d3ded066f44b5563,,,,results/frozen_sources/mechanisms/magnitude_sparsification_per_seed.csv#row=81
offline_post_hoc,N-MNIST,SNN-DFA,20260901,H3,basis_eval,512,30,800,same_trained_model_and_neuron_coordinates,True,magnitude_sparsity,0,nan,unscaled,nan,0.0,0.0,nan,nan,95,273,404,516,685,41.68307580580713,5.969187366391296,391.1876493187913,0.4889845616484891,0.007992614992574,0.0506946907210867,0.0,0.0,0.0856544226408004,0.1364355746944233,554990a77b2d2e8f6498d66d6182e5b9f7b8a61fd2c63c09d3ded066f44b5563,,,,results/frozen_sources/mechanisms/magnitude_sparsification_per_seed.csv#row=82
offline_post_hoc,N-MNIST,SNN-DFA,20260901,H3,basis_eval,512,30,800,same_trained_model_and_neuron_coordinates,True,magnitude_sparsity,0,nan,global_frobenius_norm_matched,nan,0.0,0.0,nan,nan,95,273,404,516,685,41.68307580580713,5.969187366391296,391.1876493187913,0.4889845616484891,0.007992614992574,0.0506946907210867,0.0,0.0,0.0856544226408004,0.1364355746944233,554990a77b2d2e8f6498d66d6182e5b9f7b8a61fd2c63c09d3ded066f44b5563,,,,results/frozen_sources/mechanisms/magnitude_sparsification_per_seed.csv#row=83
offline_post_hoc,N-MNIST,SNN-DFA,20260901,H3,basis_eval,512,30,800,same_trained_model_and_neuron_coordinates,True,magnitude_sparsity,0.25,nan,unscaled,nan,0.25,0.25,nan,nan,95,273,404,516,685,41.72695198591075,5.969355347035157,391.2533667914717,0.4890667084893396,0.0079448794561297,0.0506945793226872,0.25,0.25,0.0853892639279365,0.1363654239962551,554990a77b2d2e8f6498d66d6182e5b9f7b8a61fd2c63c09d3ded066f44b5563,,,,results/frozen_sources/mechanisms/magnitude_sparsification_per_seed.csv#row=84
offline_post_hoc,N-MNIST,SNN-DFA,20260901,H3,basis_eval,512,30,800,same_trained_model_and_neuron_coordinates,True,magnitude_sparsity,0.25,nan,global_frobenius_norm_matched,nan,0.25,0.25,nan,nan,95,273,404,516,685,41.72695198591075,5.969355347035157,391.2533667914717,0.4890667084893396,0.0079448794561297,0.0506945793226872,0.25,0.25,0.0853892639279365,0.1363654239962551,554990a77b2d2e8f6498d66d6182e5b9f7b8a61fd2c63c09d3ded066f44b5563,,,,results/frozen_sources/mechanisms/magnitude_sparsification_per_seed.csv#row=85
offline_post_hoc,N-MNIST,SNN-DFA,20260901,H3,basis_eval,512,30,800,same_trained_model_and_neuron_coordinates,True,magnitude_sparsity,0.50,nan,unscaled,nan,0.5,0.5,nan,nan,95,273,404,516,685,41.83460779031277,5.969812295158234,391.43219013645887,0.4892902376705736,0.007831329883339,0.0506940547285014,0.5,0.5,0.0845875889062881,0.1359941215616791,554990a77b2d2e8f6498d66d6182e5b9f7b8a61fd2c63c09d3ded066f44b5563,,,,results/frozen_sources/mechanisms/magnitude_sparsification_per_seed.csv#row=86
offline_post_hoc,N-MNIST,SNN-DFA,20260901,H3,basis_eval,512,30,800,same_trained_model_and_neuron_coordinates,True,magnitude_sparsity,0.50,nan,global_frobenius_norm_matched,nan,0.5,0.5,nan,nan,95,273,404,516,685,41.83460779031277,5.969812295158234,391.43219013645887,0.4892902376705736,0.007831329883339,0.0506940547285014,0.5,0.5,0.0845875889062881,0.1359941215616791,554990a77b2d2e8f6498d66d6182e5b9f7b8a61fd2c63c09d3ded066f44b5563,,,,results/frozen_sources/mechanisms/magnitude_sparsification_per_seed.csv#row=87
offline_post_hoc,N-MNIST,SNN-DFA,20260901,H3,basis_eval,512,30,800,same_trained_model_and_neuron_coordinates,True,magnitude_sparsity,0.75,nan,unscaled,nan,0.75,0.75,nan,nan,95,273,404,516,685,42.22425336214301,5.971626050454361,392.1427965826889,0.4901784957283611,0.0076047656805864,0.0506919075281706,0.75,0.75,0.0824673995375633,0.1344099416272678,554990a77b2d2e8f6498d66d6182e5b9f7b8a61fd2c63c09d3ded066f44b5563,,,,results/frozen_sources/mechanisms/magnitude_sparsification_per_seed.csv#row=88
offline_post_hoc,N-MNIST,SNN-DFA,20260901,H3,basis_eval,512,30,800,same_trained_model_and_neuron_coordinates,True,magnitude_sparsity,0.75,nan,global_frobenius_norm_matched,nan,0.75,0.75,nan,nan,95,273,404,516,685,42.22425336214301,5.971626050454361,392.1427965826889,0.4901784957283611,0.0076047665617531,0.050691913510323,0.75,0.75,0.0824673995375633,0.1344099416272678,554990a77b2d2e8f6498d66d6182e5b9f7b8a61fd2c63c09d3ded066f44b5563,,,,results/frozen_sources/mechanisms/magnitude_sparsification_per_seed.csv#row=89
offline_post_hoc,N-MNIST,SNN-DFA,20260901,H3,basis_eval,512,30,800,same_trained_model_and_neuron_coordinates,True,magnitude_sparsity,ann_matched,nan,unscaled,nan,0.8770187174479167,0.8770187174479167,nan,nan,95,274,405,517,685,43.46086536748315,5.977599131139847,394.4921064708424,0.493115133088553,0.0073118641395564,0.0506846087383108,0.8770187174479167,0.8770187174479167,0.0781670808792114,0.1294684905189748,554990a77b2d2e8f6498d66d6182e5b9f7b8a61fd2c63c09d3ded066f44b5563,,,,results/frozen_sources/mechanisms/magnitude_sparsification_per_seed.csv#row=90
offline_post_hoc,N-MNIST,SNN-DFA,20260901,H3,basis_eval,512,30,800,same_trained_model_and_neuron_coordinates,True,magnitude_sparsity,ann_matched,nan,global_frobenius_norm_matched,nan,0.8770187174479167,0.8770187174479167,nan,nan,95,274,405,517,685,43.46086536748315,5.977599131139847,394.4921064708424,0.493115133088553,0.0073119242817339,0.0506850256327686,0.8770187174479167,0.8770187174479167,0.0781670808792114,0.1294684905189748,554990a77b2d2e8f6498d66d6182e5b9f7b8a61fd2c63c09d3ded066f44b5563,,,,results/frozen_sources/mechanisms/magnitude_sparsification_per_seed.csv#row=91
offline_post_hoc,N-MNIST,SNN-DFA,20260908,H1,basis_eval,512,30,800,same_trained_model_and_neuron_coordinates,True,magnitude_sparsity,0,nan,unscaled,nan,0.0,0.0,nan,nan,128,331,459,557,683,54.376903728769086,6.149796433048668,468.62198112400233,0.5857774764050029,0.0127484654715901,0.0654185280154216,0.0,0.0,0.0580960139632225,0.1067043914341143,9aad88592135096912c2e9971ced9f74b63d546bdd69208e989abf481efd833e,,,,results/frozen_sources/mechanisms/magnitude_sparsification_per_seed.csv#row=92
offline_post_hoc,N-MNIST,SNN-DFA,20260908,H1,basis_eval,512,30,800,same_trained_model_and_neuron_coordinates,True,magnitude_sparsity,0,nan,global_frobenius_norm_matched,nan,0.0,0.0,nan,nan,128,331,459,557,683,54.376903728769086,6.149796433048668,468.62198112400233,0.5857774764050029,0.0127484654715901,0.0654185280154216,0.0,0.0,0.0580960139632225,0.1067043914341143,9aad88592135096912c2e9971ced9f74b63d546bdd69208e989abf481efd833e,,,,results/frozen_sources/mechanisms/magnitude_sparsification_per_seed.csv#row=93
offline_post_hoc,N-MNIST,SNN-DFA,20260908,H1,basis_eval,512,30,800,same_trained_model_and_neuron_coordinates,True,magnitude_sparsity,0.25,nan,unscaled,nan,0.25,0.25,nan,nan,128,331,459,557,683,54.4007299640104,6.14988477591886,468.66338236357495,0.5858292279544687,0.0127330642584161,0.0654185183428238,0.25,0.25,0.0580311864614486,0.106698535871419,9aad88592135096912c2e9971ced9f74b63d546bdd69208e989abf481efd833e,,,,results/frozen_sources/mechanisms/magnitude_sparsification_per_seed.csv#row=94
offline_post_hoc,N-MNIST,SNN-DFA,20260908,H1,basis_eval,512,30,800,same_trained_model_and_neuron_coordinates,True,magnitude_sparsity,0.25,nan,global_frobenius_norm_matched,nan,0.25,0.25,nan,nan,128,331,459,557,683,54.4007299640104,6.14988477591886,468.66338236357495,0.5858292279544687,0.0127330642584161,0.0654185183428238,0.25,0.25,0.0580311864614486,0.106698535871419,9aad88592135096912c2e9971ced9f74b63d546bdd69208e989abf481efd833e,,,,results/frozen_sources/mechanisms/magnitude_sparsification_per_seed.csv#row=95
offline_post_hoc,N-MNIST,SNN-DFA,20260908,H1,basis_eval,512,30,800,same_trained_model_and_neuron_coordinates,True,magnitude_sparsity,0.50,nan,unscaled,nan,0.5,0.5,nan,nan,128,331,459,557,683,54.61649813559508,6.150624650211041,469.0102626599554,0.5862628283249443,0.0126611514540036,0.0654183379760807,0.5,0.5,0.0575910434126853,0.1065149656382206,9aad88592135096912c2e9971ced9f74b63d546bdd69208e989abf481efd833e,,,,results/frozen_sources/mechanisms/magnitude_sparsification_per_seed.csv#row=96
offline_post_hoc,N-MNIST,SNN-DFA,20260908,H1,basis_eval,512,30,800,same_trained_model_and_neuron_coordinates,True,magnitude_sparsity,0.50,nan,global_frobenius_norm_matched,nan,0.5,0.5,nan,nan,128,331,459,557,683,54.61649813559508,6.150624650211041,469.0102626599554,0.5862628283249443,0.0126611514540036,0.0654183379760807,0.5,0.5,0.0575910434126853,0.1065149656382206,9aad88592135096912c2e9971ced9f74b63d546bdd69208e989abf481efd833e,,,,results/frozen_sources/mechanisms/magnitude_sparsification_per_seed.csv#row=97
offline_post_hoc,N-MNIST,SNN-DFA,20260908,H1,basis_eval,512,30,800,same_trained_model_and_neuron_coordinates,True,magnitude_sparsity,0.75,nan,unscaled,nan,0.75,0.75,nan,nan,129,331,459,557,683,56.06242942959224,6.15521386615465,471.167598488776,0.5889594981109699,0.0123691801688241,0.0654152117550178,0.75,0.75,0.0553656220436096,0.1040055235528994,9aad88592135096912c2e9971ced9f74b63d546bdd69208e989abf481efd833e,,,,results/frozen_sources/mechanisms/magnitude_sparsification_per_seed.csv#row=98
offline_post_hoc,N-MNIST,SNN-DFA,20260908,H1,basis_eval,512,30,800,same_trained_model_and_neuron_coordinates,True,magnitude_sparsity,0.75,nan,global_frobenius_norm_matched,nan,0.75,0.75,nan,nan,129,331,459,557,683,56.06242942959224,6.15521386615465,471.167598488776,0.5889594981109699,0.0123691875322511,0.0654152507329234,0.75,0.75,0.0553656220436096,0.1040055235528994,9aad88592135096912c2e9971ced9f74b63d546bdd69208e989abf481efd833e,,,,results/frozen_sources/mechanisms/magnitude_sparsification_per_seed.csv#row=99
offline_post_hoc,N-MNIST,SNN-DFA,20260908,H1,basis_eval,512,30,800,same_trained_model_and_neuron_coordinates,True,magnitude_sparsity,ann_matched,nan,unscaled,nan,0.8660709635416667,0.8660709635416667,nan,nan,130,332,460,558,684,59.475415110667456,6.165081522137447,475.8399328426388,0.5947999160532985,0.0118570055582987,0.0653958465332636,0.8660709635416667,0.8660709635416667,0.0510743632912635,0.0969473028066788,9aad88592135096912c2e9971ced9f74b63d546bdd69208e989abf481efd833e,,,,results/frozen_sources/mechanisms/magnitude_sparsification_per_seed.csv#row=100
offline_post_hoc,N-MNIST,SNN-DFA,20260908,H1,basis_eval,512,30,800,same_trained_model_and_neuron_coordinates,True,magnitude_sparsity,ann_matched,nan,global_frobenius_norm_matched,nan,0.8660709635416667,0.8660709635416667,nan,nan,130,332,460,558,684,59.475415110667456,6.165081522137447,475.8399328426388,0.5947999160532985,0.0118575059246225,0.0653986062418938,0.8660709635416667,0.8660709635416667,0.0510743632912635,0.0969473028066788,9aad88592135096912c2e9971ced9f74b63d546bdd69208e989abf481efd833e,,,,results/frozen_sources/mechanisms/magnitude_sparsification_per_seed.csv#row=101
offline_post_hoc,N-MNIST,SNN-DFA,20260908,H2,basis_eval,512,30,800,same_trained_model_and_neuron_coordinates,True,magnitude_sparsity,0,nan,unscaled,nan,0.0,0.0,nan,nan,111,307,436,538,671,34.584512110157725,6.0325253402923344,416.76617799115337,0.5209577224889417,0.0180714903137724,0.0784339304263179,0.0,0.0,0.0834382772445678,0.1277970875771341,9aad88592135096912c2e9971ced9f74b63d546bdd69208e989abf481efd833e,,,,results/frozen_sources/mechanisms/magnitude_sparsification_per_seed.csv#row=102
offline_post_hoc,N-MNIST,SNN-DFA,20260908,H2,basis_eval,512,30,800,same_trained_model_and_neuron_coordinates,True,magnitude_sparsity,0,nan,global_frobenius_norm_matched,nan,0.0,0.0,nan,nan,111,307,436,538,671,34.584512110157725,6.0325253402923344,416.76617799115337,0.5209577224889417,0.0180714903137724,0.0784339304263179,0.0,0.0,0.0834382772445678,0.1277970875771341,9aad88592135096912c2e9971ced9f74b63d546bdd69208e989abf481efd833e,,,,results/frozen_sources/mechanisms/magnitude_sparsification_per_seed.csv#row=103
offline_post_hoc,N-MNIST,SNN-DFA,20260908,H2,basis_eval,512,30,800,same_trained_model_and_neuron_coordinates,True,magnitude_sparsity,0.25,nan,unscaled,nan,0.25,0.25,nan,nan,111,307,436,538,671,34.609236697004135,6.032664472188906,416.8241674939254,0.5210302093674067,0.0180252461018162,0.0784338394446879,0.25,0.25,0.0831841304898262,0.1277567525014896,9aad88592135096912c2e9971ced9f74b63d546bdd69208e989abf481efd833e,,,,results/frozen_sources/mechanisms/magnitude_sparsification_per_seed.csv#row=104
offline_post_hoc,N-MNIST,SNN-DFA,20260908,H2,basis_eval,512,30,800,same_trained_model_and_neuron_coordinates,True,magnitude_sparsity,0.25,nan,global_frobenius_norm_matched,nan,0.25,0.25,nan,nan,111,307,436,538,671,34.609236697004135,6.032664472188906,416.8241674939254,0.5210302093674067,0.0180252461018162,0.0784338394446879,0.25,0.25,0.0831841304898262,0.1277567525014896,9aad88592135096912c2e9971ced9f74b63d546bdd69208e989abf481efd833e,,,,results/frozen_sources/mechanisms/magnitude_sparsification_per_seed.csv#row=105
offline_post_hoc,N-MNIST,SNN-DFA,20260908,H2,basis_eval,512,30,800,same_trained_model_and_neuron_coordinates,True,magnitude_sparsity,0.50,nan,unscaled,nan,0.5,0.5,nan,nan,111,307,437,538,671,34.80206512077183,6.034036440294297,417.3964294300816,0.521745536787602,0.0178294509984661,0.0784327785538018,0.5,0.5,0.0818479433655738,0.1270490118441015,9aad88592135096912c2e9971ced9f74b63d546bdd69208e989abf481efd833e,,,,results/frozen_sources/mechanisms/magnitude_sparsification_per_seed.csv#row=106
offline_post_hoc,N-MNIST,SNN-DFA,20260908,H2,basis_eval,512,30,800,same_trained_model_and_neuron_coordinates,True,magnitude_sparsity,0.50,nan,global_frobenius_norm_matched,nan,0.5,0.5,nan,nan,111,307,437,538,671,34.80206512077183,6.034036440294297,417.3964294300816,0.521745536787602,0.0178294509984661,0.0784327785538018,0.5,0.5,0.0818479433655738,0.1270490118441015,9aad88592135096912c2e9971ced9f74b63d546bdd69208e989abf481efd833e,,,,results/frozen_sources/mechanisms/magnitude_sparsification_per_seed.csv#row=107
offline_post_hoc,N-MNIST,SNN-DFA,20260908,H2,basis_eval,512,30,800,same_trained_model_and_neuron_coordinates,True,magnitude_sparsity,0.75,nan,unscaled,nan,0.75,0.75,nan,nan,112,308,437,539,671,36.13912577176664,6.0440745921826124,421.60741809848224,0.5270092726231028,0.0172083615048798,0.0784214205084061,0.75,0.75,0.0768757984042167,0.1215156483876545,9aad88592135096912c2e9971ced9f74b63d546bdd69208e989abf481efd833e,,,,results/frozen_sources/mechanisms/magnitude_sparsification_per_seed.csv#row=108
offline_post_hoc,N-MNIST,SNN-DFA,20260908,H2,basis_eval,512,30,800,same_trained_model_and_neuron_coordinates,True,magnitude_sparsity,0.75,nan,global_frobenius_norm_matched,nan,0.75,0.75,nan,nan,112,308,437,539,671,36.13912577176664,6.0440745921826124,421.60741809848224,0.5270092726231028,0.017208441507356,0.0784217851000466,0.75,0.75,0.0768757984042167,0.1215156483876545,9aad88592135096912c2e9971ced9f74b63d546bdd69208e989abf481efd833e,,,,results/frozen_sources/mechanisms/magnitude_sparsification_per_seed.csv#row=109
offline_post_hoc,N-MNIST,SNN-DFA,20260908,H2,basis_eval,512,30,800,same_trained_model_and_neuron_coordinates,True,magnitude_sparsity,ann_matched,nan,unscaled,nan,0.803372802734375,0.803372802734375,nan,nan,113,309,438,539,672,37.10382513909202,6.051115377690883,424.5863401675959,0.5307329252094949,0.0168879516852057,0.0784089577482135,0.803372802734375,0.803372802734375,0.0741673782467842,0.1177271114536148,9aad88592135096912c2e9971ced9f74b63d546bdd69208e989abf481efd833e,,,,results/frozen_sources/mechanisms/magnitude_sparsification_per_seed.csv#row=110
offline_post_hoc,N-MNIST,SNN-DFA,20260908,H2,basis_eval,512,30,800,same_trained_model_and_neuron_coordinates,True,magnitude_sparsity,ann_matched,nan,global_frobenius_norm_matched,nan,0.803372802734375,0.803372802734375,nan,nan,113,309,438,539,672,37.10382513909202,6.051115377690883,424.5863401675959,0.5307329252094949,0.0168883221136427,0.0784106776096756,0.803372802734375,0.803372802734375,0.0741673782467842,0.1177271114536148,9aad88592135096912c2e9971ced9f74b63d546bdd69208e989abf481efd833e,,,,results/frozen_sources/mechanisms/magnitude_sparsification_per_seed.csv#row=111
offline_post_hoc,N-MNIST,SNN-DFA,20260908,H3,basis_eval,512,30,800,same_trained_model_and_neuron_coordinates,True,magnitude_sparsity,0,nan,unscaled,nan,0.0,0.0,nan,nan,95,276,408,522,694,44.877746430415456,5.975161818880248,393.5317768104556,0.4919147210130695,0.0080752498187902,0.0510966494466838,0.0,0.0,0.0864801332354545,0.1353426659684559,9aad88592135096912c2e9971ced9f74b63d546bdd69208e989abf481efd833e,,,,results/frozen_sources/mechanisms/magnitude_sparsification_per_seed.csv#row=112
offline_post_hoc,N-MNIST,SNN-DFA,20260908,H3,basis_eval,512,30,800,same_trained_model_and_neuron_coordinates,True,magnitude_sparsity,0,nan,global_frobenius_norm_matched,nan,0.0,0.0,nan,nan,95,276,408,522,694,44.877746430415456,5.975161818880248,393.5317768104556,0.4919147210130695,0.0080752498187902,0.0510966494466838,0.0,0.0,0.0864801332354545,0.1353426659684559,9aad88592135096912c2e9971ced9f74b63d546bdd69208e989abf481efd833e,,,,results/frozen_sources/mechanisms/magnitude_sparsification_per_seed.csv#row=113
offline_post_hoc,N-MNIST,SNN-DFA,20260908,H3,basis_eval,512,30,800,same_trained_model_and_neuron_coordinates,True,magnitude_sparsity,0.25,nan,unscaled,nan,0.25,0.25,nan,nan,95,276,408,522,694,44.94036256705191,5.9753444384673005,393.6036499835536,0.4920045624794419,0.0080233729571496,0.0510965250863561,0.25,0.25,0.0861920639872551,0.1352594971221963,9aad88592135096912c2e9971ced9f74b63d546bdd69208e989abf481efd833e,,,,results/frozen_sources/mechanisms/magnitude_sparsification_per_seed.csv#row=114
offline_post_hoc,N-MNIST,SNN-DFA,20260908,H3,basis_eval,512,30,800,same_trained_model_and_neuron_coordinates,True,magnitude_sparsity,0.25,nan,global_frobenius_norm_matched,nan,0.25,0.25,nan,nan,95,276,408,522,694,44.94036256705191,5.9753444384673005,393.6036499835536,0.4920045624794419,0.0080233729571496,0.0510965250863561,0.25,0.25,0.0861920639872551,0.1352594971221963,9aad88592135096912c2e9971ced9f74b63d546bdd69208e989abf481efd833e,,,,results/frozen_sources/mechanisms/magnitude_sparsification_per_seed.csv#row=115
offline_post_hoc,N-MNIST,SNN-DFA,20260908,H3,basis_eval,512,30,800,same_trained_model_and_neuron_coordinates,True,magnitude_sparsity,0.50,nan,unscaled,nan,0.5,0.5,nan,nan,95,276,408,522,694,45.06610961254495,5.975789796973141,393.7789837572992,0.492223729696624,0.0079071124079436,0.0510959803661812,0.5,0.5,0.0853820741176605,0.1348807442688498,9aad88592135096912c2e9971ced9f74b63d546bdd69208e989abf481efd833e,,,,results/frozen_sources/mechanisms/magnitude_sparsification_per_seed.csv#row=116
offline_post_hoc,N-MNIST,SNN-DFA,20260908,H3,basis_eval,512,30,800,same_trained_model_and_neuron_coordinates,True,magnitude_sparsity,0.50,nan,global_frobenius_norm_matched,nan,0.5,0.5,nan,nan,95,276,408,522,694,45.06610961254495,5.975789796973141,393.7789837572992,0.492223729696624,0.0079071124079436,0.0510959803661812,0.5,0.5,0.0853820741176605,0.1348807442688498,9aad88592135096912c2e9971ced9f74b63d546bdd69208e989abf481efd833e,,,,results/frozen_sources/mechanisms/magnitude_sparsification_per_seed.csv#row=117
offline_post_hoc,N-MNIST,SNN-DFA,20260908,H3,basis_eval,512,30,800,same_trained_model_and_neuron_coordinates,True,magnitude_sparsity,0.75,nan,unscaled,nan,0.75,0.75,nan,nan,95,276,408,522,694,45.51511360606884,5.977569402447705,394.4803789107801,0.4931004736384751,0.0076784054450508,0.0510938127057481,0.75,0.75,0.0832472741603851,0.1333025942689798,9aad88592135096912c2e9971ced9f74b63d546bdd69208e989abf481efd833e,,,,results/frozen_sources/mechanisms/magnitude_sparsification_per_seed.csv#row=118
offline_post_hoc,N-MNIST,SNN-DFA,20260908,H3,basis_eval,512,30,800,same_trained_model_and_neuron_coordinates,True,magnitude_sparsity,0.75,nan,global_frobenius_norm_matched,nan,0.75,0.75,nan,nan,95,276,408,522,694,45.51511360606884,5.977569402447705,394.4803789107801,0.4931004736384751,0.0076784072613767,0.0510938248585119,0.75,0.75,0.0832472741603851,0.1333025942689798,9aad88592135096912c2e9971ced9f74b63d546bdd69208e989abf481efd833e,,,,results/frozen_sources/mechanisms/magnitude_sparsification_per_seed.csv#row=119
offline_post_hoc,N-MNIST,SNN-DFA,20260908,H3,basis_eval,512,30,800,same_trained_model_and_neuron_coordinates,True,magnitude_sparsity,ann_matched,nan,unscaled,nan,0.8771907552083333,0.8771907552083333,nan,nan,95,277,409,523,694,46.90353044562387,5.983632539127324,396.8794329122777,0.4960992911403471,0.0073824435323876,0.0510864220359083,0.8771907552083333,0.8771907552083333,0.0788789093494415,0.1282606740551486,9aad88592135096912c2e9971ced9f74b63d546bdd69208e989abf481efd833e,,,,results/frozen_sources/mechanisms/magnitude_sparsification_per_seed.csv#row=120
offline_post_hoc,N-MNIST,SNN-DFA,20260908,H3,basis_eval,512,30,800,same_trained_model_and_neuron_coordinates,True,magnitude_sparsity,ann_matched,nan,global_frobenius_norm_matched,nan,0.8771907552083333,0.8771907552083333,nan,nan,95,277,409,523,694,46.90353044562387,5.983632539127324,396.8794329122777,0.4960992911403471,0.0073825068965426,0.0510868605165067,0.8771907552083333,0.8771907552083333,0.0788789093494415,0.1282606740551486,9aad88592135096912c2e9971ced9f74b63d546bdd69208e989abf481efd833e,,,,results/frozen_sources/mechanisms/magnitude_sparsification_per_seed.csv#row=121
offline_post_hoc,N-MNIST,SNN-DFA,20260909,H1,basis_eval,512,30,800,same_trained_model_and_neuron_coordinates,True,magnitude_sparsity,0,nan,unscaled,nan,0.0,0.0,nan,nan,126,325,451,550,683,52.49342029089328,6.1395231779636426,463.83235263569344,0.5797904407946168,0.0125399515634074,0.0648233262756018,0.0,0.0,0.0577606633305549,0.10571942270405,0800c9e1ee7b4cf64c5099e83f65ae2c8adb1bf072ccdaa45be9f1911ae9bad7,,,,results/frozen_sources/mechanisms/magnitude_sparsification_per_seed.csv#row=122
offline_post_hoc,N-MNIST,SNN-DFA,20260909,H1,basis_eval,512,30,800,same_trained_model_and_neuron_coordinates,True,magnitude_sparsity,0,nan,global_frobenius_norm_matched,nan,0.0,0.0,nan,nan,126,325,451,550,683,52.49342029089328,6.1395231779636426,463.83235263569344,0.5797904407946168,0.0125399515634074,0.0648233262756018,0.0,0.0,0.0577606633305549,0.10571942270405,0800c9e1ee7b4cf64c5099e83f65ae2c8adb1bf072ccdaa45be9f1911ae9bad7,,,,results/frozen_sources/mechanisms/magnitude_sparsification_per_seed.csv#row=123
offline_post_hoc,N-MNIST,SNN-DFA,20260909,H1,basis_eval,512,30,800,same_trained_model_and_neuron_coordinates,True,magnitude_sparsity,0.25,nan,unscaled,nan,0.25,0.25,nan,nan,126,325,451,550,683,52.50862241776763,6.139607830722209,463.8716189858354,0.5798395237322943,0.012524902967961,0.0648233170050331,0.25,0.25,0.0576985478401184,0.1057140543578175,0800c9e1ee7b4cf64c5099e83f65ae2c8adb1bf072ccdaa45be9f1911ae9bad7,,,,results/frozen_sources/mechanisms/magnitude_sparsification_per_seed.csv#row=124
offline_post_hoc,N-MNIST,SNN-DFA,20260909,H1,basis_eval,512,30,800,same_trained_model_and_neuron_coordinates,True,magnitude_sparsity,0.25,nan,global_frobenius_norm_matched,nan,0.25,0.25,nan,nan,126,325,451,550,683,52.50862241776763,6.139607830722209,463.8716189858354,0.5798395237322943,0.012524902967961,0.0648233170050331,0.25,0.25,0.0576985478401184,0.1057140543578175,0800c9e1ee7b4cf64c5099e83f65ae2c8adb1bf072ccdaa45be9f1911ae9bad7,,,,results/frozen_sources/mechanisms/magnitude_sparsification_per_seed.csv#row=125
offline_post_hoc,N-MNIST,SNN-DFA,20260909,H1,basis_eval,512,30,800,same_trained_model_and_neuron_coordinates,True,magnitude_sparsity,0.50,nan,unscaled,nan,0.5,0.5,nan,nan,126,325,451,550,683,52.67483417734721,6.140326825588099,464.2052602271151,0.5802565752838938,0.012454970667742,0.0648231447281786,0.5,0.5,0.0572709143161773,0.1055388669391717,0800c9e1ee7b4cf64c5099e83f65ae2c8adb1bf072ccdaa45be9f1911ae9bad7,,,,results/frozen_sources/mechanisms/magnitude_sparsification_per_seed.csv#row=126
offline_post_hoc,N-MNIST,SNN-DFA,20260909,H1,basis_eval,512,30,800,same_trained_model_and_neuron_coordinates,True,magnitude_sparsity,0.50,nan,global_frobenius_norm_matched,nan,0.5,0.5,nan,nan,126,325,451,550,683,52.67483417734721,6.140326825588099,464.2052602271151,0.5802565752838938,0.012454970667742,0.0648231447281786,0.5,0.5,0.0572709143161773,0.1055388669391717,0800c9e1ee7b4cf64c5099e83f65ae2c8adb1bf072ccdaa45be9f1911ae9bad7,,,,results/frozen_sources/mechanisms/magnitude_sparsification_per_seed.csv#row=127
offline_post_hoc,N-MNIST,SNN-DFA,20260909,H1,basis_eval,512,30,800,same_trained_model_and_neuron_coordinates,True,magnitude_sparsity,0.75,nan,unscaled,nan,0.75,0.75,nan,nan,127,326,452,550,683,53.98342489080717,6.144855008550756,466.31203290387344,0.5828900411298418,0.012169779447954,0.0648201335552596,0.75,0.75,0.0550831109285354,0.1030840267216815,0800c9e1ee7b4cf64c5099e83f65ae2c8adb1bf072ccdaa45be9f1911ae9bad7,,,,results/frozen_sources/mechanisms/magnitude_sparsification_per_seed.csv#row=128
offline_post_hoc,N-MNIST,SNN-DFA,20260909,H1,basis_eval,512,30,800,same_trained_model_and_neuron_coordinates,True,magnitude_sparsity,0.75,nan,global_frobenius_norm_matched,nan,0.75,0.75,nan,nan,127,326,452,550,683,53.98342489080717,6.144855008550756,466.31203290387344,0.5828900411298418,0.0121697866922114,0.0648201721752493,0.75,0.75,0.0550831109285354,0.1030840267216815,0800c9e1ee7b4cf64c5099e83f65ae2c8adb1bf072ccdaa45be9f1911ae9bad7,,,,results/frozen_sources/mechanisms/magnitude_sparsification_per_seed.csv#row=129
offline_post_hoc,N-MNIST,SNN-DFA,20260909,H1,basis_eval,512,30,800,same_trained_model_and_neuron_coordinates,True,magnitude_sparsity,ann_matched,nan,unscaled,nan,0.8980546875,0.8980546875,nan,nan,129,328,453,551,684,59.72805673431943,6.160360773967713,473.5989061737166,0.5919986327171458,0.0113523338311683,0.064776688467673,0.8980546875,0.8980546875,0.0481469333171844,0.09127295317886,0800c9e1ee7b4cf64c5099e83f65ae2c8adb1bf072ccdaa45be9f1911ae9bad7,,,,results/frozen_sources/mechanisms/magnitude_sparsification_per_seed.csv#row=130
offline_post_hoc,N-MNIST,SNN-DFA,20260909,H1,basis_eval,512,30,800,same_trained_model_and_neuron_coordinates,True,magnitude_sparsity,ann_matched,nan,global_frobenius_norm_matched,nan,0.8980546875,0.8980546875,nan,nan,129,328,453,551,684,59.72805673431943,6.160360773967713,473.5989061737166,0.5919986327171458,0.0113551432894103,0.0647927193025203,0.8980546875,0.8980546875,0.0481469333171844,0.09127295317886,0800c9e1ee7b4cf64c5099e83f65ae2c8adb1bf072ccdaa45be9f1911ae9bad7,,,,results/frozen_sources/mechanisms/magnitude_sparsification_per_seed.csv#row=131
offline_post_hoc,N-MNIST,SNN-DFA,20260909,H2,basis_eval,512,30,800,same_trained_model_and_neuron_coordinates,True,magnitude_sparsity,0,nan,unscaled,nan,0.0,0.0,nan,nan,104,300,432,536,674,33.98108993861835,5.992686556518867,400.4891025474471,0.5006113781843089,0.0187023040796299,0.0798131234254295,0.0,0.0,0.0862229540944099,0.1306824314420197,0800c9e1ee7b4cf64c5099e83f65ae2c8adb1bf072ccdaa45be9f1911ae9bad7,,,,results/frozen_sources/mechanisms/magnitude_sparsification_per_seed.csv#row=132
offline_post_hoc,N-MNIST,SNN-DFA,20260909,H2,basis_eval,512,30,800,same_trained_model_and_neuron_coordinates,True,magnitude_sparsity,0,nan,global_frobenius_norm_matched,nan,0.0,0.0,nan,nan,104,300,432,536,674,33.98108993861835,5.992686556518867,400.4891025474471,0.5006113781843089,0.0187023040796299,0.0798131234254295,0.0,0.0,0.0862229540944099,0.1306824314420197,0800c9e1ee7b4cf64c5099e83f65ae2c8adb1bf072ccdaa45be9f1911ae9bad7,,,,results/frozen_sources/mechanisms/magnitude_sparsification_per_seed.csv#row=133
offline_post_hoc,N-MNIST,SNN-DFA,20260909,H2,basis_eval,512,30,800,same_trained_model_and_neuron_coordinates,True,magnitude_sparsity,0.25,nan,unscaled,nan,0.25,0.25,nan,nan,104,300,432,536,674,33.99387687546083,5.992844461719596,400.5523468527453,0.5006904335659317,0.0186488304995181,0.0798130103050897,0.25,0.25,0.0859063640236854,0.1306257453828635,0800c9e1ee7b4cf64c5099e83f65ae2c8adb1bf072ccdaa45be9f1911ae9bad7,,,,results/frozen_sources/mechanisms/magnitude_sparsification_per_seed.csv#row=134
offline_post_hoc,N-MNIST,SNN-DFA,20260909,H2,basis_eval,512,30,800,same_trained_model_and_neuron_coordinates,True,magnitude_sparsity,0.25,nan,global_frobenius_norm_matched,nan,0.25,0.25,nan,nan,104,300,432,536,674,33.99387687546083,5.992844461719596,400.5523468527453,0.5006904335659317,0.0186488304995181,0.0798130103050897,0.25,0.25,0.0859063640236854,0.1306257453828635,0800c9e1ee7b4cf64c5099e83f65ae2c8adb1bf072ccdaa45be9f1911ae9bad7,,,,results/frozen_sources/mechanisms/magnitude_sparsification_per_seed.csv#row=135
offline_post_hoc,N-MNIST,SNN-DFA,20260909,H2,basis_eval,512,30,800,same_trained_model_and_neuron_coordinates,True,magnitude_sparsity,0.50,nan,unscaled,nan,0.5,0.5,nan,nan,104,300,432,536,674,34.12590793026353,5.994286353517639,401.1303165811289,0.5014128957264111,0.0184363259075099,0.0798117852763889,0.5,0.5,0.0844599604606628,0.1298110750338045,0800c9e1ee7b4cf64c5099e83f65ae2c8adb1bf072ccdaa45be9f1911ae9bad7,,,,results/frozen_sources/mechanisms/magnitude_sparsification_per_seed.csv#row=136
offline_post_hoc,N-MNIST,SNN-DFA,20260909,H2,basis_eval,512,30,800,same_trained_model_and_neuron_coordinates,True,magnitude_sparsity,0.50,nan,global_frobenius_norm_matched,nan,0.5,0.5,nan,nan,104,300,432,536,674,34.12590793026353,5.994286353517639,401.1303165811289,0.5014128957264111,0.0184363259075099,0.0798117852763889,0.5,0.5,0.0844599604606628,0.1298110750338045,0800c9e1ee7b4cf64c5099e83f65ae2c8adb1bf072ccdaa45be9f1911ae9bad7,,,,results/frozen_sources/mechanisms/magnitude_sparsification_per_seed.csv#row=137
offline_post_hoc,N-MNIST,SNN-DFA,20260909,H2,basis_eval,512,30,800,same_trained_model_and_neuron_coordinates,True,magnitude_sparsity,0.75,nan,unscaled,nan,0.75,0.75,nan,nan,105,301,433,537,674,35.21058615528512,6.004900518449785,405.410655848727,0.5067633198109087,0.0177709457446156,0.079799004246792,0.75,0.75,0.0792075395584106,0.1239154467944905,0800c9e1ee7b4cf64c5099e83f65ae2c8adb1bf072ccdaa45be9f1911ae9bad7,,,,results/frozen_sources/mechanisms/magnitude_sparsification_per_seed.csv#row=138
offline_post_hoc,N-MNIST,SNN-DFA,20260909,H2,basis_eval,512,30,800,same_trained_model_and_neuron_coordinates,True,magnitude_sparsity,0.75,nan,global_frobenius_norm_matched,nan,0.75,0.75,nan,nan,105,301,433,537,674,35.21058615528512,6.004900518449785,405.410655848727,0.5067633198109087,0.0177710431929942,0.0797994418334239,0.75,0.75,0.0792075395584106,0.1239154467944905,0800c9e1ee7b4cf64c5099e83f65ae2c8adb1bf072ccdaa45be9f1911ae9bad7,,,,results/frozen_sources/mechanisms/magnitude_sparsification_per_seed.csv#row=139
offline_post_hoc,N-MNIST,SNN-DFA,20260909,H2,basis_eval,512,30,800,same_trained_model_and_neuron_coordinates,True,magnitude_sparsity,ann_matched,nan,unscaled,nan,0.770538330078125,0.770538330078125,nan,nan,105,301,433,537,674,35.476981779881086,6.007324773849118,406.3946670854717,0.5079933338568396,0.0176567780954359,0.0797950195406793,0.770538330078125,0.770538330078125,0.0782602354884147,0.1226352207702408,0800c9e1ee7b4cf64c5099e83f65ae2c8adb1bf072ccdaa45be9f1911ae9bad7,,,,results/frozen_sources/mechanisms/magnitude_sparsification_per_seed.csv#row=140
offline_post_hoc,N-MNIST,SNN-DFA,20260909,H2,basis_eval,512,30,800,same_trained_model_and_neuron_coordinates,True,magnitude_sparsity,ann_matched,nan,global_frobenius_norm_matched,nan,0.770538330078125,0.770538330078125,nan,nan,105,301,433,537,674,35.476981779881086,6.007324773849118,406.3946670854717,0.5079933338568396,0.0176569612172739,0.0797958471130371,0.770538330078125,0.770538330078125,0.0782602354884147,0.1226352207702408,0800c9e1ee7b4cf64c5099e83f65ae2c8adb1bf072ccdaa45be9f1911ae9bad7,,,,results/frozen_sources/mechanisms/magnitude_sparsification_per_seed.csv#row=141
offline_post_hoc,N-MNIST,SNN-DFA,20260909,H3,basis_eval,512,30,800,same_trained_model_and_neuron_coordinates,True,magnitude_sparsity,0,nan,unscaled,nan,0.0,0.0,nan,nan,90,269,402,517,686,36.91713315621613,5.942550290120197,380.9051104307971,0.4761313880384963,0.0076949526751224,0.0496889647003527,0.0,0.0,0.085133671760559,0.1321142973336983,0800c9e1ee7b4cf64c5099e83f65ae2c8adb1bf072ccdaa45be9f1911ae9bad7,,,,results/frozen_sources/mechanisms/magnitude_sparsification_per_seed.csv#row=142
offline_post_hoc,N-MNIST,SNN-DFA,20260909,H3,basis_eval,512,30,800,same_trained_model_and_neuron_coordinates,True,magnitude_sparsity,0,nan,global_frobenius_norm_matched,nan,0.0,0.0,nan,nan,90,269,402,517,686,36.91713315621613,5.942550290120197,380.9051104307971,0.4761313880384963,0.0076949526751224,0.0496889647003527,0.0,0.0,0.085133671760559,0.1321142973336983,0800c9e1ee7b4cf64c5099e83f65ae2c8adb1bf072ccdaa45be9f1911ae9bad7,,,,results/frozen_sources/mechanisms/magnitude_sparsification_per_seed.csv#row=143
offline_post_hoc,N-MNIST,SNN-DFA,20260909,H3,basis_eval,512,30,800,same_trained_model_and_neuron_coordinates,True,magnitude_sparsity,0.25,nan,unscaled,nan,0.25,0.25,nan,nan,90,269,402,517,686,36.94491775271039,5.94272040745699,380.9699145057466,0.4762123931321833,0.0076484969814995,0.0496888574966708,0.25,0.25,0.0848631933331489,0.1320373068978396,0800c9e1ee7b4cf64c5099e83f65ae2c8adb1bf072ccdaa45be9f1911ae9bad7,,,,results/frozen_sources/mechanisms/magnitude_sparsification_per_seed.csv#row=144
offline_post_hoc,N-MNIST,SNN-DFA,20260909,H3,basis_eval,512,30,800,same_trained_model_and_neuron_coordinates,True,magnitude_sparsity,0.25,nan,global_frobenius_norm_matched,nan,0.25,0.25,nan,nan,90,269,402,517,686,36.94491775271039,5.94272040745699,380.9699145057466,0.4762123931321833,0.0076484969814995,0.0496888574966708,0.25,0.25,0.0848631933331489,0.1320373068978396,0800c9e1ee7b4cf64c5099e83f65ae2c8adb1bf072ccdaa45be9f1911ae9bad7,,,,results/frozen_sources/mechanisms/magnitude_sparsification_per_seed.csv#row=145
offline_post_hoc,N-MNIST,SNN-DFA,20260909,H3,basis_eval,512,30,800,same_trained_model_and_neuron_coordinates,True,magnitude_sparsity,0.50,nan,unscaled,nan,0.5,0.5,nan,nan,90,269,403,517,686,37.01160540843675,5.943158741959803,381.1369433683905,0.4764211792104881,0.0075385367523534,0.0496883558337286,0.5,0.5,0.0840412303805351,0.1316545007021672,0800c9e1ee7b4cf64c5099e83f65ae2c8adb1bf072ccdaa45be9f1911ae9bad7,,,,results/frozen_sources/mechanisms/magnitude_sparsification_per_seed.csv#row=146
offline_post_hoc,N-MNIST,SNN-DFA,20260909,H3,basis_eval,512,30,800,same_trained_model_and_neuron_coordinates,True,magnitude_sparsity,0.50,nan,global_frobenius_norm_matched,nan,0.5,0.5,nan,nan,90,269,403,517,686,37.01160540843675,5.943158741959803,381.1369433683905,0.4764211792104881,0.0075385367523534,0.0496883558337286,0.5,0.5,0.0840412303805351,0.1316545007021672,0800c9e1ee7b4cf64c5099e83f65ae2c8adb1bf072ccdaa45be9f1911ae9bad7,,,,results/frozen_sources/mechanisms/magnitude_sparsification_per_seed.csv#row=147
offline_post_hoc,N-MNIST,SNN-DFA,20260909,H3,basis_eval,512,30,800,same_trained_model_and_neuron_coordinates,True,magnitude_sparsity,0.75,nan,unscaled,nan,0.75,0.75,nan,nan,90,270,403,517,686,37.24960103591599,5.944836920674501,381.7770962693848,0.4772213703367309,0.0073214462000888,0.0496863493405292,0.75,0.75,0.0819085985422134,0.1300828895397189,0800c9e1ee7b4cf64c5099e83f65ae2c8adb1bf072ccdaa45be9f1911ae9bad7,,,,results/frozen_sources/mechanisms/magnitude_sparsification_per_seed.csv#row=148
offline_post_hoc,N-MNIST,SNN-DFA,20260909,H3,basis_eval,512,30,800,same_trained_model_and_neuron_coordinates,True,magnitude_sparsity,0.75,nan,global_frobenius_norm_matched,nan,0.75,0.75,nan,nan,90,270,403,517,686,37.24960103591599,5.944836920674501,381.7770962693848,0.4772213703367309,0.0073214470487072,0.0496863552096182,0.75,0.75,0.0819085985422134,0.1300828895397189,0800c9e1ee7b4cf64c5099e83f65ae2c8adb1bf072ccdaa45be9f1911ae9bad7,,,,results/frozen_sources/mechanisms/magnitude_sparsification_per_seed.csv#row=149
offline_post_hoc,N-MNIST,SNN-DFA,20260909,H3,basis_eval,512,30,800,same_trained_model_and_neuron_coordinates,True,magnitude_sparsity,ann_matched,nan,unscaled,nan,0.881057861328125,0.881057861328125,nan,nan,91,270,403,518,687,38.01804559386021,5.950525831635383,383.95518176996393,0.4799439772124549,0.0070300211218336,0.0496791544167018,0.881057861328125,0.881057861328125,0.0774337798357009,0.1249126434167601,0800c9e1ee7b4cf64c5099e83f65ae2c8adb1bf072ccdaa45be9f1911ae9bad7,,,,results/frozen_sources/mechanisms/magnitude_sparsification_per_seed.csv#row=150
offline_post_hoc,N-MNIST,SNN-DFA,20260909,H3,basis_eval,512,30,800,same_trained_model_and_neuron_coordinates,True,magnitude_sparsity,ann_matched,nan,global_frobenius_norm_matched,nan,0.881057861328125,0.881057861328125,nan,nan,91,270,403,518,687,38.01804559386021,5.950525831635383,383.95518176996393,0.4799439772124549,0.0070300772707962,0.0496795512090855,0.881057861328125,0.881057861328125,0.0774337798357009,0.1249126434167601,0800c9e1ee7b4cf64c5099e83f65ae2c8adb1bf072ccdaa45be9f1911ae9bad7,,,,results/frozen_sources/mechanisms/magnitude_sparsification_per_seed.csv#row=151
offline_post_hoc,N-MNIST,SNN-DFA,20260830,H1,basis_eval,512,30,800,same_trained_model_and_neuron_coordinates,True,random_sparsity,0,nan,global_frobenius_norm_matched,204635183000.0,0.0,0.0,0.0,nan,124,321,448,546,680,43.271599085746814,6.124434206395464,456.8861368711281,0.5711076710889101,0.0127105540999767,0.0652341079733922,0.0,0.0,0.0579969622194767,0.1062942856767887,b8f2c8c95c5944358405d35f2d38dcb293461fa1e8641e9e6cb29ab98e39a534,,,,results/frozen_sources/mechanisms/random_mask_control_per_seed.csv#row=2
offline_post_hoc,N-MNIST,SNN-DFA,20260830,H1,basis_eval,512,30,800,same_trained_model_and_neuron_coordinates,True,random_sparsity,0.25,nan,global_frobenius_norm_matched,204635183000.0,0.25,0.25,0.0,nan,126,323,449,547,679,55.49348201730131,6.151889211116179,469.603729860849,0.5870046623260613,0.0110061677412868,0.0652279237051095,0.25,0.25,0.0442021451890468,0.0810369313118738,b8f2c8c95c5944358405d35f2d38dcb293461fa1e8641e9e6cb29ab98e39a534,,,,results/frozen_sources/mechanisms/random_mask_control_per_seed.csv#row=3
offline_post_hoc,N-MNIST,SNN-DFA,20260830,H1,basis_eval,512,30,800,same_trained_model_and_neuron_coordinates,True,random_sparsity,0.50,nan,global_frobenius_norm_matched,204635183000.0,0.5,0.5,0.0,nan,125,317,442,540,675,71.70963126932006,6.149304506204697,468.3915100839056,0.585489387604882,0.0089837166886591,0.0652208716600301,0.5,0.5,0.0304758492857217,0.0558981422808893,b8f2c8c95c5944358405d35f2d38dcb293461fa1e8641e9e6cb29ab98e39a534,,,,results/frozen_sources/mechanisms/random_mask_control_per_seed.csv#row=4
offline_post_hoc,N-MNIST,SNN-DFA,20260830,H1,basis_eval,512,30,800,same_trained_model_and_neuron_coordinates,True,random_sparsity,0.75,nan,global_frobenius_norm_matched,204635183000.0,0.75,0.75,0.0,nan,123,311,434,531,667,80.60114292385829,6.13623786525292,462.31101870912624,0.5778887733864078,0.0063503056900066,0.065213109160399,0.75,0.75,0.0169311147183179,0.0315885551469622,b8f2c8c95c5944358405d35f2d38dcb293461fa1e8641e9e6cb29ab98e39a534,,,,results/frozen_sources/mechanisms/random_mask_control_per_seed.csv#row=5
offline_post_hoc,N-MNIST,SNN-DFA,20260830,H1,basis_eval,512,30,800,same_trained_model_and_neuron_coordinates,True,random_sparsity,ann_matched,nan,global_frobenius_norm_matched,204635183000.0,0.8526092936197917,0.8526092936197917,0.0,nan,109,293,415,513,655,56.00452825953848,6.0605405379409145,428.6070526287813,0.5357588157859766,0.0048741223731879,0.065209156706404,0.8526092936197917,0.8526092936197917,0.0114638227969408,0.0205721837952095,b8f2c8c95c5944358405d35f2d38dcb293461fa1e8641e9e6cb29ab98e39a534,,,,results/frozen_sources/mechanisms/random_mask_control_per_seed.csv#row=6
offline_post_hoc,N-MNIST,SNN-DFA,20260830,H1,basis_eval,512,30,800,same_trained_model_and_neuron_coordinates,True,random_sparsity,0,nan,global_frobenius_norm_matched,204635183001.0,0.0,0.0,1.0,nan,124,321,448,546,680,43.271599085746814,6.124434206395464,456.8861368711281,0.5711076710889101,0.0127105540999767,0.0652341079733922,0.0,0.0,0.0579969622194767,0.1062942856767887,b8f2c8c95c5944358405d35f2d38dcb293461fa1e8641e9e6cb29ab98e39a534,,,,results/frozen_sources/mechanisms/random_mask_control_per_seed.csv#row=7
offline_post_hoc,N-MNIST,SNN-DFA,20260830,H1,basis_eval,512,30,800,same_trained_model_and_neuron_coordinates,True,random_sparsity,0.25,nan,global_frobenius_norm_matched,204635183001.0,0.25,0.25,1.0,nan,127,322,449,547,680,55.79592315669003,6.154278139729637,470.7269207253285,0.5884086509066606,0.0110078074874392,0.0652278996519276,0.25,0.25,0.0443211533129215,0.0813702453613835,b8f2c8c95c5944358405d35f2d38dcb293461fa1e8641e9e6cb29ab98e39a534,,,,results/frozen_sources/mechanisms/random_mask_control_per_seed.csv#row=8
offline_post_hoc,N-MNIST,SNN-DFA,20260830,H1,basis_eval,512,30,800,same_trained_model_and_neuron_coordinates,True,random_sparsity,0.50,nan,global_frobenius_norm_matched,204635183001.0,0.5,0.5,1.0,nan,126,321,447,544,675,71.85522840327558,6.161409705361094,474.0959395656653,0.5926199244570816,0.0089826889596769,0.0652208941299522,0.5,0.5,0.030579887330532,0.0560766290460912,b8f2c8c95c5944358405d35f2d38dcb293461fa1e8641e9e6cb29ab98e39a534,,,,results/frozen_sources/mechanisms/random_mask_control_per_seed.csv#row=9
offline_post_hoc,N-MNIST,SNN-DFA,20260830,H1,basis_eval,512,30,800,same_trained_model_and_neuron_coordinates,True,random_sparsity,0.75,nan,global_frobenius_norm_matched,204635183001.0,0.75,0.75,1.0,nan,119,310,434,532,667,67.73418940727743,6.1174375609181055,453.700623496831,0.5671257793710387,0.006347629395082,0.0652131077661455,0.75,0.75,0.017067614942789,0.0309371228316583,b8f2c8c95c5944358405d35f2d38dcb293461fa1e8641e9e6cb29ab98e39a534,,,,results/frozen_sources/mechanisms/random_mask_control_per_seed.csv#row=10
offline_post_hoc,N-MNIST,SNN-DFA,20260830,H1,basis_eval,512,30,800,same_trained_model_and_neuron_coordinates,True,random_sparsity,ann_matched,nan,global_frobenius_norm_matched,204635183001.0,0.8526092936197917,0.8526092936197917,1.0,nan,106,292,417,515,657,53.164286679367954,6.043251170520668,421.2604003081736,0.526575500385217,0.0048748678300544,0.0652092026085643,0.8526092936197917,0.8526092936197917,0.0118733244016766,0.0217641135623118,b8f2c8c95c5944358405d35f2d38dcb293461fa1e8641e9e6cb29ab98e39a534,,,,results/frozen_sources/mechanisms/random_mask_control_per_seed.csv#row=11
offline_post_hoc,N-MNIST,SNN-DFA,20260830,H1,basis_eval,512,30,800,same_trained_model_and_neuron_coordinates,True,random_sparsity,0,nan,global_frobenius_norm_matched,204635183002.0,0.0,0.0,2.0,nan,124,321,448,546,680,43.271599085746814,6.124434206395464,456.8861368711281,0.5711076710889101,0.0127105540999767,0.0652341079733922,0.0,0.0,0.0579969622194767,0.1062942856767887,b8f2c8c95c5944358405d35f2d38dcb293461fa1e8641e9e6cb29ab98e39a534,,,,results/frozen_sources/mechanisms/random_mask_control_per_seed.csv#row=12
offline_post_hoc,N-MNIST,SNN-DFA,20260830,H1,basis_eval,512,30,800,same_trained_model_and_neuron_coordinates,True,random_sparsity,0.25,nan,global_frobenius_norm_matched,204635183002.0,0.25,0.25,2.0,nan,127,323,449,547,680,53.466387371727365,6.152522146337471,469.9010526846458,0.5873763158558073,0.0110113869583458,0.0652278333208757,0.25,0.25,0.0443073883652687,0.0811683712039122,b8f2c8c95c5944358405d35f2d38dcb293461fa1e8641e9e6cb29ab98e39a534,,,,results/frozen_sources/mechanisms/random_mask_control_per_seed.csv#row=13
offline_post_hoc,N-MNIST,SNN-DFA,20260830,H1,basis_eval,512,30,800,same_trained_model_and_neuron_coordinates,True,random_sparsity,0.50,nan,global_frobenius_norm_matched,204635183002.0,0.5,0.5,2.0,nan,126,320,446,544,679,70.4383076196662,6.158930789075895,472.9221508833494,0.5911526886041867,0.008996089015668,0.0652208928875915,0.5,0.5,0.0307172127068042,0.0559148825443468,b8f2c8c95c5944358405d35f2d38dcb293461fa1e8641e9e6cb29ab98e39a534,,,,results/frozen_sources/mechanisms/random_mask_control_per_seed.csv#row=14
offline_post_hoc,N-MNIST,SNN-DFA,20260830,H1,basis_eval,512,30,800,same_trained_model_and_neuron_coordinates,True,random_sparsity,0.75,nan,global_frobenius_norm_matched,204635183002.0,0.75,0.75,2.0,nan,124,313,438,535,673,73.543164794006,6.144818781554909,466.2951401257829,0.5828689251572287,0.0063676875140138,0.065213128392049,0.75,0.75,0.0172644611448049,0.0306772888020682,b8f2c8c95c5944358405d35f2d38dcb293461fa1e8641e9e6cb29ab98e39a534,,,,results/frozen_sources/mechanisms/random_mask_control_per_seed.csv#row=15
offline_post_hoc,N-MNIST,SNN-DFA,20260830,H1,basis_eval,512,30,800,same_trained_model_and_neuron_coordinates,True,random_sparsity,ann_matched,nan,global_frobenius_norm_matched,204635183002.0,0.8526092936197917,0.8526092936197917,2.0,nan,113,294,417,517,660,53.19133315950199,6.075949978667928,435.26279654665205,0.5440784956833151,0.0048906949654646,0.0652091276159097,0.8526092936197917,0.8526092936197917,0.0117878355085849,0.0210370717389189,b8f2c8c95c5944358405d35f2d38dcb293461fa1e8641e9e6cb29ab98e39a534,,,,results/frozen_sources/mechanisms/random_mask_control_per_seed.csv#row=16
offline_post_hoc,N-MNIST,SNN-DFA,20260830,H1,basis_eval,512,30,800,same_trained_model_and_neuron_coordinates,True,random_sparsity,0,nan,global_frobenius_norm_matched,204635183003.0,0.0,0.0,3.0,nan,124,321,448,546,680,43.271599085746814,6.124434206395464,456.8861368711281,0.5711076710889101,0.0127105540999767,0.0652341079733922,0.0,0.0,0.0579969622194767,0.1062942856767887,b8f2c8c95c5944358405d35f2d38dcb293461fa1e8641e9e6cb29ab98e39a534,,,,results/frozen_sources/mechanisms/random_mask_control_per_seed.csv#row=17
offline_post_hoc,N-MNIST,SNN-DFA,20260830,H1,basis_eval,512,30,800,same_trained_model_and_neuron_coordinates,True,random_sparsity,0.25,nan,global_frobenius_norm_matched,204635183003.0,0.25,0.25,3.0,nan,127,323,448,546,680,53.43692129253985,6.149268442836378,468.37461861294383,0.5854682732661798,0.0110049684335003,0.0652278150652172,0.25,0.25,0.04414639249444,0.0810851747504397,b8f2c8c95c5944358405d35f2d38dcb293461fa1e8641e9e6cb29ab98e39a534,,,,results/frozen_sources/mechanisms/random_mask_control_per_seed.csv#row=18
offline_post_hoc,N-MNIST,SNN-DFA,20260830,H1,basis_eval,512,30,800,same_trained_model_and_neuron_coordinates,True,random_sparsity,0.50,nan,global_frobenius_norm_matched,204635183003.0,0.5,0.5,3.0,nan,126,321,448,546,680,68.68755616420623,6.154121947711624,470.65340267926257,0.5883167533490782,0.0089750229584476,0.0652208461108366,0.5,0.5,0.0302348360419273,0.0556970631973817,b8f2c8c95c5944358405d35f2d38dcb293461fa1e8641e9e6cb29ab98e39a534,,,,results/frozen_sources/mechanisms/random_mask_control_per_seed.csv#row=19
offline_post_hoc,N-MNIST,SNN-DFA,20260830,H1,basis_eval,512,30,800,same_trained_model_and_neuron_coordinates,True,random_sparsity,0.75,nan,global_frobenius_norm_matched,204635183003.0,0.75,0.75,3.0,nan,123,315,441,540,675,78.42857688426841,6.142374576410829,465.1568108674537,0.5814460135843171,0.0063417785311722,0.0652130986903649,0.75,0.75,0.0169549100100994,0.031267805772355,b8f2c8c95c5944358405d35f2d38dcb293461fa1e8641e9e6cb29ab98e39a534,,,,results/frozen_sources/mechanisms/random_mask_control_per_seed.csv#row=20
offline_post_hoc,N-MNIST,SNN-DFA,20260830,H1,basis_eval,512,30,800,same_trained_model_and_neuron_coordinates,True,random_sparsity,ann_matched,nan,global_frobenius_norm_matched,204635183003.0,0.8526092936197917,0.8526092936197917,3.0,nan,115,303,426,526,664,69.05699126645091,6.09883092377728,445.33683293174886,0.556671041164686,0.0048787970358326,0.0652091902485419,0.8526092936197917,0.8526092936197917,0.0117321992293,0.021581330389409,b8f2c8c95c5944358405d35f2d38dcb293461fa1e8641e9e6cb29ab98e39a534,,,,results/frozen_sources/mechanisms/random_mask_control_per_seed.csv#row=21
offline_post_hoc,N-MNIST,SNN-DFA,20260830,H1,basis_eval,512,30,800,same_trained_model_and_neuron_coordinates,True,random_sparsity,0,nan,global_frobenius_norm_matched,204635183004.0,0.0,0.0,4.0,nan,124,321,448,546,680,43.271599085746814,6.124434206395464,456.8861368711281,0.5711076710889101,0.0127105540999767,0.0652341079733922,0.0,0.0,0.0579969622194767,0.1062942856767887,b8f2c8c95c5944358405d35f2d38dcb293461fa1e8641e9e6cb29ab98e39a534,,,,results/frozen_sources/mechanisms/random_mask_control_per_seed.csv#row=22
offline_post_hoc,N-MNIST,SNN-DFA,20260830,H1,basis_eval,512,30,800,same_trained_model_and_neuron_coordinates,True,random_sparsity,0.25,nan,global_frobenius_norm_matched,204635183004.0,0.25,0.25,4.0,nan,127,324,451,548,680,54.400329509484834,6.15455755555755,470.8584676548949,0.5885730845686187,0.0110023687840544,0.0652278983289443,0.25,0.25,0.0441554710268974,0.0809265727513514,b8f2c8c95c5944358405d35f2d38dcb293461fa1e8641e9e6cb29ab98e39a534,,,,results/frozen_sources/mechanisms/random_mask_control_per_seed.csv#row=23
offline_post_hoc,N-MNIST,SNN-DFA,20260830,H1,basis_eval,512,30,800,same_trained_model_and_neuron_coordinates,True,random_sparsity,0.50,nan,global_frobenius_norm_matched,204635183004.0,0.5,0.5,4.0,nan,127,322,447,545,679,72.21194815521714,6.166750370040498,476.6347003053023,0.5957933753816278,0.0089894860363119,0.0652208395430882,0.5,0.5,0.0306187197566032,0.0556257557065453,b8f2c8c95c5944358405d35f2d38dcb293461fa1e8641e9e6cb29ab98e39a534,,,,results/frozen_sources/mechanisms/random_mask_control_per_seed.csv#row=24
offline_post_hoc,N-MNIST,SNN-DFA,20260830,H1,basis_eval,512,30,800,same_trained_model_and_neuron_coordinates,True,random_sparsity,0.75,nan,global_frobenius_norm_matched,204635183004.0,0.75,0.75,4.0,nan,122,314,438,536,673,79.17030959602717,6.136701551158058,462.5254355194767,0.5781567943993459,0.0063666420393685,0.0652130651960272,0.75,0.75,0.017188511788845,0.0314210018404168,b8f2c8c95c5944358405d35f2d38dcb293461fa1e8641e9e6cb29ab98e39a534,,,,results/frozen_sources/mechanisms/random_mask_control_per_seed.csv#row=25
offline_post_hoc,N-MNIST,SNN-DFA,20260830,H1,basis_eval,512,30,800,same_trained_model_and_neuron_coordinates,True,random_sparsity,ann_matched,nan,global_frobenius_norm_matched,204635183004.0,0.8526092936197917,0.8526092936197917,4.0,nan,110,302,426,524,666,52.34067131968804,6.077232010441708,435.8211751348359,0.5447764689185449,0.004887262367878,0.0652091791616844,0.8526092936197917,0.8526092936197917,0.0117663033306598,0.0219173206805832,b8f2c8c95c5944358405d35f2d38dcb293461fa1e8641e9e6cb29ab98e39a534,,,,results/frozen_sources/mechanisms/random_mask_control_per_seed.csv#row=26
offline_post_hoc,N-MNIST,SNN-DFA,20260830,H1,basis_eval,512,30,800,same_trained_model_and_neuron_coordinates,True,random_sparsity,0,nan,global_frobenius_norm_matched,204635183005.0,0.0,0.0,5.0,nan,124,321,448,546,680,43.271599085746814,6.124434206395464,456.8861368711281,0.5711076710889101,0.0127105540999767,0.0652341079733922,0.0,0.0,0.0579969622194767,0.1062942856767887,b8f2c8c95c5944358405d35f2d38dcb293461fa1e8641e9e6cb29ab98e39a534,,,,results/frozen_sources/mechanisms/random_mask_control_per_seed.csv#row=27
offline_post_hoc,N-MNIST,SNN-DFA,20260830,H1,basis_eval,512,30,800,same_trained_model_and_neuron_coordinates,True,random_sparsity,0.25,nan,global_frobenius_norm_matched,204635183005.0,0.25,0.25,5.0,nan,127,323,448,546,679,55.480854330553,6.151408285216276,469.3779395630205,0.5867224244537755,0.0110056262985222,0.0652278500504423,0.25,0.25,0.0441276207566261,0.0814474226553069,b8f2c8c95c5944358405d35f2d38dcb293461fa1e8641e9e6cb29ab98e39a534,,,,results/frozen_sources/mechanisms/random_mask_control_per_seed.csv#row=28
offline_post_hoc,N-MNIST,SNN-DFA,20260830,H1,basis_eval,512,30,800,same_trained_model_and_neuron_coordinates,True,random_sparsity,0.50,nan,global_frobenius_norm_matched,204635183005.0,0.5,0.5,5.0,nan,128,323,448,546,678,69.98094803260696,6.164604404729465,475.612955478998,0.5945161943487475,0.0089861990732181,0.0652208387144707,0.5,0.5,0.0304096788167953,0.0559185379384604,b8f2c8c95c5944358405d35f2d38dcb293461fa1e8641e9e6cb29ab98e39a534,,,,results/frozen_sources/mechanisms/random_mask_control_per_seed.csv#row=29
offline_post_hoc,N-MNIST,SNN-DFA,20260830,H1,basis_eval,512,30,800,same_trained_model_and_neuron_coordinates,True,random_sparsity,0.75,nan,global_frobenius_norm_matched,204635183005.0,0.75,0.75,5.0,nan,123,311,434,532,669,89.38700183973037,6.143194285560498,465.5382604788624,0.581922825598578,0.006354870861952,0.0652131004411658,0.75,0.75,0.0170650798827409,0.031264782113034,b8f2c8c95c5944358405d35f2d38dcb293461fa1e8641e9e6cb29ab98e39a534,,,,results/frozen_sources/mechanisms/random_mask_control_per_seed.csv#row=30
offline_post_hoc,N-MNIST,SNN-DFA,20260830,H1,basis_eval,512,30,800,same_trained_model_and_neuron_coordinates,True,random_sparsity,ann_matched,nan,global_frobenius_norm_matched,204635183005.0,0.8526092936197917,0.8526092936197917,5.0,nan,118,301,421,519,662,88.93069444763138,6.110436513957079,450.5353372132158,0.5631691715165198,0.004873237416216,0.0652091138449562,0.8526092936197917,0.8526092936197917,0.0116957854479551,0.0212346388121445,b8f2c8c95c5944358405d35f2d38dcb293461fa1e8641e9e6cb29ab98e39a534,,,,results/frozen_sources/mechanisms/random_mask_control_per_seed.csv#row=31
offline_post_hoc,N-MNIST,SNN-DFA,20260830,H1,basis_eval,512,30,800,same_trained_model_and_neuron_coordinates,True,random_sparsity,0,nan,global_frobenius_norm_matched,204635183006.0,0.0,0.0,6.0,nan,124,321,448,546,680,43.271599085746814,6.124434206395464,456.8861368711281,0.5711076710889101,0.0127105540999767,0.0652341079733922,0.0,0.0,0.0579969622194767,0.1062942856767887,b8f2c8c95c5944358405d35f2d38dcb293461fa1e8641e9e6cb29ab98e39a534,,,,results/frozen_sources/mechanisms/random_mask_control_per_seed.csv#row=32
offline_post_hoc,N-MNIST,SNN-DFA,20260830,H1,basis_eval,512,30,800,same_trained_model_and_neuron_coordinates,True,random_sparsity,0.25,nan,global_frobenius_norm_matched,204635183006.0,0.25,0.25,6.0,nan,125,320,447,545,679,54.48408425109345,6.144186767878672,466.0005283292097,0.5825006604115122,0.0110054444686982,0.0652278111326911,0.25,0.25,0.0442287400364875,0.0811299809812225,b8f2c8c95c5944358405d35f2d38dcb293461fa1e8641e9e6cb29ab98e39a534,,,,results/frozen_sources/mechanisms/random_mask_control_per_seed.csv#row=33
offline_post_hoc,N-MNIST,SNN-DFA,20260830,H1,basis_eval,512,30,800,same_trained_model_and_neuron_coordinates,True,random_sparsity,0.50,nan,global_frobenius_norm_matched,204635183006.0,0.5,0.5,6.0,nan,126,319,444,542,676,72.1762737130363,6.156677489912855,471.857715492645,0.5898221443658063,0.0089820380806373,0.0652208715525676,0.5,0.5,0.0305241718888282,0.0563718594906954,b8f2c8c95c5944358405d35f2d38dcb293461fa1e8641e9e6cb29ab98e39a534,,,,results/frozen_sources/mechanisms/random_mask_control_per_seed.csv#row=34
offline_post_hoc,N-MNIST,SNN-DFA,20260830,H1,basis_eval,512,30,800,same_trained_model_and_neuron_coordinates,True,random_sparsity,0.75,nan,global_frobenius_norm_matched,204635183006.0,0.75,0.75,6.0,nan,120,311,435,533,671,61.40668554760176,6.125230919310119,457.2502889999898,0.5715628612499873,0.006355343310206,0.0652129996053356,0.75,0.75,0.0170592684298753,0.032054587914537,b8f2c8c95c5944358405d35f2d38dcb293461fa1e8641e9e6cb29ab98e39a534,,,,results/frozen_sources/mechanisms/random_mask_control_per_seed.csv#row=35
offline_post_hoc,N-MNIST,SNN-DFA,20260830,H1,basis_eval,512,30,800,same_trained_model_and_neuron_coordinates,True,random_sparsity,ann_matched,nan,global_frobenius_norm_matched,204635183006.0,0.8526092936197917,0.8526092936197917,6.0,nan,110,295,418,517,662,69.68608414750234,6.076987375740625,435.7145711919746,0.5446432139899682,0.004881073762965,0.0652091159704974,0.8526092936197917,0.8526092936197917,0.0116768013685941,0.020583008939265,b8f2c8c95c5944358405d35f2d38dcb293461fa1e8641e9e6cb29ab98e39a534,,,,results/frozen_sources/mechanisms/random_mask_control_per_seed.csv#row=36
offline_post_hoc,N-MNIST,SNN-DFA,20260830,H1,basis_eval,512,30,800,same_trained_model_and_neuron_coordinates,True,random_sparsity,0,nan,global_frobenius_norm_matched,204635183007.0,0.0,0.0,7.0,nan,124,321,448,546,680,43.271599085746814,6.124434206395464,456.8861368711281,0.5711076710889101,0.0127105540999767,0.0652341079733922,0.0,0.0,0.0579969622194767,0.1062942856767887,b8f2c8c95c5944358405d35f2d38dcb293461fa1e8641e9e6cb29ab98e39a534,,,,results/frozen_sources/mechanisms/random_mask_control_per_seed.csv#row=37
offline_post_hoc,N-MNIST,SNN-DFA,20260830,H1,basis_eval,512,30,800,same_trained_model_and_neuron_coordinates,True,random_sparsity,0.25,nan,global_frobenius_norm_matched,204635183007.0,0.25,0.25,7.0,nan,126,322,448,546,679,54.92194000037478,6.1493222905977625,468.3998402167026,0.5854998002708782,0.0110079111608858,0.0652278304660513,0.25,0.25,0.0441304259002208,0.0807258712794939,b8f2c8c95c5944358405d35f2d38dcb293461fa1e8641e9e6cb29ab98e39a534,,,,results/frozen_sources/mechanisms/random_mask_control_per_seed.csv#row=38
offline_post_hoc,N-MNIST,SNN-DFA,20260830,H1,basis_eval,512,30,800,same_trained_model_and_neuron_coordinates,True,random_sparsity,0.50,nan,global_frobenius_norm_matched,204635183007.0,0.5,0.5,7.0,nan,128,322,447,544,678,73.02481129276077,6.165592246565077,476.0830179894608,0.595103772486826,0.0089885781278153,0.0652208451596138,0.5,0.5,0.0304793715476989,0.0556656134263626,b8f2c8c95c5944358405d35f2d38dcb293461fa1e8641e9e6cb29ab98e39a534,,,,results/frozen_sources/mechanisms/random_mask_control_per_seed.csv#row=39
offline_post_hoc,N-MNIST,SNN-DFA,20260830,H1,basis_eval,512,30,800,same_trained_model_and_neuron_coordinates,True,random_sparsity,0.75,nan,global_frobenius_norm_matched,204635183007.0,0.75,0.75,7.0,nan,117,309,436,535,674,60.719099964728194,6.121693979096258,455.6358787842481,0.5695448484803102,0.0063557209514769,0.0652130243710878,0.75,0.75,0.0170167498290538,0.0311342692474303,b8f2c8c95c5944358405d35f2d38dcb293461fa1e8641e9e6cb29ab98e39a534,,,,results/frozen_sources/mechanisms/random_mask_control_per_seed.csv#row=40
offline_post_hoc,N-MNIST,SNN-DFA,20260830,H1,basis_eval,512,30,800,same_trained_model_and_neuron_coordinates,True,random_sparsity,ann_matched,nan,global_frobenius_norm_matched,204635183007.0,0.8526092936197917,0.8526092936197917,7.0,nan,109,293,418,520,664,93.28033436716272,6.073233533028745,434.082033286757,0.5426025416084462,0.0048830186287473,0.0652090384732561,0.8526092936197917,0.8526092936197917,0.0116764474660158,0.0218165904972746,b8f2c8c95c5944358405d35f2d38dcb293461fa1e8641e9e6cb29ab98e39a534,,,,results/frozen_sources/mechanisms/random_mask_control_per_seed.csv#row=41
offline_post_hoc,N-MNIST,SNN-DFA,20260830,H1,basis_eval,512,30,800,same_trained_model_and_neuron_coordinates,True,random_sparsity,0,nan,global_frobenius_norm_matched,204635183008.0,0.0,0.0,8.0,nan,124,321,448,546,680,43.271599085746814,6.124434206395464,456.8861368711281,0.5711076710889101,0.0127105540999767,0.0652341079733922,0.0,0.0,0.0579969622194767,0.1062942856767887,b8f2c8c95c5944358405d35f2d38dcb293461fa1e8641e9e6cb29ab98e39a534,,,,results/frozen_sources/mechanisms/random_mask_control_per_seed.csv#row=42
offline_post_hoc,N-MNIST,SNN-DFA,20260830,H1,basis_eval,512,30,800,same_trained_model_and_neuron_coordinates,True,random_sparsity,0.25,nan,global_frobenius_norm_matched,204635183008.0,0.25,0.25,8.0,nan,126,323,449,547,680,54.03039047616806,6.1508572905231045,469.1193860465787,0.5863992325582233,0.0110100008110912,0.0652279320322958,0.25,0.25,0.0441486462950706,0.0813833172504133,b8f2c8c95c5944358405d35f2d38dcb293461fa1e8641e9e6cb29ab98e39a534,,,,results/frozen_sources/mechanisms/random_mask_control_per_seed.csv#row=43
offline_post_hoc,N-MNIST,SNN-DFA,20260830,H1,basis_eval,512,30,800,same_trained_model_and_neuron_coordinates,True,random_sparsity,0.50,nan,global_frobenius_norm_matched,204635183008.0,0.5,0.5,8.0,nan,125,320,445,543,677,67.06870822810603,6.148765627263535,468.1391717589138,0.5851739646986422,0.0089828507686845,0.0652209233723644,0.5,0.5,0.0303336437791585,0.056248808838775,b8f2c8c95c5944358405d35f2d38dcb293461fa1e8641e9e6cb29ab98e39a534,,,,results/frozen_sources/mechanisms/random_mask_control_per_seed.csv#row=44
offline_post_hoc,N-MNIST,SNN-DFA,20260830,H1,basis_eval,512,30,800,same_trained_model_and_neuron_coordinates,True,random_sparsity,0.75,nan,global_frobenius_norm_matched,204635183008.0,0.75,0.75,8.0,nan,116,303,429,528,667,76.1554647242136,6.102166981694191,446.824983296676,0.558531229120845,0.0063562678479002,0.0652131137702885,0.75,0.75,0.0169485658407211,0.0312737997579647,b8f2c8c95c5944358405d35f2d38dcb293461fa1e8641e9e6cb29ab98e39a534,,,,results/frozen_sources/mechanisms/random_mask_control_per_seed.csv#row=45
offline_post_hoc,N-MNIST,SNN-DFA,20260830,H1,basis_eval,512,30,800,same_trained_model_and_neuron_coordinates,True,random_sparsity,ann_matched,nan,global_frobenius_norm_matched,204635183008.0,0.8526092936197917,0.8526092936197917,8.0,nan,107,284,407,508,656,59.974116541502525,6.036129649794323,418.2710426564536,0.522838803320567,0.0048834032367598,0.0652090730569341,0.8526092936197917,0.8526092936197917,0.0115719540044665,0.0207019776942042,b8f2c8c95c5944358405d35f2d38dcb293461fa1e8641e9e6cb29ab98e39a534,,,,results/frozen_sources/mechanisms/random_mask_control_per_seed.csv#row=46
offline_post_hoc,N-MNIST,SNN-DFA,20260830,H1,basis_eval,512,30,800,same_trained_model_and_neuron_coordinates,True,random_sparsity,0,nan,global_frobenius_norm_matched,204635183009.0,0.0,0.0,9.0,nan,124,321,448,546,680,43.271599085746814,6.124434206395464,456.8861368711281,0.5711076710889101,0.0127105540999767,0.0652341079733922,0.0,0.0,0.0579969622194767,0.1062942856767887,b8f2c8c95c5944358405d35f2d38dcb293461fa1e8641e9e6cb29ab98e39a534,,,,results/frozen_sources/mechanisms/random_mask_control_per_seed.csv#row=47
offline_post_hoc,N-MNIST,SNN-DFA,20260830,H1,basis_eval,512,30,800,same_trained_model_and_neuron_coordinates,True,random_sparsity,0.25,nan,global_frobenius_norm_matched,204635183009.0,0.25,0.25,9.0,nan,127,323,448,546,679,54.15692959047293,6.152092615411412,469.6992589917485,0.5871240737396856,0.0110083248441975,0.0652278153554084,0.25,0.25,0.0442745834589004,0.0808973861309567,b8f2c8c95c5944358405d35f2d38dcb293461fa1e8641e9e6cb29ab98e39a534,,,,results/frozen_sources/mechanisms/random_mask_control_per_seed.csv#row=48
offline_post_hoc,N-MNIST,SNN-DFA,20260830,H1,basis_eval,512,30,800,same_trained_model_and_neuron_coordinates,True,random_sparsity,0.50,nan,global_frobenius_norm_matched,204635183009.0,0.5,0.5,9.0,nan,126,322,447,545,679,69.74749260916835,6.161064826294424,473.9324619921326,0.5924155774901657,0.0089857931244192,0.0652209396831766,0.5,0.5,0.0304477401077747,0.0563160092887921,b8f2c8c95c5944358405d35f2d38dcb293461fa1e8641e9e6cb29ab98e39a534,,,,results/frozen_sources/mechanisms/random_mask_control_per_seed.csv#row=49
offline_post_hoc,N-MNIST,SNN-DFA,20260830,H1,basis_eval,512,30,800,same_trained_model_and_neuron_coordinates,True,random_sparsity,0.75,nan,global_frobenius_norm_matched,204635183009.0,0.75,0.75,9.0,nan,121,307,433,534,672,78.21012628175993,6.136035135425133,462.2173039756264,0.577771629969533,0.0063554019298565,0.0652131308391049,0.75,0.75,0.0169999580830335,0.031762665636752,b8f2c8c95c5944358405d35f2d38dcb293461fa1e8641e9e6cb29ab98e39a534,,,,results/frozen_sources/mechanisms/random_mask_control_per_seed.csv#row=50
offline_post_hoc,N-MNIST,SNN-DFA,20260830,H1,basis_eval,512,30,800,same_trained_model_and_neuron_coordinates,True,random_sparsity,ann_matched,nan,global_frobenius_norm_matched,204635183009.0,0.8526092936197917,0.8526092936197917,9.0,nan,110,292,416,519,663,55.78911257053582,6.067335089128715,431.5291611534817,0.5394114514418521,0.0048774111894104,0.0652090631735746,0.8526092936197917,0.8526092936197917,0.0116569101810455,0.0219474204425884,b8f2c8c95c5944358405d35f2d38dcb293461fa1e8641e9e6cb29ab98e39a534,,,,results/frozen_sources/mechanisms/random_mask_control_per_seed.csv#row=51
offline_post_hoc,N-MNIST,SNN-DFA,20260830,H2,basis_eval,512,30,800,same_trained_model_and_neuron_coordinates,True,random_sparsity,0,nan,global_frobenius_norm_matched,204635183010.0,0.0,0.0,0.0,nan,105,299,427,528,664,34.24198966823596,5.98992145561933,399.38323938594846,0.4992290492324355,0.017726797456581,0.0776460680027963,0.0,0.0,0.0840893238782882,0.1297228659402475,b8f2c8c95c5944358405d35f2d38dcb293461fa1e8641e9e6cb29ab98e39a534,,,,results/frozen_sources/mechanisms/random_mask_control_per_seed.csv#row=52
offline_post_hoc,N-MNIST,SNN-DFA,20260830,H2,basis_eval,512,30,800,same_trained_model_and_neuron_coordinates,True,random_sparsity,0.25,nan,global_frobenius_norm_matched,204635183010.0,0.25,0.25,0.0,nan,110,303,431,531,665,43.420684104095855,6.041985361559658,420.7275024631325,0.5259093780789157,0.015343853682205,0.0776364613814108,0.25,0.25,0.0641464293003082,0.0994937077833376,b8f2c8c95c5944358405d35f2d38dcb293461fa1e8641e9e6cb29ab98e39a534,,,,results/frozen_sources/mechanisms/random_mask_control_per_seed.csv#row=53
offline_post_hoc,N-MNIST,SNN-DFA,20260830,H2,basis_eval,512,30,800,same_trained_model_and_neuron_coordinates,True,random_sparsity,0.50,nan,global_frobenius_norm_matched,204635183010.0,0.5,0.5,0.0,nan,116,308,435,534,665,57.77729518280723,6.0944061448689375,443.3706690344608,0.554213336293076,0.0125197159094161,0.07762634514975,0.5,0.5,0.0440618805587291,0.0685743341011591,b8f2c8c95c5944358405d35f2d38dcb293461fa1e8641e9e6cb29ab98e39a534,,,,results/frozen_sources/mechanisms/random_mask_control_per_seed.csv#row=54
offline_post_hoc,N-MNIST,SNN-DFA,20260830,H2,basis_eval,512,30,800,same_trained_model_and_neuron_coordinates,True,random_sparsity,0.75,nan,global_frobenius_norm_matched,204635183010.0,0.75,0.75,0.0,nan,111,301,427,526,659,62.98236443911578,6.075838386628844,435.2142273936639,0.5440177842420798,0.0088379125217297,0.077614452304374,0.75,0.75,0.0247193276882171,0.0384796098978561,b8f2c8c95c5944358405d35f2d38dcb293461fa1e8641e9e6cb29ab98e39a534,,,,results/frozen_sources/mechanisms/random_mask_control_per_seed.csv#row=55
offline_post_hoc,N-MNIST,SNN-DFA,20260830,H2,basis_eval,512,30,800,same_trained_model_and_neuron_coordinates,True,random_sparsity,ann_matched,nan,global_frobenius_norm_matched,204635183010.0,0.83249462890625,0.83249462890625,0.0,nan,106,291,416,516,654,45.81188794634643,6.035783733105108,418.1263807441105,0.5226579759301382,0.007231054463994,0.0776101146912417,0.83249462890625,0.83249462890625,0.0184965878725051,0.0286034733745728,b8f2c8c95c5944358405d35f2d38dcb293461fa1e8641e9e6cb29ab98e39a534,,,,results/frozen_sources/mechanisms/random_mask_control_per_seed.csv#row=56
offline_post_hoc,N-MNIST,SNN-DFA,20260830,H2,basis_eval,512,30,800,same_trained_model_and_neuron_coordinates,True,random_sparsity,0,nan,global_frobenius_norm_matched,204635183011.0,0.0,0.0,1.0,nan,105,299,427,528,664,34.24198966823596,5.98992145561933,399.38323938594846,0.4992290492324355,0.017726797456581,0.0776460680027963,0.0,0.0,0.0840893238782882,0.1297228659402475,b8f2c8c95c5944358405d35f2d38dcb293461fa1e8641e9e6cb29ab98e39a534,,,,results/frozen_sources/mechanisms/random_mask_control_per_seed.csv#row=57
offline_post_hoc,N-MNIST,SNN-DFA,20260830,H2,basis_eval,512,30,800,same_trained_model_and_neuron_coordinates,True,random_sparsity,0.25,nan,global_frobenius_norm_matched,204635183011.0,0.25,0.25,1.0,nan,112,306,433,533,666,43.48181286287087,6.049281147435753,423.8082648593275,0.5297603310741593,0.0153468691263522,0.0776363984710163,0.25,0.25,0.0641051456332206,0.0987396582894626,b8f2c8c95c5944358405d35f2d38dcb293461fa1e8641e9e6cb29ab98e39a534,,,,results/frozen_sources/mechanisms/random_mask_control_per_seed.csv#row=58
offline_post_hoc,N-MNIST,SNN-DFA,20260830,H2,basis_eval,512,30,800,same_trained_model_and_neuron_coordinates,True,random_sparsity,0.50,nan,global_frobenius_norm_matched,204635183011.0,0.5,0.5,1.0,nan,117,309,435,535,666,52.79276113443579,6.091132859645967,441.92176301023017,0.5524022037627877,0.01251980304645,0.0776263644434277,0.5,0.5,0.0443730652332305,0.0686096878902812,b8f2c8c95c5944358405d35f2d38dcb293461fa1e8641e9e6cb29ab98e39a534,,,,results/frozen_sources/mechanisms/random_mask_control_per_seed.csv#row=59
offline_post_hoc,N-MNIST,SNN-DFA,20260830,H2,basis_eval,512,30,800,same_trained_model_and_neuron_coordinates,True,random_sparsity,0.75,nan,global_frobenius_norm_matched,204635183011.0,0.75,0.75,1.0,nan,118,305,430,529,664,86.01852486761695,6.1097855531175,450.24215178831184,0.5628026897353898,0.0088481480386071,0.0776144237097153,0.75,0.75,0.0247295461595058,0.0375713655253668,b8f2c8c95c5944358405d35f2d38dcb293461fa1e8641e9e6cb29ab98e39a534,,,,results/frozen_sources/mechanisms/random_mask_control_per_seed.csv#row=60
offline_post_hoc,N-MNIST,SNN-DFA,20260830,H2,basis_eval,512,30,800,same_trained_model_and_neuron_coordinates,True,random_sparsity,ann_matched,nan,global_frobenius_norm_matched,204635183011.0,0.83249462890625,0.83249462890625,1.0,nan,109,290,415,516,656,74.91651359419889,6.062114938124347,429.28238313179736,0.5366029789147467,0.0072480638918497,0.0776099980364226,0.83249462890625,0.83249462890625,0.0184365715831518,0.0277276024121473,b8f2c8c95c5944358405d35f2d38dcb293461fa1e8641e9e6cb29ab98e39a534,,,,results/frozen_sources/mechanisms/random_mask_control_per_seed.csv#row=61
offline_post_hoc,N-MNIST,SNN-DFA,20260830,H2,basis_eval,512,30,800,same_trained_model_and_neuron_coordinates,True,random_sparsity,0,nan,global_frobenius_norm_matched,204635183012.0,0.0,0.0,2.0,nan,105,299,427,528,664,34.24198966823596,5.98992145561933,399.38323938594846,0.4992290492324355,0.017726797456581,0.0776460680027963,0.0,0.0,0.0840893238782882,0.1297228659402475,b8f2c8c95c5944358405d35f2d38dcb293461fa1e8641e9e6cb29ab98e39a534,,,,results/frozen_sources/mechanisms/random_mask_control_per_seed.csv#row=62
offline_post_hoc,N-MNIST,SNN-DFA,20260830,H2,basis_eval,512,30,800,same_trained_model_and_neuron_coordinates,True,random_sparsity,0.25,nan,global_frobenius_norm_matched,204635183012.0,0.25,0.25,2.0,nan,112,304,431,531,665,43.6318843977798,6.0509748370609024,424.5266727288154,0.5306583409110193,0.0153532457387992,0.0776363698730165,0.25,0.25,0.0641778856515884,0.0991135511215299,b8f2c8c95c5944358405d35f2d38dcb293461fa1e8641e9e6cb29ab98e39a534,,,,results/frozen_sources/mechanisms/random_mask_control_per_seed.csv#row=63
offline_post_hoc,N-MNIST,SNN-DFA,20260830,H2,basis_eval,512,30,800,same_trained_model_and_neuron_coordinates,True,random_sparsity,0.50,nan,global_frobenius_norm_matched,204635183012.0,0.5,0.5,2.0,nan,118,309,435,533,665,57.81901217395352,6.100043632735487,445.8772245010852,0.5573465306263565,0.0125346053393763,0.077626337664556,0.5,0.5,0.0443736910820007,0.0684632749281149,b8f2c8c95c5944358405d35f2d38dcb293461fa1e8641e9e6cb29ab98e39a534,,,,results/frozen_sources/mechanisms/random_mask_control_per_seed.csv#row=64
offline_post_hoc,N-MNIST,SNN-DFA,20260830,H2,basis_eval,512,30,800,same_trained_model_and_neuron_coordinates,True,random_sparsity,0.75,nan,global_frobenius_norm_matched,204635183012.0,0.75,0.75,2.0,nan,124,312,435,533,664,77.17077763010374,6.139241736324031,463.70182926608,0.5796272865826001,0.0088692269902908,0.0776143455092652,0.75,0.75,0.024753114208579,0.0391419240616872,b8f2c8c95c5944358405d35f2d38dcb293461fa1e8641e9e6cb29ab98e39a534,,,,results/frozen_sources/mechanisms/random_mask_control_per_seed.csv#row=65
offline_post_hoc,N-MNIST,SNN-DFA,20260830,H2,basis_eval,512,30,800,same_trained_model_and_neuron_coordinates,True,random_sparsity,ann_matched,nan,global_frobenius_norm_matched,204635183012.0,0.83249462890625,0.83249462890625,2.0,nan,120,304,427,526,660,60.58964427657308,6.11026427122301,450.457742457698,0.5630721780721225,0.0072532986022951,0.0776100318893191,0.83249462890625,0.83249462890625,0.018342949450016,0.0295728102955169,b8f2c8c95c5944358405d35f2d38dcb293461fa1e8641e9e6cb29ab98e39a534,,,,results/frozen_sources/mechanisms/random_mask_control_per_seed.csv#row=66
offline_post_hoc,N-MNIST,SNN-DFA,20260830,H2,basis_eval,512,30,800,same_trained_model_and_neuron_coordinates,True,random_sparsity,0,nan,global_frobenius_norm_matched,204635183013.0,0.0,0.0,3.0,nan,105,299,427,528,664,34.24198966823596,5.98992145561933,399.38323938594846,0.4992290492324355,0.017726797456581,0.0776460680027963,0.0,0.0,0.0840893238782882,0.1297228659402475,b8f2c8c95c5944358405d35f2d38dcb293461fa1e8641e9e6cb29ab98e39a534,,,,results/frozen_sources/mechanisms/random_mask_control_per_seed.csv#row=67
offline_post_hoc,N-MNIST,SNN-DFA,20260830,H2,basis_eval,512,30,800,same_trained_model_and_neuron_coordinates,True,random_sparsity,0.25,nan,global_frobenius_norm_matched,204635183013.0,0.25,0.25,3.0,nan,109,304,432,532,666,43.13906077011534,6.040232089261481,419.99049886077614,0.5249881235759701,0.0153508139434106,0.0776364538389398,0.25,0.25,0.0641391575336456,0.0988866159054408,b8f2c8c95c5944358405d35f2d38dcb293461fa1e8641e9e6cb29ab98e39a534,,,,results/frozen_sources/mechanisms/random_mask_control_per_seed.csv#row=68
offline_post_hoc,N-MNIST,SNN-DFA,20260830,H2,basis_eval,512,30,800,same_trained_model_and_neuron_coordinates,True,random_sparsity,0.50,nan,global_frobenius_norm_matched,204635183013.0,0.5,0.5,3.0,nan,111,304,431,531,665,51.36148952391133,6.062944174819576,429.6385074717838,0.5370481343397298,0.0125317187278667,0.0776263930721085,0.5,0.5,0.0442726835608482,0.0688374532134198,b8f2c8c95c5944358405d35f2d38dcb293461fa1e8641e9e6cb29ab98e39a534,,,,results/frozen_sources/mechanisms/random_mask_control_per_seed.csv#row=69
offline_post_hoc,N-MNIST,SNN-DFA,20260830,H2,basis_eval,512,30,800,same_trained_model_and_neuron_coordinates,True,random_sparsity,0.75,nan,global_frobenius_norm_matched,204635183013.0,0.75,0.75,3.0,nan,104,290,416,517,658,46.61599723302793,6.022800146380048,412.7326911055058,0.5159158638818823,0.0088605013446543,0.077614329120725,0.75,0.75,0.0246498323976993,0.0378825483904291,b8f2c8c95c5944358405d35f2d38dcb293461fa1e8641e9e6cb29ab98e39a534,,,,results/frozen_sources/mechanisms/random_mask_control_per_seed.csv#row=70
offline_post_hoc,N-MNIST,SNN-DFA,20260830,H2,basis_eval,512,30,800,same_trained_model_and_neuron_coordinates,True,random_sparsity,ann_matched,nan,global_frobenius_norm_matched,204635183013.0,0.83249462890625,0.83249462890625,3.0,nan,94,276,403,507,653,34.58049855924231,5.9381519891816765,379.2334540448832,0.474041817556104,0.007258901503585,0.0776100500518696,0.83249462890625,0.83249462890625,0.0182908698916435,0.0282629209473433,b8f2c8c95c5944358405d35f2d38dcb293461fa1e8641e9e6cb29ab98e39a534,,,,results/frozen_sources/mechanisms/random_mask_control_per_seed.csv#row=71
offline_post_hoc,N-MNIST,SNN-DFA,20260830,H2,basis_eval,512,30,800,same_trained_model_and_neuron_coordinates,True,random_sparsity,0,nan,global_frobenius_norm_matched,204635183014.0,0.0,0.0,4.0,nan,105,299,427,528,664,34.24198966823596,5.98992145561933,399.38323938594846,0.4992290492324355,0.017726797456581,0.0776460680027963,0.0,0.0,0.0840893238782882,0.1297228659402475,b8f2c8c95c5944358405d35f2d38dcb293461fa1e8641e9e6cb29ab98e39a534,,,,results/frozen_sources/mechanisms/random_mask_control_per_seed.csv#row=72
offline_post_hoc,N-MNIST,SNN-DFA,20260830,H2,basis_eval,512,30,800,same_trained_model_and_neuron_coordinates,True,random_sparsity,0.25,nan,global_frobenius_norm_matched,204635183014.0,0.25,0.25,4.0,nan,111,305,431,532,666,42.01937792109456,6.045035171563589,422.01260006473984,0.5275157500809248,0.0153491158595901,0.0776362335638392,0.25,0.25,0.0640057846903801,0.0987452316800302,b8f2c8c95c5944358405d35f2d38dcb293461fa1e8641e9e6cb29ab98e39a534,,,,results/frozen_sources/mechanisms/random_mask_control_per_seed.csv#row=73
offline_post_hoc,N-MNIST,SNN-DFA,20260830,H2,basis_eval,512,30,800,same_trained_model_and_neuron_coordinates,True,random_sparsity,0.50,nan,global_frobenius_norm_matched,204635183014.0,0.5,0.5,4.0,nan,117,308,434,533,665,48.112649050501496,6.088509025434806,440.76375344670265,0.5509546918083783,0.0125263781931969,0.0776263528978472,0.5,0.5,0.0440990850329399,0.0673925226528079,b8f2c8c95c5944358405d35f2d38dcb293461fa1e8641e9e6cb29ab98e39a534,,,,results/frozen_sources/mechanisms/random_mask_control_per_seed.csv#row=74
offline_post_hoc,N-MNIST,SNN-DFA,20260830,H2,basis_eval,512,30,800,same_trained_model_and_neuron_coordinates,True,random_sparsity,0.75,nan,global_frobenius_norm_matched,204635183014.0,0.75,0.75,4.0,nan,120,308,432,530,662,83.34879040487002,6.123302550729727,456.3693915297848,0.570461739412231,0.0088505927300647,0.07761450189377,0.75,0.75,0.0245889909565448,0.0377759943191376,b8f2c8c95c5944358405d35f2d38dcb293461fa1e8641e9e6cb29ab98e39a534,,,,results/frozen_sources/mechanisms/random_mask_control_per_seed.csv#row=75
offline_post_hoc,N-MNIST,SNN-DFA,20260830,H2,basis_eval,512,30,800,same_trained_model_and_neuron_coordinates,True,random_sparsity,ann_matched,nan,global_frobenius_norm_matched,204635183014.0,0.83249462890625,0.83249462890625,4.0,nan,112,297,422,522,658,69.35469925286804,6.077012486296183,435.7255123642906,0.5446568904553633,0.0072449182164824,0.0776100668678087,0.83249462890625,0.83249462890625,0.0181884486228227,0.0276062251442872,b8f2c8c95c5944358405d35f2d38dcb293461fa1e8641e9e6cb29ab98e39a534,,,,results/frozen_sources/mechanisms/random_mask_control_per_seed.csv#row=76
offline_post_hoc,N-MNIST,SNN-DFA,20260830,H2,basis_eval,512,30,800,same_trained_model_and_neuron_coordinates,True,random_sparsity,0,nan,global_frobenius_norm_matched,204635183015.0,0.0,0.0,5.0,nan,105,299,427,528,664,34.24198966823596,5.98992145561933,399.38323938594846,0.4992290492324355,0.017726797456581,0.0776460680027963,0.0,0.0,0.0840893238782882,0.1297228659402475,b8f2c8c95c5944358405d35f2d38dcb293461fa1e8641e9e6cb29ab98e39a534,,,,results/frozen_sources/mechanisms/random_mask_control_per_seed.csv#row=77
offline_post_hoc,N-MNIST,SNN-DFA,20260830,H2,basis_eval,512,30,800,same_trained_model_and_neuron_coordinates,True,random_sparsity,0.25,nan,global_frobenius_norm_matched,204635183015.0,0.25,0.25,5.0,nan,112,305,433,533,666,42.928866470074624,6.048092472811495,423.30479402012526,0.5291309925251566,0.0153528513317286,0.0776363340370716,0.25,0.25,0.0640973597764968,0.098708847939735,b8f2c8c95c5944358405d35f2d38dcb293461fa1e8641e9e6cb29ab98e39a534,,,,results/frozen_sources/mechanisms/random_mask_control_per_seed.csv#row=78
offline_post_hoc,N-MNIST,SNN-DFA,20260830,H2,basis_eval,512,30,800,same_trained_model_and_neuron_coordinates,True,random_sparsity,0.50,nan,global_frobenius_norm_matched,204635183015.0,0.5,0.5,5.0,nan,115,308,434,533,666,54.72386273058267,6.081095069961121,437.5080343952824,0.546885042994103,0.0125337791488619,0.0776263535237732,0.5,0.5,0.0443456470966339,0.0687302307437213,b8f2c8c95c5944358405d35f2d38dcb293461fa1e8641e9e6cb29ab98e39a534,,,,results/frozen_sources/mechanisms/random_mask_control_per_seed.csv#row=79
offline_post_hoc,N-MNIST,SNN-DFA,20260830,H2,basis_eval,512,30,800,same_trained_model_and_neuron_coordinates,True,random_sparsity,0.75,nan,global_frobenius_norm_matched,204635183015.0,0.75,0.75,5.0,nan,112,304,431,530,662,52.700087907895,6.075966924881289,435.2701726653691,0.5440877158317113,0.0088629350860142,0.0776144191291612,0.75,0.75,0.0248254612088203,0.03842685178196,b8f2c8c95c5944358405d35f2d38dcb293461fa1e8641e9e6cb29ab98e39a534,,,,results/frozen_sources/mechanisms/random_mask_control_per_seed.csv#row=80
offline_post_hoc,N-MNIST,SNN-DFA,20260830,H2,basis_eval,512,30,800,same_trained_model_and_neuron_coordinates,True,random_sparsity,ann_matched,nan,global_frobenius_norm_matched,204635183015.0,0.83249462890625,0.83249462890625,5.0,nan,105,294,422,523,660,37.76897052952679,6.027932559111065,414.85645096797583,0.5185705637099698,0.007244490442109,0.077610006098884,0.83249462890625,0.83249462890625,0.0183876510709524,0.0275007804515275,b8f2c8c95c5944358405d35f2d38dcb293461fa1e8641e9e6cb29ab98e39a534,,,,results/frozen_sources/mechanisms/random_mask_control_per_seed.csv#row=81
offline_post_hoc,N-MNIST,SNN-DFA,20260830,H2,basis_eval,512,30,800,same_trained_model_and_neuron_coordinates,True,random_sparsity,0,nan,global_frobenius_norm_matched,204635183016.0,0.0,0.0,6.0,nan,105,299,427,528,664,34.24198966823596,5.98992145561933,399.38323938594846,0.4992290492324355,0.017726797456581,0.0776460680027963,0.0,0.0,0.0840893238782882,0.1297228659402475,b8f2c8c95c5944358405d35f2d38dcb293461fa1e8641e9e6cb29ab98e39a534,,,,results/frozen_sources/mechanisms/random_mask_control_per_seed.csv#row=82
offline_post_hoc,N-MNIST,SNN-DFA,20260830,H2,basis_eval,512,30,800,same_trained_model_and_neuron_coordinates,True,random_sparsity,0.25,nan,global_frobenius_norm_matched,204635183016.0,0.25,0.25,6.0,nan,113,307,434,534,666,43.584314622706806,6.057006341070461,427.09494454248073,0.5338686806781009,0.0153438388779971,0.0776363928843002,0.25,0.25,0.0640007480978965,0.0988184290054562,b8f2c8c95c5944358405d35f2d38dcb293461fa1e8641e9e6cb29ab98e39a534,,,,results/frozen_sources/mechanisms/random_mask_control_per_seed.csv#row=83
offline_post_hoc,N-MNIST,SNN-DFA,20260830,H2,basis_eval,512,30,800,same_trained_model_and_neuron_coordinates,True,random_sparsity,0.50,nan,global_frobenius_norm_matched,204635183016.0,0.5,0.5,6.0,nan,115,308,435,534,666,53.62622107417255,6.083638132880162,438.6220607735392,0.548277575966924,0.0125255236851223,0.0776263333951284,0.5,0.5,0.0441323779523372,0.068183885676492,b8f2c8c95c5944358405d35f2d38dcb293461fa1e8641e9e6cb29ab98e39a534,,,,results/frozen_sources/mechanisms/random_mask_control_per_seed.csv#row=84
offline_post_hoc,N-MNIST,SNN-DFA,20260830,H2,basis_eval,512,30,800,same_trained_model_and_neuron_coordinates,True,random_sparsity,0.75,nan,global_frobenius_norm_matched,204635183016.0,0.75,0.75,6.0,nan,111,300,427,527,662,61.90760674217654,6.070432964476217,432.86805749977606,0.5410850718747201,0.0088527943108359,0.0776144869359128,0.75,0.75,0.024615179747343,0.0384113550513372,b8f2c8c95c5944358405d35f2d38dcb293461fa1e8641e9e6cb29ab98e39a534,,,,results/frozen_sources/mechanisms/random_mask_control_per_seed.csv#row=85
offline_post_hoc,N-MNIST,SNN-DFA,20260830,H2,basis_eval,512,30,800,same_trained_model_and_neuron_coordinates,True,random_sparsity,ann_matched,nan,global_frobenius_norm_matched,204635183016.0,0.83249462890625,0.83249462890625,6.0,nan,107,293,417,517,657,86.62738075617915,6.057669091339773,427.3780956508704,0.534222619563588,0.0072482054534488,0.0776100323340741,0.83249462890625,0.83249462890625,0.0181303359568119,0.0280566711190154,b8f2c8c95c5944358405d35f2d38dcb293461fa1e8641e9e6cb29ab98e39a534,,,,results/frozen_sources/mechanisms/random_mask_control_per_seed.csv#row=86
offline_post_hoc,N-MNIST,SNN-DFA,20260830,H2,basis_eval,512,30,800,same_trained_model_and_neuron_coordinates,True,random_sparsity,0,nan,global_frobenius_norm_matched,204635183017.0,0.0,0.0,7.0,nan,105,299,427,528,664,34.24198966823596,5.98992145561933,399.38323938594846,0.4992290492324355,0.017726797456581,0.0776460680027963,0.0,0.0,0.0840893238782882,0.1297228659402475,b8f2c8c95c5944358405d35f2d38dcb293461fa1e8641e9e6cb29ab98e39a534,,,,results/frozen_sources/mechanisms/random_mask_control_per_seed.csv#row=87
offline_post_hoc,N-MNIST,SNN-DFA,20260830,H2,basis_eval,512,30,800,same_trained_model_and_neuron_coordinates,True,random_sparsity,0.25,nan,global_frobenius_norm_matched,204635183017.0,0.25,0.25,7.0,nan,114,306,433,533,665,43.24820162890752,6.057111319175319,427.1397825138146,0.5339247281422683,0.0153523028977077,0.0776364293721185,0.25,0.25,0.0640863999724388,0.0991911654516766,b8f2c8c95c5944358405d35f2d38dcb293461fa1e8641e9e6cb29ab98e39a534,,,,results/frozen_sources/mechanisms/random_mask_control_per_seed.csv#row=88
offline_post_hoc,N-MNIST,SNN-DFA,20260830,H2,basis_eval,512,30,800,same_trained_model_and_neuron_coordinates,True,random_sparsity,0.50,nan,global_frobenius_norm_matched,204635183017.0,0.5,0.5,7.0,nan,117,308,434,534,666,51.60199526954076,6.094108006373022,443.2385028729513,0.5540481285911891,0.0125398898721915,0.0776263203460481,0.5,0.5,0.0442252494394779,0.0689104403131917,b8f2c8c95c5944358405d35f2d38dcb293461fa1e8641e9e6cb29ab98e39a534,,,,results/frozen_sources/mechanisms/random_mask_control_per_seed.csv#row=89
offline_post_hoc,N-MNIST,SNN-DFA,20260830,H2,basis_eval,512,30,800,same_trained_model_and_neuron_coordinates,True,random_sparsity,0.75,nan,global_frobenius_norm_matched,204635183017.0,0.75,0.75,7.0,nan,114,304,429,527,661,49.80088796298132,6.082745021950489,438.2304974978146,0.5477881218722682,0.0088650310249135,0.0776143694867292,0.75,0.75,0.024626899510622,0.0377359219272556,b8f2c8c95c5944358405d35f2d38dcb293461fa1e8641e9e6cb29ab98e39a534,,,,results/frozen_sources/mechanisms/random_mask_control_per_seed.csv#row=90
offline_post_hoc,N-MNIST,SNN-DFA,20260830,H2,basis_eval,512,30,800,same_trained_model_and_neuron_coordinates,True,random_sparsity,ann_matched,nan,global_frobenius_norm_matched,204635183017.0,0.83249462890625,0.83249462890625,7.0,nan,109,293,419,521,659,34.12518188225234,6.043349439992551,421.3017993793361,0.52662724922417,0.0072538433812453,0.0776100120644563,0.83249462890625,0.83249462890625,0.0181995294988155,0.0281873933833875,b8f2c8c95c5944358405d35f2d38dcb293461fa1e8641e9e6cb29ab98e39a534,,,,results/frozen_sources/mechanisms/random_mask_control_per_seed.csv#row=91
offline_post_hoc,N-MNIST,SNN-DFA,20260830,H2,basis_eval,512,30,800,same_trained_model_and_neuron_coordinates,True,random_sparsity,0,nan,global_frobenius_norm_matched,204635183018.0,0.0,0.0,8.0,nan,105,299,427,528,664,34.24198966823596,5.98992145561933,399.38323938594846,0.4992290492324355,0.017726797456581,0.0776460680027963,0.0,0.0,0.0840893238782882,0.1297228659402475,b8f2c8c95c5944358405d35f2d38dcb293461fa1e8641e9e6cb29ab98e39a534,,,,results/frozen_sources/mechanisms/random_mask_control_per_seed.csv#row=92
offline_post_hoc,N-MNIST,SNN-DFA,20260830,H2,basis_eval,512,30,800,same_trained_model_and_neuron_coordinates,True,random_sparsity,0.25,nan,global_frobenius_norm_matched,204635183018.0,0.25,0.25,8.0,nan,113,306,434,534,666,43.29266018643907,6.057178416164192,427.1684432685634,0.5339605540857043,0.0153522901843626,0.0776363710962033,0.25,0.25,0.0641971677541732,0.0984911440045759,b8f2c8c95c5944358405d35f2d38dcb293461fa1e8641e9e6cb29ab98e39a534,,,,results/frozen_sources/mechanisms/random_mask_control_per_seed.csv#row=93
offline_post_hoc,N-MNIST,SNN-DFA,20260830,H2,basis_eval,512,30,800,same_trained_model_and_neuron_coordinates,True,random_sparsity,0.50,nan,global_frobenius_norm_matched,204635183018.0,0.5,0.5,8.0,nan,117,308,433,532,664,59.21095547916815,6.09540228155363,443.81254687162544,0.5547656835895318,0.012523313260443,0.0776263790842499,0.5,0.5,0.0441953241825103,0.0679046734896713,b8f2c8c95c5944358405d35f2d38dcb293461fa1e8641e9e6cb29ab98e39a534,,,,results/frozen_sources/mechanisms/random_mask_control_per_seed.csv#row=94
offline_post_hoc,N-MNIST,SNN-DFA,20260830,H2,basis_eval,512,30,800,same_trained_model_and_neuron_coordinates,True,random_sparsity,0.75,nan,global_frobenius_norm_matched,204635183018.0,0.75,0.75,8.0,nan,115,301,426,526,662,69.99246993886719,6.090801325854987,441.77527529697824,0.5522190941212228,0.0088581278301288,0.0776145412915155,0.75,0.75,0.0246528703719377,0.0385729058469166,b8f2c8c95c5944358405d35f2d38dcb293461fa1e8641e9e6cb29ab98e39a534,,,,results/frozen_sources/mechanisms/random_mask_control_per_seed.csv#row=95
offline_post_hoc,N-MNIST,SNN-DFA,20260830,H2,basis_eval,512,30,800,same_trained_model_and_neuron_coordinates,True,random_sparsity,ann_matched,nan,global_frobenius_norm_matched,204635183018.0,0.83249462890625,0.83249462890625,8.0,nan,111,293,419,521,659,66.37757924950425,6.065659112858624,430.8065342414632,0.538508167801829,0.0072452784847592,0.0776101437572867,0.83249462890625,0.83249462890625,0.0183011330664157,0.0288325429482489,b8f2c8c95c5944358405d35f2d38dcb293461fa1e8641e9e6cb29ab98e39a534,,,,results/frozen_sources/mechanisms/random_mask_control_per_seed.csv#row=96
offline_post_hoc,N-MNIST,SNN-DFA,20260830,H2,basis_eval,512,30,800,same_trained_model_and_neuron_coordinates,True,random_sparsity,0,nan,global_frobenius_norm_matched,204635183019.0,0.0,0.0,9.0,nan,105,299,427,528,664,34.24198966823596,5.98992145561933,399.38323938594846,0.4992290492324355,0.017726797456581,0.0776460680027963,0.0,0.0,0.0840893238782882,0.1297228659402475,b8f2c8c95c5944358405d35f2d38dcb293461fa1e8641e9e6cb29ab98e39a534,,,,results/frozen_sources/mechanisms/random_mask_control_per_seed.csv#row=97
offline_post_hoc,N-MNIST,SNN-DFA,20260830,H2,basis_eval,512,30,800,same_trained_model_and_neuron_coordinates,True,random_sparsity,0.25,nan,global_frobenius_norm_matched,204635183019.0,0.25,0.25,9.0,nan,110,303,431,531,665,43.34636471710562,6.041148717878165,420.3756506643822,0.5254695633304778,0.0153463517560214,0.0776364252805117,0.25,0.25,0.0640526413917541,0.0988456428459848,b8f2c8c95c5944358405d35f2d38dcb293461fa1e8641e9e6cb29ab98e39a534,,,,results/frozen_sources/mechanisms/random_mask_control_per_seed.csv#row=98
offline_post_hoc,N-MNIST,SNN-DFA,20260830,H2,basis_eval,512,30,800,same_trained_model_and_neuron_coordinates,True,random_sparsity,0.50,nan,global_frobenius_norm_matched,204635183019.0,0.5,0.5,9.0,nan,114,306,433,533,666,55.02964582369592,6.07838916727979,436.3257804852837,0.5454072256066046,0.0125318124372155,0.0776263545981761,0.5,0.5,0.0442931354045867,0.0681513444932085,b8f2c8c95c5944358405d35f2d38dcb293461fa1e8641e9e6cb29ab98e39a534,,,,results/frozen_sources/mechanisms/random_mask_control_per_seed.csv#row=99
offline_post_hoc,N-MNIST,SNN-DFA,20260830,H2,basis_eval,512,30,800,same_trained_model_and_neuron_coordinates,True,random_sparsity,0.75,nan,global_frobenius_norm_matched,204635183019.0,0.75,0.75,9.0,nan,116,304,428,527,661,51.21241363516929,6.079992692786819,437.0260012645669,0.5462825015807087,0.0088601227784352,0.0776145096597809,0.75,0.75,0.0246329028159379,0.0375305609197362,b8f2c8c95c5944358405d35f2d38dcb293461fa1e8641e9e6cb29ab98e39a534,,,,results/frozen_sources/mechanisms/random_mask_control_per_seed.csv#row=100
offline_post_hoc,N-MNIST,SNN-DFA,20260830,H2,basis_eval,512,30,800,same_trained_model_and_neuron_coordinates,True,random_sparsity,ann_matched,nan,global_frobenius_norm_matched,204635183019.0,0.83249462890625,0.83249462890625,9.0,nan,110,293,417,517,656,49.79658216388526,6.046853901162513,422.78082525678457,0.5284760315709807,0.007248783771874,0.0776101067890709,0.83249462890625,0.83249462890625,0.0183202736079692,0.0285089603681545,b8f2c8c95c5944358405d35f2d38dcb293461fa1e8641e9e6cb29ab98e39a534,,,,results/frozen_sources/mechanisms/random_mask_control_per_seed.csv#row=101
offline_post_hoc,N-MNIST,SNN-DFA,20260830,H3,basis_eval,512,30,800,same_trained_model_and_neuron_coordinates,True,random_sparsity,0,nan,global_frobenius_norm_matched,204635183020.0,0.0,0.0,0.0,nan,101,281,411,523,688,46.65953694403787,6.013041829297904,408.7247020544724,0.5109058775680905,0.0079003907885253,0.0504234298643598,0.0,0.0,0.0880589932203292,0.1358324827874336,b8f2c8c95c5944358405d35f2d38dcb293461fa1e8641e9e6cb29ab98e39a534,,,,results/frozen_sources/mechanisms/random_mask_control_per_seed.csv#row=102
offline_post_hoc,N-MNIST,SNN-DFA,20260830,H3,basis_eval,512,30,800,same_trained_model_and_neuron_coordinates,True,random_sparsity,0.25,nan,global_frobenius_norm_matched,204635183020.0,0.25,0.25,0.0,nan,104,283,412,523,688,58.69026080825214,6.035163901250188,417.8672929976573,0.5223341162470717,0.0068406465397597,0.0504207973709768,0.25,0.25,0.0702604353427887,0.106794698474689,b8f2c8c95c5944358405d35f2d38dcb293461fa1e8641e9e6cb29ab98e39a534,,,,results/frozen_sources/mechanisms/random_mask_control_per_seed.csv#row=103
offline_post_hoc,N-MNIST,SNN-DFA,20260830,H3,basis_eval,512,30,800,same_trained_model_and_neuron_coordinates,True,random_sparsity,0.50,nan,global_frobenius_norm_matched,204635183020.0,0.5,0.5,0.0,nan,106,284,413,524,688,76.02338943381544,6.061647883750605,429.0819317316805,0.5363524146646007,0.0055834085174717,0.0504160948035959,0.5,0.5,0.0525026731193065,0.0791768314245015,b8f2c8c95c5944358405d35f2d38dcb293461fa1e8641e9e6cb29ab98e39a534,,,,results/frozen_sources/mechanisms/random_mask_control_per_seed.csv#row=104
offline_post_hoc,N-MNIST,SNN-DFA,20260830,H3,basis_eval,512,30,800,same_trained_model_and_neuron_coordinates,True,random_sparsity,0.75,nan,global_frobenius_norm_matched,204635183020.0,0.75,0.75,0.0,nan,100,270,398,509,679,81.21689450210977,6.019686737058905,411.449683598027,0.5143121044975337,0.0039524566961722,0.0504115559701323,0.75,0.75,0.0343997813761234,0.0515314821050483,b8f2c8c95c5944358405d35f2d38dcb293461fa1e8641e9e6cb29ab98e39a534,,,,results/frozen_sources/mechanisms/random_mask_control_per_seed.csv#row=105
offline_post_hoc,N-MNIST,SNN-DFA,20260830,H3,basis_eval,512,30,800,same_trained_model_and_neuron_coordinates,True,random_sparsity,ann_matched,nan,global_frobenius_norm_matched,204635183020.0,0.8996985677083333,0.8996985677083333,0.0,nan,74,228,350,458,640,54.75251599825332,5.83126668406929,340.7900791544984,0.425987598943123,0.0025028560520777,0.0504079640413967,0.8996985677083333,0.8996985677083333,0.0207528751343488,0.0310635190956902,b8f2c8c95c5944358405d35f2d38dcb293461fa1e8641e9e6cb29ab98e39a534,,,,results/frozen_sources/mechanisms/random_mask_control_per_seed.csv#row=106
offline_post_hoc,N-MNIST,SNN-DFA,20260830,H3,basis_eval,512,30,800,same_trained_model_and_neuron_coordinates,True,random_sparsity,0,nan,global_frobenius_norm_matched,204635183021.0,0.0,0.0,1.0,nan,101,281,411,523,688,46.65953694403787,6.013041829297904,408.7247020544724,0.5109058775680905,0.0079003907885253,0.0504234298643598,0.0,0.0,0.0880589932203292,0.1358324827874336,b8f2c8c95c5944358405d35f2d38dcb293461fa1e8641e9e6cb29ab98e39a534,,,,results/frozen_sources/mechanisms/random_mask_control_per_seed.csv#row=107
offline_post_hoc,N-MNIST,SNN-DFA,20260830,H3,basis_eval,512,30,800,same_trained_model_and_neuron_coordinates,True,random_sparsity,0.25,nan,global_frobenius_norm_matched,204635183021.0,0.25,0.25,1.0,nan,105,282,411,521,687,57.62220759822388,6.042261507158743,420.8437005544092,0.5260546256930114,0.0068424913316126,0.0504207868405738,0.25,0.25,0.0702290460467338,0.1075039536942436,b8f2c8c95c5944358405d35f2d38dcb293461fa1e8641e9e6cb29ab98e39a534,,,,results/frozen_sources/mechanisms/random_mask_control_per_seed.csv#row=108
offline_post_hoc,N-MNIST,SNN-DFA,20260830,H3,basis_eval,512,30,800,same_trained_model_and_neuron_coordinates,True,random_sparsity,0.50,nan,global_frobenius_norm_matched,204635183021.0,0.5,0.5,1.0,nan,107,285,413,522,685,65.18535483330493,6.054909101517085,426.2001627455956,0.5327502034319945,0.0055826579746774,0.0504160454639601,0.5,0.5,0.0528097003698349,0.0819132617822727,b8f2c8c95c5944358405d35f2d38dcb293461fa1e8641e9e6cb29ab98e39a534,,,,results/frozen_sources/mechanisms/random_mask_control_per_seed.csv#row=109
offline_post_hoc,N-MNIST,SNN-DFA,20260830,H3,basis_eval,512,30,800,same_trained_model_and_neuron_coordinates,True,random_sparsity,0.75,nan,global_frobenius_norm_matched,204635183021.0,0.75,0.75,1.0,nan,103,275,401,510,679,70.83522393568505,6.034371632597464,417.53636095127024,0.5219204511890878,0.0039510612221478,0.0504114285072355,0.75,0.75,0.034446083009243,0.0521424110883549,b8f2c8c95c5944358405d35f2d38dcb293461fa1e8641e9e6cb29ab98e39a534,,,,results/frozen_sources/mechanisms/random_mask_control_per_seed.csv#row=110
offline_post_hoc,N-MNIST,SNN-DFA,20260830,H3,basis_eval,512,30,800,same_trained_model_and_neuron_coordinates,True,random_sparsity,ann_matched,nan,global_frobenius_norm_matched,204635183021.0,0.8996985677083333,0.8996985677083333,1.0,nan,76,227,349,461,645,53.25422680028223,5.822593443881937,337.84710595002144,0.4223088824375268,0.0025031572664019,0.050407884256336,0.8996985677083333,0.8996985677083333,0.0210398864001035,0.0306026986866428,b8f2c8c95c5944358405d35f2d38dcb293461fa1e8641e9e6cb29ab98e39a534,,,,results/frozen_sources/mechanisms/random_mask_control_per_seed.csv#row=111
offline_post_hoc,N-MNIST,SNN-DFA,20260830,H3,basis_eval,512,30,800,same_trained_model_and_neuron_coordinates,True,random_sparsity,0,nan,global_frobenius_norm_matched,204635183022.0,0.0,0.0,2.0,nan,101,281,411,523,688,46.65953694403787,6.013041829297904,408.7247020544724,0.5109058775680905,0.0079003907885253,0.0504234298643598,0.0,0.0,0.0880589932203292,0.1358324827874336,b8f2c8c95c5944358405d35f2d38dcb293461fa1e8641e9e6cb29ab98e39a534,,,,results/frozen_sources/mechanisms/random_mask_control_per_seed.csv#row=112
offline_post_hoc,N-MNIST,SNN-DFA,20260830,H3,basis_eval,512,30,800,same_trained_model_and_neuron_coordinates,True,random_sparsity,0.25,nan,global_frobenius_norm_matched,204635183022.0,0.25,0.25,2.0,nan,101,281,411,523,688,55.68217325752895,6.024966744334037,413.6278863234819,0.5170348579043523,0.0068412954779962,0.050420767384805,0.25,0.25,0.0703087896108627,0.1076240881060948,b8f2c8c95c5944358405d35f2d38dcb293461fa1e8641e9e6cb29ab98e39a534,,,,results/frozen_sources/mechanisms/random_mask_control_per_seed.csv#row=113
offline_post_hoc,N-MNIST,SNN-DFA,20260830,H3,basis_eval,512,30,800,same_trained_model_and_neuron_coordinates,True,random_sparsity,0.50,nan,global_frobenius_norm_matched,204635183022.0,0.5,0.5,2.0,nan,99,277,408,519,686,64.86052102807285,6.016136028681482,409.9913363746184,0.512489170468273,0.0055851813957528,0.0504160661932854,0.5,0.5,0.0527845732867717,0.0797913443607735,b8f2c8c95c5944358405d35f2d38dcb293461fa1e8641e9e6cb29ab98e39a534,,,,results/frozen_sources/mechanisms/random_mask_control_per_seed.csv#row=114
offline_post_hoc,N-MNIST,SNN-DFA,20260830,H3,basis_eval,512,30,800,same_trained_model_and_neuron_coordinates,True,random_sparsity,0.75,nan,global_frobenius_norm_matched,204635183022.0,0.75,0.75,2.0,nan,88,261,391,504,676,55.726580608150975,5.9485320385518445,383.19041722863057,0.4789880215357882,0.0039402755228822,0.0504113926384036,0.75,0.75,0.0344444513320922,0.0506648517986896,b8f2c8c95c5944358405d35f2d38dcb293461fa1e8641e9e6cb29ab98e39a534,,,,results/frozen_sources/mechanisms/random_mask_control_per_seed.csv#row=115
offline_post_hoc,N-MNIST,SNN-DFA,20260830,H3,basis_eval,512,30,800,same_trained_model_and_neuron_coordinates,True,random_sparsity,ann_matched,nan,global_frobenius_norm_matched,204635183022.0,0.8996985677083333,0.8996985677083333,2.0,nan,76,229,352,465,649,49.985312300117016,5.830201652166108,340.42732005720643,0.425534150071508,0.0024954539745508,0.0504078635201357,0.8996985677083333,0.8996985677083333,0.0209535453468561,0.0301358962285744,b8f2c8c95c5944358405d35f2d38dcb293461fa1e8641e9e6cb29ab98e39a534,,,,results/frozen_sources/mechanisms/random_mask_control_per_seed.csv#row=116
offline_post_hoc,N-MNIST,SNN-DFA,20260830,H3,basis_eval,512,30,800,same_trained_model_and_neuron_coordinates,True,random_sparsity,0,nan,global_frobenius_norm_matched,204635183023.0,0.0,0.0,3.0,nan,101,281,411,523,688,46.65953694403787,6.013041829297904,408.7247020544724,0.5109058775680905,0.0079003907885253,0.0504234298643598,0.0,0.0,0.0880589932203292,0.1358324827874336,b8f2c8c95c5944358405d35f2d38dcb293461fa1e8641e9e6cb29ab98e39a534,,,,results/frozen_sources/mechanisms/random_mask_control_per_seed.csv#row=117
offline_post_hoc,N-MNIST,SNN-DFA,20260830,H3,basis_eval,512,30,800,same_trained_model_and_neuron_coordinates,True,random_sparsity,0.25,nan,global_frobenius_norm_matched,204635183023.0,0.25,0.25,3.0,nan,104,282,411,521,688,56.13162956021185,6.034060051229034,417.4062846662813,0.5217578558328515,0.0068404707917607,0.0504207409809089,0.25,0.25,0.0704591423273086,0.1069013626404083,b8f2c8c95c5944358405d35f2d38dcb293461fa1e8641e9e6cb29ab98e39a534,,,,results/frozen_sources/mechanisms/random_mask_control_per_seed.csv#row=118
offline_post_hoc,N-MNIST,SNN-DFA,20260830,H3,basis_eval,512,30,800,same_trained_model_and_neuron_coordinates,True,random_sparsity,0.50,nan,global_frobenius_norm_matched,204635183023.0,0.5,0.5,3.0,nan,103,279,408,519,685,62.2099808967263,6.033370463524664,417.118545646696,0.5213981820583701,0.0055860159084428,0.0504161039765994,0.5,0.5,0.0527039915323257,0.0794590444424248,b8f2c8c95c5944358405d35f2d38dcb293461fa1e8641e9e6cb29ab98e39a534,,,,results/frozen_sources/mechanisms/random_mask_control_per_seed.csv#row=119
offline_post_hoc,N-MNIST,SNN-DFA,20260830,H3,basis_eval,512,30,800,same_trained_model_and_neuron_coordinates,True,random_sparsity,0.75,nan,global_frobenius_norm_matched,204635183023.0,0.75,0.75,3.0,nan,98,267,395,507,677,59.5902911295169,6.005694012959921,405.7324746423312,0.507165593302914,0.0039464212251926,0.0504115404956062,0.75,0.75,0.0344226844608783,0.0497566482135565,b8f2c8c95c5944358405d35f2d38dcb293461fa1e8641e9e6cb29ab98e39a534,,,,results/frozen_sources/mechanisms/random_mask_control_per_seed.csv#row=120
offline_post_hoc,N-MNIST,SNN-DFA,20260830,H3,basis_eval,512,30,800,same_trained_model_and_neuron_coordinates,True,random_sparsity,ann_matched,nan,global_frobenius_norm_matched,204635183023.0,0.8996985677083333,0.8996985677083333,3.0,nan,79,232,353,466,649,36.51683210016956,5.846490670764629,346.01795638051453,0.4325224454756431,0.0024959269321738,0.0504079509835669,0.8996985677083333,0.8996985677083333,0.0207851622253656,0.0279563168774103,b8f2c8c95c5944358405d35f2d38dcb293461fa1e8641e9e6cb29ab98e39a534,,,,results/frozen_sources/mechanisms/random_mask_control_per_seed.csv#row=121
offline_post_hoc,N-MNIST,SNN-DFA,20260830,H3,basis_eval,512,30,800,same_trained_model_and_neuron_coordinates,True,random_sparsity,0,nan,global_frobenius_norm_matched,204635183024.0,0.0,0.0,4.0,nan,101,281,411,523,688,46.65953694403787,6.013041829297904,408.7247020544724,0.5109058775680905,0.0079003907885253,0.0504234298643598,0.0,0.0,0.0880589932203292,0.1358324827874336,b8f2c8c95c5944358405d35f2d38dcb293461fa1e8641e9e6cb29ab98e39a534,,,,results/frozen_sources/mechanisms/random_mask_control_per_seed.csv#row=122
offline_post_hoc,N-MNIST,SNN-DFA,20260830,H3,basis_eval,512,30,800,same_trained_model_and_neuron_coordinates,True,random_sparsity,0.25,nan,global_frobenius_norm_matched,204635183024.0,0.25,0.25,4.0,nan,104,284,413,524,688,58.20341881197108,6.041939269361853,420.7081106547759,0.5258851383184698,0.0068411520718843,0.0504207805334432,0.25,0.25,0.0701299607753753,0.1070626192947825,b8f2c8c95c5944358405d35f2d38dcb293461fa1e8641e9e6cb29ab98e39a534,,,,results/frozen_sources/mechanisms/random_mask_control_per_seed.csv#row=123
offline_post_hoc,N-MNIST,SNN-DFA,20260830,H3,basis_eval,512,30,800,same_trained_model_and_neuron_coordinates,True,random_sparsity,0.50,nan,global_frobenius_norm_matched,204635183024.0,0.5,0.5,4.0,nan,104,281,410,520,685,64.92550398232447,6.040275752255568,420.0088373037973,0.5250110466297465,0.0055891881469948,0.0504161555445753,0.5,0.5,0.0521166995167732,0.0786542380343393,b8f2c8c95c5944358405d35f2d38dcb293461fa1e8641e9e6cb29ab98e39a534,,,,results/frozen_sources/mechanisms/random_mask_control_per_seed.csv#row=124
offline_post_hoc,N-MNIST,SNN-DFA,20260830,H3,basis_eval,512,30,800,same_trained_model_and_neuron_coordinates,True,random_sparsity,0.75,nan,global_frobenius_norm_matched,204635183024.0,0.75,0.75,4.0,nan,99,269,396,507,676,57.71821006542458,6.01646811324548,410.1275107782589,0.5126593884728237,0.0039474104850143,0.050411499555608,0.75,0.75,0.0341914221644401,0.0519616972654652,b8f2c8c95c5944358405d35f2d38dcb293461fa1e8641e9e6cb29ab98e39a534,,,,results/frozen_sources/mechanisms/random_mask_control_per_seed.csv#row=125
offline_post_hoc,N-MNIST,SNN-DFA,20260830,H3,basis_eval,512,30,800,same_trained_model_and_neuron_coordinates,True,random_sparsity,ann_matched,nan,global_frobenius_norm_matched,204635183024.0,0.8996985677083333,0.8996985677083333,4.0,nan,79,237,357,466,649,53.928433500716686,5.8664191801673535,352.9827469232628,0.4412284336540784,0.0025005109233436,0.050407918729432,0.8996985677083333,0.8996985677083333,0.0210306365042924,0.0301814868713362,b8f2c8c95c5944358405d35f2d38dcb293461fa1e8641e9e6cb29ab98e39a534,,,,results/frozen_sources/mechanisms/random_mask_control_per_seed.csv#row=126
offline_post_hoc,N-MNIST,SNN-DFA,20260830,H3,basis_eval,512,30,800,same_trained_model_and_neuron_coordinates,True,random_sparsity,0,nan,global_frobenius_norm_matched,204635183025.0,0.0,0.0,5.0,nan,101,281,411,523,688,46.65953694403787,6.013041829297904,408.7247020544724,0.5109058775680905,0.0079003907885253,0.0504234298643598,0.0,0.0,0.0880589932203292,0.1358324827874336,b8f2c8c95c5944358405d35f2d38dcb293461fa1e8641e9e6cb29ab98e39a534,,,,results/frozen_sources/mechanisms/random_mask_control_per_seed.csv#row=127
offline_post_hoc,N-MNIST,SNN-DFA,20260830,H3,basis_eval,512,30,800,same_trained_model_and_neuron_coordinates,True,random_sparsity,0.25,nan,global_frobenius_norm_matched,204635183025.0,0.25,0.25,5.0,nan,105,283,412,523,688,57.01023724856901,6.0419843697199545,420.7270851690981,0.5259088564613726,0.0068394773315287,0.0504208284995442,0.25,0.25,0.0705306828022003,0.1080841289525984,b8f2c8c95c5944358405d35f2d38dcb293461fa1e8641e9e6cb29ab98e39a534,,,,results/frozen_sources/mechanisms/random_mask_control_per_seed.csv#row=128
offline_post_hoc,N-MNIST,SNN-DFA,20260830,H3,basis_eval,512,30,800,same_trained_model_and_neuron_coordinates,True,random_sparsity,0.50,nan,global_frobenius_norm_matched,204635183025.0,0.5,0.5,5.0,nan,104,281,409,520,686,62.7112594982974,6.042992572427032,421.15147725598325,0.526439346569979,0.0055868876739943,0.0504161304797979,0.5,0.5,0.0525401160120964,0.0791195892800998,b8f2c8c95c5944358405d35f2d38dcb293461fa1e8641e9e6cb29ab98e39a534,,,,results/frozen_sources/mechanisms/random_mask_control_per_seed.csv#row=129
offline_post_hoc,N-MNIST,SNN-DFA,20260830,H3,basis_eval,512,30,800,same_trained_model_and_neuron_coordinates,True,random_sparsity,0.75,nan,global_frobenius_norm_matched,204635183025.0,0.75,0.75,5.0,nan,98,269,396,507,676,52.385728763299085,6.003144888508283,404.6995291830034,0.5058744114787542,0.0039473562575557,0.0504115188055254,0.75,0.75,0.0346067510545253,0.0519023266810434,b8f2c8c95c5944358405d35f2d38dcb293461fa1e8641e9e6cb29ab98e39a534,,,,results/frozen_sources/mechanisms/random_mask_control_per_seed.csv#row=130
offline_post_hoc,N-MNIST,SNN-DFA,20260830,H3,basis_eval,512,30,800,same_trained_model_and_neuron_coordinates,True,random_sparsity,ann_matched,nan,global_frobenius_norm_matched,204635183025.0,0.8996985677083333,0.8996985677083333,5.0,nan,76,231,351,461,644,50.11408765101581,5.830593927206174,340.5608873936748,0.4257011092420935,0.0025011536564029,0.0504078811830424,0.8996985677083333,0.8996985677083333,0.0214451979845762,0.0308945874062549,b8f2c8c95c5944358405d35f2d38dcb293461fa1e8641e9e6cb29ab98e39a534,,,,results/frozen_sources/mechanisms/random_mask_control_per_seed.csv#row=131
offline_post_hoc,N-MNIST,SNN-DFA,20260830,H3,basis_eval,512,30,800,same_trained_model_and_neuron_coordinates,True,random_sparsity,0,nan,global_frobenius_norm_matched,204635183026.0,0.0,0.0,6.0,nan,101,281,411,523,688,46.65953694403787,6.013041829297904,408.7247020544724,0.5109058775680905,0.0079003907885253,0.0504234298643598,0.0,0.0,0.0880589932203292,0.1358324827874336,b8f2c8c95c5944358405d35f2d38dcb293461fa1e8641e9e6cb29ab98e39a534,,,,results/frozen_sources/mechanisms/random_mask_control_per_seed.csv#row=132
offline_post_hoc,N-MNIST,SNN-DFA,20260830,H3,basis_eval,512,30,800,same_trained_model_and_neuron_coordinates,True,random_sparsity,0.25,nan,global_frobenius_norm_matched,204635183026.0,0.25,0.25,6.0,nan,103,282,412,523,688,55.72739992454851,6.03075807941372,416.0302938703954,0.5200378673379943,0.006846259679484,0.0504207962956518,0.25,0.25,0.0705060064792633,0.1081644706309782,b8f2c8c95c5944358405d35f2d38dcb293461fa1e8641e9e6cb29ab98e39a534,,,,results/frozen_sources/mechanisms/random_mask_control_per_seed.csv#row=133
offline_post_hoc,N-MNIST,SNN-DFA,20260830,H3,basis_eval,512,30,800,same_trained_model_and_neuron_coordinates,True,random_sparsity,0.50,nan,global_frobenius_norm_matched,204635183026.0,0.5,0.5,6.0,nan,101,278,408,519,686,56.96479776243132,6.024795335972647,413.5569931212794,0.5169462414015993,0.0055832827640644,0.0504160998235393,0.5,0.5,0.0525131002068519,0.0788851296284332,b8f2c8c95c5944358405d35f2d38dcb293461fa1e8641e9e6cb29ab98e39a534,,,,results/frozen_sources/mechanisms/random_mask_control_per_seed.csv#row=134
offline_post_hoc,N-MNIST,SNN-DFA,20260830,H3,basis_eval,512,30,800,same_trained_model_and_neuron_coordinates,True,random_sparsity,0.75,nan,global_frobenius_norm_matched,204635183026.0,0.75,0.75,6.0,nan,95,266,393,504,676,71.53806402507644,5.990336136888573,399.5488904784002,0.4994361130980003,0.0039438771284295,0.050411495742025,0.75,0.75,0.0344911068677902,0.0515222756785788,b8f2c8c95c5944358405d35f2d38dcb293461fa1e8641e9e6cb29ab98e39a534,,,,results/frozen_sources/mechanisms/random_mask_control_per_seed.csv#row=135
offline_post_hoc,N-MNIST,SNN-DFA,20260830,H3,basis_eval,512,30,800,same_trained_model_and_neuron_coordinates,True,random_sparsity,ann_matched,nan,global_frobenius_norm_matched,204635183026.0,0.8996985677083333,0.8996985677083333,6.0,nan,78,234,355,464,646,51.57218323024934,5.856567205800704,349.5222443301831,0.4369028054127289,0.0024951920298451,0.0504078584531496,0.8996985677083333,0.8996985677083333,0.0210689678788185,0.0296920091331247,b8f2c8c95c5944358405d35f2d38dcb293461fa1e8641e9e6cb29ab98e39a534,,,,results/frozen_sources/mechanisms/random_mask_control_per_seed.csv#row=136
offline_post_hoc,N-MNIST,SNN-DFA,20260830,H3,basis_eval,512,30,800,same_trained_model_and_neuron_coordinates,True,random_sparsity,0,nan,global_frobenius_norm_matched,204635183027.0,0.0,0.0,7.0,nan,101,281,411,523,688,46.65953694403787,6.013041829297904,408.7247020544724,0.5109058775680905,0.0079003907885253,0.0504234298643598,0.0,0.0,0.0880589932203292,0.1358324827874336,b8f2c8c95c5944358405d35f2d38dcb293461fa1e8641e9e6cb29ab98e39a534,,,,results/frozen_sources/mechanisms/random_mask_control_per_seed.csv#row=137
offline_post_hoc,N-MNIST,SNN-DFA,20260830,H3,basis_eval,512,30,800,same_trained_model_and_neuron_coordinates,True,random_sparsity,0.25,nan,global_frobenius_norm_matched,204635183027.0,0.25,0.25,7.0,nan,106,287,416,526,689,58.51447504661148,6.051435876990584,424.7224416013241,0.5309030520016551,0.0068436464895563,0.0504207406311298,0.25,0.25,0.070350781083107,0.1092232918567161,b8f2c8c95c5944358405d35f2d38dcb293461fa1e8641e9e6cb29ab98e39a534,,,,results/frozen_sources/mechanisms/random_mask_control_per_seed.csv#row=138
offline_post_hoc,N-MNIST,SNN-DFA,20260830,H3,basis_eval,512,30,800,same_trained_model_and_neuron_coordinates,True,random_sparsity,0.50,nan,global_frobenius_norm_matched,204635183027.0,0.5,0.5,7.0,nan,108,287,416,525,688,77.44320902950652,6.070900775688154,433.0706054037599,0.5413382567546998,0.0055875905193012,0.050416043759476,0.5,0.5,0.0525077059864997,0.0803457173292214,b8f2c8c95c5944358405d35f2d38dcb293461fa1e8641e9e6cb29ab98e39a534,,,,results/frozen_sources/mechanisms/random_mask_control_per_seed.csv#row=139
offline_post_hoc,N-MNIST,SNN-DFA,20260830,H3,basis_eval,512,30,800,same_trained_model_and_neuron_coordinates,True,random_sparsity,0.75,nan,global_frobenius_norm_matched,204635183027.0,0.75,0.75,7.0,nan,97,273,402,512,680,63.51707838818536,6.014136226075983,409.1722539065049,0.5114653173831312,0.0039484521029131,0.0504115353230704,0.75,0.75,0.0342827290296554,0.0514203225894356,b8f2c8c95c5944358405d35f2d38dcb293461fa1e8641e9e6cb29ab98e39a534,,,,results/frozen_sources/mechanisms/random_mask_control_per_seed.csv#row=140
offline_post_hoc,N-MNIST,SNN-DFA,20260830,H3,basis_eval,512,30,800,same_trained_model_and_neuron_coordinates,True,random_sparsity,ann_matched,nan,global_frobenius_norm_matched,204635183027.0,0.8996985677083333,0.8996985677083333,7.0,nan,71,215,341,455,640,32.6690695243127,5.778378162583532,323.23453121926127,0.4040431640240766,0.0024913035253964,0.0504079377214571,0.8996985677083333,0.8996985677083333,0.0211866647005081,0.0295117204915321,b8f2c8c95c5944358405d35f2d38dcb293461fa1e8641e9e6cb29ab98e39a534,,,,results/frozen_sources/mechanisms/random_mask_control_per_seed.csv#row=141
offline_post_hoc,N-MNIST,SNN-DFA,20260830,H3,basis_eval,512,30,800,same_trained_model_and_neuron_coordinates,True,random_sparsity,0,nan,global_frobenius_norm_matched,204635183028.0,0.0,0.0,8.0,nan,101,281,411,523,688,46.65953694403787,6.013041829297904,408.7247020544724,0.5109058775680905,0.0079003907885253,0.0504234298643598,0.0,0.0,0.0880589932203292,0.1358324827874336,b8f2c8c95c5944358405d35f2d38dcb293461fa1e8641e9e6cb29ab98e39a534,,,,results/frozen_sources/mechanisms/random_mask_control_per_seed.csv#row=142
offline_post_hoc,N-MNIST,SNN-DFA,20260830,H3,basis_eval,512,30,800,same_trained_model_and_neuron_coordinates,True,random_sparsity,0.25,nan,global_frobenius_norm_matched,204635183028.0,0.25,0.25,8.0,nan,104,281,411,522,688,56.84319404361319,6.036151875540655,418.2803391458561,0.5228504239323201,0.0068494291676248,0.0504207892887765,0.25,0.25,0.0705982521176338,0.1088692777082737,b8f2c8c95c5944358405d35f2d38dcb293461fa1e8641e9e6cb29ab98e39a534,,,,results/frozen_sources/mechanisms/random_mask_control_per_seed.csv#row=143
offline_post_hoc,N-MNIST,SNN-DFA,20260830,H3,basis_eval,512,30,800,same_trained_model_and_neuron_coordinates,True,random_sparsity,0.50,nan,global_frobenius_norm_matched,204635183028.0,0.5,0.5,8.0,nan,102,277,406,518,685,59.6262294203743,6.033051597381454,416.98556186792354,0.5212319523349044,0.0055888159852128,0.0504160973797087,0.5,0.5,0.0525919273495674,0.08115531263082,b8f2c8c95c5944358405d35f2d38dcb293461fa1e8641e9e6cb29ab98e39a534,,,,results/frozen_sources/mechanisms/random_mask_control_per_seed.csv#row=144
offline_post_hoc,N-MNIST,SNN-DFA,20260830,H3,basis_eval,512,30,800,same_trained_model_and_neuron_coordinates,True,random_sparsity,0.75,nan,global_frobenius_norm_matched,204635183028.0,0.75,0.75,8.0,nan,97,267,397,509,679,68.39115420694635,6.004875773972248,405.4006242979736,0.506750780372467,0.0039518712931993,0.0504115002995197,0.75,0.75,0.0346864312887191,0.0522847152534663,b8f2c8c95c5944358405d35f2d38dcb293461fa1e8641e9e6cb29ab98e39a534,,,,results/frozen_sources/mechanisms/random_mask_control_per_seed.csv#row=145
offline_post_hoc,N-MNIST,SNN-DFA,20260830,H3,basis_eval,512,30,800,same_trained_model_and_neuron_coordinates,True,random_sparsity,ann_matched,nan,global_frobenius_norm_matched,204635183028.0,0.8996985677083333,0.8996985677083333,8.0,nan,77,230,347,459,644,45.01667050361016,5.8109260144511214,333.9282048899366,0.4174102561124207,0.0025049183082261,0.0504078719341533,0.8996985677083333,0.8996985677083333,0.0211784746497869,0.0307300742696607,b8f2c8c95c5944358405d35f2d38dcb293461fa1e8641e9e6cb29ab98e39a534,,,,results/frozen_sources/mechanisms/random_mask_control_per_seed.csv#row=146
offline_post_hoc,N-MNIST,SNN-DFA,20260830,H3,basis_eval,512,30,800,same_trained_model_and_neuron_coordinates,True,random_sparsity,0,nan,global_frobenius_norm_matched,204635183029.0,0.0,0.0,9.0,nan,101,281,411,523,688,46.65953694403787,6.013041829297904,408.7247020544724,0.5109058775680905,0.0079003907885253,0.0504234298643598,0.0,0.0,0.0880589932203292,0.1358324827874336,b8f2c8c95c5944358405d35f2d38dcb293461fa1e8641e9e6cb29ab98e39a534,,,,results/frozen_sources/mechanisms/random_mask_control_per_seed.csv#row=147
offline_post_hoc,N-MNIST,SNN-DFA,20260830,H3,basis_eval,512,30,800,same_trained_model_and_neuron_coordinates,True,random_sparsity,0.25,nan,global_frobenius_norm_matched,204635183029.0,0.25,0.25,9.0,nan,103,282,412,523,688,57.71126136223003,6.035079918887568,417.832200988705,0.5222902512358812,0.0068399346028988,0.0504207929680655,0.25,0.25,0.0702746585011482,0.1087826265789058,b8f2c8c95c5944358405d35f2d38dcb293461fa1e8641e9e6cb29ab98e39a534,,,,results/frozen_sources/mechanisms/random_mask_control_per_seed.csv#row=148
offline_post_hoc,N-MNIST,SNN-DFA,20260830,H3,basis_eval,512,30,800,same_trained_model_and_neuron_coordinates,True,random_sparsity,0.50,nan,global_frobenius_norm_matched,204635183029.0,0.5,0.5,9.0,nan,101,278,408,519,685,66.99784152461214,6.030611892133214,415.9694799783436,0.5199618499729295,0.0055807686531031,0.0504160196713534,0.5,0.5,0.0522072724997997,0.0805909270354762,b8f2c8c95c5944358405d35f2d38dcb293461fa1e8641e9e6cb29ab98e39a534,,,,results/frozen_sources/mechanisms/random_mask_control_per_seed.csv#row=149
offline_post_hoc,N-MNIST,SNN-DFA,20260830,H3,basis_eval,512,30,800,same_trained_model_and_neuron_coordinates,True,random_sparsity,0.75,nan,global_frobenius_norm_matched,204635183029.0,0.75,0.75,9.0,nan,89,262,391,503,675,47.45765163388341,5.949409743056034,383.5268928252669,0.4794086160315836,0.0039560922819825,0.0504114008073347,0.75,0.75,0.0340939834713935,0.0509502244035822,b8f2c8c95c5944358405d35f2d38dcb293461fa1e8641e9e6cb29ab98e39a534,,,,results/frozen_sources/mechanisms/random_mask_control_per_seed.csv#row=150
offline_post_hoc,N-MNIST,SNN-DFA,20260830,H3,basis_eval,512,30,800,same_trained_model_and_neuron_coordinates,True,random_sparsity,ann_matched,nan,global_frobenius_norm_matched,204635183029.0,0.8996985677083333,0.8996985677083333,9.0,nan,62,211,333,445,634,21.98060765651955,5.659503688315874,287.00616268980855,0.3587577033622607,0.0025026847882041,0.0504077971331826,0.8996985677083333,0.8996985677083333,0.0210112817585468,0.0297869740808364,b8f2c8c95c5944358405d35f2d38dcb293461fa1e8641e9e6cb29ab98e39a534,,,,results/frozen_sources/mechanisms/random_mask_control_per_seed.csv#row=151
offline_post_hoc,N-MNIST,SNN-DFA,20260831,H1,basis_eval,512,30,800,same_trained_model_and_neuron_coordinates,True,random_sparsity,0,nan,global_frobenius_norm_matched,204635183100.0,0.0,0.0,0.0,nan,130,331,457,554,682,49.9820209564572,6.159079688863601,472.9925741340908,0.5912407176676135,0.0124539867610056,0.0645126198267627,0.0,0.0,0.0575211085379123,0.1057598228333332,b486ef7efe077a5e11dbfa4148cfa5a8ec90514c3508227a9bf491bde631d58a,,,,results/frozen_sources/mechanisms/random_mask_control_per_seed.csv#row=152
offline_post_hoc,N-MNIST,SNN-DFA,20260831,H1,basis_eval,512,30,800,same_trained_model_and_neuron_coordinates,True,random_sparsity,0.25,nan,global_frobenius_norm_matched,204635183100.0,0.25,0.25,0.0,nan,133,332,458,554,681,64.08793218910229,6.183949882906537,484.9034907083718,0.6061293633854647,0.0107867954225045,0.0645063932353782,0.25,0.25,0.0438315272331237,0.0811713858203517,b486ef7efe077a5e11dbfa4148cfa5a8ec90514c3508227a9bf491bde631d58a,,,,results/frozen_sources/mechanisms/random_mask_control_per_seed.csv#row=153
offline_post_hoc,N-MNIST,SNN-DFA,20260831,H1,basis_eval,512,30,800,same_trained_model_and_neuron_coordinates,True,random_sparsity,0.50,nan,global_frobenius_norm_matched,204635183100.0,0.5,0.5,0.0,nan,133,330,454,550,677,84.33172215323701,6.190970399717827,488.3197417089613,0.6103996771362017,0.0088116454286648,0.0644999875805065,0.5,0.5,0.0303027052432298,0.0559360927408779,b486ef7efe077a5e11dbfa4148cfa5a8ec90514c3508227a9bf491bde631d58a,,,,results/frozen_sources/mechanisms/random_mask_control_per_seed.csv#row=154
offline_post_hoc,N-MNIST,SNN-DFA,20260831,H1,basis_eval,512,30,800,same_trained_model_and_neuron_coordinates,True,random_sparsity,0.75,nan,global_frobenius_norm_matched,204635183100.0,0.75,0.75,0.0,nan,125,319,444,540,670,89.33970483148337,6.15634556246083,471.70111895420575,0.5896263986927572,0.0062359089513594,0.0644923642146926,0.75,0.75,0.0168969202786684,0.030938799020737,b486ef7efe077a5e11dbfa4148cfa5a8ec90514c3508227a9bf491bde631d58a,,,,results/frozen_sources/mechanisms/random_mask_control_per_seed.csv#row=155
offline_post_hoc,N-MNIST,SNN-DFA,20260831,H1,basis_eval,512,30,800,same_trained_model_and_neuron_coordinates,True,random_sparsity,ann_matched,nan,global_frobenius_norm_matched,204635183100.0,0.87854638671875,0.87854638671875,0.0,nan,116,298,419,516,655,68.83770510591974,6.093417854298027,442.9327064356362,0.5536658830445452,0.0043485364397476,0.0644878191578879,0.87854638671875,0.87854638671875,0.0103017576038837,0.0179491322098848,b486ef7efe077a5e11dbfa4148cfa5a8ec90514c3508227a9bf491bde631d58a,,,,results/frozen_sources/mechanisms/random_mask_control_per_seed.csv#row=156
offline_post_hoc,N-MNIST,SNN-DFA,20260831,H1,basis_eval,512,30,800,same_trained_model_and_neuron_coordinates,True,random_sparsity,0,nan,global_frobenius_norm_matched,204635183101.0,0.0,0.0,1.0,nan,130,331,457,554,682,49.9820209564572,6.159079688863601,472.9925741340908,0.5912407176676135,0.0124539867610056,0.0645126198267627,0.0,0.0,0.0575211085379123,0.1057598228333332,b486ef7efe077a5e11dbfa4148cfa5a8ec90514c3508227a9bf491bde631d58a,,,,results/frozen_sources/mechanisms/random_mask_control_per_seed.csv#row=157
offline_post_hoc,N-MNIST,SNN-DFA,20260831,H1,basis_eval,512,30,800,same_trained_model_and_neuron_coordinates,True,random_sparsity,0.25,nan,global_frobenius_norm_matched,204635183101.0,0.25,0.25,1.0,nan,133,333,458,554,682,64.27122052709407,6.184190982531916,485.0204148529435,0.6062755185661793,0.0107805832444722,0.0645063067284361,0.25,0.25,0.0438089333474636,0.0808382405313167,b486ef7efe077a5e11dbfa4148cfa5a8ec90514c3508227a9bf491bde631d58a,,,,results/frozen_sources/mechanisms/random_mask_control_per_seed.csv#row=158
offline_post_hoc,N-MNIST,SNN-DFA,20260831,H1,basis_eval,512,30,800,same_trained_model_and_neuron_coordinates,True,random_sparsity,0.50,nan,global_frobenius_norm_matched,204635183101.0,0.5,0.5,1.0,nan,133,332,457,553,681,83.20016781409356,6.193199714714956,489.4095745715612,0.6117619682144515,0.0088107323888951,0.0644999778786422,0.5,0.5,0.030229527503252,0.055183342659025,b486ef7efe077a5e11dbfa4148cfa5a8ec90514c3508227a9bf491bde631d58a,,,,results/frozen_sources/mechanisms/random_mask_control_per_seed.csv#row=159
offline_post_hoc,N-MNIST,SNN-DFA,20260831,H1,basis_eval,512,30,800,same_trained_model_and_neuron_coordinates,True,random_sparsity,0.75,nan,global_frobenius_norm_matched,204635183101.0,0.75,0.75,1.0,nan,122,317,442,539,673,90.25621371774412,6.144165042224651,465.990404272934,0.5824880053411675,0.0062287904906541,0.0644923586065043,0.75,0.75,0.0169657655060291,0.0308706331253698,b486ef7efe077a5e11dbfa4148cfa5a8ec90514c3508227a9bf491bde631d58a,,,,results/frozen_sources/mechanisms/random_mask_control_per_seed.csv#row=160
offline_post_hoc,N-MNIST,SNN-DFA,20260831,H1,basis_eval,512,30,800,same_trained_model_and_neuron_coordinates,True,random_sparsity,ann_matched,nan,global_frobenius_norm_matched,204635183101.0,0.87854638671875,0.87854638671875,1.0,nan,112,296,419,516,657,79.94780909399799,6.076644166334325,435.565055511741,0.5444563193896763,0.004340375879082,0.0644876849258272,0.87854638671875,0.87854638671875,0.0103218834847211,0.0192125690716208,b486ef7efe077a5e11dbfa4148cfa5a8ec90514c3508227a9bf491bde631d58a,,,,results/frozen_sources/mechanisms/random_mask_control_per_seed.csv#row=161
offline_post_hoc,N-MNIST,SNN-DFA,20260831,H1,basis_eval,512,30,800,same_trained_model_and_neuron_coordinates,True,random_sparsity,0,nan,global_frobenius_norm_matched,204635183102.0,0.0,0.0,2.0,nan,130,331,457,554,682,49.9820209564572,6.159079688863601,472.9925741340908,0.5912407176676135,0.0124539867610056,0.0645126198267627,0.0,0.0,0.0575211085379123,0.1057598228333332,b486ef7efe077a5e11dbfa4148cfa5a8ec90514c3508227a9bf491bde631d58a,,,,results/frozen_sources/mechanisms/random_mask_control_per_seed.csv#row=162
offline_post_hoc,N-MNIST,SNN-DFA,20260831,H1,basis_eval,512,30,800,same_trained_model_and_neuron_coordinates,True,random_sparsity,0.25,nan,global_frobenius_norm_matched,204635183102.0,0.25,0.25,2.0,nan,133,331,456,552,681,62.78774107556216,6.179814307941146,482.9022769086385,0.6036278461357981,0.0107881492558915,0.0645063061819407,0.25,0.25,0.0438439399003982,0.0809975063665183,b486ef7efe077a5e11dbfa4148cfa5a8ec90514c3508227a9bf491bde631d58a,,,,results/frozen_sources/mechanisms/random_mask_control_per_seed.csv#row=163
offline_post_hoc,N-MNIST,SNN-DFA,20260831,H1,basis_eval,512,30,800,same_trained_model_and_neuron_coordinates,True,random_sparsity,0.50,nan,global_frobenius_norm_matched,204635183102.0,0.5,0.5,2.0,nan,133,329,454,551,681,81.76654429077601,6.188143137302144,486.9410834890248,0.6086763543612811,0.0088005575863775,0.0644999744876241,0.5,0.5,0.030219716951251,0.0557280140001997,b486ef7efe077a5e11dbfa4148cfa5a8ec90514c3508227a9bf491bde631d58a,,,,results/frozen_sources/mechanisms/random_mask_control_per_seed.csv#row=164
offline_post_hoc,N-MNIST,SNN-DFA,20260831,H1,basis_eval,512,30,800,same_trained_model_and_neuron_coordinates,True,random_sparsity,0.75,nan,global_frobenius_norm_matched,204635183102.0,0.75,0.75,2.0,nan,126,318,442,539,672,83.5419128832661,6.156086041843156,471.5787186718426,0.5894733983398033,0.0062200605555041,0.0644923560911089,0.75,0.75,0.0169214643537998,0.0315938504350297,b486ef7efe077a5e11dbfa4148cfa5a8ec90514c3508227a9bf491bde631d58a,,,,results/frozen_sources/mechanisms/random_mask_control_per_seed.csv#row=165
offline_post_hoc,N-MNIST,SNN-DFA,20260831,H1,basis_eval,512,30,800,same_trained_model_and_neuron_coordinates,True,random_sparsity,ann_matched,nan,global_frobenius_norm_matched,204635183102.0,0.87854638671875,0.87854638671875,2.0,nan,115,297,418,516,659,66.52223012603082,6.084079416697807,438.815660304049,0.5485195753800612,0.0043336942440573,0.0644878074075562,0.87854638671875,0.87854638671875,0.0103920754045248,0.0188751562952842,b486ef7efe077a5e11dbfa4148cfa5a8ec90514c3508227a9bf491bde631d58a,,,,results/frozen_sources/mechanisms/random_mask_control_per_seed.csv#row=166
offline_post_hoc,N-MNIST,SNN-DFA,20260831,H1,basis_eval,512,30,800,same_trained_model_and_neuron_coordinates,True,random_sparsity,0,nan,global_frobenius_norm_matched,204635183103.0,0.0,0.0,3.0,nan,130,331,457,554,682,49.9820209564572,6.159079688863601,472.9925741340908,0.5912407176676135,0.0124539867610056,0.0645126198267627,0.0,0.0,0.0575211085379123,0.1057598228333332,b486ef7efe077a5e11dbfa4148cfa5a8ec90514c3508227a9bf491bde631d58a,,,,results/frozen_sources/mechanisms/random_mask_control_per_seed.csv#row=167
offline_post_hoc,N-MNIST,SNN-DFA,20260831,H1,basis_eval,512,30,800,same_trained_model_and_neuron_coordinates,True,random_sparsity,0.25,nan,global_frobenius_norm_matched,204635183103.0,0.25,0.25,3.0,nan,132,331,456,553,681,62.90588869360663,6.179032436108097,482.5248567865168,0.603156070983146,0.0107880853290315,0.0645064031696839,0.25,0.25,0.0439157597720623,0.0808960620528917,b486ef7efe077a5e11dbfa4148cfa5a8ec90514c3508227a9bf491bde631d58a,,,,results/frozen_sources/mechanisms/random_mask_control_per_seed.csv#row=168
offline_post_hoc,N-MNIST,SNN-DFA,20260831,H1,basis_eval,512,30,800,same_trained_model_and_neuron_coordinates,True,random_sparsity,0.50,nan,global_frobenius_norm_matched,204635183103.0,0.5,0.5,3.0,nan,134,331,455,550,679,82.91831844767886,6.193086648506835,489.3542420149266,0.6116928025186583,0.0088092290786549,0.0644999251365728,0.5,0.5,0.0303226187825202,0.0555981046906514,b486ef7efe077a5e11dbfa4148cfa5a8ec90514c3508227a9bf491bde631d58a,,,,results/frozen_sources/mechanisms/random_mask_control_per_seed.csv#row=169
offline_post_hoc,N-MNIST,SNN-DFA,20260831,H1,basis_eval,512,30,800,same_trained_model_and_neuron_coordinates,True,random_sparsity,0.75,nan,global_frobenius_norm_matched,204635183103.0,0.75,0.75,3.0,nan,127,322,445,540,670,93.56437431067694,6.163860491876836,475.2592724595232,0.594074090574404,0.0062253475788827,0.0644923506415132,0.75,0.75,0.0170288830995559,0.0312899278964282,b486ef7efe077a5e11dbfa4148cfa5a8ec90514c3508227a9bf491bde631d58a,,,,results/frozen_sources/mechanisms/random_mask_control_per_seed.csv#row=170
offline_post_hoc,N-MNIST,SNN-DFA,20260831,H1,basis_eval,512,30,800,same_trained_model_and_neuron_coordinates,True,random_sparsity,ann_matched,nan,global_frobenius_norm_matched,204635183103.0,0.87854638671875,0.87854638671875,3.0,nan,113,299,423,521,657,61.80876077809612,6.083566974754046,438.59085036007184,0.5482385629500898,0.0043378390355866,0.0644876922357549,0.87854638671875,0.87854638671875,0.0105732027441263,0.0199439516562719,b486ef7efe077a5e11dbfa4148cfa5a8ec90514c3508227a9bf491bde631d58a,,,,results/frozen_sources/mechanisms/random_mask_control_per_seed.csv#row=171
offline_post_hoc,N-MNIST,SNN-DFA,20260831,H1,basis_eval,512,30,800,same_trained_model_and_neuron_coordinates,True,random_sparsity,0,nan,global_frobenius_norm_matched,204635183104.0,0.0,0.0,4.0,nan,130,331,457,554,682,49.9820209564572,6.159079688863601,472.9925741340908,0.5912407176676135,0.0124539867610056,0.0645126198267627,0.0,0.0,0.0575211085379123,0.1057598228333332,b486ef7efe077a5e11dbfa4148cfa5a8ec90514c3508227a9bf491bde631d58a,,,,results/frozen_sources/mechanisms/random_mask_control_per_seed.csv#row=172
offline_post_hoc,N-MNIST,SNN-DFA,20260831,H1,basis_eval,512,30,800,same_trained_model_and_neuron_coordinates,True,random_sparsity,0.25,nan,global_frobenius_norm_matched,204635183104.0,0.25,0.25,4.0,nan,133,332,457,553,682,63.10673396568588,6.182360405545426,484.13335980252754,0.6051666997531594,0.0107829553563707,0.0645063869397325,0.25,0.25,0.0438559055328369,0.0803426492966584,b486ef7efe077a5e11dbfa4148cfa5a8ec90514c3508227a9bf491bde631d58a,,,,results/frozen_sources/mechanisms/random_mask_control_per_seed.csv#row=173
offline_post_hoc,N-MNIST,SNN-DFA,20260831,H1,basis_eval,512,30,800,same_trained_model_and_neuron_coordinates,True,random_sparsity,0.50,nan,global_frobenius_norm_matched,204635183104.0,0.5,0.5,4.0,nan,135,333,458,554,681,84.14705092046471,6.199957006236227,492.727856412792,0.61590982051599,0.008802637533945,0.0644999303348228,0.5,0.5,0.0301615484058856,0.0556939707222966,b486ef7efe077a5e11dbfa4148cfa5a8ec90514c3508227a9bf491bde631d58a,,,,results/frozen_sources/mechanisms/random_mask_control_per_seed.csv#row=174
offline_post_hoc,N-MNIST,SNN-DFA,20260831,H1,basis_eval,512,30,800,same_trained_model_and_neuron_coordinates,True,random_sparsity,0.75,nan,global_frobenius_norm_matched,204635183104.0,0.75,0.75,4.0,nan,133,330,453,548,677,84.03435379154945,6.189880984896454,487.7880486145288,0.609735060768161,0.0062327215383134,0.0644923588138091,0.75,0.75,0.0169613268226385,0.0315275608265309,b486ef7efe077a5e11dbfa4148cfa5a8ec90514c3508227a9bf491bde631d58a,,,,results/frozen_sources/mechanisms/random_mask_control_per_seed.csv#row=175
offline_post_hoc,N-MNIST,SNN-DFA,20260831,H1,basis_eval,512,30,800,same_trained_model_and_neuron_coordinates,True,random_sparsity,ann_matched,nan,global_frobenius_norm_matched,204635183104.0,0.87854638671875,0.87854638671875,4.0,nan,113,297,422,521,660,55.20475592704432,6.073167667470308,434.0534431727895,0.5425668039659868,0.0043454244753682,0.0644877522486179,0.87854638671875,0.87854638671875,0.0104191154241561,0.0196660468160435,b486ef7efe077a5e11dbfa4148cfa5a8ec90514c3508227a9bf491bde631d58a,,,,results/frozen_sources/mechanisms/random_mask_control_per_seed.csv#row=176
offline_post_hoc,N-MNIST,SNN-DFA,20260831,H1,basis_eval,512,30,800,same_trained_model_and_neuron_coordinates,True,random_sparsity,0,nan,global_frobenius_norm_matched,204635183105.0,0.0,0.0,5.0,nan,130,331,457,554,682,49.9820209564572,6.159079688863601,472.9925741340908,0.5912407176676135,0.0124539867610056,0.0645126198267627,0.0,0.0,0.0575211085379123,0.1057598228333332,b486ef7efe077a5e11dbfa4148cfa5a8ec90514c3508227a9bf491bde631d58a,,,,results/frozen_sources/mechanisms/random_mask_control_per_seed.csv#row=177
offline_post_hoc,N-MNIST,SNN-DFA,20260831,H1,basis_eval,512,30,800,same_trained_model_and_neuron_coordinates,True,random_sparsity,0.25,nan,global_frobenius_norm_matched,204635183105.0,0.25,0.25,5.0,nan,134,333,458,553,681,62.92774712412532,6.186814343802916,486.2944690464549,0.6078680863080687,0.0107858921377984,0.064506440383051,0.25,0.25,0.0438375882804393,0.0804655788195075,b486ef7efe077a5e11dbfa4148cfa5a8ec90514c3508227a9bf491bde631d58a,,,,results/frozen_sources/mechanisms/random_mask_control_per_seed.csv#row=178
offline_post_hoc,N-MNIST,SNN-DFA,20260831,H1,basis_eval,512,30,800,same_trained_model_and_neuron_coordinates,True,random_sparsity,0.50,nan,global_frobenius_norm_matched,204635183105.0,0.5,0.5,5.0,nan,133,332,456,552,679,79.96718478617201,6.1922051988669615,488.9230909414266,0.6111538636767833,0.0088032304656433,0.064499860701535,0.5,0.5,0.030197151005268,0.0558879712143374,b486ef7efe077a5e11dbfa4148cfa5a8ec90514c3508227a9bf491bde631d58a,,,,results/frozen_sources/mechanisms/random_mask_control_per_seed.csv#row=179
offline_post_hoc,N-MNIST,SNN-DFA,20260831,H1,basis_eval,512,30,800,same_trained_model_and_neuron_coordinates,True,random_sparsity,0.75,nan,global_frobenius_norm_matched,204635183105.0,0.75,0.75,5.0,nan,129,324,448,543,672,78.80695190453622,6.171491772475731,478.89998329940073,0.5986249791242509,0.0062286578994146,0.0644922985989548,0.75,0.75,0.0168252736330032,0.0308385958824393,b486ef7efe077a5e11dbfa4148cfa5a8ec90514c3508227a9bf491bde631d58a,,,,results/frozen_sources/mechanisms/random_mask_control_per_seed.csv#row=180
offline_post_hoc,N-MNIST,SNN-DFA,20260831,H1,basis_eval,512,30,800,same_trained_model_and_neuron_coordinates,True,random_sparsity,ann_matched,nan,global_frobenius_norm_matched,204635183105.0,0.87854638671875,0.87854638671875,5.0,nan,115,296,418,517,656,50.95765518629512,6.087942357553247,440.51405753827646,0.5506425719228456,0.0043409896480119,0.064487721432149,0.87854638671875,0.87854638671875,0.0101809296756982,0.0183686197709121,b486ef7efe077a5e11dbfa4148cfa5a8ec90514c3508227a9bf491bde631d58a,,,,results/frozen_sources/mechanisms/random_mask_control_per_seed.csv#row=181
offline_post_hoc,N-MNIST,SNN-DFA,20260831,H1,basis_eval,512,30,800,same_trained_model_and_neuron_coordinates,True,random_sparsity,0,nan,global_frobenius_norm_matched,204635183106.0,0.0,0.0,6.0,nan,130,331,457,554,682,49.9820209564572,6.159079688863601,472.9925741340908,0.5912407176676135,0.0124539867610056,0.0645126198267627,0.0,0.0,0.0575211085379123,0.1057598228333332,b486ef7efe077a5e11dbfa4148cfa5a8ec90514c3508227a9bf491bde631d58a,,,,results/frozen_sources/mechanisms/random_mask_control_per_seed.csv#row=182
offline_post_hoc,N-MNIST,SNN-DFA,20260831,H1,basis_eval,512,30,800,same_trained_model_and_neuron_coordinates,True,random_sparsity,0.25,nan,global_frobenius_norm_matched,204635183106.0,0.25,0.25,6.0,nan,133,333,459,554,682,63.00678663509363,6.183910920972316,484.884598298508,0.606105747873135,0.0107805248198863,0.0645064043098537,0.25,0.25,0.0438813380897045,0.0810395573505766,b486ef7efe077a5e11dbfa4148cfa5a8ec90514c3508227a9bf491bde631d58a,,,,results/frozen_sources/mechanisms/random_mask_control_per_seed.csv#row=183
offline_post_hoc,N-MNIST,SNN-DFA,20260831,H1,basis_eval,512,30,800,same_trained_model_and_neuron_coordinates,True,random_sparsity,0.50,nan,global_frobenius_norm_matched,204635183106.0,0.5,0.5,6.0,nan,134,331,456,552,681,86.18944312056722,6.195297173825583,490.43716843390166,0.6130464605423771,0.0088011742135685,0.064499867736978,0.5,0.5,0.0303196646273136,0.055467714568928,b486ef7efe077a5e11dbfa4148cfa5a8ec90514c3508227a9bf491bde631d58a,,,,results/frozen_sources/mechanisms/random_mask_control_per_seed.csv#row=184
offline_post_hoc,N-MNIST,SNN-DFA,20260831,H1,basis_eval,512,30,800,same_trained_model_and_neuron_coordinates,True,random_sparsity,0.75,nan,global_frobenius_norm_matched,204635183106.0,0.75,0.75,6.0,nan,129,320,444,540,673,98.7446427024023,6.171398547768801,478.8553400697671,0.5985691750872089,0.0062279618009507,0.0644923280667336,0.75,0.75,0.016948752105236,0.0306833599921344,b486ef7efe077a5e11dbfa4148cfa5a8ec90514c3508227a9bf491bde631d58a,,,,results/frozen_sources/mechanisms/random_mask_control_per_seed.csv#row=185
offline_post_hoc,N-MNIST,SNN-DFA,20260831,H1,basis_eval,512,30,800,same_trained_model_and_neuron_coordinates,True,random_sparsity,ann_matched,nan,global_frobenius_norm_matched,204635183106.0,0.87854638671875,0.87854638671875,6.0,nan,122,305,429,528,664,87.5113717810884,6.132558744246529,460.6132456001402,0.5757665570001752,0.0043436964505474,0.0644877232860094,0.87854638671875,0.87854638671875,0.0103078270331025,0.0182164021827383,b486ef7efe077a5e11dbfa4148cfa5a8ec90514c3508227a9bf491bde631d58a,,,,results/frozen_sources/mechanisms/random_mask_control_per_seed.csv#row=186
offline_post_hoc,N-MNIST,SNN-DFA,20260831,H1,basis_eval,512,30,800,same_trained_model_and_neuron_coordinates,True,random_sparsity,0,nan,global_frobenius_norm_matched,204635183107.0,0.0,0.0,7.0,nan,130,331,457,554,682,49.9820209564572,6.159079688863601,472.9925741340908,0.5912407176676135,0.0124539867610056,0.0645126198267627,0.0,0.0,0.0575211085379123,0.1057598228333332,b486ef7efe077a5e11dbfa4148cfa5a8ec90514c3508227a9bf491bde631d58a,,,,results/frozen_sources/mechanisms/random_mask_control_per_seed.csv#row=187
offline_post_hoc,N-MNIST,SNN-DFA,20260831,H1,basis_eval,512,30,800,same_trained_model_and_neuron_coordinates,True,random_sparsity,0.25,nan,global_frobenius_norm_matched,204635183107.0,0.25,0.25,7.0,nan,135,334,458,554,680,64.81566073349792,6.189065401804044,487.3903791177013,0.6092379738971266,0.0107866736032234,0.0645063337265456,0.25,0.25,0.0438956171274185,0.0806724589238212,b486ef7efe077a5e11dbfa4148cfa5a8ec90514c3508227a9bf491bde631d58a,,,,results/frozen_sources/mechanisms/random_mask_control_per_seed.csv#row=188
offline_post_hoc,N-MNIST,SNN-DFA,20260831,H1,basis_eval,512,30,800,same_trained_model_and_neuron_coordinates,True,random_sparsity,0.50,nan,global_frobenius_norm_matched,204635183107.0,0.5,0.5,7.0,nan,135,332,455,551,678,87.73984370968466,6.197495408287917,491.516450141673,0.6143955626770912,0.0087977694367487,0.0644998902754315,0.5,0.5,0.0303634665906429,0.0559122221737451,b486ef7efe077a5e11dbfa4148cfa5a8ec90514c3508227a9bf491bde631d58a,,,,results/frozen_sources/mechanisms/random_mask_control_per_seed.csv#row=189
offline_post_hoc,N-MNIST,SNN-DFA,20260831,H1,basis_eval,512,30,800,same_trained_model_and_neuron_coordinates,True,random_sparsity,0.75,nan,global_frobenius_norm_matched,204635183107.0,0.75,0.75,7.0,nan,124,318,442,538,669,85.36734447079719,6.145247126368156,466.4949180143549,0.5831186475179436,0.0062201517985333,0.0644922907800842,0.75,0.75,0.0170795861631631,0.0317410584146614,b486ef7efe077a5e11dbfa4148cfa5a8ec90514c3508227a9bf491bde631d58a,,,,results/frozen_sources/mechanisms/random_mask_control_per_seed.csv#row=190
offline_post_hoc,N-MNIST,SNN-DFA,20260831,H1,basis_eval,512,30,800,same_trained_model_and_neuron_coordinates,True,random_sparsity,ann_matched,nan,global_frobenius_norm_matched,204635183107.0,0.87854638671875,0.87854638671875,7.0,nan,116,298,419,515,655,62.432492462596095,6.0833321611153455,438.4878753370412,0.5481098441713015,0.004340767354769,0.0644878062263821,0.87854638671875,0.87854638671875,0.0102505069226026,0.0193930222820078,b486ef7efe077a5e11dbfa4148cfa5a8ec90514c3508227a9bf491bde631d58a,,,,results/frozen_sources/mechanisms/random_mask_control_per_seed.csv#row=191
offline_post_hoc,N-MNIST,SNN-DFA,20260831,H1,basis_eval,512,30,800,same_trained_model_and_neuron_coordinates,True,random_sparsity,0,nan,global_frobenius_norm_matched,204635183108.0,0.0,0.0,8.0,nan,130,331,457,554,682,49.9820209564572,6.159079688863601,472.9925741340908,0.5912407176676135,0.0124539867610056,0.0645126198267627,0.0,0.0,0.0575211085379123,0.1057598228333332,b486ef7efe077a5e11dbfa4148cfa5a8ec90514c3508227a9bf491bde631d58a,,,,results/frozen_sources/mechanisms/random_mask_control_per_seed.csv#row=192
offline_post_hoc,N-MNIST,SNN-DFA,20260831,H1,basis_eval,512,30,800,same_trained_model_and_neuron_coordinates,True,random_sparsity,0.25,nan,global_frobenius_norm_matched,204635183108.0,0.25,0.25,8.0,nan,132,332,458,554,682,62.181044532710736,6.177277180093243,481.6786450057442,0.6020983062571803,0.0107798066370949,0.0645064306680686,0.25,0.25,0.043906319886446,0.080724917670336,b486ef7efe077a5e11dbfa4148cfa5a8ec90514c3508227a9bf491bde631d58a,,,,results/frozen_sources/mechanisms/random_mask_control_per_seed.csv#row=193
offline_post_hoc,N-MNIST,SNN-DFA,20260831,H1,basis_eval,512,30,800,same_trained_model_and_neuron_coordinates,True,random_sparsity,0.50,nan,global_frobenius_norm_matched,204635183108.0,0.5,0.5,8.0,nan,132,332,457,552,681,83.55002760457393,6.191285886880859,488.4738246232384,0.610592280779048,0.0088027698936255,0.0644999574998213,0.5,0.5,0.0302496068179607,0.0552413125041975,b486ef7efe077a5e11dbfa4148cfa5a8ec90514c3508227a9bf491bde631d58a,,,,results/frozen_sources/mechanisms/random_mask_control_per_seed.csv#row=194
offline_post_hoc,N-MNIST,SNN-DFA,20260831,H1,basis_eval,512,30,800,same_trained_model_and_neuron_coordinates,True,random_sparsity,0.75,nan,global_frobenius_norm_matched,204635183108.0,0.75,0.75,8.0,nan,125,321,447,545,676,80.82466865590766,6.157310278262626,472.1563960485798,0.5901954950607248,0.006223183586405,0.0644922440364356,0.75,0.75,0.0170714203268289,0.0313269874873917,b486ef7efe077a5e11dbfa4148cfa5a8ec90514c3508227a9bf491bde631d58a,,,,results/frozen_sources/mechanisms/random_mask_control_per_seed.csv#row=195
offline_post_hoc,N-MNIST,SNN-DFA,20260831,H1,basis_eval,512,30,800,same_trained_model_and_neuron_coordinates,True,random_sparsity,ann_matched,nan,global_frobenius_norm_matched,204635183108.0,0.87854638671875,0.87854638671875,8.0,nan,111,298,422,522,660,56.31800475711143,6.065746737448756,430.84428514138176,0.5385553564267272,0.0043403093286045,0.064487676414601,0.87854638671875,0.87854638671875,0.010327068157494,0.0191842390648134,b486ef7efe077a5e11dbfa4148cfa5a8ec90514c3508227a9bf491bde631d58a,,,,results/frozen_sources/mechanisms/random_mask_control_per_seed.csv#row=196
offline_post_hoc,N-MNIST,SNN-DFA,20260831,H1,basis_eval,512,30,800,same_trained_model_and_neuron_coordinates,True,random_sparsity,0,nan,global_frobenius_norm_matched,204635183109.0,0.0,0.0,9.0,nan,130,331,457,554,682,49.9820209564572,6.159079688863601,472.9925741340908,0.5912407176676135,0.0124539867610056,0.0645126198267627,0.0,0.0,0.0575211085379123,0.1057598228333332,b486ef7efe077a5e11dbfa4148cfa5a8ec90514c3508227a9bf491bde631d58a,,,,results/frozen_sources/mechanisms/random_mask_control_per_seed.csv#row=197
offline_post_hoc,N-MNIST,SNN-DFA,20260831,H1,basis_eval,512,30,800,same_trained_model_and_neuron_coordinates,True,random_sparsity,0.25,nan,global_frobenius_norm_matched,204635183109.0,0.25,0.25,9.0,nan,132,332,457,554,682,62.44518406420469,6.180072647757301,483.02704590978254,0.6037838073872281,0.0107822642485893,0.0645063909050623,0.25,0.25,0.0437908992171287,0.0810364143555872,b486ef7efe077a5e11dbfa4148cfa5a8ec90514c3508227a9bf491bde631d58a,,,,results/frozen_sources/mechanisms/random_mask_control_per_seed.csv#row=198
offline_post_hoc,N-MNIST,SNN-DFA,20260831,H1,basis_eval,512,30,800,same_trained_model_and_neuron_coordinates,True,random_sparsity,0.50,nan,global_frobenius_norm_matched,204635183109.0,0.5,0.5,9.0,nan,132,331,457,552,679,81.68733108497062,6.1872157198533895,486.4896951767335,0.6081121189709169,0.0088045599187038,0.0645000156915294,0.5,0.5,0.0301791708916425,0.0563489976218494,b486ef7efe077a5e11dbfa4148cfa5a8ec90514c3508227a9bf491bde631d58a,,,,results/frozen_sources/mechanisms/random_mask_control_per_seed.csv#row=199
offline_post_hoc,N-MNIST,SNN-DFA,20260831,H1,basis_eval,512,30,800,same_trained_model_and_neuron_coordinates,True,random_sparsity,0.75,nan,global_frobenius_norm_matched,204635183109.0,0.75,0.75,9.0,nan,123,318,444,541,673,90.2378727208972,6.152400570344316,469.84392747007865,0.5873049093375983,0.00622231951815,0.0644923065525535,0.75,0.75,0.0168516207486391,0.0318751145724528,b486ef7efe077a5e11dbfa4148cfa5a8ec90514c3508227a9bf491bde631d58a,,,,results/frozen_sources/mechanisms/random_mask_control_per_seed.csv#row=200
offline_post_hoc,N-MNIST,SNN-DFA,20260831,H1,basis_eval,512,30,800,same_trained_model_and_neuron_coordinates,True,random_sparsity,ann_matched,nan,global_frobenius_norm_matched,204635183109.0,0.87854638671875,0.87854638671875,9.0,nan,106,293,417,517,658,51.35870388294988,6.043182759636596,421.2315824975011,0.5265394781218764,0.0043339620103425,0.0644877599247855,0.87854638671875,0.87854638671875,0.0103372372686862,0.0195400704589254,b486ef7efe077a5e11dbfa4148cfa5a8ec90514c3508227a9bf491bde631d58a,,,,results/frozen_sources/mechanisms/random_mask_control_per_seed.csv#row=201
offline_post_hoc,N-MNIST,SNN-DFA,20260831,H2,basis_eval,512,30,800,same_trained_model_and_neuron_coordinates,True,random_sparsity,0,nan,global_frobenius_norm_matched,204635183110.0,0.0,0.0,0.0,nan,107,296,424,526,660,35.1249940063122,5.999893953740518,403.3860136465792,0.504232517058224,0.0180047823872433,0.0783120073876308,0.0,0.0,0.0853692144155502,0.1299682950537547,b486ef7efe077a5e11dbfa4148cfa5a8ec90514c3508227a9bf491bde631d58a,,,,results/frozen_sources/mechanisms/random_mask_control_per_seed.csv#row=202
offline_post_hoc,N-MNIST,SNN-DFA,20260831,H2,basis_eval,512,30,800,same_trained_model_and_neuron_coordinates,True,random_sparsity,0.25,nan,global_frobenius_norm_matched,204635183110.0,0.25,0.25,0.0,nan,112,301,428,528,660,45.31228810334718,6.052727860233099,425.2715305090476,0.5315894131363095,0.0155823021139998,0.0783016541244738,0.25,0.25,0.0649183019995689,0.0986061302177908,b486ef7efe077a5e11dbfa4148cfa5a8ec90514c3508227a9bf491bde631d58a,,,,results/frozen_sources/mechanisms/random_mask_control_per_seed.csv#row=203
offline_post_hoc,N-MNIST,SNN-DFA,20260831,H2,basis_eval,512,30,800,same_trained_model_and_neuron_coordinates,True,random_sparsity,0.50,nan,global_frobenius_norm_matched,204635183110.0,0.5,0.5,0.0,nan,115,303,429,528,659,62.05620801907776,6.089409545137733,441.16084866021424,0.5514510608252678,0.0127236776414588,0.0782915061230405,0.5,0.5,0.0446867421269416,0.0673539481464202,b486ef7efe077a5e11dbfa4148cfa5a8ec90514c3508227a9bf491bde631d58a,,,,results/frozen_sources/mechanisms/random_mask_control_per_seed.csv#row=204
offline_post_hoc,N-MNIST,SNN-DFA,20260831,H2,basis_eval,512,30,800,same_trained_model_and_neuron_coordinates,True,random_sparsity,0.75,nan,global_frobenius_norm_matched,204635183110.0,0.75,0.75,0.0,nan,110,293,418,519,653,68.10255431564958,6.07500674660701,434.8524362849267,0.5435655453561583,0.0089948193061446,0.0782791979452888,0.75,0.75,0.0250440929085016,0.038471595173374,b486ef7efe077a5e11dbfa4148cfa5a8ec90514c3508227a9bf491bde631d58a,,,,results/frozen_sources/mechanisms/random_mask_control_per_seed.csv#row=205
offline_post_hoc,N-MNIST,SNN-DFA,20260831,H2,basis_eval,512,30,800,same_trained_model_and_neuron_coordinates,True,random_sparsity,ann_matched,nan,global_frobenius_norm_matched,204635183110.0,0.7827268880208333,0.7827268880208333,0.0,nan,107,287,412,513,650,62.13304910514361,6.0546880573192325,426.10596408391433,0.5326324551048929,0.0083908390674054,0.0782768215010201,0.7827268880208333,0.7827268880208333,0.022672040387988,0.0347156849917532,b486ef7efe077a5e11dbfa4148cfa5a8ec90514c3508227a9bf491bde631d58a,,,,results/frozen_sources/mechanisms/random_mask_control_per_seed.csv#row=206
offline_post_hoc,N-MNIST,SNN-DFA,20260831,H2,basis_eval,512,30,800,same_trained_model_and_neuron_coordinates,True,random_sparsity,0,nan,global_frobenius_norm_matched,204635183111.0,0.0,0.0,1.0,nan,107,296,424,526,660,35.1249940063122,5.999893953740518,403.3860136465792,0.504232517058224,0.0180047823872433,0.0783120073876308,0.0,0.0,0.0853692144155502,0.1299682950537547,b486ef7efe077a5e11dbfa4148cfa5a8ec90514c3508227a9bf491bde631d58a,,,,results/frozen_sources/mechanisms/random_mask_control_per_seed.csv#row=207
offline_post_hoc,N-MNIST,SNN-DFA,20260831,H2,basis_eval,512,30,800,same_trained_model_and_neuron_coordinates,True,random_sparsity,0.25,nan,global_frobenius_norm_matched,204635183111.0,0.25,0.25,1.0,nan,114,304,430,529,660,44.31828345045204,6.060687922877529,428.6702275074638,0.5358377843843297,0.0155918941652865,0.078301611138404,0.25,0.25,0.065004713833332,0.0984225102806133,b486ef7efe077a5e11dbfa4148cfa5a8ec90514c3508227a9bf491bde631d58a,,,,results/frozen_sources/mechanisms/random_mask_control_per_seed.csv#row=208
offline_post_hoc,N-MNIST,SNN-DFA,20260831,H2,basis_eval,512,30,800,same_trained_model_and_neuron_coordinates,True,random_sparsity,0.50,nan,global_frobenius_norm_matched,204635183111.0,0.5,0.5,1.0,nan,115,304,429,528,658,56.92711585501976,6.086212848808714,439.752843076953,0.5496910538461913,0.0127286714976198,0.0782913871546423,0.5,0.5,0.0447783507406711,0.0681789368741736,b486ef7efe077a5e11dbfa4148cfa5a8ec90514c3508227a9bf491bde631d58a,,,,results/frozen_sources/mechanisms/random_mask_control_per_seed.csv#row=209
offline_post_hoc,N-MNIST,SNN-DFA,20260831,H2,basis_eval,512,30,800,same_trained_model_and_neuron_coordinates,True,random_sparsity,0.75,nan,global_frobenius_norm_matched,204635183111.0,0.75,0.75,1.0,nan,113,299,423,522,655,68.83782820076365,6.083715568677752,438.656027137745,0.5483200339221813,0.0089995871145548,0.0782792598871098,0.75,0.75,0.025166843086481,0.0381399769288372,b486ef7efe077a5e11dbfa4148cfa5a8ec90514c3508227a9bf491bde631d58a,,,,results/frozen_sources/mechanisms/random_mask_control_per_seed.csv#row=210
offline_post_hoc,N-MNIST,SNN-DFA,20260831,H2,basis_eval,512,30,800,same_trained_model_and_neuron_coordinates,True,random_sparsity,ann_matched,nan,global_frobenius_norm_matched,204635183111.0,0.7827268880208333,0.7827268880208333,1.0,nan,111,296,419,518,652,63.252096236246224,6.067209170823918,431.474827153933,0.5393435339424163,0.0083837446191163,0.0782768644145711,0.7827268880208333,0.7827268880208333,0.0224882140755653,0.0340305208733935,b486ef7efe077a5e11dbfa4148cfa5a8ec90514c3508227a9bf491bde631d58a,,,,results/frozen_sources/mechanisms/random_mask_control_per_seed.csv#row=211
offline_post_hoc,N-MNIST,SNN-DFA,20260831,H2,basis_eval,512,30,800,same_trained_model_and_neuron_coordinates,True,random_sparsity,0,nan,global_frobenius_norm_matched,204635183112.0,0.0,0.0,2.0,nan,107,296,424,526,660,35.1249940063122,5.999893953740518,403.3860136465792,0.504232517058224,0.0180047823872433,0.0783120073876308,0.0,0.0,0.0853692144155502,0.1299682950537547,b486ef7efe077a5e11dbfa4148cfa5a8ec90514c3508227a9bf491bde631d58a,,,,results/frozen_sources/mechanisms/random_mask_control_per_seed.csv#row=212
offline_post_hoc,N-MNIST,SNN-DFA,20260831,H2,basis_eval,512,30,800,same_trained_model_and_neuron_coordinates,True,random_sparsity,0.25,nan,global_frobenius_norm_matched,204635183112.0,0.25,0.25,2.0,nan,112,302,429,530,661,44.7413842564637,6.054656646038788,426.092579760188,0.532615724700235,0.0155961308648764,0.0783016563015503,0.25,0.25,0.0651357620954513,0.099032692831304,b486ef7efe077a5e11dbfa4148cfa5a8ec90514c3508227a9bf491bde631d58a,,,,results/frozen_sources/mechanisms/random_mask_control_per_seed.csv#row=213
offline_post_hoc,N-MNIST,SNN-DFA,20260831,H2,basis_eval,512,30,800,same_trained_model_and_neuron_coordinates,True,random_sparsity,0.50,nan,global_frobenius_norm_matched,204635183112.0,0.5,0.5,2.0,nan,114,303,431,531,661,56.52556366061012,6.0836578519637055,438.63071008387766,0.5482883876048471,0.0127308607180477,0.0782913814221792,0.5,0.5,0.0446520745754241,0.0681902719388928,b486ef7efe077a5e11dbfa4148cfa5a8ec90514c3508227a9bf491bde631d58a,,,,results/frozen_sources/mechanisms/random_mask_control_per_seed.csv#row=214
offline_post_hoc,N-MNIST,SNN-DFA,20260831,H2,basis_eval,512,30,800,same_trained_model_and_neuron_coordinates,True,random_sparsity,0.75,nan,global_frobenius_norm_matched,204635183112.0,0.75,0.75,2.0,nan,111,297,422,523,657,74.87559632550884,6.07677174447555,435.62062763672446,0.5445257845459056,0.0090045724674048,0.0782792762637585,0.75,0.75,0.0249510947614908,0.0379291590661547,b486ef7efe077a5e11dbfa4148cfa5a8ec90514c3508227a9bf491bde631d58a,,,,results/frozen_sources/mechanisms/random_mask_control_per_seed.csv#row=215
offline_post_hoc,N-MNIST,SNN-DFA,20260831,H2,basis_eval,512,30,800,same_trained_model_and_neuron_coordinates,True,random_sparsity,ann_matched,nan,global_frobenius_norm_matched,204635183112.0,0.7827268880208333,0.7827268880208333,2.0,nan,111,296,421,521,656,69.86024300666938,6.076771220641121,435.6203994437018,0.5445254993046272,0.0083938081530551,0.0782767962935034,0.7827268880208333,0.7827268880208333,0.0223127454519271,0.0337608600208456,b486ef7efe077a5e11dbfa4148cfa5a8ec90514c3508227a9bf491bde631d58a,,,,results/frozen_sources/mechanisms/random_mask_control_per_seed.csv#row=216
offline_post_hoc,N-MNIST,SNN-DFA,20260831,H2,basis_eval,512,30,800,same_trained_model_and_neuron_coordinates,True,random_sparsity,0,nan,global_frobenius_norm_matched,204635183113.0,0.0,0.0,3.0,nan,107,296,424,526,660,35.1249940063122,5.999893953740518,403.3860136465792,0.504232517058224,0.0180047823872433,0.0783120073876308,0.0,0.0,0.0853692144155502,0.1299682950537547,b486ef7efe077a5e11dbfa4148cfa5a8ec90514c3508227a9bf491bde631d58a,,,,results/frozen_sources/mechanisms/random_mask_control_per_seed.csv#row=217
offline_post_hoc,N-MNIST,SNN-DFA,20260831,H2,basis_eval,512,30,800,same_trained_model_and_neuron_coordinates,True,random_sparsity,0.25,nan,global_frobenius_norm_matched,204635183113.0,0.25,0.25,3.0,nan,112,301,428,529,660,45.080078506910425,6.053864382910389,425.75513600973056,0.5321939200121633,0.0155920374273915,0.0783016198529926,0.25,0.25,0.0651337057352066,0.0992069577321995,b486ef7efe077a5e11dbfa4148cfa5a8ec90514c3508227a9bf491bde631d58a,,,,results/frozen_sources/mechanisms/random_mask_control_per_seed.csv#row=218
offline_post_hoc,N-MNIST,SNN-DFA,20260831,H2,basis_eval,512,30,800,same_trained_model_and_neuron_coordinates,True,random_sparsity,0.50,nan,global_frobenius_norm_matched,204635183113.0,0.5,0.5,3.0,nan,116,306,431,530,660,56.95528492218767,6.09554250268649,443.8747831330427,0.5548434789163034,0.0127338589903579,0.0782914377411692,0.5,0.5,0.0450000204145908,0.0678517153132408,b486ef7efe077a5e11dbfa4148cfa5a8ec90514c3508227a9bf491bde631d58a,,,,results/frozen_sources/mechanisms/random_mask_control_per_seed.csv#row=219
offline_post_hoc,N-MNIST,SNN-DFA,20260831,H2,basis_eval,512,30,800,same_trained_model_and_neuron_coordinates,True,random_sparsity,0.75,nan,global_frobenius_norm_matched,204635183113.0,0.75,0.75,3.0,nan,115,301,426,524,657,66.5561570315849,6.095646385739767,443.9208965959493,0.5549011207449367,0.0090008733736362,0.0782793810592591,0.75,0.75,0.0250191465020179,0.0376939612767167,b486ef7efe077a5e11dbfa4148cfa5a8ec90514c3508227a9bf491bde631d58a,,,,results/frozen_sources/mechanisms/random_mask_control_per_seed.csv#row=220
offline_post_hoc,N-MNIST,SNN-DFA,20260831,H2,basis_eval,512,30,800,same_trained_model_and_neuron_coordinates,True,random_sparsity,ann_matched,nan,global_frobenius_norm_matched,204635183113.0,0.7827268880208333,0.7827268880208333,3.0,nan,112,295,419,519,654,61.2103801481707,6.07829774536296,436.2858925694121,0.5453573657117652,0.0083939802834028,0.0782769803039606,0.7827268880208333,0.7827268880208333,0.0224365256726741,0.0339105648066747,b486ef7efe077a5e11dbfa4148cfa5a8ec90514c3508227a9bf491bde631d58a,,,,results/frozen_sources/mechanisms/random_mask_control_per_seed.csv#row=221
offline_post_hoc,N-MNIST,SNN-DFA,20260831,H2,basis_eval,512,30,800,same_trained_model_and_neuron_coordinates,True,random_sparsity,0,nan,global_frobenius_norm_matched,204635183114.0,0.0,0.0,4.0,nan,107,296,424,526,660,35.1249940063122,5.999893953740518,403.3860136465792,0.504232517058224,0.0180047823872433,0.0783120073876308,0.0,0.0,0.0853692144155502,0.1299682950537547,b486ef7efe077a5e11dbfa4148cfa5a8ec90514c3508227a9bf491bde631d58a,,,,results/frozen_sources/mechanisms/random_mask_control_per_seed.csv#row=222
offline_post_hoc,N-MNIST,SNN-DFA,20260831,H2,basis_eval,512,30,800,same_trained_model_and_neuron_coordinates,True,random_sparsity,0.25,nan,global_frobenius_norm_matched,204635183114.0,0.25,0.25,4.0,nan,111,300,427,528,661,43.71524957362584,6.048877965866334,423.637427619496,0.52954678452437,0.0155822149724203,0.0783017009595492,0.25,0.25,0.0650802254676818,0.098969533117469,b486ef7efe077a5e11dbfa4148cfa5a8ec90514c3508227a9bf491bde631d58a,,,,results/frozen_sources/mechanisms/random_mask_control_per_seed.csv#row=223
offline_post_hoc,N-MNIST,SNN-DFA,20260831,H2,basis_eval,512,30,800,same_trained_model_and_neuron_coordinates,True,random_sparsity,0.50,nan,global_frobenius_norm_matched,204635183114.0,0.5,0.5,4.0,nan,115,302,428,528,660,60.94302776142205,6.08569205996661,439.5238843277511,0.5494048554096889,0.0127247639269777,0.0782914423239687,0.5,0.5,0.0450203716754913,0.0687201778603464,b486ef7efe077a5e11dbfa4148cfa5a8ec90514c3508227a9bf491bde631d58a,,,,results/frozen_sources/mechanisms/random_mask_control_per_seed.csv#row=224
offline_post_hoc,N-MNIST,SNN-DFA,20260831,H2,basis_eval,512,30,800,same_trained_model_and_neuron_coordinates,True,random_sparsity,0.75,nan,global_frobenius_norm_matched,204635183114.0,0.75,0.75,4.0,nan,113,298,423,523,655,64.92310893901731,6.082432337751285,438.09349116661184,0.5476168639582648,0.0089967743368429,0.078279294748292,0.75,0.75,0.0248917695134878,0.0392143579926183,b486ef7efe077a5e11dbfa4148cfa5a8ec90514c3508227a9bf491bde631d58a,,,,results/frozen_sources/mechanisms/random_mask_control_per_seed.csv#row=225
offline_post_hoc,N-MNIST,SNN-DFA,20260831,H2,basis_eval,512,30,800,same_trained_model_and_neuron_coordinates,True,random_sparsity,ann_matched,nan,global_frobenius_norm_matched,204635183114.0,0.7827268880208333,0.7827268880208333,4.0,nan,111,295,420,519,653,57.16896600410494,6.0668242425825145,431.3087722691647,0.5391359653364558,0.0083886410953564,0.078276832413648,0.7827268880208333,0.7827268880208333,0.0223703347146511,0.0351657643694761,b486ef7efe077a5e11dbfa4148cfa5a8ec90514c3508227a9bf491bde631d58a,,,,results/frozen_sources/mechanisms/random_mask_control_per_seed.csv#row=226
offline_post_hoc,N-MNIST,SNN-DFA,20260831,H2,basis_eval,512,30,800,same_trained_model_and_neuron_coordinates,True,random_sparsity,0,nan,global_frobenius_norm_matched,204635183115.0,0.0,0.0,5.0,nan,107,296,424,526,660,35.1249940063122,5.999893953740518,403.3860136465792,0.504232517058224,0.0180047823872433,0.0783120073876308,0.0,0.0,0.0853692144155502,0.1299682950537547,b486ef7efe077a5e11dbfa4148cfa5a8ec90514c3508227a9bf491bde631d58a,,,,results/frozen_sources/mechanisms/random_mask_control_per_seed.csv#row=227
offline_post_hoc,N-MNIST,SNN-DFA,20260831,H2,basis_eval,512,30,800,same_trained_model_and_neuron_coordinates,True,random_sparsity,0.25,nan,global_frobenius_norm_matched,204635183115.0,0.25,0.25,5.0,nan,111,301,428,528,661,44.126850866146754,6.052495298976248,425.1726403268676,0.5314658004085845,0.0155876665567199,0.0783015643559152,0.25,0.25,0.0649751424789428,0.099007723727064,b486ef7efe077a5e11dbfa4148cfa5a8ec90514c3508227a9bf491bde631d58a,,,,results/frozen_sources/mechanisms/random_mask_control_per_seed.csv#row=228
offline_post_hoc,N-MNIST,SNN-DFA,20260831,H2,basis_eval,512,30,800,same_trained_model_and_neuron_coordinates,True,random_sparsity,0.50,nan,global_frobenius_norm_matched,204635183115.0,0.5,0.5,5.0,nan,116,305,431,531,662,59.53197799147768,6.092559625312113,442.5527318240994,0.5531909147801243,0.0127143536680713,0.0782914385759483,0.5,0.5,0.0448255725204944,0.0682841782804365,b486ef7efe077a5e11dbfa4148cfa5a8ec90514c3508227a9bf491bde631d58a,,,,results/frozen_sources/mechanisms/random_mask_control_per_seed.csv#row=229
offline_post_hoc,N-MNIST,SNN-DFA,20260831,H2,basis_eval,512,30,800,same_trained_model_and_neuron_coordinates,True,random_sparsity,0.75,nan,global_frobenius_norm_matched,204635183115.0,0.75,0.75,5.0,nan,112,300,426,526,658,66.68015380745453,6.079510573601697,436.815353427722,0.5460191917846525,0.0090065435229667,0.0782792472225457,0.75,0.75,0.0249123182147741,0.0389978868986794,b486ef7efe077a5e11dbfa4148cfa5a8ec90514c3508227a9bf491bde631d58a,,,,results/frozen_sources/mechanisms/random_mask_control_per_seed.csv#row=230
offline_post_hoc,N-MNIST,SNN-DFA,20260831,H2,basis_eval,512,30,800,same_trained_model_and_neuron_coordinates,True,random_sparsity,ann_matched,nan,global_frobenius_norm_matched,204635183115.0,0.7827268880208333,0.7827268880208333,5.0,nan,112,298,424,524,657,66.0380241902612,6.07894093914726,436.5665992083959,0.5457082490104949,0.0083955567979066,0.0782769164906331,0.7827268880208333,0.7827268880208333,0.0223568007349967,0.034869528661029,b486ef7efe077a5e11dbfa4148cfa5a8ec90514c3508227a9bf491bde631d58a,,,,results/frozen_sources/mechanisms/random_mask_control_per_seed.csv#row=231
offline_post_hoc,N-MNIST,SNN-DFA,20260831,H2,basis_eval,512,30,800,same_trained_model_and_neuron_coordinates,True,random_sparsity,0,nan,global_frobenius_norm_matched,204635183116.0,0.0,0.0,6.0,nan,107,296,424,526,660,35.1249940063122,5.999893953740518,403.3860136465792,0.504232517058224,0.0180047823872433,0.0783120073876308,0.0,0.0,0.0853692144155502,0.1299682950537547,b486ef7efe077a5e11dbfa4148cfa5a8ec90514c3508227a9bf491bde631d58a,,,,results/frozen_sources/mechanisms/random_mask_control_per_seed.csv#row=232
offline_post_hoc,N-MNIST,SNN-DFA,20260831,H2,basis_eval,512,30,800,same_trained_model_and_neuron_coordinates,True,random_sparsity,0.25,nan,global_frobenius_norm_matched,204635183116.0,0.25,0.25,6.0,nan,113,303,430,530,661,45.59172634649799,6.060640695529247,428.6499830273815,0.5358124787842269,0.0155935031967164,0.0783015816269045,0.25,0.25,0.0648548305034637,0.098442351916602,b486ef7efe077a5e11dbfa4148cfa5a8ec90514c3508227a9bf491bde631d58a,,,,results/frozen_sources/mechanisms/random_mask_control_per_seed.csv#row=233
offline_post_hoc,N-MNIST,SNN-DFA,20260831,H2,basis_eval,512,30,800,same_trained_model_and_neuron_coordinates,True,random_sparsity,0.50,nan,global_frobenius_norm_matched,204635183116.0,0.5,0.5,6.0,nan,117,306,432,531,661,62.48766414475512,6.099189610807614,445.49659812899074,0.5568707476612385,0.0127377518813182,0.0782913860843651,0.5,0.5,0.0447047129273414,0.0675944703235266,b486ef7efe077a5e11dbfa4148cfa5a8ec90514c3508227a9bf491bde631d58a,,,,results/frozen_sources/mechanisms/random_mask_control_per_seed.csv#row=234
offline_post_hoc,N-MNIST,SNN-DFA,20260831,H2,basis_eval,512,30,800,same_trained_model_and_neuron_coordinates,True,random_sparsity,0.75,nan,global_frobenius_norm_matched,204635183116.0,0.75,0.75,6.0,nan,117,303,426,523,655,87.848715082193,6.108729032824702,449.76671301785433,0.5622083912723179,0.0090010935920546,0.0782793028890322,0.75,0.75,0.024919444695115,0.0374978660292698,b486ef7efe077a5e11dbfa4148cfa5a8ec90514c3508227a9bf491bde631d58a,,,,results/frozen_sources/mechanisms/random_mask_control_per_seed.csv#row=235
offline_post_hoc,N-MNIST,SNN-DFA,20260831,H2,basis_eval,512,30,800,same_trained_model_and_neuron_coordinates,True,random_sparsity,ann_matched,nan,global_frobenius_norm_matched,204635183116.0,0.7827268880208333,0.7827268880208333,6.0,nan,114,300,423,521,655,89.22744819139514,6.096772509809514,444.42108818870594,0.5555263602358824,0.0083882797326921,0.0782769049210139,0.7827268880208333,0.7827268880208333,0.02234473451972,0.0336146487030759,b486ef7efe077a5e11dbfa4148cfa5a8ec90514c3508227a9bf491bde631d58a,,,,results/frozen_sources/mechanisms/random_mask_control_per_seed.csv#row=236
offline_post_hoc,N-MNIST,SNN-DFA,20260831,H2,basis_eval,512,30,800,same_trained_model_and_neuron_coordinates,True,random_sparsity,0,nan,global_frobenius_norm_matched,204635183117.0,0.0,0.0,7.0,nan,107,296,424,526,660,35.1249940063122,5.999893953740518,403.3860136465792,0.504232517058224,0.0180047823872433,0.0783120073876308,0.0,0.0,0.0853692144155502,0.1299682950537547,b486ef7efe077a5e11dbfa4148cfa5a8ec90514c3508227a9bf491bde631d58a,,,,results/frozen_sources/mechanisms/random_mask_control_per_seed.csv#row=237
offline_post_hoc,N-MNIST,SNN-DFA,20260831,H2,basis_eval,512,30,800,same_trained_model_and_neuron_coordinates,True,random_sparsity,0.25,nan,global_frobenius_norm_matched,204635183117.0,0.25,0.25,7.0,nan,114,305,431,531,662,45.00115303753462,6.067990467506361,431.8120687306536,0.539765085913317,0.0156013225649369,0.0783016336458133,0.25,0.25,0.0650431364774704,0.0990067227192577,b486ef7efe077a5e11dbfa4148cfa5a8ec90514c3508227a9bf491bde631d58a,,,,results/frozen_sources/mechanisms/random_mask_control_per_seed.csv#row=238
offline_post_hoc,N-MNIST,SNN-DFA,20260831,H2,basis_eval,512,30,800,same_trained_model_and_neuron_coordinates,True,random_sparsity,0.50,nan,global_frobenius_norm_matched,204635183117.0,0.5,0.5,7.0,nan,118,308,434,532,661,60.533622086868014,6.105696299218119,448.4047566614484,0.5605059458268105,0.0127332351347743,0.0782914944696522,0.5,0.5,0.0450080893933773,0.0684538957034572,b486ef7efe077a5e11dbfa4148cfa5a8ec90514c3508227a9bf491bde631d58a,,,,results/frozen_sources/mechanisms/random_mask_control_per_seed.csv#row=239
offline_post_hoc,N-MNIST,SNN-DFA,20260831,H2,basis_eval,512,30,800,same_trained_model_and_neuron_coordinates,True,random_sparsity,0.75,nan,global_frobenius_norm_matched,204635183117.0,0.75,0.75,7.0,nan,114,299,425,524,657,66.53792350263568,6.090168312825427,441.4957142837948,0.5518696428547435,0.0090012945815518,0.0782793977686685,0.75,0.75,0.0250685960054397,0.0377639020652426,b486ef7efe077a5e11dbfa4148cfa5a8ec90514c3508227a9bf491bde631d58a,,,,results/frozen_sources/mechanisms/random_mask_control_per_seed.csv#row=240
offline_post_hoc,N-MNIST,SNN-DFA,20260831,H2,basis_eval,512,30,800,same_trained_model_and_neuron_coordinates,True,random_sparsity,ann_matched,nan,global_frobenius_norm_matched,204635183117.0,0.7827268880208333,0.7827268880208333,7.0,nan,112,297,421,521,655,58.34377242478426,6.07769999368701,436.0251798744235,0.5450314748430294,0.0083897184281728,0.0782768468291654,0.7827268880208333,0.7827268880208333,0.0225951485335826,0.0342490281253328,b486ef7efe077a5e11dbfa4148cfa5a8ec90514c3508227a9bf491bde631d58a,,,,results/frozen_sources/mechanisms/random_mask_control_per_seed.csv#row=241
offline_post_hoc,N-MNIST,SNN-DFA,20260831,H2,basis_eval,512,30,800,same_trained_model_and_neuron_coordinates,True,random_sparsity,0,nan,global_frobenius_norm_matched,204635183118.0,0.0,0.0,8.0,nan,107,296,424,526,660,35.1249940063122,5.999893953740518,403.3860136465792,0.504232517058224,0.0180047823872433,0.0783120073876308,0.0,0.0,0.0853692144155502,0.1299682950537547,b486ef7efe077a5e11dbfa4148cfa5a8ec90514c3508227a9bf491bde631d58a,,,,results/frozen_sources/mechanisms/random_mask_control_per_seed.csv#row=242
offline_post_hoc,N-MNIST,SNN-DFA,20260831,H2,basis_eval,512,30,800,same_trained_model_and_neuron_coordinates,True,random_sparsity,0.25,nan,global_frobenius_norm_matched,204635183118.0,0.25,0.25,8.0,nan,111,300,427,528,660,44.090281633025725,6.047320076776653,422.9779613140863,0.5287224516426078,0.0155863351649419,0.0783016987008636,0.25,0.25,0.0650283098220825,0.099278862254537,b486ef7efe077a5e11dbfa4148cfa5a8ec90514c3508227a9bf491bde631d58a,,,,results/frozen_sources/mechanisms/random_mask_control_per_seed.csv#row=243
offline_post_hoc,N-MNIST,SNN-DFA,20260831,H2,basis_eval,512,30,800,same_trained_model_and_neuron_coordinates,True,random_sparsity,0.50,nan,global_frobenius_norm_matched,204635183118.0,0.5,0.5,8.0,nan,114,305,431,531,661,59.1616486301817,6.0862219978951,439.756866432108,0.549696083040135,0.0127220282925048,0.0782914587314753,0.5,0.5,0.0448922514915466,0.0685191269928199,b486ef7efe077a5e11dbfa4148cfa5a8ec90514c3508227a9bf491bde631d58a,,,,results/frozen_sources/mechanisms/random_mask_control_per_seed.csv#row=244
offline_post_hoc,N-MNIST,SNN-DFA,20260831,H2,basis_eval,512,30,800,same_trained_model_and_neuron_coordinates,True,random_sparsity,0.75,nan,global_frobenius_norm_matched,204635183118.0,0.75,0.75,8.0,nan,112,298,424,524,658,64.97426346049835,6.081809913800152,437.8208961285149,0.5472761201606435,0.008995774825868,0.0782793201939597,0.75,0.75,0.0252757221460342,0.0382929026825634,b486ef7efe077a5e11dbfa4148cfa5a8ec90514c3508227a9bf491bde631d58a,,,,results/frozen_sources/mechanisms/random_mask_control_per_seed.csv#row=245
offline_post_hoc,N-MNIST,SNN-DFA,20260831,H2,basis_eval,512,30,800,same_trained_model_and_neuron_coordinates,True,random_sparsity,ann_matched,nan,global_frobenius_norm_matched,204635183118.0,0.7827268880208333,0.7827268880208333,8.0,nan,113,299,424,524,657,78.1808655743009,6.090123912876766,441.4761123319127,0.5518451404148909,0.0083862567182197,0.0782768519884894,0.7827268880208333,0.7827268880208333,0.0226616691797971,0.0343710004375819,b486ef7efe077a5e11dbfa4148cfa5a8ec90514c3508227a9bf491bde631d58a,,,,results/frozen_sources/mechanisms/random_mask_control_per_seed.csv#row=246
offline_post_hoc,N-MNIST,SNN-DFA,20260831,H2,basis_eval,512,30,800,same_trained_model_and_neuron_coordinates,True,random_sparsity,0,nan,global_frobenius_norm_matched,204635183119.0,0.0,0.0,9.0,nan,107,296,424,526,660,35.1249940063122,5.999893953740518,403.3860136465792,0.504232517058224,0.0180047823872433,0.0783120073876308,0.0,0.0,0.0853692144155502,0.1299682950537547,b486ef7efe077a5e11dbfa4148cfa5a8ec90514c3508227a9bf491bde631d58a,,,,results/frozen_sources/mechanisms/random_mask_control_per_seed.csv#row=247
offline_post_hoc,N-MNIST,SNN-DFA,20260831,H2,basis_eval,512,30,800,same_trained_model_and_neuron_coordinates,True,random_sparsity,0.25,nan,global_frobenius_norm_matched,204635183119.0,0.25,0.25,9.0,nan,114,305,432,531,662,45.26316757205716,6.062328868489242,429.3742294926762,0.5367177868658453,0.0155920695349972,0.0783016151264247,0.25,0.25,0.0650828555226326,0.0993854161979795,b486ef7efe077a5e11dbfa4148cfa5a8ec90514c3508227a9bf491bde631d58a,,,,results/frozen_sources/mechanisms/random_mask_control_per_seed.csv#row=248
offline_post_hoc,N-MNIST,SNN-DFA,20260831,H2,basis_eval,512,30,800,same_trained_model_and_neuron_coordinates,True,random_sparsity,0.50,nan,global_frobenius_norm_matched,204635183119.0,0.5,0.5,9.0,nan,119,310,435,533,662,62.027788474631855,6.106618073156421,448.8182750359004,0.5610228437948755,0.0127282743458017,0.0782913813551336,0.5,0.5,0.044994331896305,0.0684688342237178,b486ef7efe077a5e11dbfa4148cfa5a8ec90514c3508227a9bf491bde631d58a,,,,results/frozen_sources/mechanisms/random_mask_control_per_seed.csv#row=249
offline_post_hoc,N-MNIST,SNN-DFA,20260831,H2,basis_eval,512,30,800,same_trained_model_and_neuron_coordinates,True,random_sparsity,0.75,nan,global_frobenius_norm_matched,204635183119.0,0.75,0.75,9.0,nan,112,298,423,523,656,67.92546168622926,6.078579126807812,436.4086725974325,0.5455108407467907,0.0089994011460083,0.078279169321164,0.75,0.75,0.0250199493020772,0.0380298554441074,b486ef7efe077a5e11dbfa4148cfa5a8ec90514c3508227a9bf491bde631d58a,,,,results/frozen_sources/mechanisms/random_mask_control_per_seed.csv#row=250
offline_post_hoc,N-MNIST,SNN-DFA,20260831,H2,basis_eval,512,30,800,same_trained_model_and_neuron_coordinates,True,random_sparsity,ann_matched,nan,global_frobenius_norm_matched,204635183119.0,0.7827268880208333,0.7827268880208333,9.0,nan,109,295,421,521,655,60.69066416418854,6.060592321935994,428.62924818896806,0.5357865602362101,0.0083880273128008,0.0782768416259342,0.7827268880208333,0.7827268880208333,0.0222096126526594,0.033916585443176,b486ef7efe077a5e11dbfa4148cfa5a8ec90514c3508227a9bf491bde631d58a,,,,results/frozen_sources/mechanisms/random_mask_control_per_seed.csv#row=251
offline_post_hoc,N-MNIST,SNN-DFA,20260831,H3,basis_eval,512,30,800,same_trained_model_and_neuron_coordinates,True,random_sparsity,0,nan,global_frobenius_norm_matched,204635183120.0,0.0,0.0,0.0,nan,92,271,402,516,686,33.2442588043034,5.9484272707822825,383.1502733262303,0.4789378416577878,0.007846313947869,0.0502430080245254,0.0,0.0,0.0901928320527076,0.1404726173028493,b486ef7efe077a5e11dbfa4148cfa5a8ec90514c3508227a9bf491bde631d58a,,,,results/frozen_sources/mechanisms/random_mask_control_per_seed.csv#row=252
offline_post_hoc,N-MNIST,SNN-DFA,20260831,H3,basis_eval,512,30,800,same_trained_model_and_neuron_coordinates,True,random_sparsity,0.25,nan,global_frobenius_norm_matched,204635183120.0,0.25,0.25,0.0,nan,96,273,403,515,684,43.36976180969666,5.984214380305719,397.1104209018496,0.496388026127312,0.0067924310270946,0.0502403441258905,0.25,0.25,0.0721890330314636,0.1115541185745386,b486ef7efe077a5e11dbfa4148cfa5a8ec90514c3508227a9bf491bde631d58a,,,,results/frozen_sources/mechanisms/random_mask_control_per_seed.csv#row=253
offline_post_hoc,N-MNIST,SNN-DFA,20260831,H3,basis_eval,512,30,800,same_trained_model_and_neuron_coordinates,True,random_sparsity,0.50,nan,global_frobenius_norm_matched,204635183120.0,0.5,0.5,0.0,nan,97,274,403,514,683,49.56128582399396,5.998840814668024,402.9614156939011,0.5037017696173763,0.0055391239627948,0.0502356265321589,0.5,0.5,0.0540158040821552,0.0826290476127893,b486ef7efe077a5e11dbfa4148cfa5a8ec90514c3508227a9bf491bde631d58a,,,,results/frozen_sources/mechanisms/random_mask_control_per_seed.csv#row=254
offline_post_hoc,N-MNIST,SNN-DFA,20260831,H3,basis_eval,512,30,800,same_trained_model_and_neuron_coordinates,True,random_sparsity,0.75,nan,global_frobenius_norm_matched,204635183120.0,0.75,0.75,0.0,nan,88,253,379,491,667,62.65444722610896,5.931526662738782,376.7292134796737,0.4709115168495921,0.0039189893826245,0.0502309400763544,0.75,0.75,0.0355049669742584,0.0531176766409993,b486ef7efe077a5e11dbfa4148cfa5a8ec90514c3508227a9bf491bde631d58a,,,,results/frozen_sources/mechanisms/random_mask_control_per_seed.csv#row=255
offline_post_hoc,N-MNIST,SNN-DFA,20260831,H3,basis_eval,512,30,800,same_trained_model_and_neuron_coordinates,True,random_sparsity,ann_matched,nan,global_frobenius_norm_matched,204635183120.0,0.9024095052083332,0.9024095052083332,0.0,nan,64,212,330,439,631,50.55803475144151,5.72235608776626,305.62415266720785,0.3820301908340098,0.0024534000098357,0.0502273233659167,0.9024095052083332,0.9024095052083332,0.0218698792159557,0.0307124781083809,b486ef7efe077a5e11dbfa4148cfa5a8ec90514c3508227a9bf491bde631d58a,,,,results/frozen_sources/mechanisms/random_mask_control_per_seed.csv#row=256
offline_post_hoc,N-MNIST,SNN-DFA,20260831,H3,basis_eval,512,30,800,same_trained_model_and_neuron_coordinates,True,random_sparsity,0,nan,global_frobenius_norm_matched,204635183121.0,0.0,0.0,1.0,nan,92,271,402,516,686,33.2442588043034,5.9484272707822825,383.1502733262303,0.4789378416577878,0.007846313947869,0.0502430080245254,0.0,0.0,0.0901928320527076,0.1404726173028493,b486ef7efe077a5e11dbfa4148cfa5a8ec90514c3508227a9bf491bde631d58a,,,,results/frozen_sources/mechanisms/random_mask_control_per_seed.csv#row=257
offline_post_hoc,N-MNIST,SNN-DFA,20260831,H3,basis_eval,512,30,800,same_trained_model_and_neuron_coordinates,True,random_sparsity,0.25,nan,global_frobenius_norm_matched,204635183121.0,0.25,0.25,1.0,nan,96,275,407,519,688,38.22566258046304,5.983114373597775,396.6738369417283,0.4958422961771604,0.0067942219511064,0.0502403508770056,0.25,0.25,0.072367675602436,0.1130597498120879,b486ef7efe077a5e11dbfa4148cfa5a8ec90514c3508227a9bf491bde631d58a,,,,results/frozen_sources/mechanisms/random_mask_control_per_seed.csv#row=258
offline_post_hoc,N-MNIST,SNN-DFA,20260831,H3,basis_eval,512,30,800,same_trained_model_and_neuron_coordinates,True,random_sparsity,0.50,nan,global_frobenius_norm_matched,204635183121.0,0.5,0.5,1.0,nan,99,276,405,517,686,40.56721766085454,5.9981122009398256,402.6679194101872,0.5033348992627339,0.0055482842605775,0.0502357061359108,0.5,0.5,0.0546964257955551,0.0854220861179057,b486ef7efe077a5e11dbfa4148cfa5a8ec90514c3508227a9bf491bde631d58a,,,,results/frozen_sources/mechanisms/random_mask_control_per_seed.csv#row=259
offline_post_hoc,N-MNIST,SNN-DFA,20260831,H3,basis_eval,512,30,800,same_trained_model_and_neuron_coordinates,True,random_sparsity,0.75,nan,global_frobenius_norm_matched,204635183121.0,0.75,0.75,1.0,nan,92,263,390,502,676,53.22434346053864,5.957651609458291,386.7009322749007,0.4833761653436258,0.0039198428235238,0.0502310213912733,0.75,0.75,0.0361775048077106,0.0539372732714041,b486ef7efe077a5e11dbfa4148cfa5a8ec90514c3508227a9bf491bde631d58a,,,,results/frozen_sources/mechanisms/random_mask_control_per_seed.csv#row=260
offline_post_hoc,N-MNIST,SNN-DFA,20260831,H3,basis_eval,512,30,800,same_trained_model_and_neuron_coordinates,True,random_sparsity,ann_matched,nan,global_frobenius_norm_matched,204635183121.0,0.9024095052083332,0.9024095052083332,1.0,nan,70,221,343,455,644,37.35731735968296,5.7733518366077865,321.6139253573138,0.4020174066966422,0.0024476115989374,0.050227306550856,0.9024095052083332,0.9024095052083332,0.0216903667896986,0.0300030645952145,b486ef7efe077a5e11dbfa4148cfa5a8ec90514c3508227a9bf491bde631d58a,,,,results/frozen_sources/mechanisms/random_mask_control_per_seed.csv#row=261
offline_post_hoc,N-MNIST,SNN-DFA,20260831,H3,basis_eval,512,30,800,same_trained_model_and_neuron_coordinates,True,random_sparsity,0,nan,global_frobenius_norm_matched,204635183122.0,0.0,0.0,2.0,nan,92,271,402,516,686,33.2442588043034,5.9484272707822825,383.1502733262303,0.4789378416577878,0.007846313947869,0.0502430080245254,0.0,0.0,0.0901928320527076,0.1404726173028493,b486ef7efe077a5e11dbfa4148cfa5a8ec90514c3508227a9bf491bde631d58a,,,,results/frozen_sources/mechanisms/random_mask_control_per_seed.csv#row=262
offline_post_hoc,N-MNIST,SNN-DFA,20260831,H3,basis_eval,512,30,800,same_trained_model_and_neuron_coordinates,True,random_sparsity,0.25,nan,global_frobenius_norm_matched,204635183122.0,0.25,0.25,2.0,nan,95,273,404,517,686,41.91394221663674,5.979343483794573,395.18084034677776,0.4939760504334722,0.0067965463549241,0.05024037110915,0.25,0.25,0.0721396282315254,0.1124966498997178,b486ef7efe077a5e11dbfa4148cfa5a8ec90514c3508227a9bf491bde631d58a,,,,results/frozen_sources/mechanisms/random_mask_control_per_seed.csv#row=263
offline_post_hoc,N-MNIST,SNN-DFA,20260831,H3,basis_eval,512,30,800,same_trained_model_and_neuron_coordinates,True,random_sparsity,0.50,nan,global_frobenius_norm_matched,204635183122.0,0.5,0.5,2.0,nan,95,272,403,515,685,52.184794013051736,5.986771081141328,398.1270124532686,0.4976587655665858,0.0055472780064423,0.0502356920306028,0.5,0.5,0.0548600628972053,0.0859323387708377,b486ef7efe077a5e11dbfa4148cfa5a8ec90514c3508227a9bf491bde631d58a,,,,results/frozen_sources/mechanisms/random_mask_control_per_seed.csv#row=264
offline_post_hoc,N-MNIST,SNN-DFA,20260831,H3,basis_eval,512,30,800,same_trained_model_and_neuron_coordinates,True,random_sparsity,0.75,nan,global_frobenius_norm_matched,204635183122.0,0.75,0.75,2.0,nan,87,255,383,496,672,37.75376780218819,5.918770379550405,371.9540702387807,0.4649425877984758,0.0039225341398192,0.050230995149985,0.75,0.75,0.035658124834299,0.0533546668017726,b486ef7efe077a5e11dbfa4148cfa5a8ec90514c3508227a9bf491bde631d58a,,,,results/frozen_sources/mechanisms/random_mask_control_per_seed.csv#row=265
offline_post_hoc,N-MNIST,SNN-DFA,20260831,H3,basis_eval,512,30,800,same_trained_model_and_neuron_coordinates,True,random_sparsity,ann_matched,nan,global_frobenius_norm_matched,204635183122.0,0.9024095052083332,0.9024095052083332,2.0,nan,58,207,328,440,631,25.26881127579981,5.626024702678942,277.5565517957253,0.3469456897446566,0.0024451204128602,0.0502273465285247,0.9024095052083332,0.9024095052083332,0.0209497325122356,0.0274620802656392,b486ef7efe077a5e11dbfa4148cfa5a8ec90514c3508227a9bf491bde631d58a,,,,results/frozen_sources/mechanisms/random_mask_control_per_seed.csv#row=266
offline_post_hoc,N-MNIST,SNN-DFA,20260831,H3,basis_eval,512,30,800,same_trained_model_and_neuron_coordinates,True,random_sparsity,0,nan,global_frobenius_norm_matched,204635183123.0,0.0,0.0,3.0,nan,92,271,402,516,686,33.2442588043034,5.9484272707822825,383.1502733262303,0.4789378416577878,0.007846313947869,0.0502430080245254,0.0,0.0,0.0901928320527076,0.1404726173028493,b486ef7efe077a5e11dbfa4148cfa5a8ec90514c3508227a9bf491bde631d58a,,,,results/frozen_sources/mechanisms/random_mask_control_per_seed.csv#row=267
offline_post_hoc,N-MNIST,SNN-DFA,20260831,H3,basis_eval,512,30,800,same_trained_model_and_neuron_coordinates,True,random_sparsity,0.25,nan,global_frobenius_norm_matched,204635183123.0,0.25,0.25,3.0,nan,93,272,402,515,685,40.443970131566495,5.968795099225304,391.0342293409991,0.4887927866762488,0.0067919017758419,0.050240362756539,0.25,0.25,0.0728546977043151,0.1143622392259248,b486ef7efe077a5e11dbfa4148cfa5a8ec90514c3508227a9bf491bde631d58a,,,,results/frozen_sources/mechanisms/random_mask_control_per_seed.csv#row=268
offline_post_hoc,N-MNIST,SNN-DFA,20260831,H3,basis_eval,512,30,800,same_trained_model_and_neuron_coordinates,True,random_sparsity,0.50,nan,global_frobenius_norm_matched,204635183123.0,0.5,0.5,3.0,nan,91,269,399,511,681,48.45879001338698,5.959734811582004,387.507348150254,0.4843841851878175,0.0055449504725059,0.0502357456339812,0.5,0.5,0.0549370869994163,0.0845006919251954,b486ef7efe077a5e11dbfa4148cfa5a8ec90514c3508227a9bf491bde631d58a,,,,results/frozen_sources/mechanisms/random_mask_control_per_seed.csv#row=269
offline_post_hoc,N-MNIST,SNN-DFA,20260831,H3,basis_eval,512,30,800,same_trained_model_and_neuron_coordinates,True,random_sparsity,0.75,nan,global_frobenius_norm_matched,204635183123.0,0.75,0.75,3.0,nan,88,257,383,495,669,45.71784501259829,5.918437181661488,371.83015657283534,0.4647876957160441,0.0039157443428079,0.0502310128357211,0.75,0.75,0.0361482053995132,0.0540032387625934,b486ef7efe077a5e11dbfa4148cfa5a8ec90514c3508227a9bf491bde631d58a,,,,results/frozen_sources/mechanisms/random_mask_control_per_seed.csv#row=270
offline_post_hoc,N-MNIST,SNN-DFA,20260831,H3,basis_eval,512,30,800,same_trained_model_and_neuron_coordinates,True,random_sparsity,ann_matched,nan,global_frobenius_norm_matched,204635183123.0,0.9024095052083332,0.9024095052083332,3.0,nan,57,204,329,442,629,23.84391356246478,5.607851394051383,272.55798870505095,0.3406974858813136,0.0024416989352894,0.0502273370896892,0.9024095052083332,0.9024095052083332,0.0213050749152898,0.0295981980610218,b486ef7efe077a5e11dbfa4148cfa5a8ec90514c3508227a9bf491bde631d58a,,,,results/frozen_sources/mechanisms/random_mask_control_per_seed.csv#row=271
offline_post_hoc,N-MNIST,SNN-DFA,20260831,H3,basis_eval,512,30,800,same_trained_model_and_neuron_coordinates,True,random_sparsity,0,nan,global_frobenius_norm_matched,204635183124.0,0.0,0.0,4.0,nan,92,271,402,516,686,33.2442588043034,5.9484272707822825,383.1502733262303,0.4789378416577878,0.007846313947869,0.0502430080245254,0.0,0.0,0.0901928320527076,0.1404726173028493,b486ef7efe077a5e11dbfa4148cfa5a8ec90514c3508227a9bf491bde631d58a,,,,results/frozen_sources/mechanisms/random_mask_control_per_seed.csv#row=272
offline_post_hoc,N-MNIST,SNN-DFA,20260831,H3,basis_eval,512,30,800,same_trained_model_and_neuron_coordinates,True,random_sparsity,0.25,nan,global_frobenius_norm_matched,204635183124.0,0.25,0.25,4.0,nan,95,274,404,517,685,42.38607293849486,5.978258796212995,394.75242498719047,0.493440531233988,0.006796027295647,0.0502402900012882,0.25,0.25,0.0724316239356994,0.1112180282490745,b486ef7efe077a5e11dbfa4148cfa5a8ec90514c3508227a9bf491bde631d58a,,,,results/frozen_sources/mechanisms/random_mask_control_per_seed.csv#row=273
offline_post_hoc,N-MNIST,SNN-DFA,20260831,H3,basis_eval,512,30,800,same_trained_model_and_neuron_coordinates,True,random_sparsity,0.50,nan,global_frobenius_norm_matched,204635183124.0,0.5,0.5,4.0,nan,96,271,398,510,680,49.01822809391564,5.982212972697688,396.3164358930812,0.4953955448663514,0.0055476836004472,0.0502355892715612,0.5,0.5,0.0541441291570663,0.0818484316162223,b486ef7efe077a5e11dbfa4148cfa5a8ec90514c3508227a9bf491bde631d58a,,,,results/frozen_sources/mechanisms/random_mask_control_per_seed.csv#row=274
offline_post_hoc,N-MNIST,SNN-DFA,20260831,H3,basis_eval,512,30,800,same_trained_model_and_neuron_coordinates,True,random_sparsity,0.75,nan,global_frobenius_norm_matched,204635183124.0,0.75,0.75,4.0,nan,89,255,381,492,668,39.21955966677748,5.909968195926176,368.6944292380419,0.4608680365475524,0.0039241415235838,0.0502309122669905,0.75,0.75,0.0362221263349056,0.0533143710525965,b486ef7efe077a5e11dbfa4148cfa5a8ec90514c3508227a9bf491bde631d58a,,,,results/frozen_sources/mechanisms/random_mask_control_per_seed.csv#row=275
offline_post_hoc,N-MNIST,SNN-DFA,20260831,H3,basis_eval,512,30,800,same_trained_model_and_neuron_coordinates,True,random_sparsity,ann_matched,nan,global_frobenius_norm_matched,204635183124.0,0.9024095052083332,0.9024095052083332,4.0,nan,63,208,328,437,625,26.86840327570947,5.670646878142571,290.2222120883788,0.3627777651104735,0.0024471263229536,0.0502272119780233,0.9024095052083332,0.9024095052083332,0.0215135142207145,0.0301601807462045,b486ef7efe077a5e11dbfa4148cfa5a8ec90514c3508227a9bf491bde631d58a,,,,results/frozen_sources/mechanisms/random_mask_control_per_seed.csv#row=276
offline_post_hoc,N-MNIST,SNN-DFA,20260831,H3,basis_eval,512,30,800,same_trained_model_and_neuron_coordinates,True,random_sparsity,0,nan,global_frobenius_norm_matched,204635183125.0,0.0,0.0,5.0,nan,92,271,402,516,686,33.2442588043034,5.9484272707822825,383.1502733262303,0.4789378416577878,0.007846313947869,0.0502430080245254,0.0,0.0,0.0901928320527076,0.1404726173028493,b486ef7efe077a5e11dbfa4148cfa5a8ec90514c3508227a9bf491bde631d58a,,,,results/frozen_sources/mechanisms/random_mask_control_per_seed.csv#row=277
offline_post_hoc,N-MNIST,SNN-DFA,20260831,H3,basis_eval,512,30,800,same_trained_model_and_neuron_coordinates,True,random_sparsity,0.25,nan,global_frobenius_norm_matched,204635183125.0,0.25,0.25,5.0,nan,95,274,405,518,687,40.42151696916844,5.98366999142374,396.89429723679007,0.4961178715459876,0.0067923646580098,0.0502402935428695,0.25,0.25,0.0726861730217933,0.1131342644050468,b486ef7efe077a5e11dbfa4148cfa5a8ec90514c3508227a9bf491bde631d58a,,,,results/frozen_sources/mechanisms/random_mask_control_per_seed.csv#row=278
offline_post_hoc,N-MNIST,SNN-DFA,20260831,H3,basis_eval,512,30,800,same_trained_model_and_neuron_coordinates,True,random_sparsity,0.50,nan,global_frobenius_norm_matched,204635183125.0,0.5,0.5,5.0,nan,95,271,401,514,684,48.06254151930625,5.98645263014676,398.0002486952818,0.4975003108691023,0.0055505698700501,0.0502357182719983,0.5,0.5,0.0545139014720916,0.0837081775951434,b486ef7efe077a5e11dbfa4148cfa5a8ec90514c3508227a9bf491bde631d58a,,,,results/frozen_sources/mechanisms/random_mask_control_per_seed.csv#row=279
offline_post_hoc,N-MNIST,SNN-DFA,20260831,H3,basis_eval,512,30,800,same_trained_model_and_neuron_coordinates,True,random_sparsity,0.75,nan,global_frobenius_norm_matched,204635183125.0,0.75,0.75,5.0,nan,94,263,390,502,675,61.78760331437391,5.974442029685177,393.24861880885055,0.4915607735110632,0.0039240672026218,0.0502310268714916,0.75,0.75,0.0362241007387638,0.0541446087733387,b486ef7efe077a5e11dbfa4148cfa5a8ec90514c3508227a9bf491bde631d58a,,,,results/frozen_sources/mechanisms/random_mask_control_per_seed.csv#row=280
offline_post_hoc,N-MNIST,SNN-DFA,20260831,H3,basis_eval,512,30,800,same_trained_model_and_neuron_coordinates,True,random_sparsity,ann_matched,nan,global_frobenius_norm_matched,204635183125.0,0.9024095052083332,0.9024095052083332,5.0,nan,68,219,338,449,638,38.81266182690752,5.752663793770886,315.0287151164974,0.3937858938956217,0.0024445477550692,0.0502272586988831,0.9024095052083332,0.9024095052083332,0.0220554154366254,0.030863325276045,b486ef7efe077a5e11dbfa4148cfa5a8ec90514c3508227a9bf491bde631d58a,,,,results/frozen_sources/mechanisms/random_mask_control_per_seed.csv#row=281
offline_post_hoc,N-MNIST,SNN-DFA,20260831,H3,basis_eval,512,30,800,same_trained_model_and_neuron_coordinates,True,random_sparsity,0,nan,global_frobenius_norm_matched,204635183126.0,0.0,0.0,6.0,nan,92,271,402,516,686,33.2442588043034,5.9484272707822825,383.1502733262303,0.4789378416577878,0.007846313947869,0.0502430080245254,0.0,0.0,0.0901928320527076,0.1404726173028493,b486ef7efe077a5e11dbfa4148cfa5a8ec90514c3508227a9bf491bde631d58a,,,,results/frozen_sources/mechanisms/random_mask_control_per_seed.csv#row=282
offline_post_hoc,N-MNIST,SNN-DFA,20260831,H3,basis_eval,512,30,800,same_trained_model_and_neuron_coordinates,True,random_sparsity,0.25,nan,global_frobenius_norm_matched,204635183126.0,0.25,0.25,6.0,nan,97,275,406,519,687,43.11402230952177,5.994844813714247,401.3543944600565,0.5016929930750706,0.0067955296076205,0.0502403211724862,0.25,0.25,0.0726166516542434,0.1122779612275568,b486ef7efe077a5e11dbfa4148cfa5a8ec90514c3508227a9bf491bde631d58a,,,,results/frozen_sources/mechanisms/random_mask_control_per_seed.csv#row=283
offline_post_hoc,N-MNIST,SNN-DFA,20260831,H3,basis_eval,512,30,800,same_trained_model_and_neuron_coordinates,True,random_sparsity,0.50,nan,global_frobenius_norm_matched,204635183126.0,0.5,0.5,6.0,nan,96,271,400,513,683,50.40213165355354,5.989230724449339,399.1074681865786,0.4988843352332233,0.0055519746348333,0.0502356421378006,0.5,0.5,0.0551858879625797,0.0843096006545275,b486ef7efe077a5e11dbfa4148cfa5a8ec90514c3508227a9bf491bde631d58a,,,,results/frozen_sources/mechanisms/random_mask_control_per_seed.csv#row=284
offline_post_hoc,N-MNIST,SNN-DFA,20260831,H3,basis_eval,512,30,800,same_trained_model_and_neuron_coordinates,True,random_sparsity,0.75,nan,global_frobenius_norm_matched,204635183126.0,0.75,0.75,6.0,nan,98,267,393,503,675,59.53210457148887,5.995896325952732,401.7766454799525,0.5022208068499405,0.0039325851628651,0.0502310886326324,0.75,0.75,0.035774603486061,0.0523333103990744,b486ef7efe077a5e11dbfa4148cfa5a8ec90514c3508227a9bf491bde631d58a,,,,results/frozen_sources/mechanisms/random_mask_control_per_seed.csv#row=285
offline_post_hoc,N-MNIST,SNN-DFA,20260831,H3,basis_eval,512,30,800,same_trained_model_and_neuron_coordinates,True,random_sparsity,ann_matched,nan,global_frobenius_norm_matched,204635183126.0,0.9024095052083332,0.9024095052083332,6.0,nan,73,222,344,455,639,39.27219423458285,5.775416154528175,322.27852448280703,0.4028481556035088,0.0024541011670705,0.0502272820137688,0.9024095052083332,0.9024095052083332,0.0214638039469718,0.0301935071611533,b486ef7efe077a5e11dbfa4148cfa5a8ec90514c3508227a9bf491bde631d58a,,,,results/frozen_sources/mechanisms/random_mask_control_per_seed.csv#row=286
offline_post_hoc,N-MNIST,SNN-DFA,20260831,H3,basis_eval,512,30,800,same_trained_model_and_neuron_coordinates,True,random_sparsity,0,nan,global_frobenius_norm_matched,204635183127.0,0.0,0.0,7.0,nan,92,271,402,516,686,33.2442588043034,5.9484272707822825,383.1502733262303,0.4789378416577878,0.007846313947869,0.0502430080245254,0.0,0.0,0.0901928320527076,0.1404726173028493,b486ef7efe077a5e11dbfa4148cfa5a8ec90514c3508227a9bf491bde631d58a,,,,results/frozen_sources/mechanisms/random_mask_control_per_seed.csv#row=287
offline_post_hoc,N-MNIST,SNN-DFA,20260831,H3,basis_eval,512,30,800,same_trained_model_and_neuron_coordinates,True,random_sparsity,0.25,nan,global_frobenius_norm_matched,204635183127.0,0.25,0.25,7.0,nan,93,273,404,517,686,38.73410931497967,5.964632576677412,389.40992349453154,0.4867624043681644,0.0067910773236519,0.0502403078498938,0.25,0.25,0.0721738263964653,0.1129191719206354,b486ef7efe077a5e11dbfa4148cfa5a8ec90514c3508227a9bf491bde631d58a,,,,results/frozen_sources/mechanisms/random_mask_control_per_seed.csv#row=288
offline_post_hoc,N-MNIST,SNN-DFA,20260831,H3,basis_eval,512,30,800,same_trained_model_and_neuron_coordinates,True,random_sparsity,0.50,nan,global_frobenius_norm_matched,204635183127.0,0.5,0.5,7.0,nan,91,268,398,512,683,41.21517805513922,5.952059530433882,384.5445051777045,0.4806806314721307,0.0055408976457182,0.0502356720347205,0.5,0.5,0.0540939271450042,0.0844917151754846,b486ef7efe077a5e11dbfa4148cfa5a8ec90514c3508227a9bf491bde631d58a,,,,results/frozen_sources/mechanisms/random_mask_control_per_seed.csv#row=289
offline_post_hoc,N-MNIST,SNN-DFA,20260831,H3,basis_eval,512,30,800,same_trained_model_and_neuron_coordinates,True,random_sparsity,0.75,nan,global_frobenius_norm_matched,204635183127.0,0.75,0.75,7.0,nan,83,252,381,495,670,43.17131365952234,5.891125042371905,361.8121094354416,0.4522651367943019,0.0039146276520125,0.0502310358541479,0.75,0.75,0.0354207530617713,0.0544957625382515,b486ef7efe077a5e11dbfa4148cfa5a8ec90514c3508227a9bf491bde631d58a,,,,results/frozen_sources/mechanisms/random_mask_control_per_seed.csv#row=290
offline_post_hoc,N-MNIST,SNN-DFA,20260831,H3,basis_eval,512,30,800,same_trained_model_and_neuron_coordinates,True,random_sparsity,ann_matched,nan,global_frobenius_norm_matched,204635183127.0,0.9024095052083332,0.9024095052083332,7.0,nan,62,217,342,453,634,21.06001130794665,5.669180421419188,289.7969256824562,0.3622461571030703,0.0024397547627405,0.050227299713417,0.9024095052083332,0.9024095052083332,0.0215964578092098,0.0300092956344576,b486ef7efe077a5e11dbfa4148cfa5a8ec90514c3508227a9bf491bde631d58a,,,,results/frozen_sources/mechanisms/random_mask_control_per_seed.csv#row=291
offline_post_hoc,N-MNIST,SNN-DFA,20260831,H3,basis_eval,512,30,800,same_trained_model_and_neuron_coordinates,True,random_sparsity,0,nan,global_frobenius_norm_matched,204635183128.0,0.0,0.0,8.0,nan,92,271,402,516,686,33.2442588043034,5.9484272707822825,383.1502733262303,0.4789378416577878,0.007846313947869,0.0502430080245254,0.0,0.0,0.0901928320527076,0.1404726173028493,b486ef7efe077a5e11dbfa4148cfa5a8ec90514c3508227a9bf491bde631d58a,,,,results/frozen_sources/mechanisms/random_mask_control_per_seed.csv#row=292
offline_post_hoc,N-MNIST,SNN-DFA,20260831,H3,basis_eval,512,30,800,same_trained_model_and_neuron_coordinates,True,random_sparsity,0.25,nan,global_frobenius_norm_matched,204635183128.0,0.25,0.25,8.0,nan,94,274,405,518,686,37.76762638310469,5.967238438390998,390.42599520126527,0.4880324940015816,0.0067928295573494,0.0502403279628923,0.25,0.25,0.0725708380341529,0.1122361413952536,b486ef7efe077a5e11dbfa4148cfa5a8ec90514c3508227a9bf491bde631d58a,,,,results/frozen_sources/mechanisms/random_mask_control_per_seed.csv#row=293
offline_post_hoc,N-MNIST,SNN-DFA,20260831,H3,basis_eval,512,30,800,same_trained_model_and_neuron_coordinates,True,random_sparsity,0.50,nan,global_frobenius_norm_matched,204635183128.0,0.5,0.5,8.0,nan,93,270,401,513,683,45.26867325486777,5.967203925593928,390.412520740644,0.488015650925805,0.0055432756578701,0.0502356838361705,0.5,0.5,0.0546808876097202,0.0849385301221791,b486ef7efe077a5e11dbfa4148cfa5a8ec90514c3508227a9bf491bde631d58a,,,,results/frozen_sources/mechanisms/random_mask_control_per_seed.csv#row=294
offline_post_hoc,N-MNIST,SNN-DFA,20260831,H3,basis_eval,512,30,800,same_trained_model_and_neuron_coordinates,True,random_sparsity,0.75,nan,global_frobenius_norm_matched,204635183128.0,0.75,0.75,8.0,nan,83,251,380,493,671,43.19661489081725,5.897961617999308,364.2941399117919,0.4553676748897398,0.003923971451396,0.0502310128041875,0.75,0.75,0.0361985154449939,0.0559992888528369,b486ef7efe077a5e11dbfa4148cfa5a8ec90514c3508227a9bf491bde631d58a,,,,results/frozen_sources/mechanisms/random_mask_control_per_seed.csv#row=295
offline_post_hoc,N-MNIST,SNN-DFA,20260831,H3,basis_eval,512,30,800,same_trained_model_and_neuron_coordinates,True,random_sparsity,ann_matched,nan,global_frobenius_norm_matched,204635183128.0,0.9024095052083332,0.9024095052083332,8.0,nan,66,211,332,442,631,35.79006064496121,5.721978314345493,305.5087177910726,0.3818858972388408,0.0024527378276614,0.0502273404631373,0.9024095052083332,0.9024095052083332,0.0217423699796199,0.0305302107345903,b486ef7efe077a5e11dbfa4148cfa5a8ec90514c3508227a9bf491bde631d58a,,,,results/frozen_sources/mechanisms/random_mask_control_per_seed.csv#row=296
offline_post_hoc,N-MNIST,SNN-DFA,20260831,H3,basis_eval,512,30,800,same_trained_model_and_neuron_coordinates,True,random_sparsity,0,nan,global_frobenius_norm_matched,204635183129.0,0.0,0.0,9.0,nan,92,271,402,516,686,33.2442588043034,5.9484272707822825,383.1502733262303,0.4789378416577878,0.007846313947869,0.0502430080245254,0.0,0.0,0.0901928320527076,0.1404726173028493,b486ef7efe077a5e11dbfa4148cfa5a8ec90514c3508227a9bf491bde631d58a,,,,results/frozen_sources/mechanisms/random_mask_control_per_seed.csv#row=297
offline_post_hoc,N-MNIST,SNN-DFA,20260831,H3,basis_eval,512,30,800,same_trained_model_and_neuron_coordinates,True,random_sparsity,0.25,nan,global_frobenius_norm_matched,204635183129.0,0.25,0.25,9.0,nan,94,272,403,515,685,44.55782170633965,5.979563043194606,395.2676155407949,0.4940845194259936,0.0067921642734204,0.0502402451022862,0.25,0.25,0.0722252279520034,0.1113712793883416,b486ef7efe077a5e11dbfa4148cfa5a8ec90514c3508227a9bf491bde631d58a,,,,results/frozen_sources/mechanisms/random_mask_control_per_seed.csv#row=298
offline_post_hoc,N-MNIST,SNN-DFA,20260831,H3,basis_eval,512,30,800,same_trained_model_and_neuron_coordinates,True,random_sparsity,0.50,nan,global_frobenius_norm_matched,204635183129.0,0.5,0.5,9.0,nan,94,270,400,512,683,52.518588858149066,5.979163474729311,395.1097106152876,0.4938871382691094,0.0055494149908488,0.0502356708052174,0.5,0.5,0.0544723942875862,0.0834729697367941,b486ef7efe077a5e11dbfa4148cfa5a8ec90514c3508227a9bf491bde631d58a,,,,results/frozen_sources/mechanisms/random_mask_control_per_seed.csv#row=299
offline_post_hoc,N-MNIST,SNN-DFA,20260831,H3,basis_eval,512,30,800,same_trained_model_and_neuron_coordinates,True,random_sparsity,0.75,nan,global_frobenius_norm_matched,204635183129.0,0.75,0.75,9.0,nan,94,263,388,497,671,40.28624754678162,5.963668186496866,389.0345614149504,0.4862932017686879,0.0039283152915234,0.050231019343365,0.75,0.75,0.0362052395939827,0.0541241589775606,b486ef7efe077a5e11dbfa4148cfa5a8ec90514c3508227a9bf491bde631d58a,,,,results/frozen_sources/mechanisms/random_mask_control_per_seed.csv#row=300
offline_post_hoc,N-MNIST,SNN-DFA,20260831,H3,basis_eval,512,30,800,same_trained_model_and_neuron_coordinates,True,random_sparsity,ann_matched,nan,global_frobenius_norm_matched,204635183129.0,0.9024095052083332,0.9024095052083332,9.0,nan,69,211,332,443,629,30.228236760298,5.734141597095521,309.24739792668623,0.3865592474083578,0.0024541716037404,0.0502274052010479,0.9024095052083332,0.9024095052083332,0.0217929892241954,0.0311710109963196,b486ef7efe077a5e11dbfa4148cfa5a8ec90514c3508227a9bf491bde631d58a,,,,results/frozen_sources/mechanisms/random_mask_control_per_seed.csv#row=301
offline_post_hoc,N-MNIST,SNN-DFA,20260901,H1,basis_eval,512,30,800,same_trained_model_and_neuron_coordinates,True,random_sparsity,0,nan,global_frobenius_norm_matched,204635190100.0,0.0,0.0,0.0,nan,128,333,463,562,692,49.5920722082469,6.156307662460865,471.6832418205877,0.5896040522757346,0.0129845715701086,0.0659849421825243,0.0,0.0,0.0581362098455429,0.1064368299023559,554990a77b2d2e8f6498d66d6182e5b9f7b8a61fd2c63c09d3ded066f44b5563,,,,results/frozen_sources/mechanisms/random_mask_control_per_seed.csv#row=302
offline_post_hoc,N-MNIST,SNN-DFA,20260901,H1,basis_eval,512,30,800,same_trained_model_and_neuron_coordinates,True,random_sparsity,0.25,nan,global_frobenius_norm_matched,204635190100.0,0.25,0.25,0.0,nan,131,333,462,561,691,62.78187134915802,6.181219174283653,483.5811668273284,0.6044764585341604,0.0112390110063746,0.0659789152388535,0.25,0.25,0.0442705601453781,0.0807457077096234,554990a77b2d2e8f6498d66d6182e5b9f7b8a61fd2c63c09d3ded066f44b5563,,,,results/frozen_sources/mechanisms/random_mask_control_per_seed.csv#row=303
offline_post_hoc,N-MNIST,SNN-DFA,20260901,H1,basis_eval,512,30,800,same_trained_model_and_neuron_coordinates,True,random_sparsity,0.50,nan,global_frobenius_norm_matched,204635190100.0,0.5,0.5,0.0,nan,130,330,458,558,688,79.76002376931848,6.185068398190335,485.4461661126856,0.606807707640857,0.009170552942981,0.0659715521212543,0.5,0.5,0.0304183326661586,0.0557144365232435,554990a77b2d2e8f6498d66d6182e5b9f7b8a61fd2c63c09d3ded066f44b5563,,,,results/frozen_sources/mechanisms/random_mask_control_per_seed.csv#row=304
offline_post_hoc,N-MNIST,SNN-DFA,20260901,H1,basis_eval,512,30,800,same_trained_model_and_neuron_coordinates,True,random_sparsity,0.75,nan,global_frobenius_norm_matched,204635190100.0,0.75,0.75,0.0,nan,122,314,441,541,680,61.61151330290885,6.1384379438874985,463.3292589975508,0.5791615737469384,0.0064825316262593,0.0659636700991304,0.75,0.75,0.0169622842222452,0.0318751445118815,554990a77b2d2e8f6498d66d6182e5b9f7b8a61fd2c63c09d3ded066f44b5563,,,,results/frozen_sources/mechanisms/random_mask_control_per_seed.csv#row=305
offline_post_hoc,N-MNIST,SNN-DFA,20260901,H1,basis_eval,512,30,800,same_trained_model_and_neuron_coordinates,True,random_sparsity,ann_matched,nan,global_frobenius_norm_matched,204635190100.0,0.8905414225260416,0.8905414225260416,0.0,nan,104,286,413,519,665,41.96370693368681,6.0340860939542695,417.4171552050132,0.5217714440062664,0.0042910781848335,0.0659583671274672,0.8905414225260416,0.8905414225260416,0.0096884714439511,0.0176800562235383,554990a77b2d2e8f6498d66d6182e5b9f7b8a61fd2c63c09d3ded066f44b5563,,,,results/frozen_sources/mechanisms/random_mask_control_per_seed.csv#row=306
offline_post_hoc,N-MNIST,SNN-DFA,20260901,H1,basis_eval,512,30,800,same_trained_model_and_neuron_coordinates,True,random_sparsity,0,nan,global_frobenius_norm_matched,204635190101.0,0.0,0.0,1.0,nan,128,333,463,562,692,49.5920722082469,6.156307662460865,471.6832418205877,0.5896040522757346,0.0129845715701086,0.0659849421825243,0.0,0.0,0.0581362098455429,0.1064368299023559,554990a77b2d2e8f6498d66d6182e5b9f7b8a61fd2c63c09d3ded066f44b5563,,,,results/frozen_sources/mechanisms/random_mask_control_per_seed.csv#row=307
offline_post_hoc,N-MNIST,SNN-DFA,20260901,H1,basis_eval,512,30,800,same_trained_model_and_neuron_coordinates,True,random_sparsity,0.25,nan,global_frobenius_norm_matched,204635190101.0,0.25,0.25,1.0,nan,132,336,464,562,691,61.273625520812864,6.181493946922946,483.7140599577119,0.6046425749471399,0.0112476583568345,0.0659789799456158,0.25,0.25,0.0443099774420261,0.0814072899000576,554990a77b2d2e8f6498d66d6182e5b9f7b8a61fd2c63c09d3ded066f44b5563,,,,results/frozen_sources/mechanisms/random_mask_control_per_seed.csv#row=308
offline_post_hoc,N-MNIST,SNN-DFA,20260901,H1,basis_eval,512,30,800,same_trained_model_and_neuron_coordinates,True,random_sparsity,0.50,nan,global_frobenius_norm_matched,204635190101.0,0.5,0.5,1.0,nan,130,333,462,560,689,61.809102284457126,6.176269479840288,481.19350179385134,0.6014918772423141,0.0091810749979687,0.0659715543185754,0.5,0.5,0.0306051671504974,0.0562796298953359,554990a77b2d2e8f6498d66d6182e5b9f7b8a61fd2c63c09d3ded066f44b5563,,,,results/frozen_sources/mechanisms/random_mask_control_per_seed.csv#row=309
offline_post_hoc,N-MNIST,SNN-DFA,20260901,H1,basis_eval,512,30,800,same_trained_model_and_neuron_coordinates,True,random_sparsity,0.75,nan,global_frobenius_norm_matched,204635190101.0,0.75,0.75,1.0,nan,124,320,448,547,682,100.24055610850344,6.164480361661279,475.553962647633,0.5944424533095413,0.0064898658625744,0.0659637009918145,0.75,0.75,0.0170234516263008,0.0310304796537083,554990a77b2d2e8f6498d66d6182e5b9f7b8a61fd2c63c09d3ded066f44b5563,,,,results/frozen_sources/mechanisms/random_mask_control_per_seed.csv#row=310
offline_post_hoc,N-MNIST,SNN-DFA,20260901,H1,basis_eval,512,30,800,same_trained_model_and_neuron_coordinates,True,random_sparsity,ann_matched,nan,global_frobenius_norm_matched,204635190101.0,0.8905414225260416,0.8905414225260416,1.0,nan,108,289,413,517,667,75.70545421149619,6.060505508764884,428.5920391398432,0.535740048924804,0.0042956472247342,0.0659583769750285,0.8905414225260416,0.8905414225260416,0.0097450744360685,0.0175550854550773,554990a77b2d2e8f6498d66d6182e5b9f7b8a61fd2c63c09d3ded066f44b5563,,,,results/frozen_sources/mechanisms/random_mask_control_per_seed.csv#row=311
offline_post_hoc,N-MNIST,SNN-DFA,20260901,H1,basis_eval,512,30,800,same_trained_model_and_neuron_coordinates,True,random_sparsity,0,nan,global_frobenius_norm_matched,204635190102.0,0.0,0.0,2.0,nan,128,333,463,562,692,49.5920722082469,6.156307662460865,471.6832418205877,0.5896040522757346,0.0129845715701086,0.0659849421825243,0.0,0.0,0.0581362098455429,0.1064368299023559,554990a77b2d2e8f6498d66d6182e5b9f7b8a61fd2c63c09d3ded066f44b5563,,,,results/frozen_sources/mechanisms/random_mask_control_per_seed.csv#row=312
offline_post_hoc,N-MNIST,SNN-DFA,20260901,H1,basis_eval,512,30,800,same_trained_model_and_neuron_coordinates,True,random_sparsity,0.25,nan,global_frobenius_norm_matched,204635190102.0,0.25,0.25,2.0,nan,131,335,464,563,692,59.99676185673628,6.182414912952916,484.1597493760568,0.605199686720071,0.0112460015449242,0.0659788531449446,0.25,0.25,0.0441935323178768,0.0810639481445833,554990a77b2d2e8f6498d66d6182e5b9f7b8a61fd2c63c09d3ded066f44b5563,,,,results/frozen_sources/mechanisms/random_mask_control_per_seed.csv#row=313
offline_post_hoc,N-MNIST,SNN-DFA,20260901,H1,basis_eval,512,30,800,same_trained_model_and_neuron_coordinates,True,random_sparsity,0.50,nan,global_frobenius_norm_matched,204635190102.0,0.5,0.5,2.0,nan,133,335,463,561,690,77.10181139678575,6.19753324545188,491.5350480820319,0.6144188101025398,0.0091804778950539,0.0659715459446605,0.5,0.5,0.030473742634058,0.0565044178725918,554990a77b2d2e8f6498d66d6182e5b9f7b8a61fd2c63c09d3ded066f44b5563,,,,results/frozen_sources/mechanisms/random_mask_control_per_seed.csv#row=314
offline_post_hoc,N-MNIST,SNN-DFA,20260901,H1,basis_eval,512,30,800,same_trained_model_and_neuron_coordinates,True,random_sparsity,0.75,nan,global_frobenius_norm_matched,204635190102.0,0.75,0.75,2.0,nan,128,324,450,549,684,80.59148482302874,6.172307302097759,479.2906997205228,0.5991133746506534,0.0064805847361683,0.065963606763792,0.75,0.75,0.0170526802539825,0.0323851467890491,554990a77b2d2e8f6498d66d6182e5b9f7b8a61fd2c63c09d3ded066f44b5563,,,,results/frozen_sources/mechanisms/random_mask_control_per_seed.csv#row=315
offline_post_hoc,N-MNIST,SNN-DFA,20260901,H1,basis_eval,512,30,800,same_trained_model_and_neuron_coordinates,True,random_sparsity,ann_matched,nan,global_frobenius_norm_matched,204635190102.0,0.8905414225260416,0.8905414225260416,2.0,nan,111,294,418,519,666,44.34292942811644,6.066812182326914,431.3035706064951,0.5391294632581188,0.0042853816951069,0.0659583705549246,0.8905414225260416,0.8905414225260416,0.0098895551636815,0.0180207046371577,554990a77b2d2e8f6498d66d6182e5b9f7b8a61fd2c63c09d3ded066f44b5563,,,,results/frozen_sources/mechanisms/random_mask_control_per_seed.csv#row=316
offline_post_hoc,N-MNIST,SNN-DFA,20260901,H1,basis_eval,512,30,800,same_trained_model_and_neuron_coordinates,True,random_sparsity,0,nan,global_frobenius_norm_matched,204635190103.0,0.0,0.0,3.0,nan,128,333,463,562,692,49.5920722082469,6.156307662460865,471.6832418205877,0.5896040522757346,0.0129845715701086,0.0659849421825243,0.0,0.0,0.0581362098455429,0.1064368299023559,554990a77b2d2e8f6498d66d6182e5b9f7b8a61fd2c63c09d3ded066f44b5563,,,,results/frozen_sources/mechanisms/random_mask_control_per_seed.csv#row=317
offline_post_hoc,N-MNIST,SNN-DFA,20260901,H1,basis_eval,512,30,800,same_trained_model_and_neuron_coordinates,True,random_sparsity,0.25,nan,global_frobenius_norm_matched,204635190103.0,0.25,0.25,3.0,nan,131,334,463,562,691,60.309135816350405,6.17812271792001,482.08609475325454,0.6026076184415682,0.0112416962963272,0.0659789115297915,0.25,0.25,0.0441885814070701,0.0812016539609285,554990a77b2d2e8f6498d66d6182e5b9f7b8a61fd2c63c09d3ded066f44b5563,,,,results/frozen_sources/mechanisms/random_mask_control_per_seed.csv#row=318
offline_post_hoc,N-MNIST,SNN-DFA,20260901,H1,basis_eval,512,30,800,same_trained_model_and_neuron_coordinates,True,random_sparsity,0.50,nan,global_frobenius_norm_matched,204635190103.0,0.5,0.5,3.0,nan,130,334,462,561,690,70.89100726504857,6.186543271801748,486.1626660964252,0.6077033326205314,0.0091803205361309,0.065971620547696,0.5,0.5,0.0305763147771358,0.0561492799727437,554990a77b2d2e8f6498d66d6182e5b9f7b8a61fd2c63c09d3ded066f44b5563,,,,results/frozen_sources/mechanisms/random_mask_control_per_seed.csv#row=319
offline_post_hoc,N-MNIST,SNN-DFA,20260901,H1,basis_eval,512,30,800,same_trained_model_and_neuron_coordinates,True,random_sparsity,0.75,nan,global_frobenius_norm_matched,204635190103.0,0.75,0.75,3.0,nan,125,324,451,549,684,47.71983752705671,6.156039339549217,471.5566953781811,0.5894458692227263,0.0064919019061818,0.0659636787955967,0.75,0.75,0.0170802697539329,0.0318942881527743,554990a77b2d2e8f6498d66d6182e5b9f7b8a61fd2c63c09d3ded066f44b5563,,,,results/frozen_sources/mechanisms/random_mask_control_per_seed.csv#row=320
offline_post_hoc,N-MNIST,SNN-DFA,20260901,H1,basis_eval,512,30,800,same_trained_model_and_neuron_coordinates,True,random_sparsity,ann_matched,nan,global_frobenius_norm_matched,204635190103.0,0.8905414225260416,0.8905414225260416,3.0,nan,109,296,422,521,664,30.55022498054317,6.032290908446783,416.66848617836695,0.5208356077229587,0.0042945809247276,0.0659584838400657,0.8905414225260416,0.8905414225260416,0.0096427071839571,0.0172297529474318,554990a77b2d2e8f6498d66d6182e5b9f7b8a61fd2c63c09d3ded066f44b5563,,,,results/frozen_sources/mechanisms/random_mask_control_per_seed.csv#row=321
offline_post_hoc,N-MNIST,SNN-DFA,20260901,H1,basis_eval,512,30,800,same_trained_model_and_neuron_coordinates,True,random_sparsity,0,nan,global_frobenius_norm_matched,204635190104.0,0.0,0.0,4.0,nan,128,333,463,562,692,49.5920722082469,6.156307662460865,471.6832418205877,0.5896040522757346,0.0129845715701086,0.0659849421825243,0.0,0.0,0.0581362098455429,0.1064368299023559,554990a77b2d2e8f6498d66d6182e5b9f7b8a61fd2c63c09d3ded066f44b5563,,,,results/frozen_sources/mechanisms/random_mask_control_per_seed.csv#row=322
offline_post_hoc,N-MNIST,SNN-DFA,20260901,H1,basis_eval,512,30,800,same_trained_model_and_neuron_coordinates,True,random_sparsity,0.25,nan,global_frobenius_norm_matched,204635190104.0,0.25,0.25,4.0,nan,129,332,461,561,692,61.82914804611993,6.172108916169373,479.19562462118455,0.5989945307764807,0.0112440213990358,0.0659788890327692,0.25,0.25,0.0442456230521202,0.0812237298764018,554990a77b2d2e8f6498d66d6182e5b9f7b8a61fd2c63c09d3ded066f44b5563,,,,results/frozen_sources/mechanisms/random_mask_control_per_seed.csv#row=323
offline_post_hoc,N-MNIST,SNN-DFA,20260901,H1,basis_eval,512,30,800,same_trained_model_and_neuron_coordinates,True,random_sparsity,0.50,nan,global_frobenius_norm_matched,204635190104.0,0.5,0.5,4.0,nan,131,334,462,561,691,80.92769730504585,6.192186213097939,488.91380844867007,0.6111422605608375,0.0091818772267221,0.0659715049284443,0.5,0.5,0.030594166368246,0.0561841066787048,554990a77b2d2e8f6498d66d6182e5b9f7b8a61fd2c63c09d3ded066f44b5563,,,,results/frozen_sources/mechanisms/random_mask_control_per_seed.csv#row=324
offline_post_hoc,N-MNIST,SNN-DFA,20260901,H1,basis_eval,512,30,800,same_trained_model_and_neuron_coordinates,True,random_sparsity,0.75,nan,global_frobenius_norm_matched,204635190104.0,0.75,0.75,4.0,nan,122,319,446,546,683,70.91370594354856,6.14067438220539,464.3666258773136,0.5804582823466419,0.006498149844231,0.0659635849337937,0.75,0.75,0.0170269608497619,0.0309850455920926,554990a77b2d2e8f6498d66d6182e5b9f7b8a61fd2c63c09d3ded066f44b5563,,,,results/frozen_sources/mechanisms/random_mask_control_per_seed.csv#row=325
offline_post_hoc,N-MNIST,SNN-DFA,20260901,H1,basis_eval,512,30,800,same_trained_model_and_neuron_coordinates,True,random_sparsity,ann_matched,nan,global_frobenius_norm_matched,204635190104.0,0.8905414225260416,0.8905414225260416,4.0,nan,108,293,419,522,667,63.507069092496685,6.064444911110743,430.28376563209423,0.5378547070401178,0.0043013689465884,0.0659584113262023,0.8905414225260416,0.8905414225260416,0.0096077844500541,0.017208456081247,554990a77b2d2e8f6498d66d6182e5b9f7b8a61fd2c63c09d3ded066f44b5563,,,,results/frozen_sources/mechanisms/random_mask_control_per_seed.csv#row=326
offline_post_hoc,N-MNIST,SNN-DFA,20260901,H1,basis_eval,512,30,800,same_trained_model_and_neuron_coordinates,True,random_sparsity,0,nan,global_frobenius_norm_matched,204635190105.0,0.0,0.0,5.0,nan,128,333,463,562,692,49.5920722082469,6.156307662460865,471.6832418205877,0.5896040522757346,0.0129845715701086,0.0659849421825243,0.0,0.0,0.0581362098455429,0.1064368299023559,554990a77b2d2e8f6498d66d6182e5b9f7b8a61fd2c63c09d3ded066f44b5563,,,,results/frozen_sources/mechanisms/random_mask_control_per_seed.csv#row=327
offline_post_hoc,N-MNIST,SNN-DFA,20260901,H1,basis_eval,512,30,800,same_trained_model_and_neuron_coordinates,True,random_sparsity,0.25,nan,global_frobenius_norm_matched,204635190105.0,0.25,0.25,5.0,nan,131,335,464,562,692,62.26882716537876,6.184825131416717,485.32808755296736,0.6066601094412092,0.0112450451960692,0.0659789441733977,0.25,0.25,0.0442476384341716,0.0811474090346087,554990a77b2d2e8f6498d66d6182e5b9f7b8a61fd2c63c09d3ded066f44b5563,,,,results/frozen_sources/mechanisms/random_mask_control_per_seed.csv#row=328
offline_post_hoc,N-MNIST,SNN-DFA,20260901,H1,basis_eval,512,30,800,same_trained_model_and_neuron_coordinates,True,random_sparsity,0.50,nan,global_frobenius_norm_matched,204635190105.0,0.5,0.5,5.0,nan,131,332,460,559,690,81.35669260938087,6.191492831057031,488.5749218968416,0.610718652371052,0.0091858186170685,0.0659714414210433,0.5,0.5,0.0304535869508981,0.0561965232634101,554990a77b2d2e8f6498d66d6182e5b9f7b8a61fd2c63c09d3ded066f44b5563,,,,results/frozen_sources/mechanisms/random_mask_control_per_seed.csv#row=329
offline_post_hoc,N-MNIST,SNN-DFA,20260901,H1,basis_eval,512,30,800,same_trained_model_and_neuron_coordinates,True,random_sparsity,0.75,nan,global_frobenius_norm_matched,204635190105.0,0.75,0.75,5.0,nan,126,323,450,548,683,83.80505930492004,6.168443852347003,477.4425565890269,0.5968031957362837,0.0064753285880903,0.0659635605841133,0.75,0.75,0.0169722270220518,0.0307323559662546,554990a77b2d2e8f6498d66d6182e5b9f7b8a61fd2c63c09d3ded066f44b5563,,,,results/frozen_sources/mechanisms/random_mask_control_per_seed.csv#row=330
offline_post_hoc,N-MNIST,SNN-DFA,20260901,H1,basis_eval,512,30,800,same_trained_model_and_neuron_coordinates,True,random_sparsity,ann_matched,nan,global_frobenius_norm_matched,204635190105.0,0.8905414225260416,0.8905414225260416,5.0,nan,113,303,427,527,671,62.48524780274682,6.095858673293866,444.0151454808798,0.5550189318510997,0.0042818635842897,0.0659583506717111,0.8905414225260416,0.8905414225260416,0.0095224771648645,0.0180418092350934,554990a77b2d2e8f6498d66d6182e5b9f7b8a61fd2c63c09d3ded066f44b5563,,,,results/frozen_sources/mechanisms/random_mask_control_per_seed.csv#row=331
offline_post_hoc,N-MNIST,SNN-DFA,20260901,H1,basis_eval,512,30,800,same_trained_model_and_neuron_coordinates,True,random_sparsity,0,nan,global_frobenius_norm_matched,204635190106.0,0.0,0.0,6.0,nan,128,333,463,562,692,49.5920722082469,6.156307662460865,471.6832418205877,0.5896040522757346,0.0129845715701086,0.0659849421825243,0.0,0.0,0.0581362098455429,0.1064368299023559,554990a77b2d2e8f6498d66d6182e5b9f7b8a61fd2c63c09d3ded066f44b5563,,,,results/frozen_sources/mechanisms/random_mask_control_per_seed.csv#row=332
offline_post_hoc,N-MNIST,SNN-DFA,20260901,H1,basis_eval,512,30,800,same_trained_model_and_neuron_coordinates,True,random_sparsity,0.25,nan,global_frobenius_norm_matched,204635190106.0,0.25,0.25,6.0,nan,132,335,463,562,693,61.99209532225756,6.181247033209122,483.5946390666733,0.6044932988333417,0.011246830663955,0.0659787876042133,0.25,0.25,0.044401079416275,0.0815124730363659,554990a77b2d2e8f6498d66d6182e5b9f7b8a61fd2c63c09d3ded066f44b5563,,,,results/frozen_sources/mechanisms/random_mask_control_per_seed.csv#row=333
offline_post_hoc,N-MNIST,SNN-DFA,20260901,H1,basis_eval,512,30,800,same_trained_model_and_neuron_coordinates,True,random_sparsity,0.50,nan,global_frobenius_norm_matched,204635190106.0,0.5,0.5,6.0,nan,135,336,464,562,691,81.95005737214831,6.200135132415618,492.8156319606639,0.6160195399508299,0.0091864375991245,0.0659714583295634,0.5,0.5,0.0306461900472641,0.0559212328763672,554990a77b2d2e8f6498d66d6182e5b9f7b8a61fd2c63c09d3ded066f44b5563,,,,results/frozen_sources/mechanisms/random_mask_control_per_seed.csv#row=334
offline_post_hoc,N-MNIST,SNN-DFA,20260901,H1,basis_eval,512,30,800,same_trained_model_and_neuron_coordinates,True,random_sparsity,0.75,nan,global_frobenius_norm_matched,204635190106.0,0.75,0.75,6.0,nan,128,325,453,552,686,102.69324721120188,6.177938058086896,481.9970810343328,0.602496351292916,0.0064909711919003,0.0659636660146423,0.75,0.75,0.0169890597462654,0.0308295993519503,554990a77b2d2e8f6498d66d6182e5b9f7b8a61fd2c63c09d3ded066f44b5563,,,,results/frozen_sources/mechanisms/random_mask_control_per_seed.csv#row=335
offline_post_hoc,N-MNIST,SNN-DFA,20260901,H1,basis_eval,512,30,800,same_trained_model_and_neuron_coordinates,True,random_sparsity,ann_matched,nan,global_frobenius_norm_matched,204635190106.0,0.8905414225260416,0.8905414225260416,6.0,nan,109,300,428,528,670,51.1964729141764,6.070536398723807,432.9128331972393,0.5411410414965492,0.0042923104068276,0.065958372010416,0.8905414225260416,0.8905414225260416,0.0095771150663495,0.0170527810849267,554990a77b2d2e8f6498d66d6182e5b9f7b8a61fd2c63c09d3ded066f44b5563,,,,results/frozen_sources/mechanisms/random_mask_control_per_seed.csv#row=336
offline_post_hoc,N-MNIST,SNN-DFA,20260901,H1,basis_eval,512,30,800,same_trained_model_and_neuron_coordinates,True,random_sparsity,0,nan,global_frobenius_norm_matched,204635190107.0,0.0,0.0,7.0,nan,128,333,463,562,692,49.5920722082469,6.156307662460865,471.6832418205877,0.5896040522757346,0.0129845715701086,0.0659849421825243,0.0,0.0,0.0581362098455429,0.1064368299023559,554990a77b2d2e8f6498d66d6182e5b9f7b8a61fd2c63c09d3ded066f44b5563,,,,results/frozen_sources/mechanisms/random_mask_control_per_seed.csv#row=337
offline_post_hoc,N-MNIST,SNN-DFA,20260901,H1,basis_eval,512,30,800,same_trained_model_and_neuron_coordinates,True,random_sparsity,0.25,nan,global_frobenius_norm_matched,204635190107.0,0.25,0.25,7.0,nan,130,334,463,563,693,62.44726104941664,6.17847856074115,482.25767215472666,0.6028220901934084,0.0112365650168591,0.0659788481000396,0.25,0.25,0.044110856950283,0.0802790361553141,554990a77b2d2e8f6498d66d6182e5b9f7b8a61fd2c63c09d3ded066f44b5563,,,,results/frozen_sources/mechanisms/random_mask_control_per_seed.csv#row=338
offline_post_hoc,N-MNIST,SNN-DFA,20260901,H1,basis_eval,512,30,800,same_trained_model_and_neuron_coordinates,True,random_sparsity,0.50,nan,global_frobenius_norm_matched,204635190107.0,0.5,0.5,7.0,nan,132,333,462,561,690,77.69398069211337,6.193689676751994,489.6494254377756,0.6120617817972195,0.009170870883873,0.0659714313239941,0.5,0.5,0.0303318947553634,0.0556424097044332,554990a77b2d2e8f6498d66d6182e5b9f7b8a61fd2c63c09d3ded066f44b5563,,,,results/frozen_sources/mechanisms/random_mask_control_per_seed.csv#row=339
offline_post_hoc,N-MNIST,SNN-DFA,20260901,H1,basis_eval,512,30,800,same_trained_model_and_neuron_coordinates,True,random_sparsity,0.75,nan,global_frobenius_norm_matched,204635190107.0,0.75,0.75,7.0,nan,125,323,451,551,685,51.285311142951606,6.152294561304862,469.7941224065742,0.5872426530082178,0.0064838924172951,0.0659636390540855,0.75,0.75,0.0167062971740961,0.03076714616172,554990a77b2d2e8f6498d66d6182e5b9f7b8a61fd2c63c09d3ded066f44b5563,,,,results/frozen_sources/mechanisms/random_mask_control_per_seed.csv#row=340
offline_post_hoc,N-MNIST,SNN-DFA,20260901,H1,basis_eval,512,30,800,same_trained_model_and_neuron_coordinates,True,random_sparsity,ann_matched,nan,global_frobenius_norm_matched,204635190107.0,0.8905414225260416,0.8905414225260416,7.0,nan,124,315,438,536,671,85.72122709905136,6.149455942394235,468.46244688046846,0.5855780586005855,0.0042915138552565,0.0659583985486789,0.8905414225260416,0.8905414225260416,0.0095777017995715,0.0177889335795215,554990a77b2d2e8f6498d66d6182e5b9f7b8a61fd2c63c09d3ded066f44b5563,,,,results/frozen_sources/mechanisms/random_mask_control_per_seed.csv#row=341
offline_post_hoc,N-MNIST,SNN-DFA,20260901,H1,basis_eval,512,30,800,same_trained_model_and_neuron_coordinates,True,random_sparsity,0,nan,global_frobenius_norm_matched,204635190108.0,0.0,0.0,8.0,nan,128,333,463,562,692,49.5920722082469,6.156307662460865,471.6832418205877,0.5896040522757346,0.0129845715701086,0.0659849421825243,0.0,0.0,0.0581362098455429,0.1064368299023559,554990a77b2d2e8f6498d66d6182e5b9f7b8a61fd2c63c09d3ded066f44b5563,,,,results/frozen_sources/mechanisms/random_mask_control_per_seed.csv#row=342
offline_post_hoc,N-MNIST,SNN-DFA,20260901,H1,basis_eval,512,30,800,same_trained_model_and_neuron_coordinates,True,random_sparsity,0.25,nan,global_frobenius_norm_matched,204635190108.0,0.25,0.25,8.0,nan,131,335,464,563,692,60.56815219873098,6.178031639537161,482.04218913080734,0.6025527364135091,0.0112422342487119,0.0659788272117021,0.25,0.25,0.0443712510168552,0.081297822653278,554990a77b2d2e8f6498d66d6182e5b9f7b8a61fd2c63c09d3ded066f44b5563,,,,results/frozen_sources/mechanisms/random_mask_control_per_seed.csv#row=343
offline_post_hoc,N-MNIST,SNN-DFA,20260901,H1,basis_eval,512,30,800,same_trained_model_and_neuron_coordinates,True,random_sparsity,0.50,nan,global_frobenius_norm_matched,204635190108.0,0.5,0.5,8.0,nan,129,329,457,557,690,62.89916999104486,6.175179971617733,480.66952300843593,0.6008369037605449,0.0091839001464638,0.0659715993472346,0.5,0.5,0.0306347329169511,0.0560234988338547,554990a77b2d2e8f6498d66d6182e5b9f7b8a61fd2c63c09d3ded066f44b5563,,,,results/frozen_sources/mechanisms/random_mask_control_per_seed.csv#row=344
offline_post_hoc,N-MNIST,SNN-DFA,20260901,H1,basis_eval,512,30,800,same_trained_model_and_neuron_coordinates,True,random_sparsity,0.75,nan,global_frobenius_norm_matched,204635190108.0,0.75,0.75,8.0,nan,124,318,446,547,682,63.37578535537573,6.148619663757312,468.0708455106941,0.5850885568883677,0.0064927906422021,0.0659635463474572,0.75,0.75,0.0169628020375967,0.0312501376583389,554990a77b2d2e8f6498d66d6182e5b9f7b8a61fd2c63c09d3ded066f44b5563,,,,results/frozen_sources/mechanisms/random_mask_control_per_seed.csv#row=345
offline_post_hoc,N-MNIST,SNN-DFA,20260901,H1,basis_eval,512,30,800,same_trained_model_and_neuron_coordinates,True,random_sparsity,ann_matched,nan,global_frobenius_norm_matched,204635190108.0,0.8905414225260416,0.8905414225260416,8.0,nan,110,294,421,524,667,54.38312589423174,6.065102794721485,430.566935405635,0.5382086692570437,0.0042980721885663,0.0659583581764219,0.8905414225260416,0.8905414225260416,0.0095205949619412,0.0178265841409149,554990a77b2d2e8f6498d66d6182e5b9f7b8a61fd2c63c09d3ded066f44b5563,,,,results/frozen_sources/mechanisms/random_mask_control_per_seed.csv#row=346
offline_post_hoc,N-MNIST,SNN-DFA,20260901,H1,basis_eval,512,30,800,same_trained_model_and_neuron_coordinates,True,random_sparsity,0,nan,global_frobenius_norm_matched,204635190109.0,0.0,0.0,9.0,nan,128,333,463,562,692,49.5920722082469,6.156307662460865,471.6832418205877,0.5896040522757346,0.0129845715701086,0.0659849421825243,0.0,0.0,0.0581362098455429,0.1064368299023559,554990a77b2d2e8f6498d66d6182e5b9f7b8a61fd2c63c09d3ded066f44b5563,,,,results/frozen_sources/mechanisms/random_mask_control_per_seed.csv#row=347
offline_post_hoc,N-MNIST,SNN-DFA,20260901,H1,basis_eval,512,30,800,same_trained_model_and_neuron_coordinates,True,random_sparsity,0.25,nan,global_frobenius_norm_matched,204635190109.0,0.25,0.25,9.0,nan,131,335,464,563,692,62.23153822639502,6.183111941934239,484.497340394656,0.60562167549332,0.0112414890694328,0.0659789039846101,0.25,0.25,0.0442240759730339,0.0809225572512789,554990a77b2d2e8f6498d66d6182e5b9f7b8a61fd2c63c09d3ded066f44b5563,,,,results/frozen_sources/mechanisms/random_mask_control_per_seed.csv#row=348
offline_post_hoc,N-MNIST,SNN-DFA,20260901,H1,basis_eval,512,30,800,same_trained_model_and_neuron_coordinates,True,random_sparsity,0.50,nan,global_frobenius_norm_matched,204635190109.0,0.5,0.5,9.0,nan,132,333,461,560,690,82.90948398386148,6.193964995132702,489.7842534841697,0.6122303168552121,0.0091787540793098,0.0659714738156676,0.5,0.5,0.0304865799844265,0.0557865799043692,554990a77b2d2e8f6498d66d6182e5b9f7b8a61fd2c63c09d3ded066f44b5563,,,,results/frozen_sources/mechanisms/random_mask_control_per_seed.csv#row=349
offline_post_hoc,N-MNIST,SNN-DFA,20260901,H1,basis_eval,512,30,800,same_trained_model_and_neuron_coordinates,True,random_sparsity,0.75,nan,global_frobenius_norm_matched,204635190109.0,0.75,0.75,9.0,nan,125,322,449,547,682,88.86090810933965,6.166141507279281,476.3445835152,0.5954307293940001,0.0064774510645565,0.0659635676782537,0.75,0.75,0.0169568751007318,0.0309149776840124,554990a77b2d2e8f6498d66d6182e5b9f7b8a61fd2c63c09d3ded066f44b5563,,,,results/frozen_sources/mechanisms/random_mask_control_per_seed.csv#row=350
offline_post_hoc,N-MNIST,SNN-DFA,20260901,H1,basis_eval,512,30,800,same_trained_model_and_neuron_coordinates,True,random_sparsity,ann_matched,nan,global_frobenius_norm_matched,204635190109.0,0.8905414225260416,0.8905414225260416,9.0,nan,113,296,421,523,668,54.49092663001208,6.084218165408103,438.8765496350344,0.5485956870437929,0.0042882590118957,0.0659583911529685,0.8905414225260416,0.8905414225260416,0.0095658851787447,0.0172497850690466,554990a77b2d2e8f6498d66d6182e5b9f7b8a61fd2c63c09d3ded066f44b5563,,,,results/frozen_sources/mechanisms/random_mask_control_per_seed.csv#row=351
offline_post_hoc,N-MNIST,SNN-DFA,20260901,H2,basis_eval,512,30,800,same_trained_model_and_neuron_coordinates,True,random_sparsity,0,nan,global_frobenius_norm_matched,204635190110.0,0.0,0.0,0.0,nan,106,300,431,537,678,34.045276655207715,6.001673610192041,404.1045413448045,0.5051306766810056,0.0186192920542552,0.0796819855352072,0.0,0.0,0.0835643112659454,0.1270122363172993,554990a77b2d2e8f6498d66d6182e5b9f7b8a61fd2c63c09d3ded066f44b5563,,,,results/frozen_sources/mechanisms/random_mask_control_per_seed.csv#row=352
offline_post_hoc,N-MNIST,SNN-DFA,20260901,H2,basis_eval,512,30,800,same_trained_model_and_neuron_coordinates,True,random_sparsity,0.25,nan,global_frobenius_norm_matched,204635190110.0,0.25,0.25,0.0,nan,111,305,436,540,678,42.959319546371184,6.058163302357357,427.5893628153954,0.5344867035192443,0.0161183007493207,0.07967052769947,0.25,0.25,0.0635662078857421,0.0966913203298911,554990a77b2d2e8f6498d66d6182e5b9f7b8a61fd2c63c09d3ded066f44b5563,,,,results/frozen_sources/mechanisms/random_mask_control_per_seed.csv#row=353
offline_post_hoc,N-MNIST,SNN-DFA,20260901,H2,basis_eval,512,30,800,same_trained_model_and_neuron_coordinates,True,random_sparsity,0.50,nan,global_frobenius_norm_matched,204635190110.0,0.5,0.5,0.0,nan,116,309,439,542,678,59.40179793580662,6.107614490994682,449.2657084495819,0.5615821355619773,0.0131641403569574,0.0796605162612043,0.5,0.5,0.0437374822795391,0.0662593108783301,554990a77b2d2e8f6498d66d6182e5b9f7b8a61fd2c63c09d3ded066f44b5563,,,,results/frozen_sources/mechanisms/random_mask_control_per_seed.csv#row=354
offline_post_hoc,N-MNIST,SNN-DFA,20260901,H2,basis_eval,512,30,800,same_trained_model_and_neuron_coordinates,True,random_sparsity,0.75,nan,global_frobenius_norm_matched,204635190110.0,0.75,0.75,0.0,nan,115,304,434,537,675,89.07790608831833,6.112744784535137,451.57649585212295,0.5644706198151537,0.0093021158742682,0.0796478797524992,0.75,0.75,0.0242422074079513,0.0368281853630274,554990a77b2d2e8f6498d66d6182e5b9f7b8a61fd2c63c09d3ded066f44b5563,,,,results/frozen_sources/mechanisms/random_mask_control_per_seed.csv#row=355
offline_post_hoc,N-MNIST,SNN-DFA,20260901,H2,basis_eval,512,30,800,same_trained_model_and_neuron_coordinates,True,random_sparsity,ann_matched,nan,global_frobenius_norm_matched,204635190110.0,0.7554581705729166,0.7554581705729166,0.0,nan,115,304,434,537,675,88.93975425088225,6.111971811353978,451.2275742024996,0.5640344677531245,0.0091985503444237,0.0796474163178954,0.7554581705729166,0.7554581705729166,0.0237830877304077,0.0361618002453249,554990a77b2d2e8f6498d66d6182e5b9f7b8a61fd2c63c09d3ded066f44b5563,,,,results/frozen_sources/mechanisms/random_mask_control_per_seed.csv#row=356
offline_post_hoc,N-MNIST,SNN-DFA,20260901,H2,basis_eval,512,30,800,same_trained_model_and_neuron_coordinates,True,random_sparsity,0,nan,global_frobenius_norm_matched,204635190111.0,0.0,0.0,1.0,nan,106,300,431,537,678,34.045276655207715,6.001673610192041,404.1045413448045,0.5051306766810056,0.0186192920542552,0.0796819855352072,0.0,0.0,0.0835643112659454,0.1270122363172993,554990a77b2d2e8f6498d66d6182e5b9f7b8a61fd2c63c09d3ded066f44b5563,,,,results/frozen_sources/mechanisms/random_mask_control_per_seed.csv#row=357
offline_post_hoc,N-MNIST,SNN-DFA,20260901,H2,basis_eval,512,30,800,same_trained_model_and_neuron_coordinates,True,random_sparsity,0.25,nan,global_frobenius_norm_matched,204635190111.0,0.25,0.25,1.0,nan,111,304,436,540,679,43.80306075461564,6.057632441240068,427.3624324880832,0.534203040610104,0.0161230673236249,0.079670401905228,0.25,0.25,0.0634756758809089,0.0960494577770021,554990a77b2d2e8f6498d66d6182e5b9f7b8a61fd2c63c09d3ded066f44b5563,,,,results/frozen_sources/mechanisms/random_mask_control_per_seed.csv#row=358
offline_post_hoc,N-MNIST,SNN-DFA,20260901,H2,basis_eval,512,30,800,same_trained_model_and_neuron_coordinates,True,random_sparsity,0.50,nan,global_frobenius_norm_matched,204635190111.0,0.5,0.5,1.0,nan,115,307,438,542,679,60.030085526064944,6.097364534040476,444.6842741402071,0.5558553426752588,0.0131626596436366,0.079660646046475,0.5,0.5,0.0437891148030757,0.0663398461347407,554990a77b2d2e8f6498d66d6182e5b9f7b8a61fd2c63c09d3ded066f44b5563,,,,results/frozen_sources/mechanisms/random_mask_control_per_seed.csv#row=359
offline_post_hoc,N-MNIST,SNN-DFA,20260901,H2,basis_eval,512,30,800,same_trained_model_and_neuron_coordinates,True,random_sparsity,0.75,nan,global_frobenius_norm_matched,204635190111.0,0.75,0.75,1.0,nan,114,301,430,534,675,81.43657482213914,6.10193122114672,446.7196520109589,0.5583995650136986,0.0093145889460624,0.0796478718771247,0.75,0.75,0.0242105033248662,0.0360040603841934,554990a77b2d2e8f6498d66d6182e5b9f7b8a61fd2c63c09d3ded066f44b5563,,,,results/frozen_sources/mechanisms/random_mask_control_per_seed.csv#row=360
offline_post_hoc,N-MNIST,SNN-DFA,20260901,H2,basis_eval,512,30,800,same_trained_model_and_neuron_coordinates,True,random_sparsity,ann_matched,nan,global_frobenius_norm_matched,204635190111.0,0.7554581705729166,0.7554581705729166,1.0,nan,114,301,429,533,675,79.81356424477364,6.097938418922389,444.939544963388,0.556174431204235,0.0092140179783471,0.0796474661138854,0.7554581705729166,0.7554581705729166,0.0237986110150814,0.0352565196696868,554990a77b2d2e8f6498d66d6182e5b9f7b8a61fd2c63c09d3ded066f44b5563,,,,results/frozen_sources/mechanisms/random_mask_control_per_seed.csv#row=361
offline_post_hoc,N-MNIST,SNN-DFA,20260901,H2,basis_eval,512,30,800,same_trained_model_and_neuron_coordinates,True,random_sparsity,0,nan,global_frobenius_norm_matched,204635190112.0,0.0,0.0,2.0,nan,106,300,431,537,678,34.045276655207715,6.001673610192041,404.1045413448045,0.5051306766810056,0.0186192920542552,0.0796819855352072,0.0,0.0,0.0835643112659454,0.1270122363172993,554990a77b2d2e8f6498d66d6182e5b9f7b8a61fd2c63c09d3ded066f44b5563,,,,results/frozen_sources/mechanisms/random_mask_control_per_seed.csv#row=362
offline_post_hoc,N-MNIST,SNN-DFA,20260901,H2,basis_eval,512,30,800,same_trained_model_and_neuron_coordinates,True,random_sparsity,0.25,nan,global_frobenius_norm_matched,204635190112.0,0.25,0.25,2.0,nan,110,303,434,539,678,43.118099482121565,6.053076921614992,425.4200022885417,0.5317750028606771,0.0161282513989993,0.0796703883739903,0.25,0.25,0.0634858161211013,0.0968411876600005,554990a77b2d2e8f6498d66d6182e5b9f7b8a61fd2c63c09d3ded066f44b5563,,,,results/frozen_sources/mechanisms/random_mask_control_per_seed.csv#row=363
offline_post_hoc,N-MNIST,SNN-DFA,20260901,H2,basis_eval,512,30,800,same_trained_model_and_neuron_coordinates,True,random_sparsity,0.50,nan,global_frobenius_norm_matched,204635190112.0,0.5,0.5,2.0,nan,115,307,437,541,679,60.03979922557488,6.096397385650536,444.2544063669106,0.5553180079586383,0.0131733688953121,0.0796605706501408,0.5,0.5,0.0435770489275455,0.0666450795456883,554990a77b2d2e8f6498d66d6182e5b9f7b8a61fd2c63c09d3ded066f44b5563,,,,results/frozen_sources/mechanisms/random_mask_control_per_seed.csv#row=364
offline_post_hoc,N-MNIST,SNN-DFA,20260901,H2,basis_eval,512,30,800,same_trained_model_and_neuron_coordinates,True,random_sparsity,0.75,nan,global_frobenius_norm_matched,204635190112.0,0.75,0.75,2.0,nan,114,306,435,538,676,76.08837887397402,6.1031323835946925,447.25655727239126,0.559070696590489,0.009319950137349,0.0796478665704613,0.75,0.75,0.0240758936852216,0.0372897760730895,554990a77b2d2e8f6498d66d6182e5b9f7b8a61fd2c63c09d3ded066f44b5563,,,,results/frozen_sources/mechanisms/random_mask_control_per_seed.csv#row=365
offline_post_hoc,N-MNIST,SNN-DFA,20260901,H2,basis_eval,512,30,800,same_trained_model_and_neuron_coordinates,True,random_sparsity,ann_matched,nan,global_frobenius_norm_matched,204635190112.0,0.7554581705729166,0.7554581705729166,2.0,nan,113,305,434,537,676,75.43803905928176,6.101267821313415,446.4233965470584,0.558029245683823,0.0092184205857252,0.0796474917231386,0.7554581705729166,0.7554581705729166,0.02367496304214,0.0366222753303812,554990a77b2d2e8f6498d66d6182e5b9f7b8a61fd2c63c09d3ded066f44b5563,,,,results/frozen_sources/mechanisms/random_mask_control_per_seed.csv#row=366
offline_post_hoc,N-MNIST,SNN-DFA,20260901,H2,basis_eval,512,30,800,same_trained_model_and_neuron_coordinates,True,random_sparsity,0,nan,global_frobenius_norm_matched,204635190113.0,0.0,0.0,3.0,nan,106,300,431,537,678,34.045276655207715,6.001673610192041,404.1045413448045,0.5051306766810056,0.0186192920542552,0.0796819855352072,0.0,0.0,0.0835643112659454,0.1270122363172993,554990a77b2d2e8f6498d66d6182e5b9f7b8a61fd2c63c09d3ded066f44b5563,,,,results/frozen_sources/mechanisms/random_mask_control_per_seed.csv#row=367
offline_post_hoc,N-MNIST,SNN-DFA,20260901,H2,basis_eval,512,30,800,same_trained_model_and_neuron_coordinates,True,random_sparsity,0.25,nan,global_frobenius_norm_matched,204635190113.0,0.25,0.25,3.0,nan,112,306,437,541,679,42.65424401328077,6.061273583549287,428.92135633182846,0.5361516954147856,0.0161261520040931,0.0796703784236343,0.25,0.25,0.0635929629206657,0.097046998886484,554990a77b2d2e8f6498d66d6182e5b9f7b8a61fd2c63c09d3ded066f44b5563,,,,results/frozen_sources/mechanisms/random_mask_control_per_seed.csv#row=368
offline_post_hoc,N-MNIST,SNN-DFA,20260901,H2,basis_eval,512,30,800,same_trained_model_and_neuron_coordinates,True,random_sparsity,0.50,nan,global_frobenius_norm_matched,204635190113.0,0.5,0.5,3.0,nan,117,309,439,542,679,58.78594554501972,6.106854049976599,448.92419824250055,0.5611552478031256,0.0131636869794304,0.0796606916096033,0.5,0.5,0.0438368469476699,0.0671443556043934,554990a77b2d2e8f6498d66d6182e5b9f7b8a61fd2c63c09d3ded066f44b5563,,,,results/frozen_sources/mechanisms/random_mask_control_per_seed.csv#row=369
offline_post_hoc,N-MNIST,SNN-DFA,20260901,H2,basis_eval,512,30,800,same_trained_model_and_neuron_coordinates,True,random_sparsity,0.75,nan,global_frobenius_norm_matched,204635190113.0,0.75,0.75,3.0,nan,115,307,436,539,677,69.26906142729726,6.105018824186414,448.1010765141862,0.5601263456427328,0.0093040931131211,0.0796479922579322,0.75,0.75,0.0243342313915491,0.0365909611171441,554990a77b2d2e8f6498d66d6182e5b9f7b8a61fd2c63c09d3ded066f44b5563,,,,results/frozen_sources/mechanisms/random_mask_control_per_seed.csv#row=370
offline_post_hoc,N-MNIST,SNN-DFA,20260901,H2,basis_eval,512,30,800,same_trained_model_and_neuron_coordinates,True,random_sparsity,ann_matched,nan,global_frobenius_norm_matched,204635190113.0,0.7554581705729166,0.7554581705729166,3.0,nan,115,306,435,538,677,68.87490033688371,6.10299185367351,447.1937087598011,0.5589921359497514,0.0092019696589699,0.0796475883913157,0.7554581705729166,0.7554581705729166,0.0238934233784675,0.0359107392584644,554990a77b2d2e8f6498d66d6182e5b9f7b8a61fd2c63c09d3ded066f44b5563,,,,results/frozen_sources/mechanisms/random_mask_control_per_seed.csv#row=371
offline_post_hoc,N-MNIST,SNN-DFA,20260901,H2,basis_eval,512,30,800,same_trained_model_and_neuron_coordinates,True,random_sparsity,0,nan,global_frobenius_norm_matched,204635190114.0,0.0,0.0,4.0,nan,106,300,431,537,678,34.045276655207715,6.001673610192041,404.1045413448045,0.5051306766810056,0.0186192920542552,0.0796819855352072,0.0,0.0,0.0835643112659454,0.1270122363172993,554990a77b2d2e8f6498d66d6182e5b9f7b8a61fd2c63c09d3ded066f44b5563,,,,results/frozen_sources/mechanisms/random_mask_control_per_seed.csv#row=372
offline_post_hoc,N-MNIST,SNN-DFA,20260901,H2,basis_eval,512,30,800,same_trained_model_and_neuron_coordinates,True,random_sparsity,0.25,nan,global_frobenius_norm_matched,204635190114.0,0.25,0.25,4.0,nan,111,305,436,540,678,43.85616062245423,6.05673131973314,426.97750047022254,0.5337218755877782,0.0161185296752009,0.0796704312255588,0.25,0.25,0.0637396052479744,0.0970403554383491,554990a77b2d2e8f6498d66d6182e5b9f7b8a61fd2c63c09d3ded066f44b5563,,,,results/frozen_sources/mechanisms/random_mask_control_per_seed.csv#row=373
offline_post_hoc,N-MNIST,SNN-DFA,20260901,H2,basis_eval,512,30,800,same_trained_model_and_neuron_coordinates,True,random_sparsity,0.50,nan,global_frobenius_norm_matched,204635190114.0,0.5,0.5,4.0,nan,114,306,437,541,678,60.03827451979264,6.0959048911903055,444.0356674011277,0.5550445842514096,0.0131594057247976,0.0796605294226397,0.5,0.5,0.0438311174511909,0.0661511460673985,554990a77b2d2e8f6498d66d6182e5b9f7b8a61fd2c63c09d3ded066f44b5563,,,,results/frozen_sources/mechanisms/random_mask_control_per_seed.csv#row=374
offline_post_hoc,N-MNIST,SNN-DFA,20260901,H2,basis_eval,512,30,800,same_trained_model_and_neuron_coordinates,True,random_sparsity,0.75,nan,global_frobenius_norm_matched,204635190114.0,0.75,0.75,4.0,nan,115,307,438,540,677,81.999947134959,6.11091841335114,450.752502240867,0.5634406278010837,0.0093053044028288,0.0796477970850749,0.75,0.75,0.0242052730172872,0.0362654311957006,554990a77b2d2e8f6498d66d6182e5b9f7b8a61fd2c63c09d3ded066f44b5563,,,,results/frozen_sources/mechanisms/random_mask_control_per_seed.csv#row=375
offline_post_hoc,N-MNIST,SNN-DFA,20260901,H2,basis_eval,512,30,800,same_trained_model_and_neuron_coordinates,True,random_sparsity,ann_matched,nan,global_frobenius_norm_matched,204635190114.0,0.7554581705729166,0.7554581705729166,4.0,nan,114,307,437,540,676,81.74354170153723,6.109918198109499,450.3018781160451,0.5628773476450564,0.0092017626469786,0.0796474102780399,0.7554581705729166,0.7554581705729166,0.0237860661000013,0.0355952254047714,554990a77b2d2e8f6498d66d6182e5b9f7b8a61fd2c63c09d3ded066f44b5563,,,,results/frozen_sources/mechanisms/random_mask_control_per_seed.csv#row=376
offline_post_hoc,N-MNIST,SNN-DFA,20260901,H2,basis_eval,512,30,800,same_trained_model_and_neuron_coordinates,True,random_sparsity,0,nan,global_frobenius_norm_matched,204635190115.0,0.0,0.0,5.0,nan,106,300,431,537,678,34.045276655207715,6.001673610192041,404.1045413448045,0.5051306766810056,0.0186192920542552,0.0796819855352072,0.0,0.0,0.0835643112659454,0.1270122363172993,554990a77b2d2e8f6498d66d6182e5b9f7b8a61fd2c63c09d3ded066f44b5563,,,,results/frozen_sources/mechanisms/random_mask_control_per_seed.csv#row=377
offline_post_hoc,N-MNIST,SNN-DFA,20260901,H2,basis_eval,512,30,800,same_trained_model_and_neuron_coordinates,True,random_sparsity,0.25,nan,global_frobenius_norm_matched,204635190115.0,0.25,0.25,5.0,nan,109,303,435,539,679,43.41418468765535,6.049602116525681,423.9443160453479,0.5299303950566848,0.0161221061045468,0.0796704246268932,0.25,0.25,0.0637181624770164,0.0971071533412454,554990a77b2d2e8f6498d66d6182e5b9f7b8a61fd2c63c09d3ded066f44b5563,,,,results/frozen_sources/mechanisms/random_mask_control_per_seed.csv#row=378
offline_post_hoc,N-MNIST,SNN-DFA,20260901,H2,basis_eval,512,30,800,same_trained_model_and_neuron_coordinates,True,random_sparsity,0.50,nan,global_frobenius_norm_matched,204635190115.0,0.5,0.5,5.0,nan,111,306,437,540,678,57.71067619950024,6.078988549332765,436.5873847199666,0.5457342308999583,0.013152531019845,0.0796605065976993,0.5,0.5,0.0437901690602302,0.066314375370767,554990a77b2d2e8f6498d66d6182e5b9f7b8a61fd2c63c09d3ded066f44b5563,,,,results/frozen_sources/mechanisms/random_mask_control_per_seed.csv#row=379
offline_post_hoc,N-MNIST,SNN-DFA,20260901,H2,basis_eval,512,30,800,same_trained_model_and_neuron_coordinates,True,random_sparsity,0.75,nan,global_frobenius_norm_matched,204635190115.0,0.75,0.75,5.0,nan,109,298,428,532,673,58.16478125989022,6.067006061585575,431.38719952971695,0.5392339994121462,0.009293338420952,0.0796478217451865,0.75,0.75,0.0243640504777431,0.0373172375704945,554990a77b2d2e8f6498d66d6182e5b9f7b8a61fd2c63c09d3ded066f44b5563,,,,results/frozen_sources/mechanisms/random_mask_control_per_seed.csv#row=380
offline_post_hoc,N-MNIST,SNN-DFA,20260901,H2,basis_eval,512,30,800,same_trained_model_and_neuron_coordinates,True,random_sparsity,ann_matched,nan,global_frobenius_norm_matched,204635190115.0,0.7554581705729166,0.7554581705729166,5.0,nan,108,297,427,532,673,57.41244452343668,6.063478822066956,429.8682739337021,0.5373353424171277,0.0091910201146969,0.0796474429461618,0.7554581705729166,0.7554581705729166,0.023938350379467,0.0367456065216809,554990a77b2d2e8f6498d66d6182e5b9f7b8a61fd2c63c09d3ded066f44b5563,,,,results/frozen_sources/mechanisms/random_mask_control_per_seed.csv#row=381
offline_post_hoc,N-MNIST,SNN-DFA,20260901,H2,basis_eval,512,30,800,same_trained_model_and_neuron_coordinates,True,random_sparsity,0,nan,global_frobenius_norm_matched,204635190116.0,0.0,0.0,6.0,nan,106,300,431,537,678,34.045276655207715,6.001673610192041,404.1045413448045,0.5051306766810056,0.0186192920542552,0.0796819855352072,0.0,0.0,0.0835643112659454,0.1270122363172993,554990a77b2d2e8f6498d66d6182e5b9f7b8a61fd2c63c09d3ded066f44b5563,,,,results/frozen_sources/mechanisms/random_mask_control_per_seed.csv#row=382
offline_post_hoc,N-MNIST,SNN-DFA,20260901,H2,basis_eval,512,30,800,same_trained_model_and_neuron_coordinates,True,random_sparsity,0.25,nan,global_frobenius_norm_matched,204635190116.0,0.25,0.25,6.0,nan,112,305,436,540,679,42.942670849648245,6.062421629986119,429.4140607362985,0.5367675759203732,0.0161266538535767,0.0796702982708238,0.25,0.25,0.0636034235358238,0.0968151316359677,554990a77b2d2e8f6498d66d6182e5b9f7b8a61fd2c63c09d3ded066f44b5563,,,,results/frozen_sources/mechanisms/random_mask_control_per_seed.csv#row=383
offline_post_hoc,N-MNIST,SNN-DFA,20260901,H2,basis_eval,512,30,800,same_trained_model_and_neuron_coordinates,True,random_sparsity,0.50,nan,global_frobenius_norm_matched,204635190116.0,0.5,0.5,6.0,nan,117,310,438,541,679,59.5174759959326,6.108533772821761,449.6789001415977,0.5620986251769972,0.0131672297069212,0.0796605438603583,0.5,0.5,0.0437415614724159,0.0668773883270723,554990a77b2d2e8f6498d66d6182e5b9f7b8a61fd2c63c09d3ded066f44b5563,,,,results/frozen_sources/mechanisms/random_mask_control_per_seed.csv#row=384
offline_post_hoc,N-MNIST,SNN-DFA,20260901,H2,basis_eval,512,30,800,same_trained_model_and_neuron_coordinates,True,random_sparsity,0.75,nan,global_frobenius_norm_matched,204635190116.0,0.75,0.75,6.0,nan,117,304,432,535,675,77.79869490012169,6.108561344516044,449.6912987216821,0.5621141234021027,0.0093183475334462,0.0796479407894589,0.75,0.75,0.0242211632430553,0.0374707903117548,554990a77b2d2e8f6498d66d6182e5b9f7b8a61fd2c63c09d3ded066f44b5563,,,,results/frozen_sources/mechanisms/random_mask_control_per_seed.csv#row=385
offline_post_hoc,N-MNIST,SNN-DFA,20260901,H2,basis_eval,512,30,800,same_trained_model_and_neuron_coordinates,True,random_sparsity,ann_matched,nan,global_frobenius_norm_matched,204635190116.0,0.7554581705729166,0.7554581705729166,6.0,nan,119,306,433,536,675,89.14867509081354,6.121690334478302,455.63421816856913,0.5695427727107114,0.0092155537718021,0.0796475275278221,0.7554581705729166,0.7554581705729166,0.0237623751163482,0.0366286450337327,554990a77b2d2e8f6498d66d6182e5b9f7b8a61fd2c63c09d3ded066f44b5563,,,,results/frozen_sources/mechanisms/random_mask_control_per_seed.csv#row=386
offline_post_hoc,N-MNIST,SNN-DFA,20260901,H2,basis_eval,512,30,800,same_trained_model_and_neuron_coordinates,True,random_sparsity,0,nan,global_frobenius_norm_matched,204635190117.0,0.0,0.0,7.0,nan,106,300,431,537,678,34.045276655207715,6.001673610192041,404.1045413448045,0.5051306766810056,0.0186192920542552,0.0796819855352072,0.0,0.0,0.0835643112659454,0.1270122363172993,554990a77b2d2e8f6498d66d6182e5b9f7b8a61fd2c63c09d3ded066f44b5563,,,,results/frozen_sources/mechanisms/random_mask_control_per_seed.csv#row=387
offline_post_hoc,N-MNIST,SNN-DFA,20260901,H2,basis_eval,512,30,800,same_trained_model_and_neuron_coordinates,True,random_sparsity,0.25,nan,global_frobenius_norm_matched,204635190117.0,0.25,0.25,7.0,nan,111,304,435,539,678,43.46863691688027,6.057707351609299,427.3944475648118,0.5342430594560148,0.0161242374054662,0.0796704739242556,0.25,0.25,0.0636827126145362,0.0964875871667755,554990a77b2d2e8f6498d66d6182e5b9f7b8a61fd2c63c09d3ded066f44b5563,,,,results/frozen_sources/mechanisms/random_mask_control_per_seed.csv#row=388
offline_post_hoc,N-MNIST,SNN-DFA,20260901,H2,basis_eval,512,30,800,same_trained_model_and_neuron_coordinates,True,random_sparsity,0.50,nan,global_frobenius_norm_matched,204635190117.0,0.5,0.5,7.0,nan,114,304,435,539,679,58.29192455244203,6.089602604917827,441.24602729866274,0.5515575341233284,0.0131602603539964,0.0796605457545811,0.5,0.5,0.043620366603136,0.066328030883486,554990a77b2d2e8f6498d66d6182e5b9f7b8a61fd2c63c09d3ded066f44b5563,,,,results/frozen_sources/mechanisms/random_mask_control_per_seed.csv#row=389
offline_post_hoc,N-MNIST,SNN-DFA,20260901,H2,basis_eval,512,30,800,same_trained_model_and_neuron_coordinates,True,random_sparsity,0.75,nan,global_frobenius_norm_matched,204635190117.0,0.75,0.75,7.0,nan,108,293,424,529,673,49.10600718211796,6.065866579930012,430.895921683612,0.5386199021045149,0.0093016348354593,0.0796479148862268,0.75,0.75,0.0240814127027988,0.0369292131985461,554990a77b2d2e8f6498d66d6182e5b9f7b8a61fd2c63c09d3ded066f44b5563,,,,results/frozen_sources/mechanisms/random_mask_control_per_seed.csv#row=390
offline_post_hoc,N-MNIST,SNN-DFA,20260901,H2,basis_eval,512,30,800,same_trained_model_and_neuron_coordinates,True,random_sparsity,ann_matched,nan,global_frobenius_norm_matched,204635190117.0,0.7554581705729166,0.7554581705729166,7.0,nan,108,293,424,529,673,48.85057472699762,6.063765259755939,429.9914220449429,0.5374892775561786,0.0092008854831349,0.0796475102394092,0.7554581705729166,0.7554581705729166,0.0237488560378551,0.0363455892781995,554990a77b2d2e8f6498d66d6182e5b9f7b8a61fd2c63c09d3ded066f44b5563,,,,results/frozen_sources/mechanisms/random_mask_control_per_seed.csv#row=391
offline_post_hoc,N-MNIST,SNN-DFA,20260901,H2,basis_eval,512,30,800,same_trained_model_and_neuron_coordinates,True,random_sparsity,0,nan,global_frobenius_norm_matched,204635190118.0,0.0,0.0,8.0,nan,106,300,431,537,678,34.045276655207715,6.001673610192041,404.1045413448045,0.5051306766810056,0.0186192920542552,0.0796819855352072,0.0,0.0,0.0835643112659454,0.1270122363172993,554990a77b2d2e8f6498d66d6182e5b9f7b8a61fd2c63c09d3ded066f44b5563,,,,results/frozen_sources/mechanisms/random_mask_control_per_seed.csv#row=392
offline_post_hoc,N-MNIST,SNN-DFA,20260901,H2,basis_eval,512,30,800,same_trained_model_and_neuron_coordinates,True,random_sparsity,0.25,nan,global_frobenius_norm_matched,204635190118.0,0.25,0.25,8.0,nan,110,304,435,540,678,42.93442236480076,6.052330980536528,425.10278236163066,0.5313784779520383,0.0161281753873464,0.0796703913193406,0.25,0.25,0.0636191889643669,0.0964703964886982,554990a77b2d2e8f6498d66d6182e5b9f7b8a61fd2c63c09d3ded066f44b5563,,,,results/frozen_sources/mechanisms/random_mask_control_per_seed.csv#row=393
offline_post_hoc,N-MNIST,SNN-DFA,20260901,H2,basis_eval,512,30,800,same_trained_model_and_neuron_coordinates,True,random_sparsity,0.50,nan,global_frobenius_norm_matched,204635190118.0,0.5,0.5,8.0,nan,113,306,436,539,677,59.46077651140032,6.094153092054884,443.258487033577,0.5540731087919712,0.0131788447991912,0.0796604880654806,0.5,0.5,0.0438263490796089,0.0664379029862905,554990a77b2d2e8f6498d66d6182e5b9f7b8a61fd2c63c09d3ded066f44b5563,,,,results/frozen_sources/mechanisms/random_mask_control_per_seed.csv#row=394
offline_post_hoc,N-MNIST,SNN-DFA,20260901,H2,basis_eval,512,30,800,same_trained_model_and_neuron_coordinates,True,random_sparsity,0.75,nan,global_frobenius_norm_matched,204635190118.0,0.75,0.75,8.0,nan,112,301,431,535,675,91.20913072738264,6.097849350270978,444.8999165630087,0.5561248957037609,0.009317460583256,0.0796478121634479,0.75,0.75,0.0240053497254848,0.0369687780863823,554990a77b2d2e8f6498d66d6182e5b9f7b8a61fd2c63c09d3ded066f44b5563,,,,results/frozen_sources/mechanisms/random_mask_control_per_seed.csv#row=395
offline_post_hoc,N-MNIST,SNN-DFA,20260901,H2,basis_eval,512,30,800,same_trained_model_and_neuron_coordinates,True,random_sparsity,ann_matched,nan,global_frobenius_norm_matched,204635190118.0,0.7554581705729166,0.7554581705729166,8.0,nan,112,301,430,534,674,91.3292661612846,6.096695219957407,444.38674027591634,0.5554834253448955,0.0092156866874609,0.0796473913084959,0.7554581705729166,0.7554581705729166,0.023599749431014,0.0363340995952527,554990a77b2d2e8f6498d66d6182e5b9f7b8a61fd2c63c09d3ded066f44b5563,,,,results/frozen_sources/mechanisms/random_mask_control_per_seed.csv#row=396
offline_post_hoc,N-MNIST,SNN-DFA,20260901,H2,basis_eval,512,30,800,same_trained_model_and_neuron_coordinates,True,random_sparsity,0,nan,global_frobenius_norm_matched,204635190119.0,0.0,0.0,9.0,nan,106,300,431,537,678,34.045276655207715,6.001673610192041,404.1045413448045,0.5051306766810056,0.0186192920542552,0.0796819855352072,0.0,0.0,0.0835643112659454,0.1270122363172993,554990a77b2d2e8f6498d66d6182e5b9f7b8a61fd2c63c09d3ded066f44b5563,,,,results/frozen_sources/mechanisms/random_mask_control_per_seed.csv#row=397
offline_post_hoc,N-MNIST,SNN-DFA,20260901,H2,basis_eval,512,30,800,same_trained_model_and_neuron_coordinates,True,random_sparsity,0.25,nan,global_frobenius_norm_matched,204635190119.0,0.25,0.25,9.0,nan,112,306,438,543,681,42.64632058043112,6.061512973056933,429.0240478952907,0.5362800598691134,0.0161275191258117,0.0796703100908772,0.25,0.25,0.0634383335709571,0.0968307638452848,554990a77b2d2e8f6498d66d6182e5b9f7b8a61fd2c63c09d3ded066f44b5563,,,,results/frozen_sources/mechanisms/random_mask_control_per_seed.csv#row=398
offline_post_hoc,N-MNIST,SNN-DFA,20260901,H2,basis_eval,512,30,800,same_trained_model_and_neuron_coordinates,True,random_sparsity,0.50,nan,global_frobenius_norm_matched,204635190119.0,0.5,0.5,9.0,nan,117,311,442,544,680,61.53285076250291,6.111705612209661,451.1074737943768,0.563884342242971,0.0131741728301266,0.079660618269195,0.5,0.5,0.0436322763562202,0.0665080510402052,554990a77b2d2e8f6498d66d6182e5b9f7b8a61fd2c63c09d3ded066f44b5563,,,,results/frozen_sources/mechanisms/random_mask_control_per_seed.csv#row=399
offline_post_hoc,N-MNIST,SNN-DFA,20260901,H2,basis_eval,512,30,800,same_trained_model_and_neuron_coordinates,True,random_sparsity,0.75,nan,global_frobenius_norm_matched,204635190119.0,0.75,0.75,9.0,nan,119,309,437,539,676,95.95851064842331,6.131124107811782,459.9529068419544,0.574941133552443,0.0093247264252721,0.0796478832084092,0.75,0.75,0.0241160988807678,0.0367735736461829,554990a77b2d2e8f6498d66d6182e5b9f7b8a61fd2c63c09d3ded066f44b5563,,,,results/frozen_sources/mechanisms/random_mask_control_per_seed.csv#row=400
offline_post_hoc,N-MNIST,SNN-DFA,20260901,H2,basis_eval,512,30,800,same_trained_model_and_neuron_coordinates,True,random_sparsity,ann_matched,nan,global_frobenius_norm_matched,204635190119.0,0.7554581705729166,0.7554581705729166,9.0,nan,118,308,436,538,676,96.0105501870053,6.127481322179,458.28044506047655,0.5728505563255957,0.0092230575793788,0.0796474886634337,0.7554581705729166,0.7554581705729166,0.0237042866647243,0.0360935818996146,554990a77b2d2e8f6498d66d6182e5b9f7b8a61fd2c63c09d3ded066f44b5563,,,,results/frozen_sources/mechanisms/random_mask_control_per_seed.csv#row=401
offline_post_hoc,N-MNIST,SNN-DFA,20260901,H3,basis_eval,512,30,800,same_trained_model_and_neuron_coordinates,True,random_sparsity,0,nan,global_frobenius_norm_matched,204635190120.0,0.0,0.0,0.0,nan,95,273,404,516,685,41.68307580580713,5.969187366391296,391.1876493187913,0.4889845616484891,0.007992614992574,0.0506946907210867,0.0,0.0,0.0856544226408004,0.1364355746944233,554990a77b2d2e8f6498d66d6182e5b9f7b8a61fd2c63c09d3ded066f44b5563,,,,results/frozen_sources/mechanisms/random_mask_control_per_seed.csv#row=402
offline_post_hoc,N-MNIST,SNN-DFA,20260901,H3,basis_eval,512,30,800,same_trained_model_and_neuron_coordinates,True,random_sparsity,0.25,nan,global_frobenius_norm_matched,204635190120.0,0.25,0.25,0.0,nan,96,275,406,517,685,47.90581994946244,5.991018987676544,399.8218159261698,0.4997772699077122,0.0069182658808803,0.0506920500440812,0.25,0.25,0.0683454871177673,0.1069969832214439,554990a77b2d2e8f6498d66d6182e5b9f7b8a61fd2c63c09d3ded066f44b5563,,,,results/frozen_sources/mechanisms/random_mask_control_per_seed.csv#row=403
offline_post_hoc,N-MNIST,SNN-DFA,20260901,H3,basis_eval,512,30,800,same_trained_model_and_neuron_coordinates,True,random_sparsity,0.50,nan,global_frobenius_norm_matched,204635190120.0,0.5,0.5,0.0,nan,92,269,399,511,681,42.555624978771725,5.9650959954936535,389.5904252010235,0.4869880315012793,0.0056550601339965,0.0506873412328006,0.5,0.5,0.051706813275814,0.0799126367146416,554990a77b2d2e8f6498d66d6182e5b9f7b8a61fd2c63c09d3ded066f44b5563,,,,results/frozen_sources/mechanisms/random_mask_control_per_seed.csv#row=404
offline_post_hoc,N-MNIST,SNN-DFA,20260901,H3,basis_eval,512,30,800,same_trained_model_and_neuron_coordinates,True,random_sparsity,0.75,nan,global_frobenius_norm_matched,204635190120.0,0.75,0.75,0.0,nan,83,253,382,496,672,27.18051093601916,5.874473369995068,355.83721676309915,0.4447965209538739,0.0039956385702754,0.0506826943788025,0.75,0.75,0.0336898639798164,0.0497996894029224,554990a77b2d2e8f6498d66d6182e5b9f7b8a61fd2c63c09d3ded066f44b5563,,,,results/frozen_sources/mechanisms/random_mask_control_per_seed.csv#row=405
offline_post_hoc,N-MNIST,SNN-DFA,20260901,H3,basis_eval,512,30,800,same_trained_model_and_neuron_coordinates,True,random_sparsity,ann_matched,nan,global_frobenius_norm_matched,204635190120.0,0.8770187174479167,0.8770187174479167,0.0,nan,60,216,342,457,647,25.33816650331103,5.650983585492355,284.57122834793114,0.3557140354349139,0.0027996097002514,0.0506795903089086,0.8770187174479167,0.8770187174479167,0.0228450782597064,0.0311132399871882,554990a77b2d2e8f6498d66d6182e5b9f7b8a61fd2c63c09d3ded066f44b5563,,,,results/frozen_sources/mechanisms/random_mask_control_per_seed.csv#row=406
offline_post_hoc,N-MNIST,SNN-DFA,20260901,H3,basis_eval,512,30,800,same_trained_model_and_neuron_coordinates,True,random_sparsity,0,nan,global_frobenius_norm_matched,204635190121.0,0.0,0.0,1.0,nan,95,273,404,516,685,41.68307580580713,5.969187366391296,391.1876493187913,0.4889845616484891,0.007992614992574,0.0506946907210867,0.0,0.0,0.0856544226408004,0.1364355746944233,554990a77b2d2e8f6498d66d6182e5b9f7b8a61fd2c63c09d3ded066f44b5563,,,,results/frozen_sources/mechanisms/random_mask_control_per_seed.csv#row=407
offline_post_hoc,N-MNIST,SNN-DFA,20260901,H3,basis_eval,512,30,800,same_trained_model_and_neuron_coordinates,True,random_sparsity,0.25,nan,global_frobenius_norm_matched,204635190121.0,0.25,0.25,1.0,nan,96,274,404,517,685,50.703098896046605,5.990262267276755,399.5193770470447,0.4993992213088058,0.0069216000734121,0.0506921677654687,0.25,0.25,0.0684608966112136,0.1090789916317012,554990a77b2d2e8f6498d66d6182e5b9f7b8a61fd2c63c09d3ded066f44b5563,,,,results/frozen_sources/mechanisms/random_mask_control_per_seed.csv#row=408
offline_post_hoc,N-MNIST,SNN-DFA,20260901,H3,basis_eval,512,30,800,same_trained_model_and_neuron_coordinates,True,random_sparsity,0.50,nan,global_frobenius_norm_matched,204635190121.0,0.5,0.5,1.0,nan,95,271,400,512,681,48.67786369607576,5.987908035995212,398.5799223127827,0.4982249028909783,0.0056508171887295,0.0506873203461606,0.5,0.5,0.0517229028046131,0.080256666338766,554990a77b2d2e8f6498d66d6182e5b9f7b8a61fd2c63c09d3ded066f44b5563,,,,results/frozen_sources/mechanisms/random_mask_control_per_seed.csv#row=409
offline_post_hoc,N-MNIST,SNN-DFA,20260901,H3,basis_eval,512,30,800,same_trained_model_and_neuron_coordinates,True,random_sparsity,0.75,nan,global_frobenius_norm_matched,204635190121.0,0.75,0.75,1.0,nan,90,257,384,496,671,32.96438407895031,5.9314298779714205,376.692753594798,0.4708659419934975,0.0039976635020654,0.0506826283618039,0.75,0.75,0.0339820832014083,0.0517383253922834,554990a77b2d2e8f6498d66d6182e5b9f7b8a61fd2c63c09d3ded066f44b5563,,,,results/frozen_sources/mechanisms/random_mask_control_per_seed.csv#row=410
offline_post_hoc,N-MNIST,SNN-DFA,20260901,H3,basis_eval,512,30,800,same_trained_model_and_neuron_coordinates,True,random_sparsity,ann_matched,nan,global_frobenius_norm_matched,204635190121.0,0.8770187174479167,0.8770187174479167,1.0,nan,70,220,347,461,643,21.365869690982525,5.747263867661834,313.3321680694803,0.3916652100868504,0.0027993055993916,0.0506795988124648,0.8770187174479167,0.8770187174479167,0.0228433869779109,0.0337375562815257,554990a77b2d2e8f6498d66d6182e5b9f7b8a61fd2c63c09d3ded066f44b5563,,,,results/frozen_sources/mechanisms/random_mask_control_per_seed.csv#row=411
offline_post_hoc,N-MNIST,SNN-DFA,20260901,H3,basis_eval,512,30,800,same_trained_model_and_neuron_coordinates,True,random_sparsity,0,nan,global_frobenius_norm_matched,204635190122.0,0.0,0.0,2.0,nan,95,273,404,516,685,41.68307580580713,5.969187366391296,391.1876493187913,0.4889845616484891,0.007992614992574,0.0506946907210867,0.0,0.0,0.0856544226408004,0.1364355746944233,554990a77b2d2e8f6498d66d6182e5b9f7b8a61fd2c63c09d3ded066f44b5563,,,,results/frozen_sources/mechanisms/random_mask_control_per_seed.csv#row=412
offline_post_hoc,N-MNIST,SNN-DFA,20260901,H3,basis_eval,512,30,800,same_trained_model_and_neuron_coordinates,True,random_sparsity,0.25,nan,global_frobenius_norm_matched,204635190122.0,0.25,0.25,2.0,nan,99,279,409,520,686,46.31143639038108,6.003684625459793,404.91801943148846,0.5061475242893606,0.0069233258329602,0.0506920542576975,0.25,0.25,0.0684015676379203,0.1088354279727096,554990a77b2d2e8f6498d66d6182e5b9f7b8a61fd2c63c09d3ded066f44b5563,,,,results/frozen_sources/mechanisms/random_mask_control_per_seed.csv#row=413
offline_post_hoc,N-MNIST,SNN-DFA,20260901,H3,basis_eval,512,30,800,same_trained_model_and_neuron_coordinates,True,random_sparsity,0.50,nan,global_frobenius_norm_matched,204635190122.0,0.5,0.5,2.0,nan,101,280,409,520,684,47.57717783586302,6.022718991747558,412.69919729475,0.5158739966184375,0.0056470165882646,0.050687264629783,0.5,0.5,0.0509751066565513,0.080875969574409,554990a77b2d2e8f6498d66d6182e5b9f7b8a61fd2c63c09d3ded066f44b5563,,,,results/frozen_sources/mechanisms/random_mask_control_per_seed.csv#row=414
offline_post_hoc,N-MNIST,SNN-DFA,20260901,H3,basis_eval,512,30,800,same_trained_model_and_neuron_coordinates,True,random_sparsity,0.75,nan,global_frobenius_norm_matched,204635190122.0,0.75,0.75,2.0,nan,91,259,388,501,673,60.48456146418105,5.95966239737958,387.47928813068825,0.4843491101633603,0.0040017345734709,0.0506826332410592,0.75,0.75,0.0334734581410884,0.0516871592493042,554990a77b2d2e8f6498d66d6182e5b9f7b8a61fd2c63c09d3ded066f44b5563,,,,results/frozen_sources/mechanisms/random_mask_control_per_seed.csv#row=415
offline_post_hoc,N-MNIST,SNN-DFA,20260901,H3,basis_eval,512,30,800,same_trained_model_and_neuron_coordinates,True,random_sparsity,ann_matched,nan,global_frobenius_norm_matched,204635190122.0,0.8770187174479167,0.8770187174479167,2.0,nan,78,230,354,466,654,43.32922153345473,5.844356293209896,345.2802110145272,0.431600263768159,0.0028126547846887,0.0506796032873356,0.8770187174479167,0.8770187174479167,0.0229995436966419,0.0341139405710973,554990a77b2d2e8f6498d66d6182e5b9f7b8a61fd2c63c09d3ded066f44b5563,,,,results/frozen_sources/mechanisms/random_mask_control_per_seed.csv#row=416
offline_post_hoc,N-MNIST,SNN-DFA,20260901,H3,basis_eval,512,30,800,same_trained_model_and_neuron_coordinates,True,random_sparsity,0,nan,global_frobenius_norm_matched,204635190123.0,0.0,0.0,3.0,nan,95,273,404,516,685,41.68307580580713,5.969187366391296,391.1876493187913,0.4889845616484891,0.007992614992574,0.0506946907210867,0.0,0.0,0.0856544226408004,0.1364355746944233,554990a77b2d2e8f6498d66d6182e5b9f7b8a61fd2c63c09d3ded066f44b5563,,,,results/frozen_sources/mechanisms/random_mask_control_per_seed.csv#row=417
offline_post_hoc,N-MNIST,SNN-DFA,20260901,H3,basis_eval,512,30,800,same_trained_model_and_neuron_coordinates,True,random_sparsity,0.25,nan,global_frobenius_norm_matched,204635190123.0,0.25,0.25,3.0,nan,94,271,401,513,683,48.32446235679965,5.9753740158780415,393.6152919325468,0.4920191149156835,0.0069228375546036,0.0506920473731289,0.25,0.25,0.0685732066631317,0.1090566960322702,554990a77b2d2e8f6498d66d6182e5b9f7b8a61fd2c63c09d3ded066f44b5563,,,,results/frozen_sources/mechanisms/random_mask_control_per_seed.csv#row=418
offline_post_hoc,N-MNIST,SNN-DFA,20260901,H3,basis_eval,512,30,800,same_trained_model_and_neuron_coordinates,True,random_sparsity,0.50,nan,global_frobenius_norm_matched,204635190123.0,0.5,0.5,3.0,nan,94,269,398,509,678,57.9521365289981,5.982501035537248,396.4306163757562,0.4955382704696952,0.0056573587935478,0.0506873641807475,0.5,0.5,0.0517294555902481,0.0807930710574769,554990a77b2d2e8f6498d66d6182e5b9f7b8a61fd2c63c09d3ded066f44b5563,,,,results/frozen_sources/mechanisms/random_mask_control_per_seed.csv#row=419
offline_post_hoc,N-MNIST,SNN-DFA,20260901,H3,basis_eval,512,30,800,same_trained_model_and_neuron_coordinates,True,random_sparsity,0.75,nan,global_frobenius_norm_matched,204635190123.0,0.75,0.75,3.0,nan,86,253,378,489,664,45.05269661361527,5.905344458626717,366.99361813546665,0.4587420226693333,0.0040028918907596,0.0506826611521232,0.75,0.75,0.0339681170880794,0.0521055732325388,554990a77b2d2e8f6498d66d6182e5b9f7b8a61fd2c63c09d3ded066f44b5563,,,,results/frozen_sources/mechanisms/random_mask_control_per_seed.csv#row=420
offline_post_hoc,N-MNIST,SNN-DFA,20260901,H3,basis_eval,512,30,800,same_trained_model_and_neuron_coordinates,True,random_sparsity,ann_matched,nan,global_frobenius_norm_matched,204635190123.0,0.8770187174479167,0.8770187174479167,3.0,nan,69,220,342,454,638,44.219663091838015,5.770084646398525,320.5648661603772,0.4007060827004715,0.0028064694239299,0.0506795680029359,0.8770187174479167,0.8770187174479167,0.0231765322387218,0.0329721667416416,554990a77b2d2e8f6498d66d6182e5b9f7b8a61fd2c63c09d3ded066f44b5563,,,,results/frozen_sources/mechanisms/random_mask_control_per_seed.csv#row=421
offline_post_hoc,N-MNIST,SNN-DFA,20260901,H3,basis_eval,512,30,800,same_trained_model_and_neuron_coordinates,True,random_sparsity,0,nan,global_frobenius_norm_matched,204635190124.0,0.0,0.0,4.0,nan,95,273,404,516,685,41.68307580580713,5.969187366391296,391.1876493187913,0.4889845616484891,0.007992614992574,0.0506946907210867,0.0,0.0,0.0856544226408004,0.1364355746944233,554990a77b2d2e8f6498d66d6182e5b9f7b8a61fd2c63c09d3ded066f44b5563,,,,results/frozen_sources/mechanisms/random_mask_control_per_seed.csv#row=422
offline_post_hoc,N-MNIST,SNN-DFA,20260901,H3,basis_eval,512,30,800,same_trained_model_and_neuron_coordinates,True,random_sparsity,0.25,nan,global_frobenius_norm_matched,204635190124.0,0.25,0.25,4.0,nan,96,273,403,515,684,51.27467958566045,5.986544606459372,398.036856974097,0.4975460712176213,0.0069214665862939,0.0506920872623217,0.25,0.25,0.0684180408716201,0.108658223665709,554990a77b2d2e8f6498d66d6182e5b9f7b8a61fd2c63c09d3ded066f44b5563,,,,results/frozen_sources/mechanisms/random_mask_control_per_seed.csv#row=423
offline_post_hoc,N-MNIST,SNN-DFA,20260901,H3,basis_eval,512,30,800,same_trained_model_and_neuron_coordinates,True,random_sparsity,0.50,nan,global_frobenius_norm_matched,204635190124.0,0.5,0.5,4.0,nan,91,266,395,508,680,56.54364215085948,5.963101607852118,388.8142051708495,0.4860177564635619,0.005650817709265,0.0506872641216079,0.5,0.5,0.051562488079071,0.081827449677407,554990a77b2d2e8f6498d66d6182e5b9f7b8a61fd2c63c09d3ded066f44b5563,,,,results/frozen_sources/mechanisms/random_mask_control_per_seed.csv#row=424
offline_post_hoc,N-MNIST,SNN-DFA,20260901,H3,basis_eval,512,30,800,same_trained_model_and_neuron_coordinates,True,random_sparsity,0.75,nan,global_frobenius_norm_matched,204635190124.0,0.75,0.75,4.0,nan,87,256,383,495,671,51.43248946862518,5.91105230752764,369.0943518873968,0.4613679398592459,0.0039933207185496,0.0506826056041109,0.75,0.75,0.0335414111614227,0.0535572945464322,554990a77b2d2e8f6498d66d6182e5b9f7b8a61fd2c63c09d3ded066f44b5563,,,,results/frozen_sources/mechanisms/random_mask_control_per_seed.csv#row=425
offline_post_hoc,N-MNIST,SNN-DFA,20260901,H3,basis_eval,512,30,800,same_trained_model_and_neuron_coordinates,True,random_sparsity,ann_matched,nan,global_frobenius_norm_matched,204635190124.0,0.8770187174479167,0.8770187174479167,4.0,nan,75,237,362,478,660,43.993375157824886,5.830289939643025,340.45737685316766,0.4255717210664596,0.002803001513266,0.0506794368968323,0.8770187174479167,0.8770187174479167,0.0227406360208988,0.0348517309177009,554990a77b2d2e8f6498d66d6182e5b9f7b8a61fd2c63c09d3ded066f44b5563,,,,results/frozen_sources/mechanisms/random_mask_control_per_seed.csv#row=426
offline_post_hoc,N-MNIST,SNN-DFA,20260901,H3,basis_eval,512,30,800,same_trained_model_and_neuron_coordinates,True,random_sparsity,0,nan,global_frobenius_norm_matched,204635190125.0,0.0,0.0,5.0,nan,95,273,404,516,685,41.68307580580713,5.969187366391296,391.1876493187913,0.4889845616484891,0.007992614992574,0.0506946907210867,0.0,0.0,0.0856544226408004,0.1364355746944233,554990a77b2d2e8f6498d66d6182e5b9f7b8a61fd2c63c09d3ded066f44b5563,,,,results/frozen_sources/mechanisms/random_mask_control_per_seed.csv#row=427
offline_post_hoc,N-MNIST,SNN-DFA,20260901,H3,basis_eval,512,30,800,same_trained_model_and_neuron_coordinates,True,random_sparsity,0.25,nan,global_frobenius_norm_matched,204635190125.0,0.25,0.25,5.0,nan,94,272,403,515,684,46.67259646336278,5.978974558410638,395.0350749934516,0.4937938437418145,0.0069232195783714,0.0506920989214493,0.25,0.25,0.0687045156955719,0.1092309018652628,554990a77b2d2e8f6498d66d6182e5b9f7b8a61fd2c63c09d3ded066f44b5563,,,,results/frozen_sources/mechanisms/random_mask_control_per_seed.csv#row=428
offline_post_hoc,N-MNIST,SNN-DFA,20260901,H3,basis_eval,512,30,800,same_trained_model_and_neuron_coordinates,True,random_sparsity,0.50,nan,global_frobenius_norm_matched,204635190125.0,0.5,0.5,5.0,nan,94,273,402,514,683,39.98894243204991,5.978730817997871,394.93880071465816,0.4936735008933227,0.0056525911304914,0.0506873221294173,0.5,0.5,0.0513494163751602,0.080259884160312,554990a77b2d2e8f6498d66d6182e5b9f7b8a61fd2c63c09d3ded066f44b5563,,,,results/frozen_sources/mechanisms/random_mask_control_per_seed.csv#row=429
offline_post_hoc,N-MNIST,SNN-DFA,20260901,H3,basis_eval,512,30,800,same_trained_model_and_neuron_coordinates,True,random_sparsity,0.75,nan,global_frobenius_norm_matched,204635190125.0,0.75,0.75,5.0,nan,90,260,386,497,673,27.546477722797786,5.918062173298409,371.6907432966819,0.4646134291208523,0.0039907133404792,0.0506826105498695,0.75,0.75,0.0337355732917785,0.0501157737259776,554990a77b2d2e8f6498d66d6182e5b9f7b8a61fd2c63c09d3ded066f44b5563,,,,results/frozen_sources/mechanisms/random_mask_control_per_seed.csv#row=430
offline_post_hoc,N-MNIST,SNN-DFA,20260901,H3,basis_eval,512,30,800,same_trained_model_and_neuron_coordinates,True,random_sparsity,ann_matched,nan,global_frobenius_norm_matched,204635190125.0,0.8770187174479167,0.8770187174479167,5.0,nan,77,235,358,469,653,27.73011489430863,5.817051379670463,335.9799144220059,0.4199748930275073,0.0028009957154408,0.0506795024940697,0.8770187174479167,0.8770187174479167,0.022688902914524,0.0318548565609638,554990a77b2d2e8f6498d66d6182e5b9f7b8a61fd2c63c09d3ded066f44b5563,,,,results/frozen_sources/mechanisms/random_mask_control_per_seed.csv#row=431
offline_post_hoc,N-MNIST,SNN-DFA,20260901,H3,basis_eval,512,30,800,same_trained_model_and_neuron_coordinates,True,random_sparsity,0,nan,global_frobenius_norm_matched,204635190126.0,0.0,0.0,6.0,nan,95,273,404,516,685,41.68307580580713,5.969187366391296,391.1876493187913,0.4889845616484891,0.007992614992574,0.0506946907210867,0.0,0.0,0.0856544226408004,0.1364355746944233,554990a77b2d2e8f6498d66d6182e5b9f7b8a61fd2c63c09d3ded066f44b5563,,,,results/frozen_sources/mechanisms/random_mask_control_per_seed.csv#row=432
offline_post_hoc,N-MNIST,SNN-DFA,20260901,H3,basis_eval,512,30,800,same_trained_model_and_neuron_coordinates,True,random_sparsity,0.25,nan,global_frobenius_norm_matched,204635190126.0,0.25,0.25,6.0,nan,99,278,408,520,686,51.288717076964126,6.010083556130307,407.51736942579606,0.5093967117822451,0.0069190082100468,0.0506921006322612,0.25,0.25,0.0685155987739563,0.1083167851193886,554990a77b2d2e8f6498d66d6182e5b9f7b8a61fd2c63c09d3ded066f44b5563,,,,results/frozen_sources/mechanisms/random_mask_control_per_seed.csv#row=433
offline_post_hoc,N-MNIST,SNN-DFA,20260901,H3,basis_eval,512,30,800,same_trained_model_and_neuron_coordinates,True,random_sparsity,0.50,nan,global_frobenius_norm_matched,204635190126.0,0.5,0.5,6.0,nan,100,276,405,517,683,58.71106131353453,6.018513854483498,410.9673843289723,0.5137092304112154,0.0056511526449375,0.0506873427808931,0.5,0.5,0.0512402988970279,0.0795210096095234,554990a77b2d2e8f6498d66d6182e5b9f7b8a61fd2c63c09d3ded066f44b5563,,,,results/frozen_sources/mechanisms/random_mask_control_per_seed.csv#row=434
offline_post_hoc,N-MNIST,SNN-DFA,20260901,H3,basis_eval,512,30,800,same_trained_model_and_neuron_coordinates,True,random_sparsity,0.75,nan,global_frobenius_norm_matched,204635190126.0,0.75,0.75,6.0,nan,97,270,397,507,675,65.91082865284703,5.995245102569353,401.5150843101392,0.501893855387674,0.0039985655836907,0.0506826028536178,0.75,0.75,0.0337084084749221,0.0512233001591842,554990a77b2d2e8f6498d66d6182e5b9f7b8a61fd2c63c09d3ded066f44b5563,,,,results/frozen_sources/mechanisms/random_mask_control_per_seed.csv#row=435
offline_post_hoc,N-MNIST,SNN-DFA,20260901,H3,basis_eval,512,30,800,same_trained_model_and_neuron_coordinates,True,random_sparsity,ann_matched,nan,global_frobenius_norm_matched,204635190126.0,0.8770187174479167,0.8770187174479167,6.0,nan,75,233,356,465,648,43.57971575757549,5.814002819387376,334.95721906526063,0.4186965238315758,0.0028024556768308,0.0506795178792403,0.8770187174479167,0.8770187174479167,0.0231871008872985,0.0330694349165611,554990a77b2d2e8f6498d66d6182e5b9f7b8a61fd2c63c09d3ded066f44b5563,,,,results/frozen_sources/mechanisms/random_mask_control_per_seed.csv#row=436
offline_post_hoc,N-MNIST,SNN-DFA,20260901,H3,basis_eval,512,30,800,same_trained_model_and_neuron_coordinates,True,random_sparsity,0,nan,global_frobenius_norm_matched,204635190127.0,0.0,0.0,7.0,nan,95,273,404,516,685,41.68307580580713,5.969187366391296,391.1876493187913,0.4889845616484891,0.007992614992574,0.0506946907210867,0.0,0.0,0.0856544226408004,0.1364355746944233,554990a77b2d2e8f6498d66d6182e5b9f7b8a61fd2c63c09d3ded066f44b5563,,,,results/frozen_sources/mechanisms/random_mask_control_per_seed.csv#row=437
offline_post_hoc,N-MNIST,SNN-DFA,20260901,H3,basis_eval,512,30,800,same_trained_model_and_neuron_coordinates,True,random_sparsity,0.25,nan,global_frobenius_norm_matched,204635190127.0,0.25,0.25,7.0,nan,98,276,406,517,685,52.47236871864883,6.006202043642075,405.9386515558602,0.5074233144448252,0.0069259208511577,0.0506920907413541,0.25,0.25,0.0685012340545654,0.1090348994489225,554990a77b2d2e8f6498d66d6182e5b9f7b8a61fd2c63c09d3ded066f44b5563,,,,results/frozen_sources/mechanisms/random_mask_control_per_seed.csv#row=438
offline_post_hoc,N-MNIST,SNN-DFA,20260901,H3,basis_eval,512,30,800,same_trained_model_and_neuron_coordinates,True,random_sparsity,0.50,nan,global_frobenius_norm_matched,204635190127.0,0.5,0.5,7.0,nan,99,275,404,514,682,52.8798901685723,6.010579748047538,407.71962642563074,0.5096495330320384,0.0056558122846397,0.0506873069304775,0.5,0.5,0.0510591603815555,0.0811456856111855,554990a77b2d2e8f6498d66d6182e5b9f7b8a61fd2c63c09d3ded066f44b5563,,,,results/frozen_sources/mechanisms/random_mask_control_per_seed.csv#row=439
offline_post_hoc,N-MNIST,SNN-DFA,20260901,H3,basis_eval,512,30,800,same_trained_model_and_neuron_coordinates,True,random_sparsity,0.75,nan,global_frobenius_norm_matched,204635190127.0,0.75,0.75,7.0,nan,91,265,392,501,674,35.74950686348735,5.9497658872200745,383.6635080158067,0.4795793850197584,0.0039957906214618,0.0506825715563938,0.75,0.75,0.0333934240043163,0.0508245072405831,554990a77b2d2e8f6498d66d6182e5b9f7b8a61fd2c63c09d3ded066f44b5563,,,,results/frozen_sources/mechanisms/random_mask_control_per_seed.csv#row=440
offline_post_hoc,N-MNIST,SNN-DFA,20260901,H3,basis_eval,512,30,800,same_trained_model_and_neuron_coordinates,True,random_sparsity,ann_matched,nan,global_frobenius_norm_matched,204635190127.0,0.8770187174479167,0.8770187174479167,7.0,nan,69,224,349,461,646,20.787137615584864,5.7267890759301325,306.9819883296736,0.383727485412092,0.0028065512858607,0.0506794746009736,0.8770187174479167,0.8770187174479167,0.0227320343255996,0.03358061434956,554990a77b2d2e8f6498d66d6182e5b9f7b8a61fd2c63c09d3ded066f44b5563,,,,results/frozen_sources/mechanisms/random_mask_control_per_seed.csv#row=441
offline_post_hoc,N-MNIST,SNN-DFA,20260901,H3,basis_eval,512,30,800,same_trained_model_and_neuron_coordinates,True,random_sparsity,0,nan,global_frobenius_norm_matched,204635190128.0,0.0,0.0,8.0,nan,95,273,404,516,685,41.68307580580713,5.969187366391296,391.1876493187913,0.4889845616484891,0.007992614992574,0.0506946907210867,0.0,0.0,0.0856544226408004,0.1364355746944233,554990a77b2d2e8f6498d66d6182e5b9f7b8a61fd2c63c09d3ded066f44b5563,,,,results/frozen_sources/mechanisms/random_mask_control_per_seed.csv#row=442
offline_post_hoc,N-MNIST,SNN-DFA,20260901,H3,basis_eval,512,30,800,same_trained_model_and_neuron_coordinates,True,random_sparsity,0.25,nan,global_frobenius_norm_matched,204635190128.0,0.25,0.25,8.0,nan,98,277,406,517,685,50.58220462096492,6.002774596534908,404.5496999377139,0.5056871249221424,0.0069208742801183,0.0506921138801053,0.25,0.25,0.0683164894580841,0.1085809961922253,554990a77b2d2e8f6498d66d6182e5b9f7b8a61fd2c63c09d3ded066f44b5563,,,,results/frozen_sources/mechanisms/random_mask_control_per_seed.csv#row=443
offline_post_hoc,N-MNIST,SNN-DFA,20260901,H3,basis_eval,512,30,800,same_trained_model_and_neuron_coordinates,True,random_sparsity,0.50,nan,global_frobenius_norm_matched,204635190128.0,0.5,0.5,8.0,nan,101,279,407,518,685,63.45250270245017,6.028397815931564,415.0495106690056,0.5188118883362569,0.0056512175990918,0.0506874232165538,0.5,0.5,0.0511367842555046,0.0808866600469372,554990a77b2d2e8f6498d66d6182e5b9f7b8a61fd2c63c09d3ded066f44b5563,,,,results/frozen_sources/mechanisms/random_mask_control_per_seed.csv#row=444
offline_post_hoc,N-MNIST,SNN-DFA,20260901,H3,basis_eval,512,30,800,same_trained_model_and_neuron_coordinates,True,random_sparsity,0.75,nan,global_frobenius_norm_matched,204635190128.0,0.75,0.75,8.0,nan,94,265,394,507,678,47.59152901820186,5.981143131115067,395.892666813397,0.4948658335167462,0.003996265084777,0.0506825985071233,0.75,0.75,0.0336840413510799,0.0510629033765647,554990a77b2d2e8f6498d66d6182e5b9f7b8a61fd2c63c09d3ded066f44b5563,,,,results/frozen_sources/mechanisms/random_mask_control_per_seed.csv#row=445
offline_post_hoc,N-MNIST,SNN-DFA,20260901,H3,basis_eval,512,30,800,same_trained_model_and_neuron_coordinates,True,random_sparsity,ann_matched,nan,global_frobenius_norm_matched,204635190128.0,0.8770187174479167,0.8770187174479167,8.0,nan,77,230,350,462,648,25.16797112253612,5.788677777588893,326.58092615434543,0.4082261576929318,0.0028067600618656,0.0506795014148464,0.8770187174479167,0.8770187174479167,0.0228653382509946,0.0327798821184088,554990a77b2d2e8f6498d66d6182e5b9f7b8a61fd2c63c09d3ded066f44b5563,,,,results/frozen_sources/mechanisms/random_mask_control_per_seed.csv#row=446
offline_post_hoc,N-MNIST,SNN-DFA,20260901,H3,basis_eval,512,30,800,same_trained_model_and_neuron_coordinates,True,random_sparsity,0,nan,global_frobenius_norm_matched,204635190129.0,0.0,0.0,9.0,nan,95,273,404,516,685,41.68307580580713,5.969187366391296,391.1876493187913,0.4889845616484891,0.007992614992574,0.0506946907210867,0.0,0.0,0.0856544226408004,0.1364355746944233,554990a77b2d2e8f6498d66d6182e5b9f7b8a61fd2c63c09d3ded066f44b5563,,,,results/frozen_sources/mechanisms/random_mask_control_per_seed.csv#row=447
offline_post_hoc,N-MNIST,SNN-DFA,20260901,H3,basis_eval,512,30,800,same_trained_model_and_neuron_coordinates,True,random_sparsity,0.25,nan,global_frobenius_norm_matched,204635190129.0,0.25,0.25,9.0,nan,97,276,406,518,686,47.60337120715083,5.993735661075367,400.9094779600823,0.5011368474501028,0.0069235913823772,0.0506919960672199,0.25,0.25,0.0685293674468994,0.1090992795222158,554990a77b2d2e8f6498d66d6182e5b9f7b8a61fd2c63c09d3ded066f44b5563,,,,results/frozen_sources/mechanisms/random_mask_control_per_seed.csv#row=448
offline_post_hoc,N-MNIST,SNN-DFA,20260901,H3,basis_eval,512,30,800,same_trained_model_and_neuron_coordinates,True,random_sparsity,0.50,nan,global_frobenius_norm_matched,204635190129.0,0.5,0.5,9.0,nan,95,271,400,511,682,59.80785914309022,5.988439637167566,398.7918641960466,0.4984898302450583,0.0056565304461867,0.0506872841747781,0.5,0.5,0.0512356013059616,0.0804043132601021,554990a77b2d2e8f6498d66d6182e5b9f7b8a61fd2c63c09d3ded066f44b5563,,,,results/frozen_sources/mechanisms/random_mask_control_per_seed.csv#row=449
offline_post_hoc,N-MNIST,SNN-DFA,20260901,H3,basis_eval,512,30,800,same_trained_model_and_neuron_coordinates,True,random_sparsity,0.75,nan,global_frobenius_norm_matched,204635190129.0,0.75,0.75,9.0,nan,86,255,383,495,672,44.4985215612162,5.911391838341892,369.2196920704522,0.4615246150880652,0.0039938224471232,0.0506826931289799,0.75,0.75,0.0334416888654232,0.049646338388195,554990a77b2d2e8f6498d66d6182e5b9f7b8a61fd2c63c09d3ded066f44b5563,,,,results/frozen_sources/mechanisms/random_mask_control_per_seed.csv#row=450
offline_post_hoc,N-MNIST,SNN-DFA,20260901,H3,basis_eval,512,30,800,same_trained_model_and_neuron_coordinates,True,random_sparsity,ann_matched,nan,global_frobenius_norm_matched,204635190129.0,0.8770187174479167,0.8770187174479167,9.0,nan,74,228,351,463,648,32.50870698431231,5.793366842427428,328.1158812315903,0.4101448515394879,0.0028006823906237,0.0506795318645861,0.8770187174479167,0.8770187174479167,0.0227239746600389,0.0332633675067408,554990a77b2d2e8f6498d66d6182e5b9f7b8a61fd2c63c09d3ded066f44b5563,,,,results/frozen_sources/mechanisms/random_mask_control_per_seed.csv#row=451
offline_post_hoc,N-MNIST,SNN-DFA,20260908,H1,basis_eval,512,30,800,same_trained_model_and_neuron_coordinates,True,random_sparsity,0,nan,global_frobenius_norm_matched,204635190800.0,0.0,0.0,0.0,nan,128,331,459,557,683,54.376903728769086,6.149796433048668,468.62198112400233,0.5857774764050029,0.0127484654715901,0.0654185280154216,0.0,0.0,0.0580960139632225,0.1067043914341143,9aad88592135096912c2e9971ced9f74b63d546bdd69208e989abf481efd833e,,,,results/frozen_sources/mechanisms/random_mask_control_per_seed.csv#row=452
offline_post_hoc,N-MNIST,SNN-DFA,20260908,H1,basis_eval,512,30,800,same_trained_model_and_neuron_coordinates,True,random_sparsity,0.25,nan,global_frobenius_norm_matched,204635190800.0,0.25,0.25,0.0,nan,129,331,459,556,683,67.03165615261187,6.169790358277647,478.0858688376974,0.5976073360471217,0.0110393883625056,0.0654125047357147,0.25,0.25,0.0441682152450084,0.081121448684684,9aad88592135096912c2e9971ced9f74b63d546bdd69208e989abf481efd833e,,,,results/frozen_sources/mechanisms/random_mask_control_per_seed.csv#row=453
offline_post_hoc,N-MNIST,SNN-DFA,20260908,H1,basis_eval,512,30,800,same_trained_model_and_neuron_coordinates,True,random_sparsity,0.50,nan,global_frobenius_norm_matched,204635190800.0,0.5,0.5,0.0,nan,131,331,459,556,682,89.10735412390386,6.1886473200616585,487.1866526888957,0.6089833158611196,0.0090099820677633,0.0654055707257889,0.5,0.5,0.0304286703467369,0.0555307024584111,9aad88592135096912c2e9971ced9f74b63d546bdd69208e989abf481efd833e,,,,results/frozen_sources/mechanisms/random_mask_control_per_seed.csv#row=454
offline_post_hoc,N-MNIST,SNN-DFA,20260908,H1,basis_eval,512,30,800,same_trained_model_and_neuron_coordinates,True,random_sparsity,0.75,nan,global_frobenius_norm_matched,204635190800.0,0.75,0.75,0.0,nan,127,321,447,545,677,94.90622479106956,6.165102930807125,475.8501200516274,0.5948126500645343,0.0063652277419376,0.0653976812641014,0.75,0.75,0.0170519743114709,0.0314050010123767,9aad88592135096912c2e9971ced9f74b63d546bdd69208e989abf481efd833e,,,,results/frozen_sources/mechanisms/random_mask_control_per_seed.csv#row=455
offline_post_hoc,N-MNIST,SNN-DFA,20260908,H1,basis_eval,512,30,800,same_trained_model_and_neuron_coordinates,True,random_sparsity,ann_matched,nan,global_frobenius_norm_matched,204635190800.0,0.8660709635416667,0.8660709635416667,0.0,nan,117,301,426,526,666,65.06492894855863,6.101840878580399,446.6792960341288,0.5583491200426609,0.0046567687501876,0.0653934843634113,0.8660709635416667,0.8660709635416667,0.0108351446688175,0.0201135353955991,9aad88592135096912c2e9971ced9f74b63d546bdd69208e989abf481efd833e,,,,results/frozen_sources/mechanisms/random_mask_control_per_seed.csv#row=456
offline_post_hoc,N-MNIST,SNN-DFA,20260908,H1,basis_eval,512,30,800,same_trained_model_and_neuron_coordinates,True,random_sparsity,0,nan,global_frobenius_norm_matched,204635190801.0,0.0,0.0,1.0,nan,128,331,459,557,683,54.376903728769086,6.149796433048668,468.62198112400233,0.5857774764050029,0.0127484654715901,0.0654185280154216,0.0,0.0,0.0580960139632225,0.1067043914341143,9aad88592135096912c2e9971ced9f74b63d546bdd69208e989abf481efd833e,,,,results/frozen_sources/mechanisms/random_mask_control_per_seed.csv#row=457
offline_post_hoc,N-MNIST,SNN-DFA,20260908,H1,basis_eval,512,30,800,same_trained_model_and_neuron_coordinates,True,random_sparsity,0.25,nan,global_frobenius_norm_matched,204635190801.0,0.25,0.25,1.0,nan,129,329,457,555,683,65.39783841790086,6.164471931543263,475.54995368850285,0.5944374421106285,0.0110353514840504,0.0654125007001877,0.25,0.25,0.0442710928618907,0.0819063909928737,9aad88592135096912c2e9971ced9f74b63d546bdd69208e989abf481efd833e,,,,results/frozen_sources/mechanisms/random_mask_control_per_seed.csv#row=458
offline_post_hoc,N-MNIST,SNN-DFA,20260908,H1,basis_eval,512,30,800,same_trained_model_and_neuron_coordinates,True,random_sparsity,0.50,nan,global_frobenius_norm_matched,204635190801.0,0.5,0.5,1.0,nan,127,326,454,552,681,79.57015809369456,6.168406922429939,477.4249250005778,0.5967811562507223,0.0090028620457092,0.0654055687210225,0.5,0.5,0.0304446853697299,0.0561633357505587,9aad88592135096912c2e9971ced9f74b63d546bdd69208e989abf481efd833e,,,,results/frozen_sources/mechanisms/random_mask_control_per_seed.csv#row=459
offline_post_hoc,N-MNIST,SNN-DFA,20260908,H1,basis_eval,512,30,800,same_trained_model_and_neuron_coordinates,True,random_sparsity,0.75,nan,global_frobenius_norm_matched,204635190801.0,0.75,0.75,1.0,nan,127,322,448,545,674,67.67391826340105,6.155365344648078,471.2389756526632,0.5890487195658289,0.0063658800812798,0.0653976682985589,0.75,0.75,0.01716392301023,0.0320625540838126,9aad88592135096912c2e9971ced9f74b63d546bdd69208e989abf481efd833e,,,,results/frozen_sources/mechanisms/random_mask_control_per_seed.csv#row=460
offline_post_hoc,N-MNIST,SNN-DFA,20260908,H1,basis_eval,512,30,800,same_trained_model_and_neuron_coordinates,True,random_sparsity,ann_matched,nan,global_frobenius_norm_matched,204635190801.0,0.8660709635416667,0.8660709635416667,1.0,nan,122,315,438,535,668,90.95757043158886,6.136119423745327,462.2562651377053,0.5778203314221316,0.004668007933717,0.0653934346977604,0.8660709635416667,0.8660709635416667,0.0109861111268401,0.0204644926868884,9aad88592135096912c2e9971ced9f74b63d546bdd69208e989abf481efd833e,,,,results/frozen_sources/mechanisms/random_mask_control_per_seed.csv#row=461
offline_post_hoc,N-MNIST,SNN-DFA,20260908,H1,basis_eval,512,30,800,same_trained_model_and_neuron_coordinates,True,random_sparsity,0,nan,global_frobenius_norm_matched,204635190802.0,0.0,0.0,2.0,nan,128,331,459,557,683,54.376903728769086,6.149796433048668,468.62198112400233,0.5857774764050029,0.0127484654715901,0.0654185280154216,0.0,0.0,0.0580960139632225,0.1067043914341143,9aad88592135096912c2e9971ced9f74b63d546bdd69208e989abf481efd833e,,,,results/frozen_sources/mechanisms/random_mask_control_per_seed.csv#row=462
offline_post_hoc,N-MNIST,SNN-DFA,20260908,H1,basis_eval,512,30,800,same_trained_model_and_neuron_coordinates,True,random_sparsity,0.25,nan,global_frobenius_norm_matched,204635190802.0,0.25,0.25,2.0,nan,129,330,458,556,683,65.01908154842478,6.16792650197574,477.19561538818766,0.5964945192352346,0.0110402968901908,0.0654125147794268,0.25,0.25,0.0442934408783912,0.0815076355003745,9aad88592135096912c2e9971ced9f74b63d546bdd69208e989abf481efd833e,,,,results/frozen_sources/mechanisms/random_mask_control_per_seed.csv#row=463
offline_post_hoc,N-MNIST,SNN-DFA,20260908,H1,basis_eval,512,30,800,same_trained_model_and_neuron_coordinates,True,random_sparsity,0.50,nan,global_frobenius_norm_matched,204635190802.0,0.5,0.5,2.0,nan,129,328,454,552,680,83.89725209512929,6.174639653892605,480.4098788967003,0.6005123486208754,0.0090103756210655,0.0654054811793303,0.5,0.5,0.0306631997227668,0.0564825997930819,9aad88592135096912c2e9971ced9f74b63d546bdd69208e989abf481efd833e,,,,results/frozen_sources/mechanisms/random_mask_control_per_seed.csv#row=464
offline_post_hoc,N-MNIST,SNN-DFA,20260908,H1,basis_eval,512,30,800,same_trained_model_and_neuron_coordinates,True,random_sparsity,0.75,nan,global_frobenius_norm_matched,204635190802.0,0.75,0.75,2.0,nan,126,321,447,544,676,82.298151122299,6.159454760782879,473.1700136408834,0.5914625170511042,0.0063676980227119,0.0653976937077426,0.75,0.75,0.0171887911856174,0.0318434472904045,9aad88592135096912c2e9971ced9f74b63d546bdd69208e989abf481efd833e,,,,results/frozen_sources/mechanisms/random_mask_control_per_seed.csv#row=465
offline_post_hoc,N-MNIST,SNN-DFA,20260908,H1,basis_eval,512,30,800,same_trained_model_and_neuron_coordinates,True,random_sparsity,ann_matched,nan,global_frobenius_norm_matched,204635190802.0,0.8660709635416667,0.8660709635416667,2.0,nan,121,309,431,530,668,73.80795529241763,6.121506184274865,455.5503207597,0.569437900949625,0.0046662220473107,0.0653935601440122,0.8660709635416667,0.8660709635416667,0.0111727798357605,0.0206587365766401,9aad88592135096912c2e9971ced9f74b63d546bdd69208e989abf481efd833e,,,,results/frozen_sources/mechanisms/random_mask_control_per_seed.csv#row=466
offline_post_hoc,N-MNIST,SNN-DFA,20260908,H1,basis_eval,512,30,800,same_trained_model_and_neuron_coordinates,True,random_sparsity,0,nan,global_frobenius_norm_matched,204635190803.0,0.0,0.0,3.0,nan,128,331,459,557,683,54.376903728769086,6.149796433048668,468.62198112400233,0.5857774764050029,0.0127484654715901,0.0654185280154216,0.0,0.0,0.0580960139632225,0.1067043914341143,9aad88592135096912c2e9971ced9f74b63d546bdd69208e989abf481efd833e,,,,results/frozen_sources/mechanisms/random_mask_control_per_seed.csv#row=467
offline_post_hoc,N-MNIST,SNN-DFA,20260908,H1,basis_eval,512,30,800,same_trained_model_and_neuron_coordinates,True,random_sparsity,0.25,nan,global_frobenius_norm_matched,204635190803.0,0.25,0.25,3.0,nan,131,331,458,555,682,67.3463360324094,6.175064915466704,480.6142222046116,0.6007677777557645,0.0110493817089832,0.0654125015481615,0.25,0.25,0.0443749353289604,0.081641727704172,9aad88592135096912c2e9971ced9f74b63d546bdd69208e989abf481efd833e,,,,results/frozen_sources/mechanisms/random_mask_control_per_seed.csv#row=468
offline_post_hoc,N-MNIST,SNN-DFA,20260908,H1,basis_eval,512,30,800,same_trained_model_and_neuron_coordinates,True,random_sparsity,0.50,nan,global_frobenius_norm_matched,204635190803.0,0.5,0.5,3.0,nan,134,331,456,552,680,85.5466899081736,6.189913587991619,487.8039522739509,0.6097549403424387,0.0090185682580575,0.0654056919302253,0.5,0.5,0.0307076759636402,0.0574442517628367,9aad88592135096912c2e9971ced9f74b63d546bdd69208e989abf481efd833e,,,,results/frozen_sources/mechanisms/random_mask_control_per_seed.csv#row=469
offline_post_hoc,N-MNIST,SNN-DFA,20260908,H1,basis_eval,512,30,800,same_trained_model_and_neuron_coordinates,True,random_sparsity,0.75,nan,global_frobenius_norm_matched,204635190803.0,0.75,0.75,3.0,nan,129,325,449,545,675,86.58476639703372,6.173891185211271,480.0504416786727,0.6000630520983409,0.0063672295746005,0.0653977287870511,0.75,0.75,0.0170259177684783,0.0321463985262514,9aad88592135096912c2e9971ced9f74b63d546bdd69208e989abf481efd833e,,,,results/frozen_sources/mechanisms/random_mask_control_per_seed.csv#row=470
offline_post_hoc,N-MNIST,SNN-DFA,20260908,H1,basis_eval,512,30,800,same_trained_model_and_neuron_coordinates,True,random_sparsity,ann_matched,nan,global_frobenius_norm_matched,204635190803.0,0.8660709635416667,0.8660709635416667,3.0,nan,118,302,423,521,661,62.63536235119141,6.108283319370628,449.5662906114669,0.5619578632643336,0.0046587808153102,0.0653935810004722,0.8660709635416667,0.8660709635416667,0.0110235186293721,0.0204424278518906,9aad88592135096912c2e9971ced9f74b63d546bdd69208e989abf481efd833e,,,,results/frozen_sources/mechanisms/random_mask_control_per_seed.csv#row=471
offline_post_hoc,N-MNIST,SNN-DFA,20260908,H1,basis_eval,512,30,800,same_trained_model_and_neuron_coordinates,True,random_sparsity,0,nan,global_frobenius_norm_matched,204635190804.0,0.0,0.0,4.0,nan,128,331,459,557,683,54.376903728769086,6.149796433048668,468.62198112400233,0.5857774764050029,0.0127484654715901,0.0654185280154216,0.0,0.0,0.0580960139632225,0.1067043914341143,9aad88592135096912c2e9971ced9f74b63d546bdd69208e989abf481efd833e,,,,results/frozen_sources/mechanisms/random_mask_control_per_seed.csv#row=472
offline_post_hoc,N-MNIST,SNN-DFA,20260908,H1,basis_eval,512,30,800,same_trained_model_and_neuron_coordinates,True,random_sparsity,0.25,nan,global_frobenius_norm_matched,204635190804.0,0.25,0.25,4.0,nan,128,329,457,554,682,67.42669150217004,6.162107439514522,474.42684792430896,0.5930335599053862,0.0110370447047646,0.0654125166150127,0.25,0.25,0.0442241951823234,0.0815157158254524,9aad88592135096912c2e9971ced9f74b63d546bdd69208e989abf481efd833e,,,,results/frozen_sources/mechanisms/random_mask_control_per_seed.csv#row=473
offline_post_hoc,N-MNIST,SNN-DFA,20260908,H1,basis_eval,512,30,800,same_trained_model_and_neuron_coordinates,True,random_sparsity,0.50,nan,global_frobenius_norm_matched,204635190804.0,0.5,0.5,4.0,nan,130,330,456,553,681,83.5587897012853,6.179757862093192,482.8750198494207,0.6035937748117758,0.0090031897583202,0.0654055618067608,0.5,0.5,0.0303101725876331,0.0558974281702289,9aad88592135096912c2e9971ced9f74b63d546bdd69208e989abf481efd833e,,,,results/frozen_sources/mechanisms/random_mask_control_per_seed.csv#row=474
offline_post_hoc,N-MNIST,SNN-DFA,20260908,H1,basis_eval,512,30,800,same_trained_model_and_neuron_coordinates,True,random_sparsity,0.75,nan,global_frobenius_norm_matched,204635190804.0,0.75,0.75,4.0,nan,125,319,444,542,677,87.30067278717061,6.150694773486067,469.0431523487467,0.5863039404359334,0.0063703992358587,0.0653976981938159,0.75,0.75,0.0171479247510433,0.0310739729723108,9aad88592135096912c2e9971ced9f74b63d546bdd69208e989abf481efd833e,,,,results/frozen_sources/mechanisms/random_mask_control_per_seed.csv#row=475
offline_post_hoc,N-MNIST,SNN-DFA,20260908,H1,basis_eval,512,30,800,same_trained_model_and_neuron_coordinates,True,random_sparsity,ann_matched,nan,global_frobenius_norm_matched,204635190804.0,0.8660709635416667,0.8660709635416667,4.0,nan,113,299,420,520,666,55.23308471933228,6.073304031518863,434.11263649341856,0.5426407956167733,0.0046661445500917,0.0653935247445627,0.8660709635416667,0.8660709635416667,0.0109351268038153,0.0200979043142623,9aad88592135096912c2e9971ced9f74b63d546bdd69208e989abf481efd833e,,,,results/frozen_sources/mechanisms/random_mask_control_per_seed.csv#row=476
offline_post_hoc,N-MNIST,SNN-DFA,20260908,H1,basis_eval,512,30,800,same_trained_model_and_neuron_coordinates,True,random_sparsity,0,nan,global_frobenius_norm_matched,204635190805.0,0.0,0.0,5.0,nan,128,331,459,557,683,54.376903728769086,6.149796433048668,468.62198112400233,0.5857774764050029,0.0127484654715901,0.0654185280154216,0.0,0.0,0.0580960139632225,0.1067043914341143,9aad88592135096912c2e9971ced9f74b63d546bdd69208e989abf481efd833e,,,,results/frozen_sources/mechanisms/random_mask_control_per_seed.csv#row=477
offline_post_hoc,N-MNIST,SNN-DFA,20260908,H1,basis_eval,512,30,800,same_trained_model_and_neuron_coordinates,True,random_sparsity,0.25,nan,global_frobenius_norm_matched,204635190805.0,0.25,0.25,5.0,nan,130,332,459,557,684,65.92457954519585,6.173185448692559,479.7117720709679,0.59963971508871,0.0110349582665757,0.0654124189455673,0.25,0.25,0.0441510565578937,0.0808222245209136,9aad88592135096912c2e9971ced9f74b63d546bdd69208e989abf481efd833e,,,,results/frozen_sources/mechanisms/random_mask_control_per_seed.csv#row=478
offline_post_hoc,N-MNIST,SNN-DFA,20260908,H1,basis_eval,512,30,800,same_trained_model_and_neuron_coordinates,True,random_sparsity,0.50,nan,global_frobenius_norm_matched,204635190805.0,0.5,0.5,5.0,nan,128,328,455,553,682,74.91930117808505,6.170041172182007,478.2057944599576,0.597757243074947,0.0090075235976204,0.0654054413917964,0.5,0.5,0.0304737109690904,0.0562866674821223,9aad88592135096912c2e9971ced9f74b63d546bdd69208e989abf481efd833e,,,,results/frozen_sources/mechanisms/random_mask_control_per_seed.csv#row=479
offline_post_hoc,N-MNIST,SNN-DFA,20260908,H1,basis_eval,512,30,800,same_trained_model_and_neuron_coordinates,True,random_sparsity,0.75,nan,global_frobenius_norm_matched,204635190805.0,0.75,0.75,5.0,nan,123,320,446,544,675,49.409724728952426,6.139266090382529,463.7131224250721,0.5796414030313402,0.0063629351947237,0.0653977269192128,0.75,0.75,0.0169844217598438,0.0318084311225682,9aad88592135096912c2e9971ced9f74b63d546bdd69208e989abf481efd833e,,,,results/frozen_sources/mechanisms/random_mask_control_per_seed.csv#row=480
offline_post_hoc,N-MNIST,SNN-DFA,20260908,H1,basis_eval,512,30,800,same_trained_model_and_neuron_coordinates,True,random_sparsity,ann_matched,nan,global_frobenius_norm_matched,204635190805.0,0.8660709635416667,0.8660709635416667,5.0,nan,124,316,440,536,667,82.8446703587495,6.14645817303428,467.0602073563771,0.5838252591954713,0.0046550863921902,0.0653934702755935,0.8660709635416667,0.8660709635416667,0.0111351767554879,0.0207710999198616,9aad88592135096912c2e9971ced9f74b63d546bdd69208e989abf481efd833e,,,,results/frozen_sources/mechanisms/random_mask_control_per_seed.csv#row=481
offline_post_hoc,N-MNIST,SNN-DFA,20260908,H1,basis_eval,512,30,800,same_trained_model_and_neuron_coordinates,True,random_sparsity,0,nan,global_frobenius_norm_matched,204635190806.0,0.0,0.0,6.0,nan,128,331,459,557,683,54.376903728769086,6.149796433048668,468.62198112400233,0.5857774764050029,0.0127484654715901,0.0654185280154216,0.0,0.0,0.0580960139632225,0.1067043914341143,9aad88592135096912c2e9971ced9f74b63d546bdd69208e989abf481efd833e,,,,results/frozen_sources/mechanisms/random_mask_control_per_seed.csv#row=482
offline_post_hoc,N-MNIST,SNN-DFA,20260908,H1,basis_eval,512,30,800,same_trained_model_and_neuron_coordinates,True,random_sparsity,0.25,nan,global_frobenius_norm_matched,204635190806.0,0.25,0.25,6.0,nan,131,332,459,556,682,66.00055542914141,6.1750443483889015,480.6043374761608,0.6007554218452009,0.0110373865360459,0.0654125406028435,0.25,0.25,0.0443296730518341,0.0813082060277263,9aad88592135096912c2e9971ced9f74b63d546bdd69208e989abf481efd833e,,,,results/frozen_sources/mechanisms/random_mask_control_per_seed.csv#row=483
offline_post_hoc,N-MNIST,SNN-DFA,20260908,H1,basis_eval,512,30,800,same_trained_model_and_neuron_coordinates,True,random_sparsity,0.50,nan,global_frobenius_norm_matched,204635190806.0,0.5,0.5,6.0,nan,133,332,459,555,682,82.50375577060505,6.188389816726284,487.0612166516704,0.608826520814588,0.0090150415435413,0.0654055953219713,0.5,0.5,0.0305108297616243,0.0559928532188704,9aad88592135096912c2e9971ced9f74b63d546bdd69208e989abf481efd833e,,,,results/frozen_sources/mechanisms/random_mask_control_per_seed.csv#row=484
offline_post_hoc,N-MNIST,SNN-DFA,20260908,H1,basis_eval,512,30,800,same_trained_model_and_neuron_coordinates,True,random_sparsity,0.75,nan,global_frobenius_norm_matched,204635190806.0,0.75,0.75,6.0,nan,129,325,450,545,676,95.52604972207178,6.174515722521507,480.3503447308713,0.6004379309135891,0.0063797218313441,0.0653978102126452,0.75,0.75,0.0171726439148187,0.0311729036365617,9aad88592135096912c2e9971ced9f74b63d546bdd69208e989abf481efd833e,,,,results/frozen_sources/mechanisms/random_mask_control_per_seed.csv#row=485
offline_post_hoc,N-MNIST,SNN-DFA,20260908,H1,basis_eval,512,30,800,same_trained_model_and_neuron_coordinates,True,random_sparsity,ann_matched,nan,global_frobenius_norm_matched,204635190806.0,0.8660709635416667,0.8660709635416667,6.0,nan,119,304,426,524,663,78.1636054069211,6.10791067435762,449.3987931857325,0.5617484914821657,0.0046608560671458,0.0653934939615629,0.8660709635416667,0.8660709635416667,0.0110189840197563,0.019648015134941,9aad88592135096912c2e9971ced9f74b63d546bdd69208e989abf481efd833e,,,,results/frozen_sources/mechanisms/random_mask_control_per_seed.csv#row=486
offline_post_hoc,N-MNIST,SNN-DFA,20260908,H1,basis_eval,512,30,800,same_trained_model_and_neuron_coordinates,True,random_sparsity,0,nan,global_frobenius_norm_matched,204635190807.0,0.0,0.0,7.0,nan,128,331,459,557,683,54.376903728769086,6.149796433048668,468.62198112400233,0.5857774764050029,0.0127484654715901,0.0654185280154216,0.0,0.0,0.0580960139632225,0.1067043914341143,9aad88592135096912c2e9971ced9f74b63d546bdd69208e989abf481efd833e,,,,results/frozen_sources/mechanisms/random_mask_control_per_seed.csv#row=487
offline_post_hoc,N-MNIST,SNN-DFA,20260908,H1,basis_eval,512,30,800,same_trained_model_and_neuron_coordinates,True,random_sparsity,0.25,nan,global_frobenius_norm_matched,204635190807.0,0.25,0.25,7.0,nan,130,331,458,555,683,67.54654160752071,6.169622423521883,478.0055883452108,0.5975069854315135,0.0110393175365272,0.0654125015230061,0.25,0.25,0.0442617461085319,0.0815278690576623,9aad88592135096912c2e9971ced9f74b63d546bdd69208e989abf481efd833e,,,,results/frozen_sources/mechanisms/random_mask_control_per_seed.csv#row=488
offline_post_hoc,N-MNIST,SNN-DFA,20260908,H1,basis_eval,512,30,800,same_trained_model_and_neuron_coordinates,True,random_sparsity,0.50,nan,global_frobenius_norm_matched,204635190807.0,0.5,0.5,7.0,nan,133,330,456,553,681,90.04861671212946,6.189748476263382,487.7234167692116,0.6096542709615145,0.0090138045982725,0.0654054993198414,0.5,0.5,0.0306596290320158,0.0565188489076308,9aad88592135096912c2e9971ced9f74b63d546bdd69208e989abf481efd833e,,,,results/frozen_sources/mechanisms/random_mask_control_per_seed.csv#row=489
offline_post_hoc,N-MNIST,SNN-DFA,20260908,H1,basis_eval,512,30,800,same_trained_model_and_neuron_coordinates,True,random_sparsity,0.75,nan,global_frobenius_norm_matched,204635190807.0,0.75,0.75,7.0,nan,125,321,446,544,676,92.6215835502817,6.158152625169428,472.554283084248,0.59069285385531,0.0063711110490576,0.0653976480484919,0.75,0.75,0.0170270074158906,0.0315506260134505,9aad88592135096912c2e9971ced9f74b63d546bdd69208e989abf481efd833e,,,,results/frozen_sources/mechanisms/random_mask_control_per_seed.csv#row=490
offline_post_hoc,N-MNIST,SNN-DFA,20260908,H1,basis_eval,512,30,800,same_trained_model_and_neuron_coordinates,True,random_sparsity,ann_matched,nan,global_frobenius_norm_matched,204635190807.0,0.8660709635416667,0.8660709635416667,7.0,nan,117,307,431,529,666,81.03625296245258,6.111284851402527,450.9177053759548,0.5636471317199434,0.0046660025248678,0.0653933696516359,0.8660709635416667,0.8660709635416667,0.0110391685739159,0.019885571625523,9aad88592135096912c2e9971ced9f74b63d546bdd69208e989abf481efd833e,,,,results/frozen_sources/mechanisms/random_mask_control_per_seed.csv#row=491
offline_post_hoc,N-MNIST,SNN-DFA,20260908,H1,basis_eval,512,30,800,same_trained_model_and_neuron_coordinates,True,random_sparsity,0,nan,global_frobenius_norm_matched,204635190808.0,0.0,0.0,8.0,nan,128,331,459,557,683,54.376903728769086,6.149796433048668,468.62198112400233,0.5857774764050029,0.0127484654715901,0.0654185280154216,0.0,0.0,0.0580960139632225,0.1067043914341143,9aad88592135096912c2e9971ced9f74b63d546bdd69208e989abf481efd833e,,,,results/frozen_sources/mechanisms/random_mask_control_per_seed.csv#row=492
offline_post_hoc,N-MNIST,SNN-DFA,20260908,H1,basis_eval,512,30,800,same_trained_model_and_neuron_coordinates,True,random_sparsity,0.25,nan,global_frobenius_norm_matched,204635190808.0,0.25,0.25,8.0,nan,129,331,459,556,683,64.92317069867953,6.168208432076726,477.3301701628538,0.5966627127035672,0.0110332065149189,0.0654125810289378,0.25,0.25,0.0442361645400524,0.0815264079867079,9aad88592135096912c2e9971ced9f74b63d546bdd69208e989abf481efd833e,,,,results/frozen_sources/mechanisms/random_mask_control_per_seed.csv#row=493
offline_post_hoc,N-MNIST,SNN-DFA,20260908,H1,basis_eval,512,30,800,same_trained_model_and_neuron_coordinates,True,random_sparsity,0.50,nan,global_frobenius_norm_matched,204635190808.0,0.5,0.5,8.0,nan,130,331,457,554,681,81.97341706983696,6.179929640985277,482.9579747100889,0.6036974683876112,0.0090110407632365,0.0654055144073807,0.5,0.5,0.0304699558764696,0.0557210244904206,9aad88592135096912c2e9971ced9f74b63d546bdd69208e989abf481efd833e,,,,results/frozen_sources/mechanisms/random_mask_control_per_seed.csv#row=494
offline_post_hoc,N-MNIST,SNN-DFA,20260908,H1,basis_eval,512,30,800,same_trained_model_and_neuron_coordinates,True,random_sparsity,0.75,nan,global_frobenius_norm_matched,204635190808.0,0.75,0.75,8.0,nan,126,320,446,543,675,89.71360826103697,6.163806939123804,475.2338216985642,0.5940422771232052,0.0063794540371477,0.0653976697393834,0.75,0.75,0.0169251020997762,0.0306211098537964,9aad88592135096912c2e9971ced9f74b63d546bdd69208e989abf481efd833e,,,,results/frozen_sources/mechanisms/random_mask_control_per_seed.csv#row=495
offline_post_hoc,N-MNIST,SNN-DFA,20260908,H1,basis_eval,512,30,800,same_trained_model_and_neuron_coordinates,True,random_sparsity,ann_matched,nan,global_frobenius_norm_matched,204635190808.0,0.8660709635416667,0.8660709635416667,8.0,nan,114,304,428,527,664,81.36673542622358,6.095872061274049,444.0210899866409,0.5550263624833012,0.0046717987074006,0.0653934597467635,0.8660709635416667,0.8660709635416667,0.0110149048268795,0.0199881747097174,9aad88592135096912c2e9971ced9f74b63d546bdd69208e989abf481efd833e,,,,results/frozen_sources/mechanisms/random_mask_control_per_seed.csv#row=496
offline_post_hoc,N-MNIST,SNN-DFA,20260908,H1,basis_eval,512,30,800,same_trained_model_and_neuron_coordinates,True,random_sparsity,0,nan,global_frobenius_norm_matched,204635190809.0,0.0,0.0,9.0,nan,128,331,459,557,683,54.376903728769086,6.149796433048668,468.62198112400233,0.5857774764050029,0.0127484654715901,0.0654185280154216,0.0,0.0,0.0580960139632225,0.1067043914341143,9aad88592135096912c2e9971ced9f74b63d546bdd69208e989abf481efd833e,,,,results/frozen_sources/mechanisms/random_mask_control_per_seed.csv#row=497
offline_post_hoc,N-MNIST,SNN-DFA,20260908,H1,basis_eval,512,30,800,same_trained_model_and_neuron_coordinates,True,random_sparsity,0.25,nan,global_frobenius_norm_matched,204635190809.0,0.25,0.25,9.0,nan,131,332,459,556,682,66.63142334084729,6.17431430740282,480.2536046519604,0.6003170058149505,0.0110436023255014,0.0654125887046504,0.25,0.25,0.0443010292947292,0.0809491381658673,9aad88592135096912c2e9971ced9f74b63d546bdd69208e989abf481efd833e,,,,results/frozen_sources/mechanisms/random_mask_control_per_seed.csv#row=498
offline_post_hoc,N-MNIST,SNN-DFA,20260908,H1,basis_eval,512,30,800,same_trained_model_and_neuron_coordinates,True,random_sparsity,0.50,nan,global_frobenius_norm_matched,204635190809.0,0.5,0.5,9.0,nan,132,332,458,555,682,86.03784300596057,6.190015524423592,487.8536798028283,0.6098170997535354,0.0090155942548442,0.0654055521232348,0.5,0.5,0.0306270606815814,0.0556499745946631,9aad88592135096912c2e9971ced9f74b63d546bdd69208e989abf481efd833e,,,,results/frozen_sources/mechanisms/random_mask_control_per_seed.csv#row=499
offline_post_hoc,N-MNIST,SNN-DFA,20260908,H1,basis_eval,512,30,800,same_trained_model_and_neuron_coordinates,True,random_sparsity,0.75,nan,global_frobenius_norm_matched,204635190809.0,0.75,0.75,9.0,nan,126,321,447,545,677,84.89310926721386,6.164137716941188,475.39104450632806,0.5942388056329101,0.0063660812629466,0.0653977061942205,0.75,0.75,0.0170797668397426,0.0304819872634902,9aad88592135096912c2e9971ced9f74b63d546bdd69208e989abf481efd833e,,,,results/frozen_sources/mechanisms/random_mask_control_per_seed.csv#row=500
offline_post_hoc,N-MNIST,SNN-DFA,20260908,H1,basis_eval,512,30,800,same_trained_model_and_neuron_coordinates,True,random_sparsity,ann_matched,nan,global_frobenius_norm_matched,204635190809.0,0.8660709635416667,0.8660709635416667,9.0,nan,114,298,422,523,664,53.95653855584973,6.081179448376203,437.544952187321,0.5469311902341513,0.0046512726778082,0.0653934449775835,0.8660709635416667,0.8660709635416667,0.0109611134976148,0.0199471174652845,9aad88592135096912c2e9971ced9f74b63d546bdd69208e989abf481efd833e,,,,results/frozen_sources/mechanisms/random_mask_control_per_seed.csv#row=501
offline_post_hoc,N-MNIST,SNN-DFA,20260908,H2,basis_eval,512,30,800,same_trained_model_and_neuron_coordinates,True,random_sparsity,0,nan,global_frobenius_norm_matched,204635190810.0,0.0,0.0,0.0,nan,111,307,436,538,671,34.584512110157725,6.0325253402923344,416.76617799115337,0.5209577224889417,0.0180714903137724,0.0784339304263179,0.0,0.0,0.0834382772445678,0.1277970875771341,9aad88592135096912c2e9971ced9f74b63d546bdd69208e989abf481efd833e,,,,results/frozen_sources/mechanisms/random_mask_control_per_seed.csv#row=502
offline_post_hoc,N-MNIST,SNN-DFA,20260908,H2,basis_eval,512,30,800,same_trained_model_and_neuron_coordinates,True,random_sparsity,0.25,nan,global_frobenius_norm_matched,204635190810.0,0.25,0.25,0.0,nan,118,314,442,542,672,44.53323077909339,6.091430473608115,442.0533046704257,0.5525666308380321,0.0156511325761576,0.0784237527200327,0.25,0.25,0.0636741369962692,0.0977065190681814,9aad88592135096912c2e9971ced9f74b63d546bdd69208e989abf481efd833e,,,,results/frozen_sources/mechanisms/random_mask_control_per_seed.csv#row=503
offline_post_hoc,N-MNIST,SNN-DFA,20260908,H2,basis_eval,512,30,800,same_trained_model_and_neuron_coordinates,True,random_sparsity,0.50,nan,global_frobenius_norm_matched,204635190810.0,0.5,0.5,0.0,nan,124,319,446,545,673,61.827350039359175,6.133805108716425,461.1876954964263,0.5764846193705329,0.0127706245992369,0.0784135112130061,0.5,0.5,0.0437818691134452,0.0673747788838047,9aad88592135096912c2e9971ced9f74b63d546bdd69208e989abf481efd833e,,,,results/frozen_sources/mechanisms/random_mask_control_per_seed.csv#row=504
offline_post_hoc,N-MNIST,SNN-DFA,20260908,H2,basis_eval,512,30,800,same_trained_model_and_neuron_coordinates,True,random_sparsity,0.75,nan,global_frobenius_norm_matched,204635190810.0,0.75,0.75,0.0,nan,118,311,437,537,670,64.57140064776523,6.115080818821813,452.6326271286466,0.5657907839108083,0.0090186548509125,0.078401221427043,0.75,0.75,0.0242237821221351,0.0367009977825979,9aad88592135096912c2e9971ced9f74b63d546bdd69208e989abf481efd833e,,,,results/frozen_sources/mechanisms/random_mask_control_per_seed.csv#row=505
offline_post_hoc,N-MNIST,SNN-DFA,20260908,H2,basis_eval,512,30,800,same_trained_model_and_neuron_coordinates,True,random_sparsity,ann_matched,nan,global_frobenius_norm_matched,204635190810.0,0.803372802734375,0.803372802734375,0.0,nan,115,306,432,533,668,60.26208411019756,6.100541013714247,446.099050512861,0.5576238131410762,0.0080000278495706,0.0783977553947171,0.803372802734375,0.803372802734375,0.0200282894074916,0.0301976182450565,9aad88592135096912c2e9971ced9f74b63d546bdd69208e989abf481efd833e,,,,results/frozen_sources/mechanisms/random_mask_control_per_seed.csv#row=506
offline_post_hoc,N-MNIST,SNN-DFA,20260908,H2,basis_eval,512,30,800,same_trained_model_and_neuron_coordinates,True,random_sparsity,0,nan,global_frobenius_norm_matched,204635190811.0,0.0,0.0,1.0,nan,111,307,436,538,671,34.584512110157725,6.0325253402923344,416.76617799115337,0.5209577224889417,0.0180714903137724,0.0784339304263179,0.0,0.0,0.0834382772445678,0.1277970875771341,9aad88592135096912c2e9971ced9f74b63d546bdd69208e989abf481efd833e,,,,results/frozen_sources/mechanisms/random_mask_control_per_seed.csv#row=507
offline_post_hoc,N-MNIST,SNN-DFA,20260908,H2,basis_eval,512,30,800,same_trained_model_and_neuron_coordinates,True,random_sparsity,0.25,nan,global_frobenius_norm_matched,204635190811.0,0.25,0.25,1.0,nan,117,311,438,539,672,44.74348198338448,6.084045116195092,438.8006089644373,0.5485007612055466,0.0156456384986648,0.0784235416862376,0.25,0.25,0.0635957270860672,0.0978923252834067,9aad88592135096912c2e9971ced9f74b63d546bdd69208e989abf481efd833e,,,,results/frozen_sources/mechanisms/random_mask_control_per_seed.csv#row=508
offline_post_hoc,N-MNIST,SNN-DFA,20260908,H2,basis_eval,512,30,800,same_trained_model_and_neuron_coordinates,True,random_sparsity,0.50,nan,global_frobenius_norm_matched,204635190811.0,0.5,0.5,1.0,nan,121,315,442,542,672,60.52030773201102,6.124859642799297,457.080554219336,0.57135069277417,0.0127786464805896,0.0784133971081344,0.5,0.5,0.0438361726701259,0.0681032326055445,9aad88592135096912c2e9971ced9f74b63d546bdd69208e989abf481efd833e,,,,results/frozen_sources/mechanisms/random_mask_control_per_seed.csv#row=509
offline_post_hoc,N-MNIST,SNN-DFA,20260908,H2,basis_eval,512,30,800,same_trained_model_and_neuron_coordinates,True,random_sparsity,0.75,nan,global_frobenius_norm_matched,204635190811.0,0.75,0.75,1.0,nan,119,309,435,534,667,58.87896684649562,6.11571683990669,452.9206025927296,0.5661507532409119,0.0090353449918937,0.0784011107156575,0.75,0.75,0.024420142173767,0.0379627362679647,9aad88592135096912c2e9971ced9f74b63d546bdd69208e989abf481efd833e,,,,results/frozen_sources/mechanisms/random_mask_control_per_seed.csv#row=510
offline_post_hoc,N-MNIST,SNN-DFA,20260908,H2,basis_eval,512,30,800,same_trained_model_and_neuron_coordinates,True,random_sparsity,ann_matched,nan,global_frobenius_norm_matched,204635190811.0,0.803372802734375,0.803372802734375,1.0,nan,116,302,427,528,665,82.06370917473672,6.1033142036977885,447.3378848990196,0.5591723561237746,0.0080090428134873,0.0783977183536508,0.803372802734375,0.803372802734375,0.0202629398554563,0.0316457014097244,9aad88592135096912c2e9971ced9f74b63d546bdd69208e989abf481efd833e,,,,results/frozen_sources/mechanisms/random_mask_control_per_seed.csv#row=511
offline_post_hoc,N-MNIST,SNN-DFA,20260908,H2,basis_eval,512,30,800,same_trained_model_and_neuron_coordinates,True,random_sparsity,0,nan,global_frobenius_norm_matched,204635190812.0,0.0,0.0,2.0,nan,111,307,436,538,671,34.584512110157725,6.0325253402923344,416.76617799115337,0.5209577224889417,0.0180714903137724,0.0784339304263179,0.0,0.0,0.0834382772445678,0.1277970875771341,9aad88592135096912c2e9971ced9f74b63d546bdd69208e989abf481efd833e,,,,results/frozen_sources/mechanisms/random_mask_control_per_seed.csv#row=512
offline_post_hoc,N-MNIST,SNN-DFA,20260908,H2,basis_eval,512,30,800,same_trained_model_and_neuron_coordinates,True,random_sparsity,0.25,nan,global_frobenius_norm_matched,204635190812.0,0.25,0.25,2.0,nan,117,313,440,541,672,44.01861281434207,6.0854125518723645,439.4010510117199,0.5492513137646499,0.0156423221598614,0.0784236862307397,0.25,0.25,0.0634085461497306,0.097188912017953,9aad88592135096912c2e9971ced9f74b63d546bdd69208e989abf481efd833e,,,,results/frozen_sources/mechanisms/random_mask_control_per_seed.csv#row=513
offline_post_hoc,N-MNIST,SNN-DFA,20260908,H2,basis_eval,512,30,800,same_trained_model_and_neuron_coordinates,True,random_sparsity,0.50,nan,global_frobenius_norm_matched,204635190812.0,0.5,0.5,2.0,nan,120,315,442,542,673,59.389205243705504,6.12190828122645,455.73353298704143,0.5696669162338018,0.0127714970229876,0.0784134350446939,0.5,0.5,0.043698351830244,0.06626289100489,9aad88592135096912c2e9971ced9f74b63d546bdd69208e989abf481efd833e,,,,results/frozen_sources/mechanisms/random_mask_control_per_seed.csv#row=514
offline_post_hoc,N-MNIST,SNN-DFA,20260908,H2,basis_eval,512,30,800,same_trained_model_and_neuron_coordinates,True,random_sparsity,0.75,nan,global_frobenius_norm_matched,204635190812.0,0.75,0.75,2.0,nan,117,309,436,536,669,63.16596406354088,6.110130314920296,450.39740484538135,0.5629967560567267,0.0090319438147601,0.0784011110811006,0.75,0.75,0.0244155526161193,0.0366806041599808,9aad88592135096912c2e9971ced9f74b63d546bdd69208e989abf481efd833e,,,,results/frozen_sources/mechanisms/random_mask_control_per_seed.csv#row=515
offline_post_hoc,N-MNIST,SNN-DFA,20260908,H2,basis_eval,512,30,800,same_trained_model_and_neuron_coordinates,True,random_sparsity,ann_matched,nan,global_frobenius_norm_matched,204635190812.0,0.803372802734375,0.803372802734375,2.0,nan,116,309,434,534,667,52.86016404455789,6.100503740695662,446.0824233645343,0.5576030292056678,0.0080183539687534,0.0783976954315388,0.803372802734375,0.803372802734375,0.0203545819967985,0.0303133371212258,9aad88592135096912c2e9971ced9f74b63d546bdd69208e989abf481efd833e,,,,results/frozen_sources/mechanisms/random_mask_control_per_seed.csv#row=516
offline_post_hoc,N-MNIST,SNN-DFA,20260908,H2,basis_eval,512,30,800,same_trained_model_and_neuron_coordinates,True,random_sparsity,0,nan,global_frobenius_norm_matched,204635190813.0,0.0,0.0,3.0,nan,111,307,436,538,671,34.584512110157725,6.0325253402923344,416.76617799115337,0.5209577224889417,0.0180714903137724,0.0784339304263179,0.0,0.0,0.0834382772445678,0.1277970875771341,9aad88592135096912c2e9971ced9f74b63d546bdd69208e989abf481efd833e,,,,results/frozen_sources/mechanisms/random_mask_control_per_seed.csv#row=517
offline_post_hoc,N-MNIST,SNN-DFA,20260908,H2,basis_eval,512,30,800,same_trained_model_and_neuron_coordinates,True,random_sparsity,0.25,nan,global_frobenius_norm_matched,204635190813.0,0.25,0.25,3.0,nan,119,315,443,542,672,43.87376857080443,6.094038915502592,443.2078801968655,0.5540098502460818,0.0156330674149517,0.0784235741618721,0.25,0.25,0.0634436830878257,0.0973169108494588,9aad88592135096912c2e9971ced9f74b63d546bdd69208e989abf481efd833e,,,,results/frozen_sources/mechanisms/random_mask_control_per_seed.csv#row=518
offline_post_hoc,N-MNIST,SNN-DFA,20260908,H2,basis_eval,512,30,800,same_trained_model_and_neuron_coordinates,True,random_sparsity,0.50,nan,global_frobenius_norm_matched,204635190813.0,0.5,0.5,3.0,nan,124,319,445,544,672,61.016057460757374,6.137123968762888,462.7208556776732,0.5784010695970915,0.0127657051593972,0.078413601845299,0.5,0.5,0.0436196103692054,0.0678757797987935,9aad88592135096912c2e9971ced9f74b63d546bdd69208e989abf481efd833e,,,,results/frozen_sources/mechanisms/random_mask_control_per_seed.csv#row=519
offline_post_hoc,N-MNIST,SNN-DFA,20260908,H2,basis_eval,512,30,800,same_trained_model_and_neuron_coordinates,True,random_sparsity,0.75,nan,global_frobenius_norm_matched,204635190813.0,0.75,0.75,3.0,nan,121,315,440,539,669,66.46190668098906,6.1276556817852885,458.360357625006,0.5729504470312575,0.0090176221502565,0.0784012229651953,0.75,0.75,0.0242607295513153,0.0379661053065331,9aad88592135096912c2e9971ced9f74b63d546bdd69208e989abf481efd833e,,,,results/frozen_sources/mechanisms/random_mask_control_per_seed.csv#row=520
offline_post_hoc,N-MNIST,SNN-DFA,20260908,H2,basis_eval,512,30,800,same_trained_model_and_neuron_coordinates,True,random_sparsity,ann_matched,nan,global_frobenius_norm_matched,204635190813.0,0.803372802734375,0.803372802734375,3.0,nan,120,314,440,538,668,56.11805938454759,6.114013204321207,452.1496478361998,0.5651870597952497,0.0079979162785856,0.0783977719928495,0.803372802734375,0.803372802734375,0.020189581438899,0.0315292012150548,9aad88592135096912c2e9971ced9f74b63d546bdd69208e989abf481efd833e,,,,results/frozen_sources/mechanisms/random_mask_control_per_seed.csv#row=521
offline_post_hoc,N-MNIST,SNN-DFA,20260908,H2,basis_eval,512,30,800,same_trained_model_and_neuron_coordinates,True,random_sparsity,0,nan,global_frobenius_norm_matched,204635190814.0,0.0,0.0,4.0,nan,111,307,436,538,671,34.584512110157725,6.0325253402923344,416.76617799115337,0.5209577224889417,0.0180714903137724,0.0784339304263179,0.0,0.0,0.0834382772445678,0.1277970875771341,9aad88592135096912c2e9971ced9f74b63d546bdd69208e989abf481efd833e,,,,results/frozen_sources/mechanisms/random_mask_control_per_seed.csv#row=522
offline_post_hoc,N-MNIST,SNN-DFA,20260908,H2,basis_eval,512,30,800,same_trained_model_and_neuron_coordinates,True,random_sparsity,0.25,nan,global_frobenius_norm_matched,204635190814.0,0.25,0.25,4.0,nan,117,313,441,541,672,44.73335847964241,6.086283788726191,439.7840402138994,0.5497300502673742,0.0156487487630743,0.0784236409038784,0.25,0.25,0.0636091232299804,0.0973096593993757,9aad88592135096912c2e9971ced9f74b63d546bdd69208e989abf481efd833e,,,,results/frozen_sources/mechanisms/random_mask_control_per_seed.csv#row=523
offline_post_hoc,N-MNIST,SNN-DFA,20260908,H2,basis_eval,512,30,800,same_trained_model_and_neuron_coordinates,True,random_sparsity,0.50,nan,global_frobenius_norm_matched,204635190814.0,0.5,0.5,4.0,nan,120,315,442,542,672,59.596223076140205,6.119569243299958,454.6688006790737,0.5683360008488421,0.0127720479058384,0.0784135842014697,0.5,0.5,0.0437611304223537,0.0671129768675086,9aad88592135096912c2e9971ced9f74b63d546bdd69208e989abf481efd833e,,,,results/frozen_sources/mechanisms/random_mask_control_per_seed.csv#row=524
offline_post_hoc,N-MNIST,SNN-DFA,20260908,H2,basis_eval,512,30,800,same_trained_model_and_neuron_coordinates,True,random_sparsity,0.75,nan,global_frobenius_norm_matched,204635190814.0,0.75,0.75,4.0,nan,117,309,435,534,667,72.9446160841961,6.115106388166633,452.64420079633146,0.5658052509954143,0.0090268255068195,0.0784012022473627,0.75,0.75,0.0243360083550214,0.0376842167607971,9aad88592135096912c2e9971ced9f74b63d546bdd69208e989abf481efd833e,,,,results/frozen_sources/mechanisms/random_mask_control_per_seed.csv#row=525
offline_post_hoc,N-MNIST,SNN-DFA,20260908,H2,basis_eval,512,30,800,same_trained_model_and_neuron_coordinates,True,random_sparsity,ann_matched,nan,global_frobenius_norm_matched,204635190814.0,0.803372802734375,0.803372802734375,4.0,nan,114,303,429,529,665,95.33463295805792,6.102215841400328,446.84681556740935,0.5585585194592617,0.0080061552135824,0.0783977772470534,0.803372802734375,0.803372802734375,0.0201361496001482,0.0313325664129572,9aad88592135096912c2e9971ced9f74b63d546bdd69208e989abf481efd833e,,,,results/frozen_sources/mechanisms/random_mask_control_per_seed.csv#row=526
offline_post_hoc,N-MNIST,SNN-DFA,20260908,H2,basis_eval,512,30,800,same_trained_model_and_neuron_coordinates,True,random_sparsity,0,nan,global_frobenius_norm_matched,204635190815.0,0.0,0.0,5.0,nan,111,307,436,538,671,34.584512110157725,6.0325253402923344,416.76617799115337,0.5209577224889417,0.0180714903137724,0.0784339304263179,0.0,0.0,0.0834382772445678,0.1277970875771341,9aad88592135096912c2e9971ced9f74b63d546bdd69208e989abf481efd833e,,,,results/frozen_sources/mechanisms/random_mask_control_per_seed.csv#row=527
offline_post_hoc,N-MNIST,SNN-DFA,20260908,H2,basis_eval,512,30,800,same_trained_model_and_neuron_coordinates,True,random_sparsity,0.25,nan,global_frobenius_norm_matched,204635190815.0,0.25,0.25,5.0,nan,117,313,441,541,672,43.63774428540473,6.0864090613949,439.8391365852351,0.5497989207315439,0.0156422769284786,0.0784236215232281,0.25,0.25,0.0634949654340744,0.0977140361265113,9aad88592135096912c2e9971ced9f74b63d546bdd69208e989abf481efd833e,,,,results/frozen_sources/mechanisms/random_mask_control_per_seed.csv#row=528
offline_post_hoc,N-MNIST,SNN-DFA,20260908,H2,basis_eval,512,30,800,same_trained_model_and_neuron_coordinates,True,random_sparsity,0.50,nan,global_frobenius_norm_matched,204635190815.0,0.5,0.5,5.0,nan,122,315,441,541,672,59.06115612492067,6.127842122216612,458.4458224945893,0.5730572781182367,0.0127712032158377,0.0784133397612739,0.5,0.5,0.0436985418200492,0.0670693783031098,9aad88592135096912c2e9971ced9f74b63d546bdd69208e989abf481efd833e,,,,results/frozen_sources/mechanisms/random_mask_control_per_seed.csv#row=529
offline_post_hoc,N-MNIST,SNN-DFA,20260908,H2,basis_eval,512,30,800,same_trained_model_and_neuron_coordinates,True,random_sparsity,0.75,nan,global_frobenius_norm_matched,204635190815.0,0.75,0.75,5.0,nan,121,309,435,534,668,87.64038562989711,6.128204682551285,458.61206690041496,0.5732650836255186,0.0090258141180181,0.0784011382404775,0.75,0.75,0.0244236625730991,0.0375523888896184,9aad88592135096912c2e9971ced9f74b63d546bdd69208e989abf481efd833e,,,,results/frozen_sources/mechanisms/random_mask_control_per_seed.csv#row=530
offline_post_hoc,N-MNIST,SNN-DFA,20260908,H2,basis_eval,512,30,800,same_trained_model_and_neuron_coordinates,True,random_sparsity,ann_matched,nan,global_frobenius_norm_matched,204635190815.0,0.803372802734375,0.803372802734375,5.0,nan,117,303,429,529,663,87.48919104239174,6.107241519998832,449.0981766150997,0.5613727207688746,0.0080028333263863,0.0783977836048402,0.803372802734375,0.803372802734375,0.0203843712806701,0.0310937720764241,9aad88592135096912c2e9971ced9f74b63d546bdd69208e989abf481efd833e,,,,results/frozen_sources/mechanisms/random_mask_control_per_seed.csv#row=531
offline_post_hoc,N-MNIST,SNN-DFA,20260908,H2,basis_eval,512,30,800,same_trained_model_and_neuron_coordinates,True,random_sparsity,0,nan,global_frobenius_norm_matched,204635190816.0,0.0,0.0,6.0,nan,111,307,436,538,671,34.584512110157725,6.0325253402923344,416.76617799115337,0.5209577224889417,0.0180714903137724,0.0784339304263179,0.0,0.0,0.0834382772445678,0.1277970875771341,9aad88592135096912c2e9971ced9f74b63d546bdd69208e989abf481efd833e,,,,results/frozen_sources/mechanisms/random_mask_control_per_seed.csv#row=532
offline_post_hoc,N-MNIST,SNN-DFA,20260908,H2,basis_eval,512,30,800,same_trained_model_and_neuron_coordinates,True,random_sparsity,0.25,nan,global_frobenius_norm_matched,204635190816.0,0.25,0.25,6.0,nan,116,311,439,540,671,43.44870509731412,6.081246350320952,437.5742257747563,0.5469677822184454,0.0156391458349889,0.0784236843998255,0.25,0.25,0.063408114016056,0.0967579634565445,9aad88592135096912c2e9971ced9f74b63d546bdd69208e989abf481efd833e,,,,results/frozen_sources/mechanisms/random_mask_control_per_seed.csv#row=533
offline_post_hoc,N-MNIST,SNN-DFA,20260908,H2,basis_eval,512,30,800,same_trained_model_and_neuron_coordinates,True,random_sparsity,0.50,nan,global_frobenius_norm_matched,204635190816.0,0.5,0.5,6.0,nan,122,314,440,540,670,60.03750476280511,6.1268622342218,457.9968169603487,0.5724960212004359,0.0127683700606554,0.0784134583119744,0.5,0.5,0.0437725223600864,0.0665995059078984,9aad88592135096912c2e9971ced9f74b63d546bdd69208e989abf481efd833e,,,,results/frozen_sources/mechanisms/random_mask_control_per_seed.csv#row=534
offline_post_hoc,N-MNIST,SNN-DFA,20260908,H2,basis_eval,512,30,800,same_trained_model_and_neuron_coordinates,True,random_sparsity,0.75,nan,global_frobenius_norm_matched,204635190816.0,0.75,0.75,6.0,nan,119,311,436,536,668,88.95192783852009,6.129983800882752,459.4287182799799,0.5742858978499749,0.0090417618332427,0.07840124908968,0.75,0.75,0.0242074336856603,0.0370853081410099,9aad88592135096912c2e9971ced9f74b63d546bdd69208e989abf481efd833e,,,,results/frozen_sources/mechanisms/random_mask_control_per_seed.csv#row=535
offline_post_hoc,N-MNIST,SNN-DFA,20260908,H2,basis_eval,512,30,800,same_trained_model_and_neuron_coordinates,True,random_sparsity,ann_matched,nan,global_frobenius_norm_matched,204635190816.0,0.803372802734375,0.803372802734375,6.0,nan,113,302,429,531,666,78.89320030537839,6.10013298137653,445.9170648049785,0.5573963310062231,0.0080218287918735,0.0783978493396506,0.803372802734375,0.803372802734375,0.0201686397194862,0.0307412719327136,9aad88592135096912c2e9971ced9f74b63d546bdd69208e989abf481efd833e,,,,results/frozen_sources/mechanisms/random_mask_control_per_seed.csv#row=536
offline_post_hoc,N-MNIST,SNN-DFA,20260908,H2,basis_eval,512,30,800,same_trained_model_and_neuron_coordinates,True,random_sparsity,0,nan,global_frobenius_norm_matched,204635190817.0,0.0,0.0,7.0,nan,111,307,436,538,671,34.584512110157725,6.0325253402923344,416.76617799115337,0.5209577224889417,0.0180714903137724,0.0784339304263179,0.0,0.0,0.0834382772445678,0.1277970875771341,9aad88592135096912c2e9971ced9f74b63d546bdd69208e989abf481efd833e,,,,results/frozen_sources/mechanisms/random_mask_control_per_seed.csv#row=537
offline_post_hoc,N-MNIST,SNN-DFA,20260908,H2,basis_eval,512,30,800,same_trained_model_and_neuron_coordinates,True,random_sparsity,0.25,nan,global_frobenius_norm_matched,204635190817.0,0.25,0.25,7.0,nan,118,313,441,541,672,44.400678857122784,6.091928366502176,442.2734546706294,0.5528418183382867,0.0156524116866926,0.0784236813455816,0.25,0.25,0.063720479607582,0.0980048182322345,9aad88592135096912c2e9971ced9f74b63d546bdd69208e989abf481efd833e,,,,results/frozen_sources/mechanisms/random_mask_control_per_seed.csv#row=538
offline_post_hoc,N-MNIST,SNN-DFA,20260908,H2,basis_eval,512,30,800,same_trained_model_and_neuron_coordinates,True,random_sparsity,0.50,nan,global_frobenius_norm_matched,204635190817.0,0.5,0.5,7.0,nan,121,317,443,542,671,61.28166807719736,6.128767698181278,458.87034536276633,0.5735879317034579,0.0127800277452307,0.0784133917990957,0.5,0.5,0.0440351963043212,0.0673380222386434,9aad88592135096912c2e9971ced9f74b63d546bdd69208e989abf481efd833e,,,,results/frozen_sources/mechanisms/random_mask_control_per_seed.csv#row=539
offline_post_hoc,N-MNIST,SNN-DFA,20260908,H2,basis_eval,512,30,800,same_trained_model_and_neuron_coordinates,True,random_sparsity,0.75,nan,global_frobenius_norm_matched,204635190817.0,0.75,0.75,7.0,nan,124,314,438,536,668,91.65972113710392,6.144523649952595,466.1575419997031,0.5826969274996289,0.0090363011355188,0.0784012737565219,0.75,0.75,0.0243986248970031,0.0386277415982382,9aad88592135096912c2e9971ced9f74b63d546bdd69208e989abf481efd833e,,,,results/frozen_sources/mechanisms/random_mask_control_per_seed.csv#row=540
offline_post_hoc,N-MNIST,SNN-DFA,20260908,H2,basis_eval,512,30,800,same_trained_model_and_neuron_coordinates,True,random_sparsity,ann_matched,nan,global_frobenius_norm_matched,204635190817.0,0.803372802734375,0.803372802734375,7.0,nan,119,307,432,531,665,99.65394833619742,6.124618424544313,456.970311342492,0.571212889178115,0.0080131027106551,0.0783978591623182,0.803372802734375,0.803372802734375,0.0201838407665491,0.0309023765732115,9aad88592135096912c2e9971ced9f74b63d546bdd69208e989abf481efd833e,,,,results/frozen_sources/mechanisms/random_mask_control_per_seed.csv#row=541
offline_post_hoc,N-MNIST,SNN-DFA,20260908,H2,basis_eval,512,30,800,same_trained_model_and_neuron_coordinates,True,random_sparsity,0,nan,global_frobenius_norm_matched,204635190818.0,0.0,0.0,8.0,nan,111,307,436,538,671,34.584512110157725,6.0325253402923344,416.76617799115337,0.5209577224889417,0.0180714903137724,0.0784339304263179,0.0,0.0,0.0834382772445678,0.1277970875771341,9aad88592135096912c2e9971ced9f74b63d546bdd69208e989abf481efd833e,,,,results/frozen_sources/mechanisms/random_mask_control_per_seed.csv#row=542
offline_post_hoc,N-MNIST,SNN-DFA,20260908,H2,basis_eval,512,30,800,same_trained_model_and_neuron_coordinates,True,random_sparsity,0.25,nan,global_frobenius_norm_matched,204635190818.0,0.25,0.25,8.0,nan,117,313,441,541,671,44.01025515573375,6.086766330404373,439.9963055520194,0.5499953819400243,0.0156490922154905,0.0784236922548859,0.25,0.25,0.0634690225124359,0.0976256827245937,9aad88592135096912c2e9971ced9f74b63d546bdd69208e989abf481efd833e,,,,results/frozen_sources/mechanisms/random_mask_control_per_seed.csv#row=543
offline_post_hoc,N-MNIST,SNN-DFA,20260908,H2,basis_eval,512,30,800,same_trained_model_and_neuron_coordinates,True,random_sparsity,0.50,nan,global_frobenius_norm_matched,204635190818.0,0.5,0.5,8.0,nan,120,314,440,539,670,57.662235019182326,6.116596749568472,453.3193071932616,0.566649133991577,0.0127759949078744,0.0784136053284234,0.5,0.5,0.0438123047351837,0.0680595838401523,9aad88592135096912c2e9971ced9f74b63d546bdd69208e989abf481efd833e,,,,results/frozen_sources/mechanisms/random_mask_control_per_seed.csv#row=544
offline_post_hoc,N-MNIST,SNN-DFA,20260908,H2,basis_eval,512,30,800,same_trained_model_and_neuron_coordinates,True,random_sparsity,0.75,nan,global_frobenius_norm_matched,204635190818.0,0.75,0.75,8.0,nan,119,310,434,533,667,60.81470634454279,6.11088903067585,450.7392581210322,0.5634240726512902,0.0090374946768185,0.0784013311021075,0.75,0.75,0.0243793446570634,0.0377019039604523,9aad88592135096912c2e9971ced9f74b63d546bdd69208e989abf481efd833e,,,,results/frozen_sources/mechanisms/random_mask_control_per_seed.csv#row=545
offline_post_hoc,N-MNIST,SNN-DFA,20260908,H2,basis_eval,512,30,800,same_trained_model_and_neuron_coordinates,True,random_sparsity,ann_matched,nan,global_frobenius_norm_matched,204635190818.0,0.803372802734375,0.803372802734375,8.0,nan,114,303,428,527,663,52.25671771003624,6.083384531361185,438.5108396561885,0.5481385495702357,0.0080144878590335,0.0783978179216892,0.803372802734375,0.803372802734375,0.0202860999852418,0.0308950817713076,9aad88592135096912c2e9971ced9f74b63d546bdd69208e989abf481efd833e,,,,results/frozen_sources/mechanisms/random_mask_control_per_seed.csv#row=546
offline_post_hoc,N-MNIST,SNN-DFA,20260908,H2,basis_eval,512,30,800,same_trained_model_and_neuron_coordinates,True,random_sparsity,0,nan,global_frobenius_norm_matched,204635190819.0,0.0,0.0,9.0,nan,111,307,436,538,671,34.584512110157725,6.0325253402923344,416.76617799115337,0.5209577224889417,0.0180714903137724,0.0784339304263179,0.0,0.0,0.0834382772445678,0.1277970875771341,9aad88592135096912c2e9971ced9f74b63d546bdd69208e989abf481efd833e,,,,results/frozen_sources/mechanisms/random_mask_control_per_seed.csv#row=547
offline_post_hoc,N-MNIST,SNN-DFA,20260908,H2,basis_eval,512,30,800,same_trained_model_and_neuron_coordinates,True,random_sparsity,0.25,nan,global_frobenius_norm_matched,204635190819.0,0.25,0.25,9.0,nan,119,314,442,541,673,45.21024743625845,6.093340148237758,442.8982892172853,0.5536228615216067,0.0156460964559403,0.078423648758529,0.25,0.25,0.0635017901659011,0.0977532214044879,9aad88592135096912c2e9971ced9f74b63d546bdd69208e989abf481efd833e,,,,results/frozen_sources/mechanisms/random_mask_control_per_seed.csv#row=548
offline_post_hoc,N-MNIST,SNN-DFA,20260908,H2,basis_eval,512,30,800,same_trained_model_and_neuron_coordinates,True,random_sparsity,0.50,nan,global_frobenius_norm_matched,204635190819.0,0.5,0.5,9.0,nan,123,316,442,541,671,62.38011243959778,6.130261219133764,459.5561898721254,0.5744452373401567,0.0127757510940861,0.0784134407961573,0.5,0.5,0.0435457006096839,0.066430636572165,9aad88592135096912c2e9971ced9f74b63d546bdd69208e989abf481efd833e,,,,results/frozen_sources/mechanisms/random_mask_control_per_seed.csv#row=549
offline_post_hoc,N-MNIST,SNN-DFA,20260908,H2,basis_eval,512,30,800,same_trained_model_and_neuron_coordinates,True,random_sparsity,0.75,nan,global_frobenius_norm_matched,204635190819.0,0.75,0.75,9.0,nan,124,315,439,537,669,68.997623739793,6.136942706714816,462.6369895487903,0.5782962369359879,0.0090414537507078,0.0784012809116342,0.75,0.75,0.0243750717490911,0.0379152884996443,9aad88592135096912c2e9971ced9f74b63d546bdd69208e989abf481efd833e,,,,results/frozen_sources/mechanisms/random_mask_control_per_seed.csv#row=550
offline_post_hoc,N-MNIST,SNN-DFA,20260908,H2,basis_eval,512,30,800,same_trained_model_and_neuron_coordinates,True,random_sparsity,ann_matched,nan,global_frobenius_norm_matched,204635190819.0,0.803372802734375,0.803372802734375,9.0,nan,121,310,435,533,666,69.61196660910367,6.12491121871519,457.10412917550144,0.5713801614693768,0.0080158011408661,0.0783978158831126,0.803372802734375,0.803372802734375,0.0202660821378231,0.031551437098101,9aad88592135096912c2e9971ced9f74b63d546bdd69208e989abf481efd833e,,,,results/frozen_sources/mechanisms/random_mask_control_per_seed.csv#row=551
offline_post_hoc,N-MNIST,SNN-DFA,20260908,H3,basis_eval,512,30,800,same_trained_model_and_neuron_coordinates,True,random_sparsity,0,nan,global_frobenius_norm_matched,204635190820.0,0.0,0.0,0.0,nan,95,276,408,522,694,44.877746430415456,5.975161818880248,393.5317768104556,0.4919147210130695,0.0080752498187902,0.0510966494466838,0.0,0.0,0.0864801332354545,0.1353426659684559,9aad88592135096912c2e9971ced9f74b63d546bdd69208e989abf481efd833e,,,,results/frozen_sources/mechanisms/random_mask_control_per_seed.csv#row=552
offline_post_hoc,N-MNIST,SNN-DFA,20260908,H3,basis_eval,512,30,800,same_trained_model_and_neuron_coordinates,True,random_sparsity,0.25,nan,global_frobenius_norm_matched,204635190820.0,0.25,0.25,0.0,nan,97,279,410,524,694,49.39613265097932,6.001032885056795,403.8457043384408,0.504807130423051,0.0069915344424443,0.0510940394434272,0.25,0.25,0.0689640715718269,0.107857695567912,9aad88592135096912c2e9971ced9f74b63d546bdd69208e989abf481efd833e,,,,results/frozen_sources/mechanisms/random_mask_control_per_seed.csv#row=553
offline_post_hoc,N-MNIST,SNN-DFA,20260908,H3,basis_eval,512,30,800,same_trained_model_and_neuron_coordinates,True,random_sparsity,0.50,nan,global_frobenius_norm_matched,204635190820.0,0.5,0.5,0.0,nan,98,277,408,520,691,41.9875409198506,6.0033212451729,404.7709069359286,0.5059636336699108,0.0057099424224069,0.0510891480050461,0.5,0.5,0.0518151931464672,0.0805447486169163,9aad88592135096912c2e9971ced9f74b63d546bdd69208e989abf481efd833e,,,,results/frozen_sources/mechanisms/random_mask_control_per_seed.csv#row=554
offline_post_hoc,N-MNIST,SNN-DFA,20260908,H3,basis_eval,512,30,800,same_trained_model_and_neuron_coordinates,True,random_sparsity,0.75,nan,global_frobenius_norm_matched,204635190820.0,0.75,0.75,0.0,nan,89,262,390,503,678,30.766626596859755,5.94103534942228,380.3284986535641,0.4754106233169551,0.0040376517094003,0.0510843349534749,0.75,0.75,0.0337934419512748,0.051283124282451,9aad88592135096912c2e9971ced9f74b63d546bdd69208e989abf481efd833e,,,,results/frozen_sources/mechanisms/random_mask_control_per_seed.csv#row=555
offline_post_hoc,N-MNIST,SNN-DFA,20260908,H3,basis_eval,512,30,800,same_trained_model_and_neuron_coordinates,True,random_sparsity,ann_matched,nan,global_frobenius_norm_matched,204635190820.0,0.8771907552083333,0.8771907552083333,0.0,nan,84,246,370,481,661,25.163783449319077,5.872132321670726,355.00515896682066,0.4437564487085258,0.0028296571051495,0.0510813307959356,0.8771907552083333,0.8771907552083333,0.0232321266084909,0.033980395235563,9aad88592135096912c2e9971ced9f74b63d546bdd69208e989abf481efd833e,,,,results/frozen_sources/mechanisms/random_mask_control_per_seed.csv#row=556
offline_post_hoc,N-MNIST,SNN-DFA,20260908,H3,basis_eval,512,30,800,same_trained_model_and_neuron_coordinates,True,random_sparsity,0,nan,global_frobenius_norm_matched,204635190821.0,0.0,0.0,1.0,nan,95,276,408,522,694,44.877746430415456,5.975161818880248,393.5317768104556,0.4919147210130695,0.0080752498187902,0.0510966494466838,0.0,0.0,0.0864801332354545,0.1353426659684559,9aad88592135096912c2e9971ced9f74b63d546bdd69208e989abf481efd833e,,,,results/frozen_sources/mechanisms/random_mask_control_per_seed.csv#row=557
offline_post_hoc,N-MNIST,SNN-DFA,20260908,H3,basis_eval,512,30,800,same_trained_model_and_neuron_coordinates,True,random_sparsity,0.25,nan,global_frobenius_norm_matched,204635190821.0,0.25,0.25,1.0,nan,98,278,409,522,693,50.46554409026692,6.003350903087816,404.7829117750654,0.5059786397188317,0.0069948976906306,0.0510940158727346,0.25,0.25,0.0691455528140068,0.1084619341246419,9aad88592135096912c2e9971ced9f74b63d546bdd69208e989abf481efd833e,,,,results/frozen_sources/mechanisms/random_mask_control_per_seed.csv#row=558
offline_post_hoc,N-MNIST,SNN-DFA,20260908,H3,basis_eval,512,30,800,same_trained_model_and_neuron_coordinates,True,random_sparsity,0.50,nan,global_frobenius_norm_matched,204635190821.0,0.5,0.5,1.0,nan,102,282,413,525,694,72.68746720628418,6.039163207702544,419.54181859736286,0.5244272732467036,0.0057125802344512,0.0510890625250297,0.5,0.5,0.0515303239226341,0.0811999655929875,9aad88592135096912c2e9971ced9f74b63d546bdd69208e989abf481efd833e,,,,results/frozen_sources/mechanisms/random_mask_control_per_seed.csv#row=559
offline_post_hoc,N-MNIST,SNN-DFA,20260908,H3,basis_eval,512,30,800,same_trained_model_and_neuron_coordinates,True,random_sparsity,0.75,nan,global_frobenius_norm_matched,204635190821.0,0.75,0.75,1.0,nan,96,266,394,508,682,50.15229178629902,5.987395010139322,398.3754929502555,0.4979693661878193,0.0040353625425538,0.0510843636907304,0.75,0.75,0.0337059088051319,0.0512263610849857,9aad88592135096912c2e9971ced9f74b63d546bdd69208e989abf481efd833e,,,,results/frozen_sources/mechanisms/random_mask_control_per_seed.csv#row=560
offline_post_hoc,N-MNIST,SNN-DFA,20260908,H3,basis_eval,512,30,800,same_trained_model_and_neuron_coordinates,True,random_sparsity,ann_matched,nan,global_frobenius_norm_matched,204635190821.0,0.8771907552083333,0.8771907552083333,1.0,nan,81,246,372,485,665,53.15739831774177,5.86923730811257,353.9789004513195,0.4424736255641493,0.0028295967122228,0.0510813150151843,0.8771907552083333,0.8771907552083333,0.0231003053486347,0.0347991396332468,9aad88592135096912c2e9971ced9f74b63d546bdd69208e989abf481efd833e,,,,results/frozen_sources/mechanisms/random_mask_control_per_seed.csv#row=561
offline_post_hoc,N-MNIST,SNN-DFA,20260908,H3,basis_eval,512,30,800,same_trained_model_and_neuron_coordinates,True,random_sparsity,0,nan,global_frobenius_norm_matched,204635190822.0,0.0,0.0,2.0,nan,95,276,408,522,694,44.877746430415456,5.975161818880248,393.5317768104556,0.4919147210130695,0.0080752498187902,0.0510966494466838,0.0,0.0,0.0864801332354545,0.1353426659684559,9aad88592135096912c2e9971ced9f74b63d546bdd69208e989abf481efd833e,,,,results/frozen_sources/mechanisms/random_mask_control_per_seed.csv#row=562
offline_post_hoc,N-MNIST,SNN-DFA,20260908,H3,basis_eval,512,30,800,same_trained_model_and_neuron_coordinates,True,random_sparsity,0.25,nan,global_frobenius_norm_matched,204635190822.0,0.25,0.25,2.0,nan,98,278,409,524,694,53.77085491040087,6.006434073080177,406.03285220132346,0.5075410652516543,0.0069955702694296,0.0510940546986777,0.25,0.25,0.069006472826004,0.1084860329873557,9aad88592135096912c2e9971ced9f74b63d546bdd69208e989abf481efd833e,,,,results/frozen_sources/mechanisms/random_mask_control_per_seed.csv#row=563
offline_post_hoc,N-MNIST,SNN-DFA,20260908,H3,basis_eval,512,30,800,same_trained_model_and_neuron_coordinates,True,random_sparsity,0.50,nan,global_frobenius_norm_matched,204635190822.0,0.5,0.5,2.0,nan,97,274,405,519,691,53.09796117972117,5.999797364767819,403.34705288754,0.5041838161094251,0.0057090759849558,0.0510891279816802,0.5,0.5,0.0514567978680133,0.0804402821448309,9aad88592135096912c2e9971ced9f74b63d546bdd69208e989abf481efd833e,,,,results/frozen_sources/mechanisms/random_mask_control_per_seed.csv#row=564
offline_post_hoc,N-MNIST,SNN-DFA,20260908,H3,basis_eval,512,30,800,same_trained_model_and_neuron_coordinates,True,random_sparsity,0.75,nan,global_frobenius_norm_matched,204635190822.0,0.75,0.75,2.0,nan,95,267,395,508,683,39.18888604030571,5.979557431990962,395.2653976199328,0.494081747024916,0.0040381800692076,0.0510843977768144,0.75,0.75,0.0337607413530349,0.0516648551994012,9aad88592135096912c2e9971ced9f74b63d546bdd69208e989abf481efd833e,,,,results/frozen_sources/mechanisms/random_mask_control_per_seed.csv#row=565
offline_post_hoc,N-MNIST,SNN-DFA,20260908,H3,basis_eval,512,30,800,same_trained_model_and_neuron_coordinates,True,random_sparsity,ann_matched,nan,global_frobenius_norm_matched,204635190822.0,0.8771907552083333,0.8771907552083333,2.0,nan,83,242,366,478,662,55.2244797700332,5.885671803660425,359.84443161860764,0.4498055395232596,0.0028214584889788,0.0510812928719597,0.8771907552083333,0.8771907552083333,0.0233577284961938,0.0329954720644536,9aad88592135096912c2e9971ced9f74b63d546bdd69208e989abf481efd833e,,,,results/frozen_sources/mechanisms/random_mask_control_per_seed.csv#row=566
offline_post_hoc,N-MNIST,SNN-DFA,20260908,H3,basis_eval,512,30,800,same_trained_model_and_neuron_coordinates,True,random_sparsity,0,nan,global_frobenius_norm_matched,204635190823.0,0.0,0.0,3.0,nan,95,276,408,522,694,44.877746430415456,5.975161818880248,393.5317768104556,0.4919147210130695,0.0080752498187902,0.0510966494466838,0.0,0.0,0.0864801332354545,0.1353426659684559,9aad88592135096912c2e9971ced9f74b63d546bdd69208e989abf481efd833e,,,,results/frozen_sources/mechanisms/random_mask_control_per_seed.csv#row=567
offline_post_hoc,N-MNIST,SNN-DFA,20260908,H3,basis_eval,512,30,800,same_trained_model_and_neuron_coordinates,True,random_sparsity,0.25,nan,global_frobenius_norm_matched,204635190823.0,0.25,0.25,3.0,nan,97,277,409,523,694,48.99403188394949,5.997184408951,402.29450059468064,0.5028681257433508,0.0069858309212429,0.0510939799531362,0.25,0.25,0.0687991976737976,0.106855779385988,9aad88592135096912c2e9971ced9f74b63d546bdd69208e989abf481efd833e,,,,results/frozen_sources/mechanisms/random_mask_control_per_seed.csv#row=568
offline_post_hoc,N-MNIST,SNN-DFA,20260908,H3,basis_eval,512,30,800,same_trained_model_and_neuron_coordinates,True,random_sparsity,0.50,nan,global_frobenius_norm_matched,204635190823.0,0.5,0.5,3.0,nan,99,279,411,524,693,46.50997960384027,6.012994150321147,408.7052149434696,0.510881518679337,0.0057041889953416,0.0510891593014595,0.5,0.5,0.0513772778213024,0.0792646516435543,9aad88592135096912c2e9971ced9f74b63d546bdd69208e989abf481efd833e,,,,results/frozen_sources/mechanisms/random_mask_control_per_seed.csv#row=569
offline_post_hoc,N-MNIST,SNN-DFA,20260908,H3,basis_eval,512,30,800,same_trained_model_and_neuron_coordinates,True,random_sparsity,0.75,nan,global_frobenius_norm_matched,204635190823.0,0.75,0.75,3.0,nan,90,267,398,512,686,45.53630626059897,5.959228936061976,387.31136724414455,0.4841392090551807,0.0040398513384472,0.0510843854409553,0.75,0.75,0.0335041508078575,0.0496669167695578,9aad88592135096912c2e9971ced9f74b63d546bdd69208e989abf481efd833e,,,,results/frozen_sources/mechanisms/random_mask_control_per_seed.csv#row=570
offline_post_hoc,N-MNIST,SNN-DFA,20260908,H3,basis_eval,512,30,800,same_trained_model_and_neuron_coordinates,True,random_sparsity,ann_matched,nan,global_frobenius_norm_matched,204635190823.0,0.8771907552083333,0.8771907552083333,3.0,nan,78,243,369,482,661,41.40787361115349,5.855066113608667,348.99797280666536,0.4362474660083317,0.0028335602381622,0.0510813622450662,0.8771907552083333,0.8771907552083333,0.0229831561446189,0.0329058092301168,9aad88592135096912c2e9971ced9f74b63d546bdd69208e989abf481efd833e,,,,results/frozen_sources/mechanisms/random_mask_control_per_seed.csv#row=571
offline_post_hoc,N-MNIST,SNN-DFA,20260908,H3,basis_eval,512,30,800,same_trained_model_and_neuron_coordinates,True,random_sparsity,0,nan,global_frobenius_norm_matched,204635190824.0,0.0,0.0,4.0,nan,95,276,408,522,694,44.877746430415456,5.975161818880248,393.5317768104556,0.4919147210130695,0.0080752498187902,0.0510966494466838,0.0,0.0,0.0864801332354545,0.1353426659684559,9aad88592135096912c2e9971ced9f74b63d546bdd69208e989abf481efd833e,,,,results/frozen_sources/mechanisms/random_mask_control_per_seed.csv#row=572
offline_post_hoc,N-MNIST,SNN-DFA,20260908,H3,basis_eval,512,30,800,same_trained_model_and_neuron_coordinates,True,random_sparsity,0.25,nan,global_frobenius_norm_matched,204635190824.0,0.25,0.25,4.0,nan,96,275,407,521,693,48.87262170973013,5.99281406349908,400.5401709592412,0.5006752136990515,0.0069946548933101,0.0510939784093032,0.25,0.25,0.0693433359265327,0.1086744254213211,9aad88592135096912c2e9971ced9f74b63d546bdd69208e989abf481efd833e,,,,results/frozen_sources/mechanisms/random_mask_control_per_seed.csv#row=573
offline_post_hoc,N-MNIST,SNN-DFA,20260908,H3,basis_eval,512,30,800,same_trained_model_and_neuron_coordinates,True,random_sparsity,0.50,nan,global_frobenius_norm_matched,204635190824.0,0.5,0.5,4.0,nan,97,273,404,518,690,56.1319646864836,6.000968170554413,403.8195705102732,0.5047744631378415,0.0057057507457033,0.0510890485463897,0.5,0.5,0.051967516541481,0.0811152971488017,9aad88592135096912c2e9971ced9f74b63d546bdd69208e989abf481efd833e,,,,results/frozen_sources/mechanisms/random_mask_control_per_seed.csv#row=574
offline_post_hoc,N-MNIST,SNN-DFA,20260908,H3,basis_eval,512,30,800,same_trained_model_and_neuron_coordinates,True,random_sparsity,0.75,nan,global_frobenius_norm_matched,204635190824.0,0.75,0.75,4.0,nan,89,261,391,504,680,46.24697424522149,5.947609724292236,382.8371581756482,0.4785464477195602,0.0040304728595225,0.0510843063581173,0.75,0.75,0.033749796450138,0.0526012356927253,9aad88592135096912c2e9971ced9f74b63d546bdd69208e989abf481efd833e,,,,results/frozen_sources/mechanisms/random_mask_control_per_seed.csv#row=575
offline_post_hoc,N-MNIST,SNN-DFA,20260908,H3,basis_eval,512,30,800,same_trained_model_and_neuron_coordinates,True,random_sparsity,ann_matched,nan,global_frobenius_norm_matched,204635190824.0,0.8771907552083333,0.8771907552083333,4.0,nan,75,229,354,467,656,28.99390823245868,5.811412908835205,334.0908322455449,0.4176135403069311,0.0028277780799618,0.051081343049943,0.8771907552083333,0.8771907552083333,0.0230004992336034,0.0360446713105893,9aad88592135096912c2e9971ced9f74b63d546bdd69208e989abf481efd833e,,,,results/frozen_sources/mechanisms/random_mask_control_per_seed.csv#row=576
offline_post_hoc,N-MNIST,SNN-DFA,20260908,H3,basis_eval,512,30,800,same_trained_model_and_neuron_coordinates,True,random_sparsity,0,nan,global_frobenius_norm_matched,204635190825.0,0.0,0.0,5.0,nan,95,276,408,522,694,44.877746430415456,5.975161818880248,393.5317768104556,0.4919147210130695,0.0080752498187902,0.0510966494466838,0.0,0.0,0.0864801332354545,0.1353426659684559,9aad88592135096912c2e9971ced9f74b63d546bdd69208e989abf481efd833e,,,,results/frozen_sources/mechanisms/random_mask_control_per_seed.csv#row=577
offline_post_hoc,N-MNIST,SNN-DFA,20260908,H3,basis_eval,512,30,800,same_trained_model_and_neuron_coordinates,True,random_sparsity,0.25,nan,global_frobenius_norm_matched,204635190825.0,0.25,0.25,5.0,nan,97,277,409,522,692,50.67662854612594,5.997883476464402,402.5758299335103,0.5032197874168878,0.006991772735815,0.0510939519290391,0.25,0.25,0.0692586898803711,0.1077820281651739,9aad88592135096912c2e9971ced9f74b63d546bdd69208e989abf481efd833e,,,,results/frozen_sources/mechanisms/random_mask_control_per_seed.csv#row=578
offline_post_hoc,N-MNIST,SNN-DFA,20260908,H3,basis_eval,512,30,800,same_trained_model_and_neuron_coordinates,True,random_sparsity,0.50,nan,global_frobenius_norm_matched,204635190825.0,0.5,0.5,5.0,nan,92,269,402,516,687,48.6935997879388,5.981042262756064,395.8527357836771,0.4948159197295963,0.0057083202115605,0.0510891200544751,0.5,0.5,0.0517147816717624,0.0794009145713251,9aad88592135096912c2e9971ced9f74b63d546bdd69208e989abf481efd833e,,,,results/frozen_sources/mechanisms/random_mask_control_per_seed.csv#row=579
offline_post_hoc,N-MNIST,SNN-DFA,20260908,H3,basis_eval,512,30,800,same_trained_model_and_neuron_coordinates,True,random_sparsity,0.75,nan,global_frobenius_norm_matched,204635190825.0,0.75,0.75,5.0,nan,83,250,379,494,674,28.20170058707968,5.885853312402663,359.90975245676435,0.4498871905709554,0.0040331584262968,0.051084437527373,0.75,0.75,0.0339239090681076,0.0508949535377388,9aad88592135096912c2e9971ced9f74b63d546bdd69208e989abf481efd833e,,,,results/frozen_sources/mechanisms/random_mask_control_per_seed.csv#row=580
offline_post_hoc,N-MNIST,SNN-DFA,20260908,H3,basis_eval,512,30,800,same_trained_model_and_neuron_coordinates,True,random_sparsity,ann_matched,nan,global_frobenius_norm_matched,204635190825.0,0.8771907552083333,0.8771907552083333,5.0,nan,74,234,361,474,656,51.07749660852444,5.842499747472143,344.63977719173164,0.4307997214896645,0.0028309727641253,0.0510812712825264,0.8771907552083333,0.8771907552083333,0.023248866200447,0.0331470951307642,9aad88592135096912c2e9971ced9f74b63d546bdd69208e989abf481efd833e,,,,results/frozen_sources/mechanisms/random_mask_control_per_seed.csv#row=581
offline_post_hoc,N-MNIST,SNN-DFA,20260908,H3,basis_eval,512,30,800,same_trained_model_and_neuron_coordinates,True,random_sparsity,0,nan,global_frobenius_norm_matched,204635190826.0,0.0,0.0,6.0,nan,95,276,408,522,694,44.877746430415456,5.975161818880248,393.5317768104556,0.4919147210130695,0.0080752498187902,0.0510966494466838,0.0,0.0,0.0864801332354545,0.1353426659684559,9aad88592135096912c2e9971ced9f74b63d546bdd69208e989abf481efd833e,,,,results/frozen_sources/mechanisms/random_mask_control_per_seed.csv#row=582
offline_post_hoc,N-MNIST,SNN-DFA,20260908,H3,basis_eval,512,30,800,same_trained_model_and_neuron_coordinates,True,random_sparsity,0.25,nan,global_frobenius_norm_matched,204635190826.0,0.25,0.25,6.0,nan,97,279,411,524,694,53.82040689145308,6.005629424624424,405.7062699034064,0.507132837379258,0.0069943365724529,0.051094019755661,0.25,0.25,0.069290392100811,0.1073349687466907,9aad88592135096912c2e9971ced9f74b63d546bdd69208e989abf481efd833e,,,,results/frozen_sources/mechanisms/random_mask_control_per_seed.csv#row=583
offline_post_hoc,N-MNIST,SNN-DFA,20260908,H3,basis_eval,512,30,800,same_trained_model_and_neuron_coordinates,True,random_sparsity,0.50,nan,global_frobenius_norm_matched,204635190826.0,0.5,0.5,6.0,nan,99,278,408,521,691,56.67858035467468,6.013849990779885,409.05515112552735,0.5113189389069092,0.0057087246961156,0.0510891114410863,0.5,0.5,0.0517469905316829,0.0791470300966551,9aad88592135096912c2e9971ced9f74b63d546bdd69208e989abf481efd833e,,,,results/frozen_sources/mechanisms/random_mask_control_per_seed.csv#row=584
offline_post_hoc,N-MNIST,SNN-DFA,20260908,H3,basis_eval,512,30,800,same_trained_model_and_neuron_coordinates,True,random_sparsity,0.75,nan,global_frobenius_norm_matched,204635190826.0,0.75,0.75,6.0,nan,94,267,396,508,681,37.993476266815655,5.964449348855666,389.338579298804,0.486673224123505,0.0040337832914613,0.0510844396982733,0.75,0.75,0.0337134040892124,0.0507165528701924,9aad88592135096912c2e9971ced9f74b63d546bdd69208e989abf481efd833e,,,,results/frozen_sources/mechanisms/random_mask_control_per_seed.csv#row=585
offline_post_hoc,N-MNIST,SNN-DFA,20260908,H3,basis_eval,512,30,800,same_trained_model_and_neuron_coordinates,True,random_sparsity,ann_matched,nan,global_frobenius_norm_matched,204635190826.0,0.8771907552083333,0.8771907552083333,6.0,nan,71,224,350,465,653,33.8982335062121,5.786425176949779,325.8460976996139,0.4073076221245174,0.0028243099734215,0.0510813598174972,0.8771907552083333,0.8771907552083333,0.0230169966816902,0.0325788231903887,9aad88592135096912c2e9971ced9f74b63d546bdd69208e989abf481efd833e,,,,results/frozen_sources/mechanisms/random_mask_control_per_seed.csv#row=586
offline_post_hoc,N-MNIST,SNN-DFA,20260908,H3,basis_eval,512,30,800,same_trained_model_and_neuron_coordinates,True,random_sparsity,0,nan,global_frobenius_norm_matched,204635190827.0,0.0,0.0,7.0,nan,95,276,408,522,694,44.877746430415456,5.975161818880248,393.5317768104556,0.4919147210130695,0.0080752498187902,0.0510966494466838,0.0,0.0,0.0864801332354545,0.1353426659684559,9aad88592135096912c2e9971ced9f74b63d546bdd69208e989abf481efd833e,,,,results/frozen_sources/mechanisms/random_mask_control_per_seed.csv#row=587
offline_post_hoc,N-MNIST,SNN-DFA,20260908,H3,basis_eval,512,30,800,same_trained_model_and_neuron_coordinates,True,random_sparsity,0.25,nan,global_frobenius_norm_matched,204635190827.0,0.25,0.25,7.0,nan,99,279,410,524,694,51.23684894254188,6.0092104359120535,407.1617130592373,0.5089521413240466,0.0069934031923214,0.0510939796825388,0.25,0.25,0.0691976100206375,0.1080211233107377,9aad88592135096912c2e9971ced9f74b63d546bdd69208e989abf481efd833e,,,,results/frozen_sources/mechanisms/random_mask_control_per_seed.csv#row=588
offline_post_hoc,N-MNIST,SNN-DFA,20260908,H3,basis_eval,512,30,800,same_trained_model_and_neuron_coordinates,True,random_sparsity,0.50,nan,global_frobenius_norm_matched,204635190827.0,0.5,0.5,7.0,nan,99,278,409,521,692,64.2585983582354,6.018354650914195,410.9019620623874,0.5136274525779843,0.0057103451244192,0.051089079611824,0.5,0.5,0.0516597852110862,0.0811052511420086,9aad88592135096912c2e9971ced9f74b63d546bdd69208e989abf481efd833e,,,,results/frozen_sources/mechanisms/random_mask_control_per_seed.csv#row=589
offline_post_hoc,N-MNIST,SNN-DFA,20260908,H3,basis_eval,512,30,800,same_trained_model_and_neuron_coordinates,True,random_sparsity,0.75,nan,global_frobenius_norm_matched,204635190827.0,0.75,0.75,7.0,nan,91,261,390,503,680,43.18141386679405,5.951557524828848,384.351510127072,0.48043938765884,0.004039994721833,0.051084376085656,0.75,0.75,0.0338619835674762,0.0518598943063694,9aad88592135096912c2e9971ced9f74b63d546bdd69208e989abf481efd833e,,,,results/frozen_sources/mechanisms/random_mask_control_per_seed.csv#row=590
offline_post_hoc,N-MNIST,SNN-DFA,20260908,H3,basis_eval,512,30,800,same_trained_model_and_neuron_coordinates,True,random_sparsity,ann_matched,nan,global_frobenius_norm_matched,204635190827.0,0.8771907552083333,0.8771907552083333,7.0,nan,77,233,357,471,655,35.70087153891808,5.815862499217646,335.58071181831707,0.4194758897728963,0.0028338528295565,0.0510812804352681,0.8771907552083333,0.8771907552083333,0.0227625574916601,0.0328893768053456,9aad88592135096912c2e9971ced9f74b63d546bdd69208e989abf481efd833e,,,,results/frozen_sources/mechanisms/random_mask_control_per_seed.csv#row=591
offline_post_hoc,N-MNIST,SNN-DFA,20260908,H3,basis_eval,512,30,800,same_trained_model_and_neuron_coordinates,True,random_sparsity,0,nan,global_frobenius_norm_matched,204635190828.0,0.0,0.0,8.0,nan,95,276,408,522,694,44.877746430415456,5.975161818880248,393.5317768104556,0.4919147210130695,0.0080752498187902,0.0510966494466838,0.0,0.0,0.0864801332354545,0.1353426659684559,9aad88592135096912c2e9971ced9f74b63d546bdd69208e989abf481efd833e,,,,results/frozen_sources/mechanisms/random_mask_control_per_seed.csv#row=592
offline_post_hoc,N-MNIST,SNN-DFA,20260908,H3,basis_eval,512,30,800,same_trained_model_and_neuron_coordinates,True,random_sparsity,0.25,nan,global_frobenius_norm_matched,204635190828.0,0.25,0.25,8.0,nan,101,283,415,528,696,56.23744362193634,6.028688094670602,415.1700082056912,0.518962510257114,0.0069875350779496,0.0510939795216284,0.25,0.25,0.0689166486263275,0.1075909969475991,9aad88592135096912c2e9971ced9f74b63d546bdd69208e989abf481efd833e,,,,results/frozen_sources/mechanisms/random_mask_control_per_seed.csv#row=593
offline_post_hoc,N-MNIST,SNN-DFA,20260908,H3,basis_eval,512,30,800,same_trained_model_and_neuron_coordinates,True,random_sparsity,0.50,nan,global_frobenius_norm_matched,204635190828.0,0.5,0.5,8.0,nan,102,282,413,525,693,61.977476688266016,6.037826962415588,418.9815822095587,0.5237269777619484,0.0057001491417652,0.0510891201950057,0.5,0.5,0.0516331642866134,0.0807090607840376,9aad88592135096912c2e9971ced9f74b63d546bdd69208e989abf481efd833e,,,,results/frozen_sources/mechanisms/random_mask_control_per_seed.csv#row=594
offline_post_hoc,N-MNIST,SNN-DFA,20260908,H3,basis_eval,512,30,800,same_trained_model_and_neuron_coordinates,True,random_sparsity,0.75,nan,global_frobenius_norm_matched,204635190828.0,0.75,0.75,8.0,nan,92,265,393,506,681,41.32683286384535,5.9658289207769615,389.8760705393464,0.4873450881741829,0.0040237476381811,0.0510843468331047,0.75,0.75,0.0336367189884185,0.0511114441592189,9aad88592135096912c2e9971ced9f74b63d546bdd69208e989abf481efd833e,,,,results/frozen_sources/mechanisms/random_mask_control_per_seed.csv#row=595
offline_post_hoc,N-MNIST,SNN-DFA,20260908,H3,basis_eval,512,30,800,same_trained_model_and_neuron_coordinates,True,random_sparsity,ann_matched,nan,global_frobenius_norm_matched,204635190828.0,0.8771907552083333,0.8771907552083333,8.0,nan,79,236,359,473,657,36.10966989974917,5.845427214040411,345.6501768515695,0.4320627210644618,0.0028252204344424,0.0510812717795769,0.8771907552083333,0.8771907552083333,0.022863995283842,0.0328852105775963,9aad88592135096912c2e9971ced9f74b63d546bdd69208e989abf481efd833e,,,,results/frozen_sources/mechanisms/random_mask_control_per_seed.csv#row=596
offline_post_hoc,N-MNIST,SNN-DFA,20260908,H3,basis_eval,512,30,800,same_trained_model_and_neuron_coordinates,True,random_sparsity,0,nan,global_frobenius_norm_matched,204635190829.0,0.0,0.0,9.0,nan,95,276,408,522,694,44.877746430415456,5.975161818880248,393.5317768104556,0.4919147210130695,0.0080752498187902,0.0510966494466838,0.0,0.0,0.0864801332354545,0.1353426659684559,9aad88592135096912c2e9971ced9f74b63d546bdd69208e989abf481efd833e,,,,results/frozen_sources/mechanisms/random_mask_control_per_seed.csv#row=597
offline_post_hoc,N-MNIST,SNN-DFA,20260908,H3,basis_eval,512,30,800,same_trained_model_and_neuron_coordinates,True,random_sparsity,0.25,nan,global_frobenius_norm_matched,204635190829.0,0.25,0.25,9.0,nan,99,279,410,523,694,54.5819092451397,6.012455716296524,408.48521338318096,0.5106065167289762,0.0069938396702141,0.0510939789147341,0.25,0.25,0.0690532550215721,0.1086993080284106,9aad88592135096912c2e9971ced9f74b63d546bdd69208e989abf481efd833e,,,,results/frozen_sources/mechanisms/random_mask_control_per_seed.csv#row=598
offline_post_hoc,N-MNIST,SNN-DFA,20260908,H3,basis_eval,512,30,800,same_trained_model_and_neuron_coordinates,True,random_sparsity,0.50,nan,global_frobenius_norm_matched,204635190829.0,0.5,0.5,9.0,nan,98,276,406,519,691,65.15934800104887,6.013582066562183,408.9455700245358,0.5111819625306697,0.0057069185270025,0.051089105436108,0.5,0.5,0.0514123290777206,0.0799168382242815,9aad88592135096912c2e9971ced9f74b63d546bdd69208e989abf481efd833e,,,,results/frozen_sources/mechanisms/random_mask_control_per_seed.csv#row=599
offline_post_hoc,N-MNIST,SNN-DFA,20260908,H3,basis_eval,512,30,800,same_trained_model_and_neuron_coordinates,True,random_sparsity,0.75,nan,global_frobenius_norm_matched,204635190829.0,0.75,0.75,9.0,nan,96,270,398,510,684,66.13651145611261,5.99543579694707,401.5916582801664,0.5019895728502081,0.0040325080194261,0.0510844207811591,0.75,0.75,0.0335800722241401,0.0511627820208944,9aad88592135096912c2e9971ced9f74b63d546bdd69208e989abf481efd833e,,,,results/frozen_sources/mechanisms/random_mask_control_per_seed.csv#row=600
offline_post_hoc,N-MNIST,SNN-DFA,20260908,H3,basis_eval,512,30,800,same_trained_model_and_neuron_coordinates,True,random_sparsity,ann_matched,nan,global_frobenius_norm_matched,204635190829.0,0.8771907552083333,0.8771907552083333,9.0,nan,82,242,365,478,662,49.58041878417299,5.878377498637698,357.2291664404468,0.4465364580505584,0.0028299099380116,0.0510813535489576,0.8771907552083333,0.8771907552083333,0.0230222530663013,0.0326579954632358,9aad88592135096912c2e9971ced9f74b63d546bdd69208e989abf481efd833e,,,,results/frozen_sources/mechanisms/random_mask_control_per_seed.csv#row=601
offline_post_hoc,N-MNIST,SNN-DFA,20260909,H1,basis_eval,512,30,800,same_trained_model_and_neuron_coordinates,True,random_sparsity,0,nan,global_frobenius_norm_matched,204635190900.0,0.0,0.0,0.0,nan,126,325,451,550,683,52.49342029089328,6.1395231779636426,463.83235263569344,0.5797904407946168,0.0125399515634074,0.0648233262756018,0.0,0.0,0.0577606633305549,0.10571942270405,0800c9e1ee7b4cf64c5099e83f65ae2c8adb1bf072ccdaa45be9f1911ae9bad7,,,,results/frozen_sources/mechanisms/random_mask_control_per_seed.csv#row=602
offline_post_hoc,N-MNIST,SNN-DFA,20260909,H1,basis_eval,512,30,800,same_trained_model_and_neuron_coordinates,True,random_sparsity,0.25,nan,global_frobenius_norm_matched,204635190900.0,0.25,0.25,0.0,nan,127,325,451,548,681,64.91445153006164,6.155276328371539,471.19702958065966,0.5889962869758246,0.0108507841166544,0.0648173093477324,0.25,0.25,0.0439415983855724,0.0803627467917761,0800c9e1ee7b4cf64c5099e83f65ae2c8adb1bf072ccdaa45be9f1911ae9bad7,,,,results/frozen_sources/mechanisms/random_mask_control_per_seed.csv#row=603
offline_post_hoc,N-MNIST,SNN-DFA,20260909,H1,basis_eval,512,30,800,same_trained_model_and_neuron_coordinates,True,random_sparsity,0.50,nan,global_frobenius_norm_matched,204635190900.0,0.5,0.5,0.0,nan,128,323,447,545,678,87.15981076175194,6.168737973890465,477.5830033838872,0.596978754229859,0.0088539535835366,0.0648106035778319,0.5,0.5,0.0303045809268951,0.055966210573504,0800c9e1ee7b4cf64c5099e83f65ae2c8adb1bf072ccdaa45be9f1911ae9bad7,,,,results/frozen_sources/mechanisms/random_mask_control_per_seed.csv#row=604
offline_post_hoc,N-MNIST,SNN-DFA,20260909,H1,basis_eval,512,30,800,same_trained_model_and_neuron_coordinates,True,random_sparsity,0.75,nan,global_frobenius_norm_matched,204635190900.0,0.75,0.75,0.0,nan,123,313,438,537,672,89.27111655781299,6.14183407085863,464.9054589632062,0.5811318237040077,0.0062640228780523,0.0648028507102739,0.75,0.75,0.0169751867651939,0.0311431690492075,0800c9e1ee7b4cf64c5099e83f65ae2c8adb1bf072ccdaa45be9f1911ae9bad7,,,,results/frozen_sources/mechanisms/random_mask_control_per_seed.csv#row=605
offline_post_hoc,N-MNIST,SNN-DFA,20260909,H1,basis_eval,512,30,800,same_trained_model_and_neuron_coordinates,True,random_sparsity,ann_matched,nan,global_frobenius_norm_matched,204635190900.0,0.8980546875,0.8980546875,0.0,nan,108,286,408,508,655,72.2010156813244,6.055431071342763,426.4226844400008,0.533028355550001,0.0040020035214829,0.0647975331904331,0.8980546875,0.8980546875,0.0093033257871866,0.0173279554000425,0800c9e1ee7b4cf64c5099e83f65ae2c8adb1bf072ccdaa45be9f1911ae9bad7,,,,results/frozen_sources/mechanisms/random_mask_control_per_seed.csv#row=606
offline_post_hoc,N-MNIST,SNN-DFA,20260909,H1,basis_eval,512,30,800,same_trained_model_and_neuron_coordinates,True,random_sparsity,0,nan,global_frobenius_norm_matched,204635190901.0,0.0,0.0,1.0,nan,126,325,451,550,683,52.49342029089328,6.1395231779636426,463.83235263569344,0.5797904407946168,0.0125399515634074,0.0648233262756018,0.0,0.0,0.0577606633305549,0.10571942270405,0800c9e1ee7b4cf64c5099e83f65ae2c8adb1bf072ccdaa45be9f1911ae9bad7,,,,results/frozen_sources/mechanisms/random_mask_control_per_seed.csv#row=607
offline_post_hoc,N-MNIST,SNN-DFA,20260909,H1,basis_eval,512,30,800,same_trained_model_and_neuron_coordinates,True,random_sparsity,0.25,nan,global_frobenius_norm_matched,204635190901.0,0.25,0.25,1.0,nan,129,327,453,551,683,64.47083704213306,6.161163597491633,473.9792751806593,0.5924740939758241,0.0108546087194526,0.0648173515018734,0.25,0.25,0.0439135730266571,0.0800427101650319,0800c9e1ee7b4cf64c5099e83f65ae2c8adb1bf072ccdaa45be9f1911ae9bad7,,,,results/frozen_sources/mechanisms/random_mask_control_per_seed.csv#row=608
offline_post_hoc,N-MNIST,SNN-DFA,20260909,H1,basis_eval,512,30,800,same_trained_model_and_neuron_coordinates,True,random_sparsity,0.50,nan,global_frobenius_norm_matched,204635190901.0,0.5,0.5,1.0,nan,131,326,451,549,682,65.57842140478176,6.169870208430904,478.1240455917834,0.5976550569897293,0.008856183744522,0.0648106951117125,0.5,0.5,0.0302332825958728,0.0549411098959505,0800c9e1ee7b4cf64c5099e83f65ae2c8adb1bf072ccdaa45be9f1911ae9bad7,,,,results/frozen_sources/mechanisms/random_mask_control_per_seed.csv#row=609
offline_post_hoc,N-MNIST,SNN-DFA,20260909,H1,basis_eval,512,30,800,same_trained_model_and_neuron_coordinates,True,random_sparsity,0.75,nan,global_frobenius_norm_matched,204635190901.0,0.75,0.75,1.0,nan,124,314,439,536,673,49.04316992726726,6.141201482250104,464.6114580664378,0.5807643225830472,0.0062610475162203,0.064802959047897,0.75,0.75,0.0170073080807924,0.0307882940816167,0800c9e1ee7b4cf64c5099e83f65ae2c8adb1bf072ccdaa45be9f1911ae9bad7,,,,results/frozen_sources/mechanisms/random_mask_control_per_seed.csv#row=610
offline_post_hoc,N-MNIST,SNN-DFA,20260909,H1,basis_eval,512,30,800,same_trained_model_and_neuron_coordinates,True,random_sparsity,ann_matched,nan,global_frobenius_norm_matched,204635190901.0,0.8980546875,0.8980546875,1.0,nan,108,287,410,509,657,75.65321778276173,6.052143784150317,425.02321210486906,0.5312790151310863,0.0039984035527114,0.0647976417994535,0.8980546875,0.8980546875,0.0095411771908402,0.0173776155331035,0800c9e1ee7b4cf64c5099e83f65ae2c8adb1bf072ccdaa45be9f1911ae9bad7,,,,results/frozen_sources/mechanisms/random_mask_control_per_seed.csv#row=611
offline_post_hoc,N-MNIST,SNN-DFA,20260909,H1,basis_eval,512,30,800,same_trained_model_and_neuron_coordinates,True,random_sparsity,0,nan,global_frobenius_norm_matched,204635190902.0,0.0,0.0,2.0,nan,126,325,451,550,683,52.49342029089328,6.1395231779636426,463.83235263569344,0.5797904407946168,0.0125399515634074,0.0648233262756018,0.0,0.0,0.0577606633305549,0.10571942270405,0800c9e1ee7b4cf64c5099e83f65ae2c8adb1bf072ccdaa45be9f1911ae9bad7,,,,results/frozen_sources/mechanisms/random_mask_control_per_seed.csv#row=612
offline_post_hoc,N-MNIST,SNN-DFA,20260909,H1,basis_eval,512,30,800,same_trained_model_and_neuron_coordinates,True,random_sparsity,0.25,nan,global_frobenius_norm_matched,204635190902.0,0.25,0.25,2.0,nan,126,324,450,549,682,66.48963167201974,6.150990182677896,469.1817324752288,0.5864771655940361,0.0108637025585741,0.0648173241979608,0.25,0.25,0.0441086441278457,0.0804913098666031,0800c9e1ee7b4cf64c5099e83f65ae2c8adb1bf072ccdaa45be9f1911ae9bad7,,,,results/frozen_sources/mechanisms/random_mask_control_per_seed.csv#row=613
offline_post_hoc,N-MNIST,SNN-DFA,20260909,H1,basis_eval,512,30,800,same_trained_model_and_neuron_coordinates,True,random_sparsity,0.50,nan,global_frobenius_norm_matched,204635190902.0,0.5,0.5,2.0,nan,125,321,447,546,680,64.95215129022407,6.149286090923175,468.3828846018056,0.585478605752257,0.0088787185321999,0.0648106307476009,0.5,0.5,0.0305895879864692,0.0561974882037377,0800c9e1ee7b4cf64c5099e83f65ae2c8adb1bf072ccdaa45be9f1911ae9bad7,,,,results/frozen_sources/mechanisms/random_mask_control_per_seed.csv#row=614
offline_post_hoc,N-MNIST,SNN-DFA,20260909,H1,basis_eval,512,30,800,same_trained_model_and_neuron_coordinates,True,random_sparsity,0.75,nan,global_frobenius_norm_matched,204635190902.0,0.75,0.75,2.0,nan,119,311,437,535,669,49.752981224191146,6.121965793232748,455.7597438905747,0.5696996798632185,0.0062727898002391,0.0648028153362998,0.75,0.75,0.0170873571187257,0.0319231930447118,0800c9e1ee7b4cf64c5099e83f65ae2c8adb1bf072ccdaa45be9f1911ae9bad7,,,,results/frozen_sources/mechanisms/random_mask_control_per_seed.csv#row=615
offline_post_hoc,N-MNIST,SNN-DFA,20260909,H1,basis_eval,512,30,800,same_trained_model_and_neuron_coordinates,True,random_sparsity,ann_matched,nan,global_frobenius_norm_matched,204635190902.0,0.8980546875,0.8980546875,2.0,nan,101,281,405,505,649,67.00359045280535,6.02078449864554,411.9016052612516,0.5148770065765645,0.0040017636785028,0.0647975662367359,0.8980546875,0.8980546875,0.0094991298392415,0.0182407401893841,0800c9e1ee7b4cf64c5099e83f65ae2c8adb1bf072ccdaa45be9f1911ae9bad7,,,,results/frozen_sources/mechanisms/random_mask_control_per_seed.csv#row=616
offline_post_hoc,N-MNIST,SNN-DFA,20260909,H1,basis_eval,512,30,800,same_trained_model_and_neuron_coordinates,True,random_sparsity,0,nan,global_frobenius_norm_matched,204635190903.0,0.0,0.0,3.0,nan,126,325,451,550,683,52.49342029089328,6.1395231779636426,463.83235263569344,0.5797904407946168,0.0125399515634074,0.0648233262756018,0.0,0.0,0.0577606633305549,0.10571942270405,0800c9e1ee7b4cf64c5099e83f65ae2c8adb1bf072ccdaa45be9f1911ae9bad7,,,,results/frozen_sources/mechanisms/random_mask_control_per_seed.csv#row=617
offline_post_hoc,N-MNIST,SNN-DFA,20260909,H1,basis_eval,512,30,800,same_trained_model_and_neuron_coordinates,True,random_sparsity,0.25,nan,global_frobenius_norm_matched,204635190903.0,0.25,0.25,3.0,nan,131,327,453,551,682,66.07217595321825,6.171687832872657,478.9938858251969,0.5987423572814962,0.0108601158913294,0.0648172488743693,0.25,0.25,0.0439298190176487,0.0804955487954106,0800c9e1ee7b4cf64c5099e83f65ae2c8adb1bf072ccdaa45be9f1911ae9bad7,,,,results/frozen_sources/mechanisms/random_mask_control_per_seed.csv#row=618
offline_post_hoc,N-MNIST,SNN-DFA,20260909,H1,basis_eval,512,30,800,same_trained_model_and_neuron_coordinates,True,random_sparsity,0.50,nan,global_frobenius_norm_matched,204635190903.0,0.5,0.5,3.0,nan,132,324,449,547,681,87.12829782081596,6.185472157795386,485.64220923947335,0.6070527615493417,0.0088686720426201,0.0648105341359431,0.5,0.5,0.0303540043532848,0.0552593180417321,0800c9e1ee7b4cf64c5099e83f65ae2c8adb1bf072ccdaa45be9f1911ae9bad7,,,,results/frozen_sources/mechanisms/random_mask_control_per_seed.csv#row=619
offline_post_hoc,N-MNIST,SNN-DFA,20260909,H1,basis_eval,512,30,800,same_trained_model_and_neuron_coordinates,True,random_sparsity,0.75,nan,global_frobenius_norm_matched,204635190903.0,0.75,0.75,3.0,nan,119,307,431,531,671,112.00343122645631,6.131356598822723,460.0598541899181,0.5750748177373977,0.0062725384664816,0.0648028910964519,0.75,0.75,0.0171243473887443,0.0316012745059501,0800c9e1ee7b4cf64c5099e83f65ae2c8adb1bf072ccdaa45be9f1911ae9bad7,,,,results/frozen_sources/mechanisms/random_mask_control_per_seed.csv#row=620
offline_post_hoc,N-MNIST,SNN-DFA,20260909,H1,basis_eval,512,30,800,same_trained_model_and_neuron_coordinates,True,random_sparsity,ann_matched,nan,global_frobenius_norm_matched,204635190903.0,0.8980546875,0.8980546875,3.0,nan,100,276,398,499,655,66.15643827309346,5.99566406615267,401.683339752608,0.50210417469076,0.0040032517624794,0.0647975522048238,0.8980546875,0.8980546875,0.0093399798497557,0.0175154781617612,0800c9e1ee7b4cf64c5099e83f65ae2c8adb1bf072ccdaa45be9f1911ae9bad7,,,,results/frozen_sources/mechanisms/random_mask_control_per_seed.csv#row=621
offline_post_hoc,N-MNIST,SNN-DFA,20260909,H1,basis_eval,512,30,800,same_trained_model_and_neuron_coordinates,True,random_sparsity,0,nan,global_frobenius_norm_matched,204635190904.0,0.0,0.0,4.0,nan,126,325,451,550,683,52.49342029089328,6.1395231779636426,463.83235263569344,0.5797904407946168,0.0125399515634074,0.0648233262756018,0.0,0.0,0.0577606633305549,0.10571942270405,0800c9e1ee7b4cf64c5099e83f65ae2c8adb1bf072ccdaa45be9f1911ae9bad7,,,,results/frozen_sources/mechanisms/random_mask_control_per_seed.csv#row=622
offline_post_hoc,N-MNIST,SNN-DFA,20260909,H1,basis_eval,512,30,800,same_trained_model_and_neuron_coordinates,True,random_sparsity,0.25,nan,global_frobenius_norm_matched,204635190904.0,0.25,0.25,4.0,nan,131,329,454,551,683,64.9481659736824,6.172717802421364,479.4874890961464,0.599359361370183,0.0108646409840607,0.0648173016523187,0.25,0.25,0.0440730936825275,0.0806623122320592,0800c9e1ee7b4cf64c5099e83f65ae2c8adb1bf072ccdaa45be9f1911ae9bad7,,,,results/frozen_sources/mechanisms/random_mask_control_per_seed.csv#row=623
offline_post_hoc,N-MNIST,SNN-DFA,20260909,H1,basis_eval,512,30,800,same_trained_model_and_neuron_coordinates,True,random_sparsity,0.50,nan,global_frobenius_norm_matched,204635190904.0,0.5,0.5,4.0,nan,133,329,454,550,681,83.67601130132628,6.188788279828195,487.2553312460614,0.6090691640575767,0.0088712191339422,0.06481058432356,0.5,0.5,0.0303942300379276,0.0554634410523246,0800c9e1ee7b4cf64c5099e83f65ae2c8adb1bf072ccdaa45be9f1911ae9bad7,,,,results/frozen_sources/mechanisms/random_mask_control_per_seed.csv#row=624
offline_post_hoc,N-MNIST,SNN-DFA,20260909,H1,basis_eval,512,30,800,same_trained_model_and_neuron_coordinates,True,random_sparsity,0.75,nan,global_frobenius_norm_matched,204635190904.0,0.75,0.75,4.0,nan,128,322,445,541,675,104.2356786747862,6.173408313598474,479.8186949041478,0.5997733686301847,0.0062741317421793,0.0648028425216737,0.75,0.75,0.0170040745288133,0.0315839123760758,0800c9e1ee7b4cf64c5099e83f65ae2c8adb1bf072ccdaa45be9f1911ae9bad7,,,,results/frozen_sources/mechanisms/random_mask_control_per_seed.csv#row=625
offline_post_hoc,N-MNIST,SNN-DFA,20260909,H1,basis_eval,512,30,800,same_trained_model_and_neuron_coordinates,True,random_sparsity,ann_matched,nan,global_frobenius_norm_matched,204635190904.0,0.8980546875,0.8980546875,4.0,nan,113,294,415,515,658,82.54870902381798,6.079716088148363,436.905134562407,0.5461314182030087,0.0040068041552851,0.0647975375434724,0.8980546875,0.8980546875,0.0096061322838068,0.0176104261129933,0800c9e1ee7b4cf64c5099e83f65ae2c8adb1bf072ccdaa45be9f1911ae9bad7,,,,results/frozen_sources/mechanisms/random_mask_control_per_seed.csv#row=626
offline_post_hoc,N-MNIST,SNN-DFA,20260909,H1,basis_eval,512,30,800,same_trained_model_and_neuron_coordinates,True,random_sparsity,0,nan,global_frobenius_norm_matched,204635190905.0,0.0,0.0,5.0,nan,126,325,451,550,683,52.49342029089328,6.1395231779636426,463.83235263569344,0.5797904407946168,0.0125399515634074,0.0648233262756018,0.0,0.0,0.0577606633305549,0.10571942270405,0800c9e1ee7b4cf64c5099e83f65ae2c8adb1bf072ccdaa45be9f1911ae9bad7,,,,results/frozen_sources/mechanisms/random_mask_control_per_seed.csv#row=627
offline_post_hoc,N-MNIST,SNN-DFA,20260909,H1,basis_eval,512,30,800,same_trained_model_and_neuron_coordinates,True,random_sparsity,0.25,nan,global_frobenius_norm_matched,204635190905.0,0.25,0.25,5.0,nan,129,326,451,549,682,65.37840633657683,6.161686757262924,474.2273069443226,0.5927841336804033,0.0108529717477914,0.0648172485491118,0.25,0.25,0.0439473614096641,0.0803043013529816,0800c9e1ee7b4cf64c5099e83f65ae2c8adb1bf072ccdaa45be9f1911ae9bad7,,,,results/frozen_sources/mechanisms/random_mask_control_per_seed.csv#row=628
offline_post_hoc,N-MNIST,SNN-DFA,20260909,H1,basis_eval,512,30,800,same_trained_model_and_neuron_coordinates,True,random_sparsity,0.50,nan,global_frobenius_norm_matched,204635190905.0,0.5,0.5,5.0,nan,130,324,448,546,679,77.23350819770543,6.171281851789874,478.7994628374808,0.598499328546851,0.0088609104659987,0.0648106219121769,0.5,0.5,0.0303094070404768,0.0555468968750306,0800c9e1ee7b4cf64c5099e83f65ae2c8adb1bf072ccdaa45be9f1911ae9bad7,,,,results/frozen_sources/mechanisms/random_mask_control_per_seed.csv#row=629
offline_post_hoc,N-MNIST,SNN-DFA,20260909,H1,basis_eval,512,30,800,same_trained_model_and_neuron_coordinates,True,random_sparsity,0.75,nan,global_frobenius_norm_matched,204635190905.0,0.75,0.75,5.0,nan,126,316,440,538,674,69.56521759656742,6.155309078917469,471.2124617933245,0.5890155772416557,0.0062709114400679,0.0648027958164004,0.75,0.75,0.0169265083968639,0.0301587282257227,0800c9e1ee7b4cf64c5099e83f65ae2c8adb1bf072ccdaa45be9f1911ae9bad7,,,,results/frozen_sources/mechanisms/random_mask_control_per_seed.csv#row=630
offline_post_hoc,N-MNIST,SNN-DFA,20260909,H1,basis_eval,512,30,800,same_trained_model_and_neuron_coordinates,True,random_sparsity,ann_matched,nan,global_frobenius_norm_matched,204635190905.0,0.8980546875,0.8980546875,5.0,nan,111,286,409,511,658,48.58931633822546,6.05529120708154,426.363047316921,0.5329538091461513,0.0040050339125949,0.0647975757437089,0.8980546875,0.8980546875,0.0093569885939359,0.0169272669428973,0800c9e1ee7b4cf64c5099e83f65ae2c8adb1bf072ccdaa45be9f1911ae9bad7,,,,results/frozen_sources/mechanisms/random_mask_control_per_seed.csv#row=631
offline_post_hoc,N-MNIST,SNN-DFA,20260909,H1,basis_eval,512,30,800,same_trained_model_and_neuron_coordinates,True,random_sparsity,0,nan,global_frobenius_norm_matched,204635190906.0,0.0,0.0,6.0,nan,126,325,451,550,683,52.49342029089328,6.1395231779636426,463.83235263569344,0.5797904407946168,0.0125399515634074,0.0648233262756018,0.0,0.0,0.0577606633305549,0.10571942270405,0800c9e1ee7b4cf64c5099e83f65ae2c8adb1bf072ccdaa45be9f1911ae9bad7,,,,results/frozen_sources/mechanisms/random_mask_control_per_seed.csv#row=632
offline_post_hoc,N-MNIST,SNN-DFA,20260909,H1,basis_eval,512,30,800,same_trained_model_and_neuron_coordinates,True,random_sparsity,0.25,nan,global_frobenius_norm_matched,204635190906.0,0.25,0.25,6.0,nan,129,325,451,550,682,64.88440471670721,6.161096083868636,473.94727620276194,0.5924340952534525,0.0108582223385967,0.0648172807282562,0.25,0.25,0.0440932400524616,0.0807724307801287,0800c9e1ee7b4cf64c5099e83f65ae2c8adb1bf072ccdaa45be9f1911ae9bad7,,,,results/frozen_sources/mechanisms/random_mask_control_per_seed.csv#row=633
offline_post_hoc,N-MNIST,SNN-DFA,20260909,H1,basis_eval,512,30,800,same_trained_model_and_neuron_coordinates,True,random_sparsity,0.50,nan,global_frobenius_norm_matched,204635190906.0,0.5,0.5,6.0,nan,129,323,449,548,680,68.17640667112707,6.170506079044363,478.4281673027455,0.5980352091284318,0.0088689239548222,0.064810624755364,0.5,0.5,0.0304932780563831,0.0562497441257833,0800c9e1ee7b4cf64c5099e83f65ae2c8adb1bf072ccdaa45be9f1911ae9bad7,,,,results/frozen_sources/mechanisms/random_mask_control_per_seed.csv#row=634
offline_post_hoc,N-MNIST,SNN-DFA,20260909,H1,basis_eval,512,30,800,same_trained_model_and_neuron_coordinates,True,random_sparsity,0.75,nan,global_frobenius_norm_matched,204635190906.0,0.75,0.75,6.0,nan,124,318,444,541,673,39.3917866246978,6.137056977037783,462.6898582476069,0.5783623228095087,0.0062768238307633,0.0648028863206812,0.75,0.75,0.0171287208795547,0.0316219993001791,0800c9e1ee7b4cf64c5099e83f65ae2c8adb1bf072ccdaa45be9f1911ae9bad7,,,,results/frozen_sources/mechanisms/random_mask_control_per_seed.csv#row=635
offline_post_hoc,N-MNIST,SNN-DFA,20260909,H1,basis_eval,512,30,800,same_trained_model_and_neuron_coordinates,True,random_sparsity,ann_matched,nan,global_frobenius_norm_matched,204635190906.0,0.8980546875,0.8980546875,6.0,nan,117,304,424,520,661,59.478931391308016,6.104880096166714,448.0389166509733,0.5600486458137166,0.0040031510030784,0.0647975267097659,0.8980546875,0.8980546875,0.0093264356255531,0.0171456409172274,0800c9e1ee7b4cf64c5099e83f65ae2c8adb1bf072ccdaa45be9f1911ae9bad7,,,,results/frozen_sources/mechanisms/random_mask_control_per_seed.csv#row=636
offline_post_hoc,N-MNIST,SNN-DFA,20260909,H1,basis_eval,512,30,800,same_trained_model_and_neuron_coordinates,True,random_sparsity,0,nan,global_frobenius_norm_matched,204635190907.0,0.0,0.0,7.0,nan,126,325,451,550,683,52.49342029089328,6.1395231779636426,463.83235263569344,0.5797904407946168,0.0125399515634074,0.0648233262756018,0.0,0.0,0.0577606633305549,0.10571942270405,0800c9e1ee7b4cf64c5099e83f65ae2c8adb1bf072ccdaa45be9f1911ae9bad7,,,,results/frozen_sources/mechanisms/random_mask_control_per_seed.csv#row=637
offline_post_hoc,N-MNIST,SNN-DFA,20260909,H1,basis_eval,512,30,800,same_trained_model_and_neuron_coordinates,True,random_sparsity,0.25,nan,global_frobenius_norm_matched,204635190907.0,0.25,0.25,7.0,nan,129,326,452,551,683,65.25604928707223,6.161050910083118,473.9258666937377,0.5924073333671721,0.0108516150412424,0.0648173411409609,0.25,0.25,0.0440327711403369,0.0806585724222188,0800c9e1ee7b4cf64c5099e83f65ae2c8adb1bf072ccdaa45be9f1911ae9bad7,,,,results/frozen_sources/mechanisms/random_mask_control_per_seed.csv#row=638
offline_post_hoc,N-MNIST,SNN-DFA,20260909,H1,basis_eval,512,30,800,same_trained_model_and_neuron_coordinates,True,random_sparsity,0.50,nan,global_frobenius_norm_matched,204635190907.0,0.5,0.5,7.0,nan,129,322,447,545,679,79.58869428544914,6.168251331354416,477.3506477216062,0.5966883096520078,0.0088577626609921,0.0648105510415765,0.5,0.5,0.0303443651646375,0.0556299079646076,0800c9e1ee7b4cf64c5099e83f65ae2c8adb1bf072ccdaa45be9f1911ae9bad7,,,,results/frozen_sources/mechanisms/random_mask_control_per_seed.csv#row=639
offline_post_hoc,N-MNIST,SNN-DFA,20260909,H1,basis_eval,512,30,800,same_trained_model_and_neuron_coordinates,True,random_sparsity,0.75,nan,global_frobenius_norm_matched,204635190907.0,0.75,0.75,7.0,nan,125,316,440,538,673,94.02471918577604,6.155094633344843,471.1114232011535,0.588889279001442,0.0062596626424879,0.0648028314839248,0.75,0.75,0.0171070415526628,0.0320269953808608,0800c9e1ee7b4cf64c5099e83f65ae2c8adb1bf072ccdaa45be9f1911ae9bad7,,,,results/frozen_sources/mechanisms/random_mask_control_per_seed.csv#row=640
offline_post_hoc,N-MNIST,SNN-DFA,20260909,H1,basis_eval,512,30,800,same_trained_model_and_neuron_coordinates,True,random_sparsity,ann_matched,nan,global_frobenius_norm_matched,204635190907.0,0.8980546875,0.8980546875,7.0,nan,104,282,401,502,652,53.814706119965,6.027707928833594,414.7632721140722,0.5184540901425903,0.0039959398383532,0.0647975467052717,0.8980546875,0.8980546875,0.0093207852914929,0.0175918142031522,0800c9e1ee7b4cf64c5099e83f65ae2c8adb1bf072ccdaa45be9f1911ae9bad7,,,,results/frozen_sources/mechanisms/random_mask_control_per_seed.csv#row=641
offline_post_hoc,N-MNIST,SNN-DFA,20260909,H1,basis_eval,512,30,800,same_trained_model_and_neuron_coordinates,True,random_sparsity,0,nan,global_frobenius_norm_matched,204635190908.0,0.0,0.0,8.0,nan,126,325,451,550,683,52.49342029089328,6.1395231779636426,463.83235263569344,0.5797904407946168,0.0125399515634074,0.0648233262756018,0.0,0.0,0.0577606633305549,0.10571942270405,0800c9e1ee7b4cf64c5099e83f65ae2c8adb1bf072ccdaa45be9f1911ae9bad7,,,,results/frozen_sources/mechanisms/random_mask_control_per_seed.csv#row=642
offline_post_hoc,N-MNIST,SNN-DFA,20260909,H1,basis_eval,512,30,800,same_trained_model_and_neuron_coordinates,True,random_sparsity,0.25,nan,global_frobenius_norm_matched,204635190908.0,0.25,0.25,8.0,nan,133,331,456,553,685,66.4203159219149,6.182443330799015,484.1735083488013,0.6052168854360016,0.0108573794364158,0.0648172787033055,0.25,0.25,0.0440291836857795,0.0809970004789008,0800c9e1ee7b4cf64c5099e83f65ae2c8adb1bf072ccdaa45be9f1911ae9bad7,,,,results/frozen_sources/mechanisms/random_mask_control_per_seed.csv#row=643
offline_post_hoc,N-MNIST,SNN-DFA,20260909,H1,basis_eval,512,30,800,same_trained_model_and_neuron_coordinates,True,random_sparsity,0.50,nan,global_frobenius_norm_matched,204635190908.0,0.5,0.5,8.0,nan,135,330,453,550,682,84.6036904213392,6.196847634501566,491.1981617702723,0.6139977022128403,0.0088622677923634,0.0648105329314216,0.5,0.5,0.0303645078092813,0.0556708940011068,0800c9e1ee7b4cf64c5099e83f65ae2c8adb1bf072ccdaa45be9f1911ae9bad7,,,,results/frozen_sources/mechanisms/random_mask_control_per_seed.csv#row=644
offline_post_hoc,N-MNIST,SNN-DFA,20260909,H1,basis_eval,512,30,800,same_trained_model_and_neuron_coordinates,True,random_sparsity,0.75,nan,global_frobenius_norm_matched,204635190908.0,0.75,0.75,8.0,nan,127,319,442,539,677,74.05541050519226,6.163800449924916,475.2307378217831,0.5940384222772288,0.0062618365349546,0.0648028563661339,0.75,0.75,0.0169879700988531,0.0308002143934853,0800c9e1ee7b4cf64c5099e83f65ae2c8adb1bf072ccdaa45be9f1911ae9bad7,,,,results/frozen_sources/mechanisms/random_mask_control_per_seed.csv#row=645
offline_post_hoc,N-MNIST,SNN-DFA,20260909,H1,basis_eval,512,30,800,same_trained_model_and_neuron_coordinates,True,random_sparsity,ann_matched,nan,global_frobenius_norm_matched,204635190908.0,0.8980546875,0.8980546875,8.0,nan,107,283,407,510,656,60.61050571975582,6.041125607275937,420.365935642194,0.5254574195527425,0.0039912779544595,0.0647976012994901,0.8980546875,0.8980546875,0.0093635618686676,0.016898547654897,0800c9e1ee7b4cf64c5099e83f65ae2c8adb1bf072ccdaa45be9f1911ae9bad7,,,,results/frozen_sources/mechanisms/random_mask_control_per_seed.csv#row=646
offline_post_hoc,N-MNIST,SNN-DFA,20260909,H1,basis_eval,512,30,800,same_trained_model_and_neuron_coordinates,True,random_sparsity,0,nan,global_frobenius_norm_matched,204635190909.0,0.0,0.0,9.0,nan,126,325,451,550,683,52.49342029089328,6.1395231779636426,463.83235263569344,0.5797904407946168,0.0125399515634074,0.0648233262756018,0.0,0.0,0.0577606633305549,0.10571942270405,0800c9e1ee7b4cf64c5099e83f65ae2c8adb1bf072ccdaa45be9f1911ae9bad7,,,,results/frozen_sources/mechanisms/random_mask_control_per_seed.csv#row=647
offline_post_hoc,N-MNIST,SNN-DFA,20260909,H1,basis_eval,512,30,800,same_trained_model_and_neuron_coordinates,True,random_sparsity,0.25,nan,global_frobenius_norm_matched,204635190909.0,0.25,0.25,9.0,nan,128,324,449,548,682,67.88518493185009,6.156509562063907,471.7784840942381,0.5897231051177976,0.0108632607834468,0.0648172691524646,0.25,0.25,0.0440598428249359,0.080724399665039,0800c9e1ee7b4cf64c5099e83f65ae2c8adb1bf072ccdaa45be9f1911ae9bad7,,,,results/frozen_sources/mechanisms/random_mask_control_per_seed.csv#row=648
offline_post_hoc,N-MNIST,SNN-DFA,20260909,H1,basis_eval,512,30,800,same_trained_model_and_neuron_coordinates,True,random_sparsity,0.50,nan,global_frobenius_norm_matched,204635190909.0,0.5,0.5,9.0,nan,128,323,448,547,681,84.2260865773976,6.16955845093119,477.97501006745466,0.5974687625843184,0.0088676323020021,0.0648105961655632,0.5,0.5,0.0303669888526201,0.0556037762970237,0800c9e1ee7b4cf64c5099e83f65ae2c8adb1bf072ccdaa45be9f1911ae9bad7,,,,results/frozen_sources/mechanisms/random_mask_control_per_seed.csv#row=649
offline_post_hoc,N-MNIST,SNN-DFA,20260909,H1,basis_eval,512,30,800,same_trained_model_and_neuron_coordinates,True,random_sparsity,0.75,nan,global_frobenius_norm_matched,204635190909.0,0.75,0.75,9.0,nan,125,313,437,537,675,93.39538054445948,6.152617782626511,469.9459944265367,0.5874324930331709,0.006275014983529,0.0648028520363829,0.75,0.75,0.016968160867691,0.0308626036304794,0800c9e1ee7b4cf64c5099e83f65ae2c8adb1bf072ccdaa45be9f1911ae9bad7,,,,results/frozen_sources/mechanisms/random_mask_control_per_seed.csv#row=650
offline_post_hoc,N-MNIST,SNN-DFA,20260909,H1,basis_eval,512,30,800,same_trained_model_and_neuron_coordinates,True,random_sparsity,ann_matched,nan,global_frobenius_norm_matched,204635190909.0,0.8980546875,0.8980546875,9.0,nan,100,275,398,503,658,51.63258410678102,6.0075803352234525,406.4985391373912,0.508123173921739,0.0040021166557774,0.0647975085089375,0.8980546875,0.8980546875,0.0093816947191953,0.0168316781931407,0800c9e1ee7b4cf64c5099e83f65ae2c8adb1bf072ccdaa45be9f1911ae9bad7,,,,results/frozen_sources/mechanisms/random_mask_control_per_seed.csv#row=651
offline_post_hoc,N-MNIST,SNN-DFA,20260909,H2,basis_eval,512,30,800,same_trained_model_and_neuron_coordinates,True,random_sparsity,0,nan,global_frobenius_norm_matched,204635190910.0,0.0,0.0,0.0,nan,104,300,432,536,674,33.98108993861835,5.992686556518867,400.4891025474471,0.5006113781843089,0.0187023040796299,0.0798131234254295,0.0,0.0,0.0862229540944099,0.1306824314420197,0800c9e1ee7b4cf64c5099e83f65ae2c8adb1bf072ccdaa45be9f1911ae9bad7,,,,results/frozen_sources/mechanisms/random_mask_control_per_seed.csv#row=652
offline_post_hoc,N-MNIST,SNN-DFA,20260909,H2,basis_eval,512,30,800,same_trained_model_and_neuron_coordinates,True,random_sparsity,0.25,nan,global_frobenius_norm_matched,204635190910.0,0.25,0.25,0.0,nan,110,306,436,539,675,43.43900262000788,6.051879145541035,424.91074943474354,0.5311384367934294,0.0161843249871153,0.0798013465464354,0.25,0.25,0.0655138865113258,0.0991299969100312,0800c9e1ee7b4cf64c5099e83f65ae2c8adb1bf072ccdaa45be9f1911ae9bad7,,,,results/frozen_sources/mechanisms/random_mask_control_per_seed.csv#row=653
offline_post_hoc,N-MNIST,SNN-DFA,20260909,H2,basis_eval,512,30,800,same_trained_model_and_neuron_coordinates,True,random_sparsity,0.50,nan,global_frobenius_norm_matched,204635190910.0,0.5,0.5,0.0,nan,112,306,436,539,675,58.16913197131375,6.082343497124548,438.0545723950965,0.5475682154938706,0.0132172750149508,0.0797913168594335,0.5,0.5,0.0451659932732582,0.0688406730428713,0800c9e1ee7b4cf64c5099e83f65ae2c8adb1bf072ccdaa45be9f1911ae9bad7,,,,results/frozen_sources/mechanisms/random_mask_control_per_seed.csv#row=654
offline_post_hoc,N-MNIST,SNN-DFA,20260909,H2,basis_eval,512,30,800,same_trained_model_and_neuron_coordinates,True,random_sparsity,0.75,nan,global_frobenius_norm_matched,204635190910.0,0.75,0.75,0.0,nan,115,305,434,537,673,79.46592292629788,6.105844557784486,448.4712414361704,0.560589051795213,0.0093340566610387,0.0797784621951989,0.75,0.75,0.0249096490442752,0.0373325021299401,0800c9e1ee7b4cf64c5099e83f65ae2c8adb1bf072ccdaa45be9f1911ae9bad7,,,,results/frozen_sources/mechanisms/random_mask_control_per_seed.csv#row=655
offline_post_hoc,N-MNIST,SNN-DFA,20260909,H2,basis_eval,512,30,800,same_trained_model_and_neuron_coordinates,True,random_sparsity,ann_matched,nan,global_frobenius_norm_matched,204635190910.0,0.770538330078125,0.770538330078125,0.0,nan,115,304,434,537,673,83.13479009740075,6.105555646668223,448.3416918242576,0.5604271147803219,0.0089421080584723,0.0797768303432013,0.770538330078125,0.770538330078125,0.0233108773827552,0.0352312469603575,0800c9e1ee7b4cf64c5099e83f65ae2c8adb1bf072ccdaa45be9f1911ae9bad7,,,,results/frozen_sources/mechanisms/random_mask_control_per_seed.csv#row=656
offline_post_hoc,N-MNIST,SNN-DFA,20260909,H2,basis_eval,512,30,800,same_trained_model_and_neuron_coordinates,True,random_sparsity,0,nan,global_frobenius_norm_matched,204635190911.0,0.0,0.0,1.0,nan,104,300,432,536,674,33.98108993861835,5.992686556518867,400.4891025474471,0.5006113781843089,0.0187023040796299,0.0798131234254295,0.0,0.0,0.0862229540944099,0.1306824314420197,0800c9e1ee7b4cf64c5099e83f65ae2c8adb1bf072ccdaa45be9f1911ae9bad7,,,,results/frozen_sources/mechanisms/random_mask_control_per_seed.csv#row=657
offline_post_hoc,N-MNIST,SNN-DFA,20260909,H2,basis_eval,512,30,800,same_trained_model_and_neuron_coordinates,True,random_sparsity,0.25,nan,global_frobenius_norm_matched,204635190911.0,0.25,0.25,1.0,nan,111,308,438,541,676,43.219587147562414,6.056361717052063,426.8197176015712,0.533524647001964,0.0162032766973166,0.0798012829368776,0.25,0.25,0.0657473504543304,0.09991911699637,0800c9e1ee7b4cf64c5099e83f65ae2c8adb1bf072ccdaa45be9f1911ae9bad7,,,,results/frozen_sources/mechanisms/random_mask_control_per_seed.csv#row=658
offline_post_hoc,N-MNIST,SNN-DFA,20260909,H2,basis_eval,512,30,800,same_trained_model_and_neuron_coordinates,True,random_sparsity,0.50,nan,global_frobenius_norm_matched,204635190911.0,0.5,0.5,1.0,nan,118,315,444,545,678,56.98450735001817,6.112562854172372,451.49434784925137,0.5643679348115642,0.0132260914178921,0.0797912980687637,0.5,0.5,0.0453924648463726,0.0685987504689762,0800c9e1ee7b4cf64c5099e83f65ae2c8adb1bf072ccdaa45be9f1911ae9bad7,,,,results/frozen_sources/mechanisms/random_mask_control_per_seed.csv#row=659
offline_post_hoc,N-MNIST,SNN-DFA,20260909,H2,basis_eval,512,30,800,same_trained_model_and_neuron_coordinates,True,random_sparsity,0.75,nan,global_frobenius_norm_matched,204635190911.0,0.75,0.75,1.0,nan,115,311,440,541,675,83.56932668524006,6.117407914110201,453.68717292098427,0.5671089661512303,0.0093560634193854,0.0797783314108866,0.75,0.75,0.0251505356281995,0.0377768618285371,0800c9e1ee7b4cf64c5099e83f65ae2c8adb1bf072ccdaa45be9f1911ae9bad7,,,,results/frozen_sources/mechanisms/random_mask_control_per_seed.csv#row=660
offline_post_hoc,N-MNIST,SNN-DFA,20260909,H2,basis_eval,512,30,800,same_trained_model_and_neuron_coordinates,True,random_sparsity,ann_matched,nan,global_frobenius_norm_matched,204635190911.0,0.770538330078125,0.770538330078125,1.0,nan,114,310,439,541,675,79.46586031388648,6.11086888791447,450.7301790791502,0.5634127238489378,0.0089610617278065,0.079776770186763,0.770538330078125,0.770538330078125,0.0234668087214231,0.0353686639077508,0800c9e1ee7b4cf64c5099e83f65ae2c8adb1bf072ccdaa45be9f1911ae9bad7,,,,results/frozen_sources/mechanisms/random_mask_control_per_seed.csv#row=661
offline_post_hoc,N-MNIST,SNN-DFA,20260909,H2,basis_eval,512,30,800,same_trained_model_and_neuron_coordinates,True,random_sparsity,0,nan,global_frobenius_norm_matched,204635190912.0,0.0,0.0,2.0,nan,104,300,432,536,674,33.98108993861835,5.992686556518867,400.4891025474471,0.5006113781843089,0.0187023040796299,0.0798131234254295,0.0,0.0,0.0862229540944099,0.1306824314420197,0800c9e1ee7b4cf64c5099e83f65ae2c8adb1bf072ccdaa45be9f1911ae9bad7,,,,results/frozen_sources/mechanisms/random_mask_control_per_seed.csv#row=662
offline_post_hoc,N-MNIST,SNN-DFA,20260909,H2,basis_eval,512,30,800,same_trained_model_and_neuron_coordinates,True,random_sparsity,0.25,nan,global_frobenius_norm_matched,204635190912.0,0.25,0.25,2.0,nan,111,307,437,540,675,43.33251066398248,6.0543087449085125,425.9443674531967,0.5324304593164959,0.016193805872457,0.0798012552981888,0.25,0.25,0.0657857283949852,0.1000312978154476,0800c9e1ee7b4cf64c5099e83f65ae2c8adb1bf072ccdaa45be9f1911ae9bad7,,,,results/frozen_sources/mechanisms/random_mask_control_per_seed.csv#row=663
offline_post_hoc,N-MNIST,SNN-DFA,20260909,H2,basis_eval,512,30,800,same_trained_model_and_neuron_coordinates,True,random_sparsity,0.50,nan,global_frobenius_norm_matched,204635190912.0,0.5,0.5,2.0,nan,116,311,440,541,675,58.06655873332999,6.094673950390876,443.4894220485403,0.5543617775606754,0.0132261165741311,0.0797912901129394,0.5,0.5,0.0452531278133392,0.0689335791866474,0800c9e1ee7b4cf64c5099e83f65ae2c8adb1bf072ccdaa45be9f1911ae9bad7,,,,results/frozen_sources/mechanisms/random_mask_control_per_seed.csv#row=664
offline_post_hoc,N-MNIST,SNN-DFA,20260909,H2,basis_eval,512,30,800,same_trained_model_and_neuron_coordinates,True,random_sparsity,0.75,nan,global_frobenius_norm_matched,204635190912.0,0.75,0.75,2.0,nan,112,305,433,535,671,62.06109676836168,6.081012434604842,437.4718822567284,0.5468398528209104,0.0093528499055329,0.0797784250220467,0.75,0.75,0.0251768697053194,0.0376971690702779,0800c9e1ee7b4cf64c5099e83f65ae2c8adb1bf072ccdaa45be9f1911ae9bad7,,,,results/frozen_sources/mechanisms/random_mask_control_per_seed.csv#row=665
offline_post_hoc,N-MNIST,SNN-DFA,20260909,H2,basis_eval,512,30,800,same_trained_model_and_neuron_coordinates,True,random_sparsity,ann_matched,nan,global_frobenius_norm_matched,204635190912.0,0.770538330078125,0.770538330078125,2.0,nan,115,307,435,537,672,71.69944894347363,6.103343539021217,447.3510078930375,0.5591887598662969,0.0089628279658293,0.0797767737482883,0.770538330078125,0.770538330078125,0.0236538983881473,0.0355573853364744,0800c9e1ee7b4cf64c5099e83f65ae2c8adb1bf072ccdaa45be9f1911ae9bad7,,,,results/frozen_sources/mechanisms/random_mask_control_per_seed.csv#row=666
offline_post_hoc,N-MNIST,SNN-DFA,20260909,H2,basis_eval,512,30,800,same_trained_model_and_neuron_coordinates,True,random_sparsity,0,nan,global_frobenius_norm_matched,204635190913.0,0.0,0.0,3.0,nan,104,300,432,536,674,33.98108993861835,5.992686556518867,400.4891025474471,0.5006113781843089,0.0187023040796299,0.0798131234254295,0.0,0.0,0.0862229540944099,0.1306824314420197,0800c9e1ee7b4cf64c5099e83f65ae2c8adb1bf072ccdaa45be9f1911ae9bad7,,,,results/frozen_sources/mechanisms/random_mask_control_per_seed.csv#row=667
offline_post_hoc,N-MNIST,SNN-DFA,20260909,H2,basis_eval,512,30,800,same_trained_model_and_neuron_coordinates,True,random_sparsity,0.25,nan,global_frobenius_norm_matched,204635190913.0,0.25,0.25,3.0,nan,110,307,437,540,675,43.77581917918575,6.05340527621218,425.5597138382383,0.5319496422977978,0.0161961073761873,0.079801324570003,0.25,0.25,0.065792366862297,0.1002916914042817,0800c9e1ee7b4cf64c5099e83f65ae2c8adb1bf072ccdaa45be9f1911ae9bad7,,,,results/frozen_sources/mechanisms/random_mask_control_per_seed.csv#row=668
offline_post_hoc,N-MNIST,SNN-DFA,20260909,H2,basis_eval,512,30,800,same_trained_model_and_neuron_coordinates,True,random_sparsity,0.50,nan,global_frobenius_norm_matched,204635190913.0,0.5,0.5,3.0,nan,116,311,440,541,676,59.400952195859794,6.102601738720148,447.0192858316729,0.5587741072895911,0.0132225920550136,0.0797911700909106,0.5,0.5,0.0453511588275432,0.0689987705970615,0800c9e1ee7b4cf64c5099e83f65ae2c8adb1bf072ccdaa45be9f1911ae9bad7,,,,results/frozen_sources/mechanisms/random_mask_control_per_seed.csv#row=669
offline_post_hoc,N-MNIST,SNN-DFA,20260909,H2,basis_eval,512,30,800,same_trained_model_and_neuron_coordinates,True,random_sparsity,0.75,nan,global_frobenius_norm_matched,204635190913.0,0.75,0.75,3.0,nan,117,308,436,537,673,79.97704094111307,6.110346602508033,450.4948307492253,0.5631185384365316,0.0093572138629556,0.0797784962052981,0.75,0.75,0.025111123919487,0.0375462286333549,0800c9e1ee7b4cf64c5099e83f65ae2c8adb1bf072ccdaa45be9f1911ae9bad7,,,,results/frozen_sources/mechanisms/random_mask_control_per_seed.csv#row=670
offline_post_hoc,N-MNIST,SNN-DFA,20260909,H2,basis_eval,512,30,800,same_trained_model_and_neuron_coordinates,True,random_sparsity,ann_matched,nan,global_frobenius_norm_matched,204635190913.0,0.770538330078125,0.770538330078125,3.0,nan,119,309,437,537,672,81.48174133777938,6.121660694979083,455.6207135986507,0.5695258919983134,0.0089646938286343,0.0797769106876096,0.770538330078125,0.770538330078125,0.0234647914767265,0.0351202498301465,0800c9e1ee7b4cf64c5099e83f65ae2c8adb1bf072ccdaa45be9f1911ae9bad7,,,,results/frozen_sources/mechanisms/random_mask_control_per_seed.csv#row=671
offline_post_hoc,N-MNIST,SNN-DFA,20260909,H2,basis_eval,512,30,800,same_trained_model_and_neuron_coordinates,True,random_sparsity,0,nan,global_frobenius_norm_matched,204635190914.0,0.0,0.0,4.0,nan,104,300,432,536,674,33.98108993861835,5.992686556518867,400.4891025474471,0.5006113781843089,0.0187023040796299,0.0798131234254295,0.0,0.0,0.0862229540944099,0.1306824314420197,0800c9e1ee7b4cf64c5099e83f65ae2c8adb1bf072ccdaa45be9f1911ae9bad7,,,,results/frozen_sources/mechanisms/random_mask_control_per_seed.csv#row=672
offline_post_hoc,N-MNIST,SNN-DFA,20260909,H2,basis_eval,512,30,800,same_trained_model_and_neuron_coordinates,True,random_sparsity,0.25,nan,global_frobenius_norm_matched,204635190914.0,0.25,0.25,4.0,nan,111,308,439,541,676,43.41363972413983,6.0591432132944565,428.0085676667706,0.5350107095834633,0.0161926905454236,0.079801271034154,0.25,0.25,0.0658460557460784,0.1003184471296084,0800c9e1ee7b4cf64c5099e83f65ae2c8adb1bf072ccdaa45be9f1911ae9bad7,,,,results/frozen_sources/mechanisms/random_mask_control_per_seed.csv#row=673
offline_post_hoc,N-MNIST,SNN-DFA,20260909,H2,basis_eval,512,30,800,same_trained_model_and_neuron_coordinates,True,random_sparsity,0.50,nan,global_frobenius_norm_matched,204635190914.0,0.5,0.5,4.0,nan,115,311,440,541,676,56.97869152559217,6.101774119358192,446.649477067106,0.5583118463338825,0.0132232842652914,0.0797913428186138,0.5,0.5,0.0453295595943927,0.0687088826410552,0800c9e1ee7b4cf64c5099e83f65ae2c8adb1bf072ccdaa45be9f1911ae9bad7,,,,results/frozen_sources/mechanisms/random_mask_control_per_seed.csv#row=674
offline_post_hoc,N-MNIST,SNN-DFA,20260909,H2,basis_eval,512,30,800,same_trained_model_and_neuron_coordinates,True,random_sparsity,0.75,nan,global_frobenius_norm_matched,204635190914.0,0.75,0.75,4.0,nan,116,308,435,537,673,70.94902595121769,6.10921294548526,449.98441349434125,0.5624805168679265,0.0093504909943991,0.0797785079118945,0.75,0.75,0.0250714868307113,0.0375825209064734,0800c9e1ee7b4cf64c5099e83f65ae2c8adb1bf072ccdaa45be9f1911ae9bad7,,,,results/frozen_sources/mechanisms/random_mask_control_per_seed.csv#row=675
offline_post_hoc,N-MNIST,SNN-DFA,20260909,H2,basis_eval,512,30,800,same_trained_model_and_neuron_coordinates,True,random_sparsity,ann_matched,nan,global_frobenius_norm_matched,204635190914.0,0.770538330078125,0.770538330078125,4.0,nan,113,306,433,535,671,68.11758695347672,6.099488240173471,445.62965636214057,0.5570370704526757,0.0089561221374584,0.0797767897834558,0.770538330078125,0.770538330078125,0.0233771465718746,0.0350240565838336,0800c9e1ee7b4cf64c5099e83f65ae2c8adb1bf072ccdaa45be9f1911ae9bad7,,,,results/frozen_sources/mechanisms/random_mask_control_per_seed.csv#row=676
offline_post_hoc,N-MNIST,SNN-DFA,20260909,H2,basis_eval,512,30,800,same_trained_model_and_neuron_coordinates,True,random_sparsity,0,nan,global_frobenius_norm_matched,204635190915.0,0.0,0.0,5.0,nan,104,300,432,536,674,33.98108993861835,5.992686556518867,400.4891025474471,0.5006113781843089,0.0187023040796299,0.0798131234254295,0.0,0.0,0.0862229540944099,0.1306824314420197,0800c9e1ee7b4cf64c5099e83f65ae2c8adb1bf072ccdaa45be9f1911ae9bad7,,,,results/frozen_sources/mechanisms/random_mask_control_per_seed.csv#row=677
offline_post_hoc,N-MNIST,SNN-DFA,20260909,H2,basis_eval,512,30,800,same_trained_model_and_neuron_coordinates,True,random_sparsity,0.25,nan,global_frobenius_norm_matched,204635190915.0,0.25,0.25,5.0,nan,109,305,436,539,675,42.68433339385171,6.047739971797133,423.1556049470435,0.5289445061838044,0.0161890449046895,0.0798012291699565,0.25,0.25,0.0656735002994537,0.0995658585567168,0800c9e1ee7b4cf64c5099e83f65ae2c8adb1bf072ccdaa45be9f1911ae9bad7,,,,results/frozen_sources/mechanisms/random_mask_control_per_seed.csv#row=678
offline_post_hoc,N-MNIST,SNN-DFA,20260909,H2,basis_eval,512,30,800,same_trained_model_and_neuron_coordinates,True,random_sparsity,0.50,nan,global_frobenius_norm_matched,204635190915.0,0.5,0.5,5.0,nan,111,307,437,539,675,54.89583960938476,6.083051408437241,438.36478597136687,0.5479559824642086,0.0132177519859392,0.0797914221912133,0.5,0.5,0.0453183501958847,0.0683969078807929,0800c9e1ee7b4cf64c5099e83f65ae2c8adb1bf072ccdaa45be9f1911ae9bad7,,,,results/frozen_sources/mechanisms/random_mask_control_per_seed.csv#row=679
offline_post_hoc,N-MNIST,SNN-DFA,20260909,H2,basis_eval,512,30,800,same_trained_model_and_neuron_coordinates,True,random_sparsity,0.75,nan,global_frobenius_norm_matched,204635190915.0,0.75,0.75,5.0,nan,109,304,434,536,672,64.47990376249423,6.070307433935542,432.81372274888383,0.5410171534361048,0.0093423535082825,0.0797784593624835,0.75,0.75,0.0251316539943218,0.0378445068267937,0800c9e1ee7b4cf64c5099e83f65ae2c8adb1bf072ccdaa45be9f1911ae9bad7,,,,results/frozen_sources/mechanisms/random_mask_control_per_seed.csv#row=680
offline_post_hoc,N-MNIST,SNN-DFA,20260909,H2,basis_eval,512,30,800,same_trained_model_and_neuron_coordinates,True,random_sparsity,ann_matched,nan,global_frobenius_norm_matched,204635190915.0,0.770538330078125,0.770538330078125,5.0,nan,110,304,433,535,672,63.63062112398571,6.069825238463277,432.6050722406482,0.5407563403008102,0.0089550450119267,0.079776849798786,0.770538330078125,0.770538330078125,0.0233962759375572,0.035284703419451,0800c9e1ee7b4cf64c5099e83f65ae2c8adb1bf072ccdaa45be9f1911ae9bad7,,,,results/frozen_sources/mechanisms/random_mask_control_per_seed.csv#row=681
offline_post_hoc,N-MNIST,SNN-DFA,20260909,H2,basis_eval,512,30,800,same_trained_model_and_neuron_coordinates,True,random_sparsity,0,nan,global_frobenius_norm_matched,204635190916.0,0.0,0.0,6.0,nan,104,300,432,536,674,33.98108993861835,5.992686556518867,400.4891025474471,0.5006113781843089,0.0187023040796299,0.0798131234254295,0.0,0.0,0.0862229540944099,0.1306824314420197,0800c9e1ee7b4cf64c5099e83f65ae2c8adb1bf072ccdaa45be9f1911ae9bad7,,,,results/frozen_sources/mechanisms/random_mask_control_per_seed.csv#row=682
offline_post_hoc,N-MNIST,SNN-DFA,20260909,H2,basis_eval,512,30,800,same_trained_model_and_neuron_coordinates,True,random_sparsity,0.25,nan,global_frobenius_norm_matched,204635190916.0,0.25,0.25,6.0,nan,111,306,436,539,674,43.079045301102326,6.055682781434723,426.5300328428864,0.5331625410536079,0.0161912192748352,0.0798012513177375,0.25,0.25,0.0656287744641304,0.0998309573174094,0800c9e1ee7b4cf64c5099e83f65ae2c8adb1bf072ccdaa45be9f1911ae9bad7,,,,results/frozen_sources/mechanisms/random_mask_control_per_seed.csv#row=683
offline_post_hoc,N-MNIST,SNN-DFA,20260909,H2,basis_eval,512,30,800,same_trained_model_and_neuron_coordinates,True,random_sparsity,0.50,nan,global_frobenius_norm_matched,204635190916.0,0.5,0.5,6.0,nan,115,310,439,541,675,61.12005129142703,6.1012798133019945,446.4287500834313,0.5580359376042892,0.0132108476858511,0.0797912398798673,0.5,0.5,0.0452131368219852,0.0688691392362928,0800c9e1ee7b4cf64c5099e83f65ae2c8adb1bf072ccdaa45be9f1911ae9bad7,,,,results/frozen_sources/mechanisms/random_mask_control_per_seed.csv#row=684
offline_post_hoc,N-MNIST,SNN-DFA,20260909,H2,basis_eval,512,30,800,same_trained_model_and_neuron_coordinates,True,random_sparsity,0.75,nan,global_frobenius_norm_matched,204635190916.0,0.75,0.75,6.0,nan,113,306,435,536,671,63.35929681464064,6.0943273277201175,443.3357251995619,0.5541696564994524,0.0093346449698963,0.079778475716882,0.75,0.75,0.0249648876488208,0.038101655476235,0800c9e1ee7b4cf64c5099e83f65ae2c8adb1bf072ccdaa45be9f1911ae9bad7,,,,results/frozen_sources/mechanisms/random_mask_control_per_seed.csv#row=685
offline_post_hoc,N-MNIST,SNN-DFA,20260909,H2,basis_eval,512,30,800,same_trained_model_and_neuron_coordinates,True,random_sparsity,ann_matched,nan,global_frobenius_norm_matched,204635190916.0,0.770538330078125,0.770538330078125,6.0,nan,112,303,432,533,670,58.8344304862468,6.087949314142142,440.5171220241361,0.55064640253017,0.0089399713026041,0.0797768984762644,0.770538330078125,0.770538330078125,0.0233479924499988,0.0358983422620827,0800c9e1ee7b4cf64c5099e83f65ae2c8adb1bf072ccdaa45be9f1911ae9bad7,,,,results/frozen_sources/mechanisms/random_mask_control_per_seed.csv#row=686
offline_post_hoc,N-MNIST,SNN-DFA,20260909,H2,basis_eval,512,30,800,same_trained_model_and_neuron_coordinates,True,random_sparsity,0,nan,global_frobenius_norm_matched,204635190917.0,0.0,0.0,7.0,nan,104,300,432,536,674,33.98108993861835,5.992686556518867,400.4891025474471,0.5006113781843089,0.0187023040796299,0.0798131234254295,0.0,0.0,0.0862229540944099,0.1306824314420197,0800c9e1ee7b4cf64c5099e83f65ae2c8adb1bf072ccdaa45be9f1911ae9bad7,,,,results/frozen_sources/mechanisms/random_mask_control_per_seed.csv#row=687
offline_post_hoc,N-MNIST,SNN-DFA,20260909,H2,basis_eval,512,30,800,same_trained_model_and_neuron_coordinates,True,random_sparsity,0.25,nan,global_frobenius_norm_matched,204635190917.0,0.25,0.25,7.0,nan,111,308,439,541,676,43.24180633357511,6.061017890283163,428.8116980493574,0.5360146225616967,0.0161953955404573,0.0798013613800916,0.25,0.25,0.0657114684581756,0.0994947917810087,0800c9e1ee7b4cf64c5099e83f65ae2c8adb1bf072ccdaa45be9f1911ae9bad7,,,,results/frozen_sources/mechanisms/random_mask_control_per_seed.csv#row=688
offline_post_hoc,N-MNIST,SNN-DFA,20260909,H2,basis_eval,512,30,800,same_trained_model_and_neuron_coordinates,True,random_sparsity,0.50,nan,global_frobenius_norm_matched,204635190917.0,0.5,0.5,7.0,nan,115,310,439,540,674,59.505432499848375,6.099094299145438,445.4541391311803,0.5568176739139754,0.0132138410534152,0.0797912819794995,0.5,0.5,0.0453049838542938,0.0682634846613772,0800c9e1ee7b4cf64c5099e83f65ae2c8adb1bf072ccdaa45be9f1911ae9bad7,,,,results/frozen_sources/mechanisms/random_mask_control_per_seed.csv#row=689
offline_post_hoc,N-MNIST,SNN-DFA,20260909,H2,basis_eval,512,30,800,same_trained_model_and_neuron_coordinates,True,random_sparsity,0.75,nan,global_frobenius_norm_matched,204635190917.0,0.75,0.75,7.0,nan,114,305,434,535,672,82.29632348692535,6.098463228598906,445.1731148265509,0.5564663935331886,0.0093259670046202,0.0797784710257834,0.75,0.75,0.0251908916980028,0.0379198282308347,0800c9e1ee7b4cf64c5099e83f65ae2c8adb1bf072ccdaa45be9f1911ae9bad7,,,,results/frozen_sources/mechanisms/random_mask_control_per_seed.csv#row=690
offline_post_hoc,N-MNIST,SNN-DFA,20260909,H2,basis_eval,512,30,800,same_trained_model_and_neuron_coordinates,True,random_sparsity,ann_matched,nan,global_frobenius_norm_matched,204635190917.0,0.770538330078125,0.770538330078125,7.0,nan,113,304,432,534,671,80.28238549862684,6.09180058068603,442.21694200710016,0.5527711775088752,0.0089374500701404,0.0797767857188077,0.770538330078125,0.770538330078125,0.0235157459974288,0.0350304426915113,0800c9e1ee7b4cf64c5099e83f65ae2c8adb1bf072ccdaa45be9f1911ae9bad7,,,,results/frozen_sources/mechanisms/random_mask_control_per_seed.csv#row=691
offline_post_hoc,N-MNIST,SNN-DFA,20260909,H2,basis_eval,512,30,800,same_trained_model_and_neuron_coordinates,True,random_sparsity,0,nan,global_frobenius_norm_matched,204635190918.0,0.0,0.0,8.0,nan,104,300,432,536,674,33.98108993861835,5.992686556518867,400.4891025474471,0.5006113781843089,0.0187023040796299,0.0798131234254295,0.0,0.0,0.0862229540944099,0.1306824314420197,0800c9e1ee7b4cf64c5099e83f65ae2c8adb1bf072ccdaa45be9f1911ae9bad7,,,,results/frozen_sources/mechanisms/random_mask_control_per_seed.csv#row=692
offline_post_hoc,N-MNIST,SNN-DFA,20260909,H2,basis_eval,512,30,800,same_trained_model_and_neuron_coordinates,True,random_sparsity,0.25,nan,global_frobenius_norm_matched,204635190918.0,0.25,0.25,8.0,nan,109,305,436,539,675,43.02633640170145,6.047903024206353,423.22460711323686,0.529030758891546,0.0161871383432901,0.0798011906067142,0.25,0.25,0.0656019151210784,0.0996787600472428,0800c9e1ee7b4cf64c5099e83f65ae2c8adb1bf072ccdaa45be9f1911ae9bad7,,,,results/frozen_sources/mechanisms/random_mask_control_per_seed.csv#row=693
offline_post_hoc,N-MNIST,SNN-DFA,20260909,H2,basis_eval,512,30,800,same_trained_model_and_neuron_coordinates,True,random_sparsity,0.50,nan,global_frobenius_norm_matched,204635190918.0,0.5,0.5,8.0,nan,113,308,439,540,675,52.59279797923892,6.084122096494097,438.83438926671096,0.5485429865833887,0.0132091606637314,0.079791290177627,0.5,0.5,0.0451367050409317,0.0682962923376312,0800c9e1ee7b4cf64c5099e83f65ae2c8adb1bf072ccdaa45be9f1911ae9bad7,,,,results/frozen_sources/mechanisms/random_mask_control_per_seed.csv#row=694
offline_post_hoc,N-MNIST,SNN-DFA,20260909,H2,basis_eval,512,30,800,same_trained_model_and_neuron_coordinates,True,random_sparsity,0.75,nan,global_frobenius_norm_matched,204635190918.0,0.75,0.75,8.0,nan,107,299,430,533,672,35.87035012940613,6.041816634153664,420.6565201915071,0.5258206502393838,0.0093395688790478,0.0797785245087139,0.75,0.75,0.025357037782669,0.0382409686962194,0800c9e1ee7b4cf64c5099e83f65ae2c8adb1bf072ccdaa45be9f1911ae9bad7,,,,results/frozen_sources/mechanisms/random_mask_control_per_seed.csv#row=695
offline_post_hoc,N-MNIST,SNN-DFA,20260909,H2,basis_eval,512,30,800,same_trained_model_and_neuron_coordinates,True,random_sparsity,ann_matched,nan,global_frobenius_norm_matched,204635190918.0,0.770538330078125,0.770538330078125,8.0,nan,106,297,427,530,670,34.16659984711273,6.028492143240335,415.0886630188926,0.5188608287736157,0.0089512656401102,0.0797768469866497,0.770538330078125,0.770538330078125,0.0237562581896781,0.0360906652074112,0800c9e1ee7b4cf64c5099e83f65ae2c8adb1bf072ccdaa45be9f1911ae9bad7,,,,results/frozen_sources/mechanisms/random_mask_control_per_seed.csv#row=696
offline_post_hoc,N-MNIST,SNN-DFA,20260909,H2,basis_eval,512,30,800,same_trained_model_and_neuron_coordinates,True,random_sparsity,0,nan,global_frobenius_norm_matched,204635190919.0,0.0,0.0,9.0,nan,104,300,432,536,674,33.98108993861835,5.992686556518867,400.4891025474471,0.5006113781843089,0.0187023040796299,0.0798131234254295,0.0,0.0,0.0862229540944099,0.1306824314420197,0800c9e1ee7b4cf64c5099e83f65ae2c8adb1bf072ccdaa45be9f1911ae9bad7,,,,results/frozen_sources/mechanisms/random_mask_control_per_seed.csv#row=697
offline_post_hoc,N-MNIST,SNN-DFA,20260909,H2,basis_eval,512,30,800,same_trained_model_and_neuron_coordinates,True,random_sparsity,0.25,nan,global_frobenius_norm_matched,204635190919.0,0.25,0.25,9.0,nan,112,310,440,542,676,42.95456649382411,6.063690113252315,429.95911090703794,0.5374488886337975,0.016199071935326,0.0798011961008792,0.25,0.25,0.0656324997544288,0.0989417213812904,0800c9e1ee7b4cf64c5099e83f65ae2c8adb1bf072ccdaa45be9f1911ae9bad7,,,,results/frozen_sources/mechanisms/random_mask_control_per_seed.csv#row=698
offline_post_hoc,N-MNIST,SNN-DFA,20260909,H2,basis_eval,512,30,800,same_trained_model_and_neuron_coordinates,True,random_sparsity,0.50,nan,global_frobenius_norm_matched,204635190919.0,0.5,0.5,9.0,nan,116,312,441,543,676,56.76057371527516,6.10149820549106,446.5262572824415,0.5581578216030519,0.0132215303339745,0.079791287822115,0.5,0.5,0.045079369097948,0.0680925530427866,0800c9e1ee7b4cf64c5099e83f65ae2c8adb1bf072ccdaa45be9f1911ae9bad7,,,,results/frozen_sources/mechanisms/random_mask_control_per_seed.csv#row=699
offline_post_hoc,N-MNIST,SNN-DFA,20260909,H2,basis_eval,512,30,800,same_trained_model_and_neuron_coordinates,True,random_sparsity,0.75,nan,global_frobenius_norm_matched,204635190919.0,0.75,0.75,9.0,nan,112,305,435,537,673,74.22589846460976,6.094457951334274,443.393639096651,0.5542420488708137,0.0093515598284296,0.079778485389886,0.75,0.75,0.0250318981707096,0.0375407457593215,0800c9e1ee7b4cf64c5099e83f65ae2c8adb1bf072ccdaa45be9f1911ae9bad7,,,,results/frozen_sources/mechanisms/random_mask_control_per_seed.csv#row=700
offline_post_hoc,N-MNIST,SNN-DFA,20260909,H2,basis_eval,512,30,800,same_trained_model_and_neuron_coordinates,True,random_sparsity,ann_matched,nan,global_frobenius_norm_matched,204635190919.0,0.770538330078125,0.770538330078125,9.0,nan,110,303,433,535,672,73.51051393042862,6.08667391411251,439.95564460392296,0.5499445557549038,0.0089602044305086,0.0797768804467018,0.770538330078125,0.770538330078125,0.0234733447432518,0.0348871034662849,0800c9e1ee7b4cf64c5099e83f65ae2c8adb1bf072ccdaa45be9f1911ae9bad7,,,,results/frozen_sources/mechanisms/random_mask_control_per_seed.csv#row=701
offline_post_hoc,N-MNIST,SNN-DFA,20260909,H3,basis_eval,512,30,800,same_trained_model_and_neuron_coordinates,True,random_sparsity,0,nan,global_frobenius_norm_matched,204635190920.0,0.0,0.0,0.0,nan,90,269,402,517,686,36.91713315621613,5.942550290120197,380.9051104307971,0.4761313880384963,0.0076949526751224,0.0496889647003527,0.0,0.0,0.085133671760559,0.1321142973336983,0800c9e1ee7b4cf64c5099e83f65ae2c8adb1bf072ccdaa45be9f1911ae9bad7,,,,results/frozen_sources/mechanisms/random_mask_control_per_seed.csv#row=702
offline_post_hoc,N-MNIST,SNN-DFA,20260909,H3,basis_eval,512,30,800,same_trained_model_and_neuron_coordinates,True,random_sparsity,0.25,nan,global_frobenius_norm_matched,204635190920.0,0.25,0.25,0.0,nan,92,272,404,518,687,39.8442853477636,5.9621323777679525,388.4375373144432,0.4855469216430539,0.0066683202999375,0.0496863108332508,0.25,0.25,0.0685051530599594,0.1059049381074275,0800c9e1ee7b4cf64c5099e83f65ae2c8adb1bf072ccdaa45be9f1911ae9bad7,,,,results/frozen_sources/mechanisms/random_mask_control_per_seed.csv#row=703
offline_post_hoc,N-MNIST,SNN-DFA,20260909,H3,basis_eval,512,30,800,same_trained_model_and_neuron_coordinates,True,random_sparsity,0.50,nan,global_frobenius_norm_matched,204635190920.0,0.5,0.5,0.0,nan,89,269,402,516,684,33.0568246989446,5.940448838009641,380.10549705143706,0.4751318713142963,0.0054387480556719,0.0496818466200058,0.5,0.5,0.0514861419796943,0.0781306090469338,0800c9e1ee7b4cf64c5099e83f65ae2c8adb1bf072ccdaa45be9f1911ae9bad7,,,,results/frozen_sources/mechanisms/random_mask_control_per_seed.csv#row=704
offline_post_hoc,N-MNIST,SNN-DFA,20260909,H3,basis_eval,512,30,800,same_trained_model_and_neuron_coordinates,True,random_sparsity,0.75,nan,global_frobenius_norm_matched,204635190920.0,0.75,0.75,0.0,nan,91,264,392,505,677,42.94906074419547,5.953457441382526,385.08244005666126,0.4813530500708265,0.0038432598882927,0.0496773120022254,0.75,0.75,0.0341737382113933,0.0501513515210014,0800c9e1ee7b4cf64c5099e83f65ae2c8adb1bf072ccdaa45be9f1911ae9bad7,,,,results/frozen_sources/mechanisms/random_mask_control_per_seed.csv#row=705
offline_post_hoc,N-MNIST,SNN-DFA,20260909,H3,basis_eval,512,30,800,same_trained_model_and_neuron_coordinates,True,random_sparsity,ann_matched,nan,global_frobenius_norm_matched,204635190920.0,0.881057861328125,0.881057861328125,0.0,nan,81,234,359,471,648,46.17941019313229,5.853471794891351,348.44200212131545,0.4355525026516443,0.002657646254412,0.0496742982488418,0.881057861328125,0.881057861328125,0.0227261837571859,0.0329757716971709,0800c9e1ee7b4cf64c5099e83f65ae2c8adb1bf072ccdaa45be9f1911ae9bad7,,,,results/frozen_sources/mechanisms/random_mask_control_per_seed.csv#row=706
offline_post_hoc,N-MNIST,SNN-DFA,20260909,H3,basis_eval,512,30,800,same_trained_model_and_neuron_coordinates,True,random_sparsity,0,nan,global_frobenius_norm_matched,204635190921.0,0.0,0.0,1.0,nan,90,269,402,517,686,36.91713315621613,5.942550290120197,380.9051104307971,0.4761313880384963,0.0076949526751224,0.0496889647003527,0.0,0.0,0.085133671760559,0.1321142973336983,0800c9e1ee7b4cf64c5099e83f65ae2c8adb1bf072ccdaa45be9f1911ae9bad7,,,,results/frozen_sources/mechanisms/random_mask_control_per_seed.csv#row=707
offline_post_hoc,N-MNIST,SNN-DFA,20260909,H3,basis_eval,512,30,800,same_trained_model_and_neuron_coordinates,True,random_sparsity,0.25,nan,global_frobenius_norm_matched,204635190921.0,0.25,0.25,1.0,nan,96,275,407,520,687,48.3337590042061,5.99779131429888,402.53872938289646,0.5031734117286206,0.0066679628700755,0.0496863035371751,0.25,0.25,0.0679056346416473,0.1063630134478134,0800c9e1ee7b4cf64c5099e83f65ae2c8adb1bf072ccdaa45be9f1911ae9bad7,,,,results/frozen_sources/mechanisms/random_mask_control_per_seed.csv#row=708
offline_post_hoc,N-MNIST,SNN-DFA,20260909,H3,basis_eval,512,30,800,same_trained_model_and_neuron_coordinates,True,random_sparsity,0.50,nan,global_frobenius_norm_matched,204635190921.0,0.5,0.5,1.0,nan,96,273,403,515,684,59.69718619735992,5.998915115376862,402.9913571250425,0.5037391964063032,0.0054399473784668,0.0496818248231487,0.5,0.5,0.0511796362698078,0.0791510564227703,0800c9e1ee7b4cf64c5099e83f65ae2c8adb1bf072ccdaa45be9f1911ae9bad7,,,,results/frozen_sources/mechanisms/random_mask_control_per_seed.csv#row=709
offline_post_hoc,N-MNIST,SNN-DFA,20260909,H3,basis_eval,512,30,800,same_trained_model_and_neuron_coordinates,True,random_sparsity,0.75,nan,global_frobenius_norm_matched,204635190921.0,0.75,0.75,1.0,nan,88,264,395,508,678,67.82098371484086,5.955405906211715,385.8334911081146,0.4822918638851432,0.0038472684244529,0.0496773614397205,0.75,0.75,0.0341978520154953,0.0507531836788174,0800c9e1ee7b4cf64c5099e83f65ae2c8adb1bf072ccdaa45be9f1911ae9bad7,,,,results/frozen_sources/mechanisms/random_mask_control_per_seed.csv#row=710
offline_post_hoc,N-MNIST,SNN-DFA,20260909,H3,basis_eval,512,30,800,same_trained_model_and_neuron_coordinates,True,random_sparsity,ann_matched,nan,global_frobenius_norm_matched,204635190921.0,0.881057861328125,0.881057861328125,1.0,nan,77,239,366,477,657,54.79499185439258,5.846784848963682,346.11976229356844,0.4326497028669605,0.0026466210596186,0.0496743358840385,0.881057861328125,0.881057861328125,0.0227902345359325,0.0320533353308396,0800c9e1ee7b4cf64c5099e83f65ae2c8adb1bf072ccdaa45be9f1911ae9bad7,,,,results/frozen_sources/mechanisms/random_mask_control_per_seed.csv#row=711
offline_post_hoc,N-MNIST,SNN-DFA,20260909,H3,basis_eval,512,30,800,same_trained_model_and_neuron_coordinates,True,random_sparsity,0,nan,global_frobenius_norm_matched,204635190922.0,0.0,0.0,2.0,nan,90,269,402,517,686,36.91713315621613,5.942550290120197,380.9051104307971,0.4761313880384963,0.0076949526751224,0.0496889647003527,0.0,0.0,0.085133671760559,0.1321142973336983,0800c9e1ee7b4cf64c5099e83f65ae2c8adb1bf072ccdaa45be9f1911ae9bad7,,,,results/frozen_sources/mechanisms/random_mask_control_per_seed.csv#row=712
offline_post_hoc,N-MNIST,SNN-DFA,20260909,H3,basis_eval,512,30,800,same_trained_model_and_neuron_coordinates,True,random_sparsity,0.25,nan,global_frobenius_norm_matched,204635190922.0,0.25,0.25,2.0,nan,93,270,403,516,686,39.24697149043388,5.965984323274392,389.9366629623815,0.4874208287029768,0.0066611587913753,0.049686303900781,0.25,0.25,0.0680089890956878,0.1055426698760025,0800c9e1ee7b4cf64c5099e83f65ae2c8adb1bf072ccdaa45be9f1911ae9bad7,,,,results/frozen_sources/mechanisms/random_mask_control_per_seed.csv#row=713
offline_post_hoc,N-MNIST,SNN-DFA,20260909,H3,basis_eval,512,30,800,same_trained_model_and_neuron_coordinates,True,random_sparsity,0.50,nan,global_frobenius_norm_matched,204635190922.0,0.5,0.5,2.0,nan,93,269,401,513,683,35.625596519446624,5.970748626803401,391.7988721242053,0.4897485901552565,0.005440046320297,0.0496818059705901,0.5,0.5,0.0518757812678813,0.0796243767175327,0800c9e1ee7b4cf64c5099e83f65ae2c8adb1bf072ccdaa45be9f1911ae9bad7,,,,results/frozen_sources/mechanisms/random_mask_control_per_seed.csv#row=714
offline_post_hoc,N-MNIST,SNN-DFA,20260909,H3,basis_eval,512,30,800,same_trained_model_and_neuron_coordinates,True,random_sparsity,0.75,nan,global_frobenius_norm_matched,204635190922.0,0.75,0.75,2.0,nan,88,260,391,504,675,33.61029955989627,5.93065397499366,376.4005899255711,0.4705007374069639,0.003853832990904,0.0496773461452619,0.75,0.75,0.0339225195348262,0.0511092418669049,0800c9e1ee7b4cf64c5099e83f65ae2c8adb1bf072ccdaa45be9f1911ae9bad7,,,,results/frozen_sources/mechanisms/random_mask_control_per_seed.csv#row=715
offline_post_hoc,N-MNIST,SNN-DFA,20260909,H3,basis_eval,512,30,800,same_trained_model_and_neuron_coordinates,True,random_sparsity,ann_matched,nan,global_frobenius_norm_matched,204635190922.0,0.881057861328125,0.881057861328125,2.0,nan,75,234,362,475,653,37.82663156882251,5.830276518530064,340.4528075669169,0.4255660094586461,0.0026611408148125,0.0496742447283037,0.881057861328125,0.881057861328125,0.023297106847167,0.0337085223341113,0800c9e1ee7b4cf64c5099e83f65ae2c8adb1bf072ccdaa45be9f1911ae9bad7,,,,results/frozen_sources/mechanisms/random_mask_control_per_seed.csv#row=716
offline_post_hoc,N-MNIST,SNN-DFA,20260909,H3,basis_eval,512,30,800,same_trained_model_and_neuron_coordinates,True,random_sparsity,0,nan,global_frobenius_norm_matched,204635190923.0,0.0,0.0,3.0,nan,90,269,402,517,686,36.91713315621613,5.942550290120197,380.9051104307971,0.4761313880384963,0.0076949526751224,0.0496889647003527,0.0,0.0,0.085133671760559,0.1321142973336983,0800c9e1ee7b4cf64c5099e83f65ae2c8adb1bf072ccdaa45be9f1911ae9bad7,,,,results/frozen_sources/mechanisms/random_mask_control_per_seed.csv#row=717
offline_post_hoc,N-MNIST,SNN-DFA,20260909,H3,basis_eval,512,30,800,same_trained_model_and_neuron_coordinates,True,random_sparsity,0.25,nan,global_frobenius_norm_matched,204635190923.0,0.25,0.25,3.0,nan,93,274,407,521,687,46.20062489557928,5.978851256906266,394.9863695772124,0.4937329619715155,0.0066660963678385,0.0496863087959283,0.25,0.25,0.0685279220342636,0.105557915088029,0800c9e1ee7b4cf64c5099e83f65ae2c8adb1bf072ccdaa45be9f1911ae9bad7,,,,results/frozen_sources/mechanisms/random_mask_control_per_seed.csv#row=718
offline_post_hoc,N-MNIST,SNN-DFA,20260909,H3,basis_eval,512,30,800,same_trained_model_and_neuron_coordinates,True,random_sparsity,0.50,nan,global_frobenius_norm_matched,204635190923.0,0.5,0.5,3.0,nan,95,274,406,518,685,48.09887611856243,5.987985650424185,398.6108590664067,0.4982635738330084,0.0054411917532153,0.0496817830868616,0.5,0.5,0.0514680631458759,0.0781977312371872,0800c9e1ee7b4cf64c5099e83f65ae2c8adb1bf072ccdaa45be9f1911ae9bad7,,,,results/frozen_sources/mechanisms/random_mask_control_per_seed.csv#row=719
offline_post_hoc,N-MNIST,SNN-DFA,20260909,H3,basis_eval,512,30,800,same_trained_model_and_neuron_coordinates,True,random_sparsity,0.75,nan,global_frobenius_norm_matched,204635190923.0,0.75,0.75,3.0,nan,88,257,388,502,676,44.09673013010659,5.930230768510628,376.24132845831696,0.4703016605728962,0.0038479418999393,0.0496772926025428,0.75,0.75,0.0340106450021266,0.0506793374866815,0800c9e1ee7b4cf64c5099e83f65ae2c8adb1bf072ccdaa45be9f1911ae9bad7,,,,results/frozen_sources/mechanisms/random_mask_control_per_seed.csv#row=720
offline_post_hoc,N-MNIST,SNN-DFA,20260909,H3,basis_eval,512,30,800,same_trained_model_and_neuron_coordinates,True,random_sparsity,ann_matched,nan,global_frobenius_norm_matched,204635190923.0,0.881057861328125,0.881057861328125,3.0,nan,68,223,348,462,646,37.64419503215925,5.758484437916108,316.86773210230314,0.3960846651278789,0.0026526911874569,0.0496742204640405,0.881057861328125,0.881057861328125,0.0227018054574728,0.0329256830794618,0800c9e1ee7b4cf64c5099e83f65ae2c8adb1bf072ccdaa45be9f1911ae9bad7,,,,results/frozen_sources/mechanisms/random_mask_control_per_seed.csv#row=721
offline_post_hoc,N-MNIST,SNN-DFA,20260909,H3,basis_eval,512,30,800,same_trained_model_and_neuron_coordinates,True,random_sparsity,0,nan,global_frobenius_norm_matched,204635190924.0,0.0,0.0,4.0,nan,90,269,402,517,686,36.91713315621613,5.942550290120197,380.9051104307971,0.4761313880384963,0.0076949526751224,0.0496889647003527,0.0,0.0,0.085133671760559,0.1321142973336983,0800c9e1ee7b4cf64c5099e83f65ae2c8adb1bf072ccdaa45be9f1911ae9bad7,,,,results/frozen_sources/mechanisms/random_mask_control_per_seed.csv#row=722
offline_post_hoc,N-MNIST,SNN-DFA,20260909,H3,basis_eval,512,30,800,same_trained_model_and_neuron_coordinates,True,random_sparsity,0.25,nan,global_frobenius_norm_matched,204635190924.0,0.25,0.25,4.0,nan,92,272,404,518,687,41.62424925614292,5.965110778998316,389.5961847554639,0.4869952309443299,0.0066672457754949,0.0496862560120664,0.25,0.25,0.0682692676782608,0.1054332071036195,0800c9e1ee7b4cf64c5099e83f65ae2c8adb1bf072ccdaa45be9f1911ae9bad7,,,,results/frozen_sources/mechanisms/random_mask_control_per_seed.csv#row=723
offline_post_hoc,N-MNIST,SNN-DFA,20260909,H3,basis_eval,512,30,800,same_trained_model_and_neuron_coordinates,True,random_sparsity,0.50,nan,global_frobenius_norm_matched,204635190924.0,0.5,0.5,4.0,nan,91,267,399,513,683,37.28749947098413,5.953420169361779,385.06808752344176,0.4813351094043022,0.0054428254949793,0.0496817913067223,0.5,0.5,0.0522152185440063,0.0800850513698839,0800c9e1ee7b4cf64c5099e83f65ae2c8adb1bf072ccdaa45be9f1911ae9bad7,,,,results/frozen_sources/mechanisms/random_mask_control_per_seed.csv#row=724
offline_post_hoc,N-MNIST,SNN-DFA,20260909,H3,basis_eval,512,30,800,same_trained_model_and_neuron_coordinates,True,random_sparsity,0.75,nan,global_frobenius_norm_matched,204635190924.0,0.75,0.75,4.0,nan,87,252,381,496,673,59.10161479936341,5.931174107150857,376.5964189004377,0.4707455236255471,0.0038451564285658,0.0496772653356927,0.75,0.75,0.0341667979955673,0.0517927902818263,0800c9e1ee7b4cf64c5099e83f65ae2c8adb1bf072ccdaa45be9f1911ae9bad7,,,,results/frozen_sources/mechanisms/random_mask_control_per_seed.csv#row=725
offline_post_hoc,N-MNIST,SNN-DFA,20260909,H3,basis_eval,512,30,800,same_trained_model_and_neuron_coordinates,True,random_sparsity,ann_matched,nan,global_frobenius_norm_matched,204635190924.0,0.881057861328125,0.881057861328125,4.0,nan,71,223,348,462,650,42.5798669666178,5.795043943052589,328.6666262794725,0.4108332828493406,0.0026512676084221,0.0496742654381312,0.881057861328125,0.881057861328125,0.022623848170042,0.0326274425601828,0800c9e1ee7b4cf64c5099e83f65ae2c8adb1bf072ccdaa45be9f1911ae9bad7,,,,results/frozen_sources/mechanisms/random_mask_control_per_seed.csv#row=726
offline_post_hoc,N-MNIST,SNN-DFA,20260909,H3,basis_eval,512,30,800,same_trained_model_and_neuron_coordinates,True,random_sparsity,0,nan,global_frobenius_norm_matched,204635190925.0,0.0,0.0,5.0,nan,90,269,402,517,686,36.91713315621613,5.942550290120197,380.9051104307971,0.4761313880384963,0.0076949526751224,0.0496889647003527,0.0,0.0,0.085133671760559,0.1321142973336983,0800c9e1ee7b4cf64c5099e83f65ae2c8adb1bf072ccdaa45be9f1911ae9bad7,,,,results/frozen_sources/mechanisms/random_mask_control_per_seed.csv#row=727
offline_post_hoc,N-MNIST,SNN-DFA,20260909,H3,basis_eval,512,30,800,same_trained_model_and_neuron_coordinates,True,random_sparsity,0.25,nan,global_frobenius_norm_matched,204635190925.0,0.25,0.25,5.0,nan,92,271,403,516,685,37.8278261008664,5.963797569913289,389.08489929198566,0.4863561241149821,0.0066637671214138,0.0496863032441141,0.25,0.25,0.0682155564427375,0.1055048041761635,0800c9e1ee7b4cf64c5099e83f65ae2c8adb1bf072ccdaa45be9f1911ae9bad7,,,,results/frozen_sources/mechanisms/random_mask_control_per_seed.csv#row=728
offline_post_hoc,N-MNIST,SNN-DFA,20260909,H3,basis_eval,512,30,800,same_trained_model_and_neuron_coordinates,True,random_sparsity,0.50,nan,global_frobenius_norm_matched,204635190925.0,0.5,0.5,5.0,nan,93,265,396,510,681,57.66136965155086,5.9736248587058505,392.9273987136447,0.4911592483920559,0.0054437384989851,0.0496818370652787,0.5,0.5,0.0515059866011142,0.0797541110320344,0800c9e1ee7b4cf64c5099e83f65ae2c8adb1bf072ccdaa45be9f1911ae9bad7,,,,results/frozen_sources/mechanisms/random_mask_control_per_seed.csv#row=729
offline_post_hoc,N-MNIST,SNN-DFA,20260909,H3,basis_eval,512,30,800,same_trained_model_and_neuron_coordinates,True,random_sparsity,0.75,nan,global_frobenius_norm_matched,204635190925.0,0.75,0.75,5.0,nan,84,249,379,492,668,50.41253336333022,5.904968818736026,366.8557865820013,0.4585697332275016,0.0038527374510046,0.0496773301962529,0.75,0.75,0.033984787762165,0.0518973067270576,0800c9e1ee7b4cf64c5099e83f65ae2c8adb1bf072ccdaa45be9f1911ae9bad7,,,,results/frozen_sources/mechanisms/random_mask_control_per_seed.csv#row=730
offline_post_hoc,N-MNIST,SNN-DFA,20260909,H3,basis_eval,512,30,800,same_trained_model_and_neuron_coordinates,True,random_sparsity,ann_matched,nan,global_frobenius_norm_matched,204635190925.0,0.881057861328125,0.881057861328125,5.0,nan,66,226,349,459,645,29.507868216212252,5.7203948776895,305.0253468831992,0.3812816836039989,0.0026506127241243,0.0496742114814442,0.881057861328125,0.881057861328125,0.0226898249238729,0.0334151735657873,0800c9e1ee7b4cf64c5099e83f65ae2c8adb1bf072ccdaa45be9f1911ae9bad7,,,,results/frozen_sources/mechanisms/random_mask_control_per_seed.csv#row=731
offline_post_hoc,N-MNIST,SNN-DFA,20260909,H3,basis_eval,512,30,800,same_trained_model_and_neuron_coordinates,True,random_sparsity,0,nan,global_frobenius_norm_matched,204635190926.0,0.0,0.0,6.0,nan,90,269,402,517,686,36.91713315621613,5.942550290120197,380.9051104307971,0.4761313880384963,0.0076949526751224,0.0496889647003527,0.0,0.0,0.085133671760559,0.1321142973336983,0800c9e1ee7b4cf64c5099e83f65ae2c8adb1bf072ccdaa45be9f1911ae9bad7,,,,results/frozen_sources/mechanisms/random_mask_control_per_seed.csv#row=732
offline_post_hoc,N-MNIST,SNN-DFA,20260909,H3,basis_eval,512,30,800,same_trained_model_and_neuron_coordinates,True,random_sparsity,0.25,nan,global_frobenius_norm_matched,204635190926.0,0.25,0.25,6.0,nan,91,270,403,518,687,36.48697271664375,5.954063263874213,385.315802340924,0.481644752926155,0.0066546556410862,0.0496863604198527,0.25,0.25,0.0682890862226486,0.1061796774888535,0800c9e1ee7b4cf64c5099e83f65ae2c8adb1bf072ccdaa45be9f1911ae9bad7,,,,results/frozen_sources/mechanisms/random_mask_control_per_seed.csv#row=733
offline_post_hoc,N-MNIST,SNN-DFA,20260909,H3,basis_eval,512,30,800,same_trained_model_and_neuron_coordinates,True,random_sparsity,0.50,nan,global_frobenius_norm_matched,204635190926.0,0.5,0.5,6.0,nan,92,271,403,517,686,40.301123227001774,5.963891173228354,389.1213206329537,0.4864016507911921,0.0054321922572873,0.049681858639785,0.5,0.5,0.0512676127254962,0.0795658734616733,0800c9e1ee7b4cf64c5099e83f65ae2c8adb1bf072ccdaa45be9f1911ae9bad7,,,,results/frozen_sources/mechanisms/random_mask_control_per_seed.csv#row=734
offline_post_hoc,N-MNIST,SNN-DFA,20260909,H3,basis_eval,512,30,800,same_trained_model_and_neuron_coordinates,True,random_sparsity,0.75,nan,global_frobenius_norm_matched,204635190926.0,0.75,0.75,6.0,nan,86,254,384,499,673,29.595930453493946,5.897264860337853,364.0404035854151,0.4550505044817688,0.0038404390297054,0.0496772453850759,0.75,0.75,0.0340892188251018,0.0516492572242282,0800c9e1ee7b4cf64c5099e83f65ae2c8adb1bf072ccdaa45be9f1911ae9bad7,,,,results/frozen_sources/mechanisms/random_mask_control_per_seed.csv#row=735
offline_post_hoc,N-MNIST,SNN-DFA,20260909,H3,basis_eval,512,30,800,same_trained_model_and_neuron_coordinates,True,random_sparsity,ann_matched,nan,global_frobenius_norm_matched,204635190926.0,0.881057861328125,0.881057861328125,6.0,nan,68,219,345,460,649,16.45113040924899,5.669764561887343,289.9662572461886,0.3624578215577357,0.0026540235345711,0.0496742560006862,0.881057861328125,0.881057861328125,0.023197891190648,0.0337724110863142,0800c9e1ee7b4cf64c5099e83f65ae2c8adb1bf072ccdaa45be9f1911ae9bad7,,,,results/frozen_sources/mechanisms/random_mask_control_per_seed.csv#row=736
offline_post_hoc,N-MNIST,SNN-DFA,20260909,H3,basis_eval,512,30,800,same_trained_model_and_neuron_coordinates,True,random_sparsity,0,nan,global_frobenius_norm_matched,204635190927.0,0.0,0.0,7.0,nan,90,269,402,517,686,36.91713315621613,5.942550290120197,380.9051104307971,0.4761313880384963,0.0076949526751224,0.0496889647003527,0.0,0.0,0.085133671760559,0.1321142973336983,0800c9e1ee7b4cf64c5099e83f65ae2c8adb1bf072ccdaa45be9f1911ae9bad7,,,,results/frozen_sources/mechanisms/random_mask_control_per_seed.csv#row=737
offline_post_hoc,N-MNIST,SNN-DFA,20260909,H3,basis_eval,512,30,800,same_trained_model_and_neuron_coordinates,True,random_sparsity,0.25,nan,global_frobenius_norm_matched,204635190927.0,0.25,0.25,7.0,nan,96,277,408,520,687,46.39711555524275,5.988350581749954,398.7563512013758,0.4984454390017198,0.0066653133256781,0.0496863594215364,0.25,0.25,0.0684120804071426,0.1058937680650267,0800c9e1ee7b4cf64c5099e83f65ae2c8adb1bf072ccdaa45be9f1911ae9bad7,,,,results/frozen_sources/mechanisms/random_mask_control_per_seed.csv#row=738
offline_post_hoc,N-MNIST,SNN-DFA,20260909,H3,basis_eval,512,30,800,same_trained_model_and_neuron_coordinates,True,random_sparsity,0.50,nan,global_frobenius_norm_matched,204635190927.0,0.5,0.5,7.0,nan,93,273,403,515,683,39.0432244824606,5.961301780122594,388.1150359635531,0.4851437949544414,0.0054434868764927,0.0496818507269986,0.5,0.5,0.0523479431867599,0.0802908501392108,0800c9e1ee7b4cf64c5099e83f65ae2c8adb1bf072ccdaa45be9f1911ae9bad7,,,,results/frozen_sources/mechanisms/random_mask_control_per_seed.csv#row=739
offline_post_hoc,N-MNIST,SNN-DFA,20260909,H3,basis_eval,512,30,800,same_trained_model_and_neuron_coordinates,True,random_sparsity,0.75,nan,global_frobenius_norm_matched,204635190927.0,0.75,0.75,7.0,nan,78,246,375,489,668,25.216425096306725,5.82116817246852,337.3659251159047,0.4217074063948808,0.003847497216851,0.0496773596393098,0.75,0.75,0.0341104380786418,0.0505497851599452,0800c9e1ee7b4cf64c5099e83f65ae2c8adb1bf072ccdaa45be9f1911ae9bad7,,,,results/frozen_sources/mechanisms/random_mask_control_per_seed.csv#row=740
offline_post_hoc,N-MNIST,SNN-DFA,20260909,H3,basis_eval,512,30,800,same_trained_model_and_neuron_coordinates,True,random_sparsity,ann_matched,nan,global_frobenius_norm_matched,204635190927.0,0.881057861328125,0.881057861328125,7.0,nan,65,217,340,451,638,21.04248478415101,5.6725983043156845,290.78911226108494,0.3634863903263561,0.0026593705989308,0.0496743335303638,0.881057861328125,0.881057861328125,0.0227506849914789,0.0328644501941112,0800c9e1ee7b4cf64c5099e83f65ae2c8adb1bf072ccdaa45be9f1911ae9bad7,,,,results/frozen_sources/mechanisms/random_mask_control_per_seed.csv#row=741
offline_post_hoc,N-MNIST,SNN-DFA,20260909,H3,basis_eval,512,30,800,same_trained_model_and_neuron_coordinates,True,random_sparsity,0,nan,global_frobenius_norm_matched,204635190928.0,0.0,0.0,8.0,nan,90,269,402,517,686,36.91713315621613,5.942550290120197,380.9051104307971,0.4761313880384963,0.0076949526751224,0.0496889647003527,0.0,0.0,0.085133671760559,0.1321142973336983,0800c9e1ee7b4cf64c5099e83f65ae2c8adb1bf072ccdaa45be9f1911ae9bad7,,,,results/frozen_sources/mechanisms/random_mask_control_per_seed.csv#row=742
offline_post_hoc,N-MNIST,SNN-DFA,20260909,H3,basis_eval,512,30,800,same_trained_model_and_neuron_coordinates,True,random_sparsity,0.25,nan,global_frobenius_norm_matched,204635190928.0,0.25,0.25,8.0,nan,91,269,402,516,686,40.77972860268424,5.955363219468232,385.8170214843723,0.4822712768554653,0.0066640174852452,0.0496862844478122,0.25,0.25,0.0682873725891113,0.1058136904133828,0800c9e1ee7b4cf64c5099e83f65ae2c8adb1bf072ccdaa45be9f1911ae9bad7,,,,results/frozen_sources/mechanisms/random_mask_control_per_seed.csv#row=743
offline_post_hoc,N-MNIST,SNN-DFA,20260909,H3,basis_eval,512,30,800,same_trained_model_and_neuron_coordinates,True,random_sparsity,0.50,nan,global_frobenius_norm_matched,204635190928.0,0.5,0.5,8.0,nan,89,264,396,510,682,41.76523954843467,5.942535158275771,380.89934667753306,0.4761241833469163,0.0054425520886534,0.0496817163875821,0.5,0.5,0.0515409857034683,0.0794229085301835,0800c9e1ee7b4cf64c5099e83f65ae2c8adb1bf072ccdaa45be9f1911ae9bad7,,,,results/frozen_sources/mechanisms/random_mask_control_per_seed.csv#row=744
offline_post_hoc,N-MNIST,SNN-DFA,20260909,H3,basis_eval,512,30,800,same_trained_model_and_neuron_coordinates,True,random_sparsity,0.75,nan,global_frobenius_norm_matched,204635190928.0,0.75,0.75,8.0,nan,85,251,380,495,671,49.93641246301976,5.917166799969322,371.3580902650153,0.4641976128312691,0.0038485735719078,0.0496772373715691,0.75,0.75,0.0337117612361907,0.050729466282038,0800c9e1ee7b4cf64c5099e83f65ae2c8adb1bf072ccdaa45be9f1911ae9bad7,,,,results/frozen_sources/mechanisms/random_mask_control_per_seed.csv#row=745
offline_post_hoc,N-MNIST,SNN-DFA,20260909,H3,basis_eval,512,30,800,same_trained_model_and_neuron_coordinates,True,random_sparsity,ann_matched,nan,global_frobenius_norm_matched,204635190928.0,0.881057861328125,0.881057861328125,8.0,nan,62,207,330,445,636,31.560920006027292,5.692716205131937,296.69842091789434,0.3708730261473679,0.0026540229746211,0.0496742045327376,0.881057861328125,0.881057861328125,0.0225649829953908,0.0322504575952243,0800c9e1ee7b4cf64c5099e83f65ae2c8adb1bf072ccdaa45be9f1911ae9bad7,,,,results/frozen_sources/mechanisms/random_mask_control_per_seed.csv#row=746
offline_post_hoc,N-MNIST,SNN-DFA,20260909,H3,basis_eval,512,30,800,same_trained_model_and_neuron_coordinates,True,random_sparsity,0,nan,global_frobenius_norm_matched,204635190929.0,0.0,0.0,9.0,nan,90,269,402,517,686,36.91713315621613,5.942550290120197,380.9051104307971,0.4761313880384963,0.0076949526751224,0.0496889647003527,0.0,0.0,0.085133671760559,0.1321142973336983,0800c9e1ee7b4cf64c5099e83f65ae2c8adb1bf072ccdaa45be9f1911ae9bad7,,,,results/frozen_sources/mechanisms/random_mask_control_per_seed.csv#row=747
offline_post_hoc,N-MNIST,SNN-DFA,20260909,H3,basis_eval,512,30,800,same_trained_model_and_neuron_coordinates,True,random_sparsity,0.25,nan,global_frobenius_norm_matched,204635190929.0,0.25,0.25,9.0,nan,90,267,401,516,686,37.30728434136205,5.945769993421013,382.1334883171529,0.4776668603964411,0.0066602969871773,0.0496863603632649,0.25,0.25,0.0682472884654998,0.1051894811411221,0800c9e1ee7b4cf64c5099e83f65ae2c8adb1bf072ccdaa45be9f1911ae9bad7,,,,results/frozen_sources/mechanisms/random_mask_control_per_seed.csv#row=748
offline_post_hoc,N-MNIST,SNN-DFA,20260909,H3,basis_eval,512,30,800,same_trained_model_and_neuron_coordinates,True,random_sparsity,0.50,nan,global_frobenius_norm_matched,204635190929.0,0.5,0.5,9.0,nan,87,263,395,509,680,57.64594834572674,5.9454464025153495,382.0098534002301,0.4775123167502876,0.005439183823728,0.0496817640020388,0.5,0.5,0.0512347370386123,0.0785790088277287,0800c9e1ee7b4cf64c5099e83f65ae2c8adb1bf072ccdaa45be9f1911ae9bad7,,,,results/frozen_sources/mechanisms/random_mask_control_per_seed.csv#row=749
offline_post_hoc,N-MNIST,SNN-DFA,20260909,H3,basis_eval,512,30,800,same_trained_model_and_neuron_coordinates,True,random_sparsity,0.75,nan,global_frobenius_norm_matched,204635190929.0,0.75,0.75,9.0,nan,71,234,363,480,662,51.33269687385102,5.811673289970962,334.1778345222752,0.417722293152844,0.0038443805067443,0.0496772888853622,0.75,0.75,0.0336629897356033,0.0496118740956045,0800c9e1ee7b4cf64c5099e83f65ae2c8adb1bf072ccdaa45be9f1911ae9bad7,,,,results/frozen_sources/mechanisms/random_mask_control_per_seed.csv#row=750
offline_post_hoc,N-MNIST,SNN-DFA,20260909,H3,basis_eval,512,30,800,same_trained_model_and_neuron_coordinates,True,random_sparsity,ann_matched,nan,global_frobenius_norm_matched,204635190929.0,0.881057861328125,0.881057861328125,9.0,nan,60,216,342,456,640,30.166321308424425,5.703885081756661,300.03078370942444,0.3750384796367805,0.0026498914369118,0.0496742998178239,0.881057861328125,0.881057861328125,0.0228888466954231,0.032724114328228,0800c9e1ee7b4cf64c5099e83f65ae2c8adb1bf072ccdaa45be9f1911ae9bad7,,,,results/frozen_sources/mechanisms/random_mask_control_per_seed.csv#row=751
offline_post_hoc,N-MNIST,SNN-DFA,20260830,H1,basis_eval,512,30,800,same_trained_model_and_neuron_coordinates,True,per_neuron_marginal_shuffle,sample_time_independent_per_neuron,nan,value_multiset_exact,202811798300.0,0.0,0.0,nan,exact sorted values per neuron,123,320,446,544,679,68.30832184069159,6.142054468981218,465.0079345458407,0.5812599181823009,0.0127105540999767,0.0652341079733922,0.0,0.0,0.0462399832904338,0.0461736219151743,b8f2c8c95c5944358405d35f2d38dcb293461fa1e8641e9e6cb29ab98e39a534,,,,results/frozen_sources/mechanisms/marginal_distribution_shuffle_per_seed.csv#row=2
offline_post_hoc,N-MNIST,SNN-DFA,20260830,H2,basis_eval,512,30,800,same_trained_model_and_neuron_coordinates,True,per_neuron_marginal_shuffle,sample_time_independent_per_neuron,nan,value_multiset_exact,202811798301.0,0.0,0.0,nan,exact sorted values per neuron,128,329,455,550,673,57.99445828060725,6.151821386036534,469.5718800305904,0.5869648500382381,0.017726797456581,0.0776460680027963,0.0,0.0,0.0601992309093475,0.0605392420559053,b8f2c8c95c5944358405d35f2d38dcb293461fa1e8641e9e6cb29ab98e39a534,,,,results/frozen_sources/mechanisms/marginal_distribution_shuffle_per_seed.csv#row=3
offline_post_hoc,N-MNIST,SNN-DFA,20260830,H3,basis_eval,512,30,800,same_trained_model_and_neuron_coordinates,True,per_neuron_marginal_shuffle,sample_time_independent_per_neuron,nan,value_multiset_exact,202811798302.0,0.0,0.0,nan,exact sorted values per neuron,131,337,468,572,710,88.43379008456006,6.2060821097122965,495.75512722788153,0.6196939090348519,0.0079003907885253,0.0504234298643598,0.0,0.0,0.0292638596147298,0.0292235301607534,b8f2c8c95c5944358405d35f2d38dcb293461fa1e8641e9e6cb29ab98e39a534,,,,results/frozen_sources/mechanisms/marginal_distribution_shuffle_per_seed.csv#row=4
offline_post_hoc,N-MNIST,SNN-DFA,20260831,H1,basis_eval,512,30,800,same_trained_model_and_neuron_coordinates,True,per_neuron_marginal_shuffle,sample_time_independent_per_neuron,nan,value_multiset_exact,202811798310.0,0.0,0.0,nan,exact sorted values per neuron,127,322,447,544,675,68.85419756639185,6.158700714205539,472.8133558967724,0.5910166948709655,0.0124539867610056,0.0645126198267627,0.0,0.0,0.0457034856081008,0.0457568022470761,b486ef7efe077a5e11dbfa4148cfa5a8ec90514c3508227a9bf491bde631d58a,,,,results/frozen_sources/mechanisms/marginal_distribution_shuffle_per_seed.csv#row=5
offline_post_hoc,N-MNIST,SNN-DFA,20260831,H2,basis_eval,512,30,800,same_trained_model_and_neuron_coordinates,True,per_neuron_marginal_shuffle,sample_time_independent_per_neuron,nan,value_multiset_exact,202811798311.0,0.0,0.0,nan,exact sorted values per neuron,121,321,449,546,666,54.159509852378136,6.115330222205168,452.745529315778,0.5659319116447226,0.0180047823872433,0.0783120073876308,0.0,0.0,0.0617747344076633,0.0619928727202874,b486ef7efe077a5e11dbfa4148cfa5a8ec90514c3508227a9bf491bde631d58a,,,,results/frozen_sources/mechanisms/marginal_distribution_shuffle_per_seed.csv#row=6
offline_post_hoc,N-MNIST,SNN-DFA,20260831,H3,basis_eval,512,30,800,same_trained_model_and_neuron_coordinates,True,per_neuron_marginal_shuffle,sample_time_independent_per_neuron,nan,value_multiset_exact,202811798312.0,0.0,0.0,nan,exact sorted values per neuron,124,328,465,572,712,58.94291447318091,6.168579056460462,477.5071131506765,0.5968838914383456,0.007846313947869,0.0502430080245254,0.0,0.0,0.0290349684655666,0.0291553020422691,b486ef7efe077a5e11dbfa4148cfa5a8ec90514c3508227a9bf491bde631d58a,,,,results/frozen_sources/mechanisms/marginal_distribution_shuffle_per_seed.csv#row=7
offline_post_hoc,N-MNIST,SNN-DFA,20260901,H1,basis_eval,512,30,800,same_trained_model_and_neuron_coordinates,True,per_neuron_marginal_shuffle,sample_time_independent_per_neuron,nan,value_multiset_exact,202811799010.0,0.0,0.0,nan,exact sorted values per neuron,128,328,454,553,687,73.53755970302447,6.168722532084564,477.5756286967865,0.5969695358709831,0.0129845715701086,0.0659849421825243,0.0,0.0,0.0466746166348457,0.0468216381982603,554990a77b2d2e8f6498d66d6182e5b9f7b8a61fd2c63c09d3ded066f44b5563,,,,results/frozen_sources/mechanisms/marginal_distribution_shuffle_per_seed.csv#row=8
offline_post_hoc,N-MNIST,SNN-DFA,20260901,H2,basis_eval,512,30,800,same_trained_model_and_neuron_coordinates,True,per_neuron_marginal_shuffle,sample_time_independent_per_neuron,nan,value_multiset_exact,202811799011.0,0.0,0.0,nan,exact sorted values per neuron,128,334,464,564,688,58.857271395381886,6.16319029477742,474.94086178452415,0.5936760772306552,0.0186192920542552,0.0796819855352072,0.0,0.0,0.0614277981221675,0.06126979136632,554990a77b2d2e8f6498d66d6182e5b9f7b8a61fd2c63c09d3ded066f44b5563,,,,results/frozen_sources/mechanisms/marginal_distribution_shuffle_per_seed.csv#row=9
offline_post_hoc,N-MNIST,SNN-DFA,20260901,H3,basis_eval,512,30,800,same_trained_model_and_neuron_coordinates,True,per_neuron_marginal_shuffle,sample_time_independent_per_neuron,nan,value_multiset_exact,202811799012.0,0.0,0.0,nan,exact sorted values per neuron,125,328,464,569,709,85.21406258407004,6.177775493184561,481.91873159453615,0.6023984144931702,0.007992614992574,0.0506946907210867,0.0,0.0,0.0293069127947092,0.0292300286293037,554990a77b2d2e8f6498d66d6182e5b9f7b8a61fd2c63c09d3ded066f44b5563,,,,results/frozen_sources/mechanisms/marginal_distribution_shuffle_per_seed.csv#row=10
offline_post_hoc,N-MNIST,SNN-DFA,20260908,H1,basis_eval,512,30,800,same_trained_model_and_neuron_coordinates,True,per_neuron_marginal_shuffle,sample_time_independent_per_neuron,nan,value_multiset_exact,202811799080.0,0.0,0.0,nan,exact sorted values per neuron,125,321,447,546,678,65.22413760662727,6.1469725893565705,467.3005325588373,0.5841256656985466,0.0127484654715901,0.0654185280154216,0.0,0.0,0.045901596546173,0.0456086957865027,9aad88592135096912c2e9971ced9f74b63d546bdd69208e989abf481efd833e,,,,results/frozen_sources/mechanisms/marginal_distribution_shuffle_per_seed.csv#row=11
offline_post_hoc,N-MNIST,SNN-DFA,20260908,H2,basis_eval,512,30,800,same_trained_model_and_neuron_coordinates,True,per_neuron_marginal_shuffle,sample_time_independent_per_neuron,nan,value_multiset_exact,202811799081.0,0.0,0.0,nan,exact sorted values per neuron,128,333,461,558,679,54.78912114276604,6.157294888626031,472.1491297891411,0.5901864122364264,0.0180714903137724,0.0784339304263179,0.0,0.0,0.0606792718172073,0.0604067787106377,9aad88592135096912c2e9971ced9f74b63d546bdd69208e989abf481efd833e,,,,results/frozen_sources/mechanisms/marginal_distribution_shuffle_per_seed.csv#row=12
offline_post_hoc,N-MNIST,SNN-DFA,20260908,H3,basis_eval,512,30,800,same_trained_model_and_neuron_coordinates,True,per_neuron_marginal_shuffle,sample_time_independent_per_neuron,nan,value_multiset_exact,202811799082.0,0.0,0.0,nan,exact sorted values per neuron,121,328,466,574,718,64.39971559081762,6.162716952821128,474.7161055453594,0.5933951319316992,0.0080752498187902,0.0510966494466838,0.0,0.0,0.0291760712862014,0.0288650253386698,9aad88592135096912c2e9971ced9f74b63d546bdd69208e989abf481efd833e,,,,results/frozen_sources/mechanisms/marginal_distribution_shuffle_per_seed.csv#row=13
offline_post_hoc,N-MNIST,SNN-DFA,20260909,H1,basis_eval,512,30,800,same_trained_model_and_neuron_coordinates,True,per_neuron_marginal_shuffle,sample_time_independent_per_neuron,nan,value_multiset_exact,202811799090.0,0.0,0.0,nan,exact sorted values per neuron,117,308,433,534,674,65.05559293692382,6.109911228920317,450.2987398880029,0.5628734248600036,0.0125399515634074,0.0648233262756018,0.0,0.0,0.0459405407309532,0.0463255769353703,0800c9e1ee7b4cf64c5099e83f65ae2c8adb1bf072ccdaa45be9f1911ae9bad7,,,,results/frozen_sources/mechanisms/marginal_distribution_shuffle_per_seed.csv#row=14
offline_post_hoc,N-MNIST,SNN-DFA,20260909,H2,basis_eval,512,30,800,same_trained_model_and_neuron_coordinates,True,per_neuron_marginal_shuffle,sample_time_independent_per_neuron,nan,value_multiset_exact,202811799091.0,0.0,0.0,nan,exact sorted values per neuron,126,332,461,559,682,55.10630888043325,6.148521796150933,468.0250387789624,0.585031298473703,0.0187023040796299,0.0798131234254295,0.0,0.0,0.0618262961506843,0.0616130669139512,0800c9e1ee7b4cf64c5099e83f65ae2c8adb1bf072ccdaa45be9f1911ae9bad7,,,,results/frozen_sources/mechanisms/marginal_distribution_shuffle_per_seed.csv#row=15
offline_post_hoc,N-MNIST,SNN-DFA,20260909,H3,basis_eval,512,30,800,same_trained_model_and_neuron_coordinates,True,per_neuron_marginal_shuffle,sample_time_independent_per_neuron,nan,value_multiset_exact,202811799092.0,0.0,0.0,nan,exact sorted values per neuron,121,325,461,567,708,77.71994475681,6.166500783385756,476.5157534893056,0.5956446918616319,0.0076949526751224,0.0496889647003527,0.0,0.0,0.0286096949130296,0.0285585953963628,0800c9e1ee7b4cf64c5099e83f65ae2c8adb1bf072ccdaa45be9f1911ae9bad7,,,,results/frozen_sources/mechanisms/marginal_distribution_shuffle_per_seed.csv#row=16
trained_control,N-MNIST,MeanGate,20260830,H1,basis_eval,,,800,neuron,false,trained_gate_control,MeanGate,,,,,,,,34,102,152,202,304,26.506219331148017,5.030308531336527,152.98020460213738,0.1912252557526717,0.0054758100057597,0.018995341015774,0.0,0.0021142578125,1.0,0.9999999999960024,01dd13b84fc1529257bc4f2248e91b56196e7f5c2918f6a8c2d3f135bfbb8def,MeanGate,0.9144,0.9123,results/frozen_sources/nmnist/spectral_metrics_per_seed.csv#row=188;results/frozen_sources/nmnist/gate_per_seed.csv#row=95;results/frozen_sources/nmnist/all_runs.csv#row=32;results/frozen_sources/nmnist/all_runs.csv#row=33
trained_control,N-MNIST,MeanGate,20260830,H2,basis_eval,,,800,neuron,false,trained_gate_control,MeanGate,,,,,,,,37,98,146,194,295,26.642001635206334,5.047923409856643,155.69880594387726,0.1946235074298465,0.0018887438409936,0.0108796540316985,0.0,0.03978271484375,1.0,0.9999999999929948,01dd13b84fc1529257bc4f2248e91b56196e7f5c2918f6a8c2d3f135bfbb8def,MeanGate,0.9144,0.9123,results/frozen_sources/nmnist/spectral_metrics_per_seed.csv#row=190;results/frozen_sources/nmnist/gate_per_seed.csv#row=96;results/frozen_sources/nmnist/all_runs.csv#row=32;results/frozen_sources/nmnist/all_runs.csv#row=33
trained_control,N-MNIST,MeanGate,20260830,H3,basis_eval,,,800,neuron,false,trained_gate_control,MeanGate,,,,,,,,35,99,149,198,298,25.927144888495448,5.0356598458379205,153.80104411581289,0.1922513051447661,0.0014164360070965,0.0094104208921075,0.0,0.0768115234375,1.0,0.9999999999916924,01dd13b84fc1529257bc4f2248e91b56196e7f5c2918f6a8c2d3f135bfbb8def,MeanGate,0.9144,0.9123,results/frozen_sources/nmnist/spectral_metrics_per_seed.csv#row=192;results/frozen_sources/nmnist/gate_per_seed.csv#row=97;results/frozen_sources/nmnist/all_runs.csv#row=32;results/frozen_sources/nmnist/all_runs.csv#row=33
trained_control,N-MNIST,MeanGate,20260831,H1,basis_eval,,,800,neuron,false,trained_gate_control,MeanGate,,,,,,,,34,99,151,201,303,26.499843196034284,5.0223743027795456,151.7712271879795,0.1897140339849743,0.0054215905038439,0.0188472688709831,0.0,0.0014208984375,1.0,0.9999999999959948,e3828627eaa748905bfcf0d20803a71acae440a27dee9ecaee8e4a17360ffc40,MeanGate,0.9099,0.9101,results/frozen_sources/nmnist/spectral_metrics_per_seed.csv#row=200;results/frozen_sources/nmnist/gate_per_seed.csv#row=101;results/frozen_sources/nmnist/all_runs.csv#row=34;results/frozen_sources/nmnist/all_runs.csv#row=35
trained_control,N-MNIST,MeanGate,20260831,H2,basis_eval,,,800,neuron,false,trained_gate_control,MeanGate,,,,,,,,36,102,155,206,305,31.967920180856368,5.0776630322516425,160.3987708305139,0.2004984635381423,0.0019822180154151,0.0110883577061844,0.0,0.04145751953125,1.0,0.999999999993211,e3828627eaa748905bfcf0d20803a71acae440a27dee9ecaee8e4a17360ffc40,MeanGate,0.9099,0.9101,results/frozen_sources/nmnist/spectral_metrics_per_seed.csv#row=202;results/frozen_sources/nmnist/gate_per_seed.csv#row=102;results/frozen_sources/nmnist/all_runs.csv#row=34;results/frozen_sources/nmnist/all_runs.csv#row=35
trained_control,N-MNIST,MeanGate,20260831,H3,basis_eval,,,800,neuron,false,trained_gate_control,MeanGate,,,,,,,,35,95,145,194,296,24.301677570733823,5.013504252701888,150.43096170088404,0.188038702126105,0.0014656843613722,0.0095589369206734,0.0,0.067041015625,1.0,0.9999999999918322,e3828627eaa748905bfcf0d20803a71acae440a27dee9ecaee8e4a17360ffc40,MeanGate,0.9099,0.9101,results/frozen_sources/nmnist/spectral_metrics_per_seed.csv#row=204;results/frozen_sources/nmnist/gate_per_seed.csv#row=103;results/frozen_sources/nmnist/all_runs.csv#row=34;results/frozen_sources/nmnist/all_runs.csv#row=35
trained_control,N-MNIST,MeanGate,20260901,H1,basis_eval,,,800,neuron,false,trained_gate_control,MeanGate,,,,,,,,33,100,154,205,309,25.03459055213854,5.024916761493527,152.15759021497365,0.190196987768717,0.0055726494665337,0.0191381318338465,0.0,0.00182373046875,1.0,0.9999999999960864,0f375c4e4900c40a1a6fbb1fe2881ddab1d8194400528405b6ba6218d9121d7a,MeanGate,0.9124,0.9112,results/frozen_sources/nmnist/spectral_metrics_per_seed.csv#row=212;results/frozen_sources/nmnist/gate_per_seed.csv#row=107;results/frozen_sources/nmnist/all_runs.csv#row=36;results/frozen_sources/nmnist/all_runs.csv#row=37
trained_control,N-MNIST,MeanGate,20260901,H2,basis_eval,,,800,neuron,false,trained_gate_control,MeanGate,,,,,,,,34,95,145,194,295,25.660755064033104,4.995912340545449,147.80773487662236,0.1847596685957779,0.0018964237287165,0.0109408250676082,0.0,0.04771484375,1.0,0.9999999999930452,0f375c4e4900c40a1a6fbb1fe2881ddab1d8194400528405b6ba6218d9121d7a,MeanGate,0.9124,0.9112,results/frozen_sources/nmnist/spectral_metrics_per_seed.csv#row=214;results/frozen_sources/nmnist/gate_per_seed.csv#row=108;results/frozen_sources/nmnist/all_runs.csv#row=36;results/frozen_sources/nmnist/all_runs.csv#row=37
trained_control,N-MNIST,MeanGate,20260901,H3,basis_eval,,,800,neuron,false,trained_gate_control,MeanGate,,,,,,,,35,96,144,191,295,42.49524734481791,5.033362275982057,153.44808110690605,0.1918101013836325,0.0014351240046639,0.0095239527237417,0.0,0.07800048828125,1.0,0.999999999991764,0f375c4e4900c40a1a6fbb1fe2881ddab1d8194400528405b6ba6218d9121d7a,MeanGate,0.9124,0.9112,results/frozen_sources/nmnist/spectral_metrics_per_seed.csv#row=216;results/frozen_sources/nmnist/gate_per_seed.csv#row=109;results/frozen_sources/nmnist/all_runs.csv#row=36;results/frozen_sources/nmnist/all_runs.csv#row=37
trained_control,N-MNIST,MeanGate,20260908,H1,basis_eval,,,800,neuron,false,trained_gate_control,MeanGate,,,,,,,,33,98,149,200,303,26.11457025854628,5.005622352756963,149.24994037228646,0.186562425465358,0.0053956050498937,0.0188038396691637,0.0,0.00116943359375,1.0,0.999999999995993,4f6543e926f6caf3499bdb2eab1c969579baa9846b5a8022e7ea364f951cc4cd,MeanGate,0.9079,0.9114,results/frozen_sources/nmnist/spectral_metrics_per_seed.csv#row=224;results/frozen_sources/nmnist/gate_per_seed.csv#row=113;results/frozen_sources/nmnist/all_runs.csv#row=38;results/frozen_sources/nmnist/all_runs.csv#row=39
trained_control,N-MNIST,MeanGate,20260908,H2,basis_eval,,,800,neuron,false,trained_gate_control,MeanGate,,,,,,,,35,97,148,200,302,25.603922703413023,5.030100505929417,152.94838414264203,0.1911854801783025,0.0019117252933798,0.0109528876348413,0.0,0.04486083984375,1.0,0.999999999992988,4f6543e926f6caf3499bdb2eab1c969579baa9846b5a8022e7ea364f951cc4cd,MeanGate,0.9079,0.9114,results/frozen_sources/nmnist/spectral_metrics_per_seed.csv#row=226;results/frozen_sources/nmnist/gate_per_seed.csv#row=114;results/frozen_sources/nmnist/all_runs.csv#row=38;results/frozen_sources/nmnist/all_runs.csv#row=39
trained_control,N-MNIST,MeanGate,20260908,H3,basis_eval,,,800,neuron,false,trained_gate_control,MeanGate,,,,,,,,30,89,137,184,288,32.557644757200364,4.93702803237456,139.3554735590298,0.1741943419487872,0.0014358131968688,0.0093728222710113,0.0,0.06328125,1.0,0.9999999999916428,4f6543e926f6caf3499bdb2eab1c969579baa9846b5a8022e7ea364f951cc4cd,MeanGate,0.9079,0.9114,results/frozen_sources/nmnist/spectral_metrics_per_seed.csv#row=228;results/frozen_sources/nmnist/gate_per_seed.csv#row=115;results/frozen_sources/nmnist/all_runs.csv#row=38;results/frozen_sources/nmnist/all_runs.csv#row=39
trained_control,N-MNIST,MeanGate,20260909,H1,basis_eval,,,800,neuron,false,trained_gate_control,MeanGate,,,,,,,,35,102,154,204,308,21.83510082801972,5.0288394420013525,152.75562801698723,0.190944535021234,0.0054692900195883,0.0189337550962293,0.0,0.00123046875,1.0,0.9999999999960028,4fe3c1e770a5dd4feaf9d90eebd3c46dc0c459695f8834d3a925086fc5d60654,MeanGate,0.9077,0.9085,results/frozen_sources/nmnist/spectral_metrics_per_seed.csv#row=236;results/frozen_sources/nmnist/gate_per_seed.csv#row=119;results/frozen_sources/nmnist/all_runs.csv#row=40;results/frozen_sources/nmnist/all_runs.csv#row=41
trained_control,N-MNIST,MeanGate,20260909,H2,basis_eval,,,800,neuron,false,trained_gate_control,MeanGate,,,,,,,,34,97,148,197,300,29.59897902294325,5.023653907353336,151.96555865165757,0.1899569483145719,0.0019335436993717,0.0110673957614032,0.0,0.03787109375,1.0,0.9999999999931668,4fe3c1e770a5dd4feaf9d90eebd3c46dc0c459695f8834d3a925086fc5d60654,MeanGate,0.9077,0.9085,results/frozen_sources/nmnist/spectral_metrics_per_seed.csv#row=238;results/frozen_sources/nmnist/gate_per_seed.csv#row=120;results/frozen_sources/nmnist/all_runs.csv#row=40;results/frozen_sources/nmnist/all_runs.csv#row=41
trained_control,N-MNIST,MeanGate,20260909,H3,basis_eval,,,800,neuron,false,trained_gate_control,MeanGate,,,,,,,,35,96,144,191,293,21.888743891789066,5.013073365592923,150.36615690147696,0.1879576961268462,0.0013234794854381,0.0090382123069975,0.0,0.0827490234375,1.0,0.9999999999912352,4fe3c1e770a5dd4feaf9d90eebd3c46dc0c459695f8834d3a925086fc5d60654,MeanGate,0.9077,0.9085,results/frozen_sources/nmnist/spectral_metrics_per_seed.csv#row=240;results/frozen_sources/nmnist/gate_per_seed.csv#row=121;results/frozen_sources/nmnist/all_runs.csv#row=40;results/frozen_sources/nmnist/all_runs.csv#row=41
trained_control,N-MNIST,ShuffledGate,20260830,H1,basis_eval,,,800,neuron,false,trained_gate_control,ShuffledGate,,,,,,,,148,349,470,560,681,81.44989390316843,6.247531436874457,516.735654347156,0.645919567933945,0.0018816113583703,0.0250273608286625,0.0,0.05203662109375,0.0134300254285335,0.0164888622484718,24d244f8706a1aa0070a87a7ad98a8b74e4936318e21ef2e65013e84971fac29,ShuffledGate,0.9105,0.9111,results/frozen_sources/nmnist/spectral_metrics_per_seed.csv#row=248;results/frozen_sources/nmnist/gate_per_seed.csv#row=125;results/frozen_sources/nmnist/all_runs.csv#row=42;results/frozen_sources/nmnist/all_runs.csv#row=43
trained_control,N-MNIST,ShuffledGate,20260830,H2,basis_eval,,,800,neuron,false,trained_gate_control,ShuffledGate,,,,,,,,107,281,396,483,613,43.778208014114895,6.002459959082033,404.4224334730123,0.5055280418412653,0.0004769900724875,0.0125548763837221,0.0,0.436268310546875,0.0087050795555114,0.0110174185332738,24d244f8706a1aa0070a87a7ad98a8b74e4936318e21ef2e65013e84971fac29,ShuffledGate,0.9105,0.9111,results/frozen_sources/nmnist/spectral_metrics_per_seed.csv#row=250;results/frozen_sources/nmnist/gate_per_seed.csv#row=126;results/frozen_sources/nmnist/all_runs.csv#row=42;results/frozen_sources/nmnist/all_runs.csv#row=43
trained_control,N-MNIST,ShuffledGate,20260830,H3,basis_eval,,,800,neuron,false,trained_gate_control,ShuffledGate,,,,,,,,89,249,368,466,608,44.554835280171154,5.890865788742279,361.71832049091546,0.4521479006136443,0.0003681343582323,0.0110926714374609,0.0,0.5401168619791666,0.0100832162424921,0.0133203457792458,24d244f8706a1aa0070a87a7ad98a8b74e4936318e21ef2e65013e84971fac29,ShuffledGate,0.9105,0.9111,results/frozen_sources/nmnist/spectral_metrics_per_seed.csv#row=252;results/frozen_sources/nmnist/gate_per_seed.csv#row=127;results/frozen_sources/nmnist/all_runs.csv#row=42;results/frozen_sources/nmnist/all_runs.csv#row=43
trained_control,N-MNIST,ShuffledGate,20260831,H1,basis_eval,,,800,neuron,false,trained_gate_control,ShuffledGate,,,,,,,,144,351,474,565,683,87.20392297341388,6.2420978787388055,513.9355552681322,0.6424194440851653,0.0018749570934992,0.0250270769277202,0.0,0.046602294921875,0.0132340816780924,0.015375375975997,3cc680946d3d3d57547f7a6888864fddcff727bc1ef1cf30daff6768ea2e1c85,ShuffledGate,0.9081,0.9078,results/frozen_sources/nmnist/spectral_metrics_per_seed.csv#row=260;results/frozen_sources/nmnist/gate_per_seed.csv#row=131;results/frozen_sources/nmnist/all_runs.csv#row=44;results/frozen_sources/nmnist/all_runs.csv#row=45
trained_control,N-MNIST,ShuffledGate,20260831,H2,basis_eval,,,800,neuron,false,trained_gate_control,ShuffledGate,,,,,,,,101,276,393,485,616,47.62285107423707,5.989503328114126,399.2162811757863,0.4990203514697328,0.0004938151702327,0.0128267889280783,0.0,0.444781005859375,0.0088810259476304,0.0109641342719778,3cc680946d3d3d57547f7a6888864fddcff727bc1ef1cf30daff6768ea2e1c85,ShuffledGate,0.9081,0.9078,results/frozen_sources/nmnist/spectral_metrics_per_seed.csv#row=262;results/frozen_sources/nmnist/gate_per_seed.csv#row=132;results/frozen_sources/nmnist/all_runs.csv#row=44;results/frozen_sources/nmnist/all_runs.csv#row=45
trained_control,N-MNIST,ShuffledGate,20260831,H3,basis_eval,,,800,neuron,false,trained_gate_control,ShuffledGate,,,,,,,,94,267,383,478,618,30.41035386558694,5.916035836371077,370.9383351916077,0.4636729189895096,0.0003779216855942,0.0112654620448408,0.0,0.5400477701822917,0.0094887427985668,0.0129364366237567,3cc680946d3d3d57547f7a6888864fddcff727bc1ef1cf30daff6768ea2e1c85,ShuffledGate,0.9081,0.9078,results/frozen_sources/nmnist/spectral_metrics_per_seed.csv#row=264;results/frozen_sources/nmnist/gate_per_seed.csv#row=133;results/frozen_sources/nmnist/all_runs.csv#row=44;results/frozen_sources/nmnist/all_runs.csv#row=45
trained_control,N-MNIST,ShuffledGate,20260901,H1,basis_eval,,,800,neuron,false,trained_gate_control,ShuffledGate,,,,,,,,145,355,480,571,686,103.17128366106432,6.244486353905396,515.1645447002244,0.6439556808752804,0.0018945177687118,0.025063525036877,0.0,0.045732177734375,0.0133906994014978,0.0150995636090331,5de9c6b1dd2a33bc7ada5f0431c39bf97831e179699f7cf6af09f3ba37944213,ShuffledGate,0.91,0.9083,results/frozen_sources/nmnist/spectral_metrics_per_seed.csv#row=272;results/frozen_sources/nmnist/gate_per_seed.csv#row=137;results/frozen_sources/nmnist/all_runs.csv#row=46;results/frozen_sources/nmnist/all_runs.csv#row=47
trained_control,N-MNIST,ShuffledGate,20260901,H2,basis_eval,,,800,neuron,false,trained_gate_control,ShuffledGate,,,,,,,,110,284,403,501,641,59.017297045262936,6.03694981944939,418.6142365926215,0.5232677957407769,0.0004697755125454,0.0125201636471502,0.0,0.4757493489583333,0.0089081320911645,0.0111863488558475,5de9c6b1dd2a33bc7ada5f0431c39bf97831e179699f7cf6af09f3ba37944213,ShuffledGate,0.91,0.9083,results/frozen_sources/nmnist/spectral_metrics_per_seed.csv#row=274;results/frozen_sources/nmnist/gate_per_seed.csv#row=138;results/frozen_sources/nmnist/all_runs.csv#row=46;results/frozen_sources/nmnist/all_runs.csv#row=47
trained_control,N-MNIST,ShuffledGate,20260901,H3,basis_eval,,,800,neuron,false,trained_gate_control,ShuffledGate,,,,,,,,79,237,354,452,604,52.66503260198126,5.830100988878012,340.39305324854547,0.4254913165606818,0.0003568311305512,0.0108408361819595,0.0,0.5529873046875,0.0104861781001091,0.0138356061549545,5de9c6b1dd2a33bc7ada5f0431c39bf97831e179699f7cf6af09f3ba37944213,ShuffledGate,0.91,0.9083,results/frozen_sources/nmnist/spectral_metrics_per_seed.csv#row=276;results/frozen_sources/nmnist/gate_per_seed.csv#row=139;results/frozen_sources/nmnist/all_runs.csv#row=46;results/frozen_sources/nmnist/all_runs.csv#row=47
trained_control,N-MNIST,ShuffledGate,20260908,H1,basis_eval,,,800,neuron,false,trained_gate_control,ShuffledGate,,,,,,,,144,353,479,570,688,81.0269818724345,6.249370951629935,517.6870720131417,0.6471088400164271,0.0018789732436461,0.0249992885363021,0.0,0.0461341959635416,0.0132106691598892,0.0157630011420447,4d69e086b10457295c0e51da08bcda190d63bf8bb19a0d30d9284a27653879cb,ShuffledGate,0.9095,0.9094,results/frozen_sources/nmnist/spectral_metrics_per_seed.csv#row=284;results/frozen_sources/nmnist/gate_per_seed.csv#row=143;results/frozen_sources/nmnist/all_runs.csv#row=48;results/frozen_sources/nmnist/all_runs.csv#row=49
trained_control,N-MNIST,ShuffledGate,20260908,H2,basis_eval,,,800,neuron,false,trained_gate_control,ShuffledGate,,,,,,,,104,284,406,504,642,69.73661380857699,6.031920273712816,416.5140829802015,0.520642603725252,0.0004933186334258,0.0128325126322199,0.0,0.4541786295572916,0.0088083604350686,0.0116551129062962,4d69e086b10457295c0e51da08bcda190d63bf8bb19a0d30d9284a27653879cb,ShuffledGate,0.9095,0.9094,results/frozen_sources/nmnist/spectral_metrics_per_seed.csv#row=286;results/frozen_sources/nmnist/gate_per_seed.csv#row=144;results/frozen_sources/nmnist/all_runs.csv#row=48;results/frozen_sources/nmnist/all_runs.csv#row=49
trained_control,N-MNIST,ShuffledGate,20260908,H3,basis_eval,,,800,neuron,false,trained_gate_control,ShuffledGate,,,,,,,,99,274,391,486,631,68.7078713395975,5.99533727195675,401.55209341501774,0.5019401167687721,0.0003785233481893,0.0111793809269061,0.0,0.5517307942708334,0.010274457745254,0.0136456189307576,4d69e086b10457295c0e51da08bcda190d63bf8bb19a0d30d9284a27653879cb,ShuffledGate,0.9095,0.9094,results/frozen_sources/nmnist/spectral_metrics_per_seed.csv#row=288;results/frozen_sources/nmnist/gate_per_seed.csv#row=145;results/frozen_sources/nmnist/all_runs.csv#row=48;results/frozen_sources/nmnist/all_runs.csv#row=49
trained_control,N-MNIST,ShuffledGate,20260909,H1,basis_eval,,,800,neuron,false,trained_gate_control,ShuffledGate,,,,,,,,145,353,479,571,689,101.82728464214937,6.245465146357361,515.6690307213756,0.6445862884017195,0.0018751894379224,0.0249288642247233,0.0,0.04818359375,0.013192263431847,0.0157758933074851,60b10a243add56995bb973da501c313d1203d82be1b61fe97e00a4ab6f6096e9,ShuffledGate,0.9081,0.9077,results/frozen_sources/nmnist/spectral_metrics_per_seed.csv#row=296;results/frozen_sources/nmnist/gate_per_seed.csv#row=149;results/frozen_sources/nmnist/all_runs.csv#row=50;results/frozen_sources/nmnist/all_runs.csv#row=51
trained_control,N-MNIST,ShuffledGate,20260909,H2,basis_eval,,,800,neuron,false,trained_gate_control,ShuffledGate,,,,,,,,112,283,401,493,625,87.19591715655474,6.062366415041462,429.390351317263,0.5367379391465787,0.0004834765163922,0.0126958410283285,0.0,0.4495264485677083,0.0088034132495522,0.0106303841922049,60b10a243add56995bb973da501c313d1203d82be1b61fe97e00a4ab6f6096e9,ShuffledGate,0.9081,0.9077,results/frozen_sources/nmnist/spectral_metrics_per_seed.csv#row=298;results/frozen_sources/nmnist/gate_per_seed.csv#row=150;results/frozen_sources/nmnist/all_runs.csv#row=50;results/frozen_sources/nmnist/all_runs.csv#row=51
trained_control,N-MNIST,ShuffledGate,20260909,H3,basis_eval,,,800,neuron,false,trained_gate_control,ShuffledGate,,,,,,,,90,255,370,466,612,50.30752703317938,5.918539928655512,371.8683629664731,0.4648354537080914,0.0003586489013815,0.0110272678169951,0.0,0.5686871744791666,0.0095631293952465,0.0125935654210332,60b10a243add56995bb973da501c313d1203d82be1b61fe97e00a4ab6f6096e9,ShuffledGate,0.9081,0.9077,results/frozen_sources/nmnist/spectral_metrics_per_seed.csv#row=300;results/frozen_sources/nmnist/gate_per_seed.csv#row=151;results/frozen_sources/nmnist/all_runs.csv#row=50;results/frozen_sources/nmnist/all_runs.csv#row=51
